timestamp,cell_id,power_consumption_w,cell_utilization,sleep_state,renewable_pct,carbon_intensity_gco2_kwh,traffic_demand_mbps
0,CELL_000,522.17,0.653,0,23.05,426.69,122.73
0,CELL_001,261.09,0.326,0,39.3,238.22,35.17
0,CELL_002,193.61,0.242,0,12.48,356.16,43.44
0,CELL_003,651.92,0.815,0,7.9,427.72,89.36
0,CELL_004,543.61,0.68,0,9.72,319.69,122.9
0,CELL_005,87.78,0.11,0,22.4,390.95,8.83
0,CELL_006,341.94,0.427,0,21.39,220.61,80.88
1,CELL_000,428.13,0.535,0,33.29,452.89,70.65
1,CELL_001,625.92,0.782,0,3.06,247.42,75.68
1,CELL_002,515.85,0.645,0,34.4,447.06,33.68
1,CELL_003,347.95,0.435,0,39.02,448.91,85.21
1,CELL_004,549.47,0.687,0,39.96,338.49,83.22
1,CELL_005,690.09,0.863,0,24.15,496.37,86.9
1,CELL_006,193.61,0.242,0,31.11,413.96,15.53
2,CELL_000,146.54,0.183,0,15.47,375.02,10.92
2,CELL_001,590.21,0.738,0,38.47,402.33,57.73
2,CELL_002,616.59,0.771,0,23.22,245.54,82.14
2,CELL_003,165.27,0.207,0,31.31,392.96,31.42
2,CELL_004,50.0,0.15,1,9.63,482.27,23.38
2,CELL_005,222.42,0.278,0,36.2,372.83,48.24
2,CELL_006,291.76,0.365,0,27.54,478.03,20.6
3,CELL_000,696.42,0.871,0,16.48,249.65,69.39
3,CELL_001,460.86,0.576,0,16.62,332.33,102.19
3,CELL_002,334.6,0.418,0,34.04,331.7,76.86
3,CELL_003,754.03,0.943,0,24.36,482.25,174.22
3,CELL_004,382.13,0.478,0,20.25,308.07,95.12
3,CELL_005,225.01,0.281,0,12.16,378.55,42.77
3,CELL_006,94.08,0.118,0,4.47,454.41,6.42
4,CELL_000,525.43,0.657,0,20.0,459.09,36.57
4,CELL_001,527.37,0.659,0,6.86,280.83,115.27
4,CELL_002,646.15,0.808,0,25.82,386.61,125.44
4,CELL_003,622.38,0.778,0,37.85,269.32,67.83
4,CELL_004,152.48,0.191,0,39.44,214.93,30.31
4,CELL_005,627.54,0.784,0,23.82,440.43,97.75
4,CELL_006,208.98,0.261,0,18.14,385.61,25.24
5,CELL_000,50.0,0.146,1,38.61,280.79,20.89
5,CELL_001,448.7,0.561,0,32.16,268.87,84.93
5,CELL_002,551.72,0.69,0,16.76,370.59,123.66
5,CELL_003,347.72,0.435,0,28.61,290.5,50.56
5,CELL_004,180.53,0.226,0,26.74,417.89,23.98
5,CELL_005,267.51,0.334,0,0.93,420.81,49.48
5,CELL_006,129.56,0.162,0,2.86,231.43,30.6
6,CELL_000,539.95,0.675,0,4.19,423.3,60.37
6,CELL_001,618.8,0.773,0,22.68,234.38,75.63
6,CELL_002,338.3,0.423,0,5.69,467.69,59.85
6,CELL_003,274.09,0.343,0,21.41,461.11,25.44
6,CELL_004,622.05,0.778,0,39.4,353.9,125.23
6,CELL_005,439.83,0.55,0,6.85,323.7,84.42
6,CELL_006,604.56,0.756,0,32.15,451.57,138.73
7,CELL_000,755.16,0.944,0,21.18,353.01,106.42
7,CELL_001,469.96,0.587,0,10.09,448.84,65.4
7,CELL_002,625.05,0.781,0,9.83,279.41,88.52
7,CELL_003,603.21,0.754,0,5.81,221.56,83.32
7,CELL_004,518.29,0.648,0,24.71,445.56,58.54
7,CELL_005,80.16,0.1,0,18.19,416.8,6.38
7,CELL_006,427.2,0.534,0,12.39,447.28,31.07
8,CELL_000,665.71,0.832,0,30.0,343.33,78.04
8,CELL_001,207.05,0.259,0,1.96,245.52,45.84
8,CELL_002,739.13,0.924,0,6.98,403.24,129.83
8,CELL_003,623.66,0.78,0,6.0,498.18,153.88
8,CELL_004,477.17,0.596,0,27.27,359.84,82.41
8,CELL_005,621.55,0.777,0,5.81,306.96,42.67
8,CELL_006,728.25,0.91,0,33.84,442.7,78.7
9,CELL_000,302.19,0.378,0,39.73,261.68,64.0
9,CELL_001,349.45,0.437,0,20.32,239.65,80.88
9,CELL_002,630.72,0.788,0,3.88,476.27,78.95
9,CELL_003,370.17,0.463,0,36.77,440.93,33.95
9,CELL_004,402.74,0.503,0,16.58,393.44,64.19
9,CELL_005,542.72,0.678,0,26.11,325.16,56.88
9,CELL_006,429.62,0.537,0,19.67,341.43,58.69
10,CELL_000,616.98,0.771,0,37.3,246.52,60.37
10,CELL_001,697.42,0.872,0,8.95,257.13,105.91
10,CELL_002,529.37,0.662,0,38.56,458.32,92.82
10,CELL_003,298.8,0.373,0,9.2,212.77,44.05
10,CELL_004,704.03,0.88,0,25.67,464.47,66.0
10,CELL_005,416.45,0.521,0,33.97,336.67,52.03
10,CELL_006,417.98,0.522,0,29.7,422.24,95.77
11,CELL_000,182.5,0.228,0,20.04,303.18,21.61
11,CELL_001,365.8,0.457,0,33.91,261.11,83.14
11,CELL_002,279.07,0.349,0,16.26,249.42,33.01
11,CELL_003,172.92,0.216,0,9.31,275.95,18.76
11,CELL_004,653.98,0.817,0,21.52,256.19,162.45
11,CELL_005,595.1,0.744,0,32.08,485.23,104.4
11,CELL_006,719.74,0.9,0,10.26,431.41,121.87
12,CELL_000,530.73,0.663,0,32.88,326.24,37.6
12,CELL_001,366.61,0.458,0,38.32,390.45,91.34
12,CELL_002,294.43,0.368,0,37.49,376.14,35.57
12,CELL_003,504.0,0.63,0,31.67,324.67,119.55
12,CELL_004,457.83,0.572,0,18.8,446.17,40.84
12,CELL_005,165.23,0.207,0,34.48,392.11,26.07
12,CELL_006,710.27,0.888,0,15.5,321.58,129.47
13,CELL_000,331.55,0.414,0,23.42,296.56,56.73
13,CELL_001,400.88,0.501,0,31.65,384.71,50.77
13,CELL_002,557.79,0.697,0,20.78,442.71,123.62
13,CELL_003,651.64,0.815,0,6.15,278.67,46.55
13,CELL_004,433.4,0.542,0,22.04,336.44,74.77
13,CELL_005,673.36,0.842,0,28.74,392.25,58.32
13,CELL_006,447.54,0.559,0,12.58,414.15,54.43
14,CELL_000,184.75,0.231,0,29.61,348.62,40.8
14,CELL_001,679.79,0.85,0,28.54,431.57,87.0
14,CELL_002,404.01,0.505,0,6.92,348.53,68.05
14,CELL_003,114.0,0.143,0,13.9,355.27,14.71
14,CELL_004,723.58,0.904,0,25.0,498.34,51.01
14,CELL_005,657.19,0.821,0,26.53,434.68,154.84
14,CELL_006,706.76,0.883,0,35.72,493.55,153.06
15,CELL_000,109.35,0.137,0,37.13,247.24,20.39
15,CELL_001,432.38,0.54,0,35.72,388.97,61.99
15,CELL_002,463.77,0.58,0,6.75,202.71,85.1
15,CELL_003,526.66,0.658,0,0.28,258.83,120.82
15,CELL_004,230.52,0.288,0,13.77,244.74,37.19
15,CELL_005,489.17,0.611,0,13.63,286.14,56.98
15,CELL_006,751.97,0.94,0,16.83,426.57,112.17
16,CELL_000,549.22,0.687,0,1.76,299.95,125.19
16,CELL_001,738.16,0.923,0,31.98,201.87,62.57
16,CELL_002,671.06,0.839,0,2.27,319.66,84.27
16,CELL_003,158.55,0.198,0,12.64,252.83,32.07
16,CELL_004,501.93,0.627,0,20.25,456.06,81.6
16,CELL_005,722.56,0.903,0,32.83,435.37,75.5
16,CELL_006,366.24,0.458,0,12.26,441.8,55.35
17,CELL_000,671.76,0.84,0,37.64,293.66,167.26
17,CELL_001,682.81,0.854,0,34.96,426.18,144.69
17,CELL_002,434.96,0.544,0,24.68,268.43,36.72
17,CELL_003,722.47,0.903,0,13.13,290.61,142.55
17,CELL_004,410.25,0.513,0,1.72,329.26,63.69
17,CELL_005,80.4,0.101,0,20.24,402.47,5.61
17,CELL_006,597.46,0.747,0,11.74,360.05,116.57
18,CELL_000,297.45,0.372,0,19.81,319.33,24.38
18,CELL_001,255.95,0.32,0,31.49,249.85,16.83
18,CELL_002,182.06,0.228,0,2.54,355.11,32.17
18,CELL_003,595.99,0.745,0,33.13,484.99,139.08
18,CELL_004,207.84,0.26,0,11.96,444.34,15.18
18,CELL_005,117.66,0.147,0,14.58,414.28,28.18
18,CELL_006,279.77,0.35,0,15.0,465.92,36.99
19,CELL_000,581.33,0.727,0,35.05,334.24,56.44
19,CELL_001,709.58,0.887,0,25.12,303.55,60.1
19,CELL_002,511.85,0.64,0,26.47,207.67,84.99
19,CELL_003,754.52,0.943,0,24.81,407.23,142.43
19,CELL_004,542.75,0.678,0,37.96,230.58,93.44
19,CELL_005,216.91,0.271,0,1.82,394.56,29.61
19,CELL_006,349.6,0.437,0,32.29,261.1,54.97
20,CELL_000,172.83,0.216,0,39.88,258.71,25.32
20,CELL_001,536.59,0.671,0,39.44,250.51,119.28
20,CELL_002,265.25,0.332,0,25.24,238.21,34.54
20,CELL_003,161.62,0.202,0,11.37,427.83,12.69
20,CELL_004,615.07,0.769,0,38.05,298.95,143.74
20,CELL_005,370.86,0.464,0,35.79,207.01,39.92
20,CELL_006,586.24,0.733,0,21.81,266.28,84.19
21,CELL_000,431.47,0.539,0,1.25,412.76,98.21
21,CELL_001,315.53,0.394,0,36.99,487.01,39.77
21,CELL_002,317.62,0.397,0,30.04,457.61,30.69
21,CELL_003,209.89,0.262,0,14.65,348.47,50.57
21,CELL_004,292.51,0.366,0,21.73,436.87,65.07
21,CELL_005,477.15,0.596,0,19.1,252.53,112.35
21,CELL_006,355.44,0.444,0,26.28,357.71,28.69
22,CELL_000,315.7,0.395,0,4.38,345.24,21.39
22,CELL_001,666.65,0.833,0,36.35,369.87,107.29
22,CELL_002,546.96,0.684,0,3.02,420.84,112.64
22,CELL_003,679.87,0.85,0,0.74,286.32,96.91
22,CELL_004,365.73,0.457,0,8.96,310.8,72.64
22,CELL_005,260.46,0.326,0,38.61,232.25,26.4
22,CELL_006,161.97,0.202,0,3.18,496.32,26.95
23,CELL_000,154.03,0.193,0,15.61,467.19,35.38
23,CELL_001,365.25,0.457,0,21.03,413.26,89.32
23,CELL_002,166.8,0.208,0,17.59,424.99,35.08
23,CELL_003,393.08,0.491,0,33.96,312.33,47.17
23,CELL_004,287.97,0.36,0,36.93,257.72,38.74
23,CELL_005,100.95,0.126,0,3.7,493.79,18.61
23,CELL_006,330.93,0.414,0,18.77,376.78,54.48
24,CELL_000,726.91,0.909,0,6.47,449.4,59.94
24,CELL_001,535.36,0.669,0,29.28,247.1,38.67
24,CELL_002,430.04,0.538,0,22.6,450.34,92.49
24,CELL_003,640.01,0.8,0,31.58,404.73,81.61
24,CELL_004,492.21,0.615,0,35.37,243.89,33.07
24,CELL_005,691.48,0.864,0,10.02,266.27,54.94
24,CELL_006,284.06,0.355,0,24.32,257.14,47.92
25,CELL_000,669.81,0.837,0,39.23,263.33,166.48
25,CELL_001,354.27,0.443,0,36.39,409.2,78.09
25,CELL_002,701.7,0.877,0,6.18,214.13,171.73
25,CELL_003,619.73,0.775,0,17.28,260.55,69.85
25,CELL_004,382.48,0.478,0,28.1,435.82,91.61
25,CELL_005,647.83,0.81,0,14.58,352.2,135.45
25,CELL_006,622.41,0.778,0,3.78,263.5,39.29
26,CELL_000,148.66,0.186,0,6.66,271.89,14.91
26,CELL_001,670.9,0.839,0,4.81,341.02,45.32
26,CELL_002,511.79,0.64,0,33.78,336.93,59.81
26,CELL_003,223.74,0.28,0,4.02,363.96,24.6
26,CELL_004,117.43,0.147,0,5.06,237.66,14.41
26,CELL_005,373.85,0.467,0,39.34,434.0,81.02
26,CELL_006,686.62,0.858,0,18.56,244.57,84.4
27,CELL_000,149.66,0.187,0,3.38,264.31,18.94
27,CELL_001,482.51,0.603,0,0.17,271.85,86.57
27,CELL_002,159.03,0.199,0,30.52,220.29,25.68
27,CELL_003,232.45,0.291,0,25.93,338.32,15.52
27,CELL_004,86.73,0.108,0,16.86,369.39,14.36
27,CELL_005,682.37,0.853,0,4.43,244.19,134.72
27,CELL_006,357.92,0.447,0,30.79,349.22,83.78
28,CELL_000,472.23,0.59,0,6.87,489.11,99.78
28,CELL_001,356.3,0.445,0,33.63,478.58,62.22
28,CELL_002,550.14,0.688,0,30.39,352.21,69.78
28,CELL_003,573.01,0.716,0,37.08,407.71,136.02
28,CELL_004,584.55,0.731,0,8.19,470.16,82.33
28,CELL_005,646.68,0.808,0,2.09,299.98,87.87
28,CELL_006,290.62,0.363,0,36.39,399.28,68.33
29,CELL_000,50.0,0.133,1,13.66,296.73,7.81
29,CELL_001,249.05,0.311,0,38.4,435.84,19.9
29,CELL_002,406.01,0.508,0,27.89,377.66,48.28
29,CELL_003,437.44,0.547,0,19.18,360.46,84.4
29,CELL_004,654.87,0.819,0,31.33,268.2,81.08
29,CELL_005,363.78,0.455,0,11.65,295.08,47.63
29,CELL_006,329.56,0.412,0,11.14,461.89,39.84
30,CELL_000,609.38,0.762,0,21.32,344.42,106.63
30,CELL_001,364.83,0.456,0,6.99,348.12,45.86
30,CELL_002,198.97,0.249,0,8.62,335.28,26.35
30,CELL_003,456.54,0.571,0,39.25,444.21,88.02
30,CELL_004,443.45,0.554,0,5.47,488.55,96.27
30,CELL_005,621.92,0.777,0,35.1,304.19,40.59
30,CELL_006,110.88,0.139,0,2.45,332.83,20.68
31,CELL_000,675.99,0.845,0,32.93,472.94,131.49
31,CELL_001,588.29,0.735,0,30.32,207.28,93.91
31,CELL_002,309.21,0.387,0,32.15,248.23,61.78
31,CELL_003,286.61,0.358,0,12.74,389.39,45.74
31,CELL_004,522.61,0.653,0,25.42,391.47,38.2
31,CELL_005,626.17,0.783,0,13.87,208.85,134.7
31,CELL_006,627.05,0.784,0,6.67,420.54,57.89
32,CELL_000,304.94,0.381,0,16.97,498.13,70.06
32,CELL_001,403.43,0.504,0,31.25,458.18,55.73
32,CELL_002,386.44,0.483,0,0.33,434.33,72.11
32,CELL_003,479.52,0.599,0,39.55,466.52,40.05
32,CELL_004,165.62,0.207,0,28.01,229.04,19.83
32,CELL_005,206.16,0.258,0,30.22,457.71,30.25
32,CELL_006,355.1,0.444,0,25.88,415.19,88.72
33,CELL_000,598.07,0.748,0,26.6,473.7,97.1
33,CELL_001,326.52,0.408,0,33.07,446.34,29.22
33,CELL_002,568.6,0.711,0,0.46,304.28,44.54
33,CELL_003,218.53,0.273,0,8.25,347.64,31.63
33,CELL_004,229.87,0.287,0,18.24,217.46,17.72
33,CELL_005,542.71,0.678,0,16.68,403.81,86.3
33,CELL_006,163.53,0.204,0,31.92,349.7,35.89
34,CELL_000,321.49,0.402,0,36.93,397.15,22.47
34,CELL_001,727.41,0.909,0,38.19,347.66,70.84
34,CELL_002,242.54,0.303,0,6.42,351.04,53.12
34,CELL_003,359.41,0.449,0,1.91,300.86,58.9
34,CELL_004,201.38,0.252,0,1.8,459.27,45.33
34,CELL_005,486.85,0.609,0,9.75,364.57,54.06
34,CELL_006,252.46,0.316,0,14.95,320.5,34.13
35,CELL_000,473.17,0.591,0,24.67,204.61,59.05
35,CELL_001,298.89,0.374,0,19.69,458.2,67.96
35,CELL_002,626.4,0.783,0,38.11,241.19,42.81
35,CELL_003,133.81,0.167,0,2.69,223.85,33.04
35,CELL_004,270.1,0.338,0,19.04,480.94,30.96
35,CELL_005,407.75,0.51,0,39.45,354.98,66.25
35,CELL_006,395.46,0.494,0,30.3,315.88,51.85
36,CELL_000,584.57,0.731,0,16.12,490.05,109.31
36,CELL_001,406.63,0.508,0,37.9,280.94,68.29
36,CELL_002,246.85,0.309,0,14.4,202.21,36.92
36,CELL_003,309.39,0.387,0,28.82,240.71,29.79
36,CELL_004,233.79,0.292,0,35.94,444.69,25.18
36,CELL_005,254.07,0.318,0,31.07,361.67,58.8
36,CELL_006,582.87,0.729,0,4.23,417.5,72.98
37,CELL_000,299.09,0.374,0,25.3,295.84,49.36
37,CELL_001,574.5,0.718,0,33.77,357.82,95.1
37,CELL_002,390.83,0.489,0,17.62,225.22,73.35
37,CELL_003,96.57,0.121,0,16.03,214.44,8.93
37,CELL_004,257.12,0.321,0,23.79,302.85,38.31
37,CELL_005,122.33,0.153,0,30.03,359.25,12.65
37,CELL_006,416.06,0.52,0,4.91,348.02,43.67
38,CELL_000,690.19,0.863,0,9.83,237.75,43.99
38,CELL_001,89.12,0.111,0,3.28,398.1,5.76
38,CELL_002,244.26,0.305,0,8.19,483.5,50.03
38,CELL_003,477.06,0.596,0,6.8,488.68,77.86
38,CELL_004,126.89,0.159,0,9.08,469.34,14.28
38,CELL_005,697.54,0.872,0,29.91,488.76,101.81
38,CELL_006,429.46,0.537,0,38.82,460.49,68.89
39,CELL_000,377.53,0.472,0,2.51,322.78,29.38
39,CELL_001,508.73,0.636,0,37.7,247.52,91.14
39,CELL_002,320.47,0.401,0,23.79,431.68,73.5
39,CELL_003,716.8,0.896,0,5.85,438.86,168.08
39,CELL_004,421.22,0.527,0,3.91,319.65,44.35
39,CELL_005,271.72,0.34,0,28.76,409.27,67.34
39,CELL_006,128.29,0.16,0,28.35,415.81,12.41
40,CELL_000,140.87,0.176,0,36.71,239.57,25.65
40,CELL_001,435.73,0.545,0,22.35,276.49,32.69
40,CELL_002,135.11,0.169,0,0.21,265.91,9.84
40,CELL_003,223.13,0.279,0,21.43,319.0,50.61
40,CELL_004,285.57,0.357,0,33.91,313.64,55.3
40,CELL_005,142.89,0.179,0,29.94,242.78,12.0
40,CELL_006,691.9,0.865,0,14.35,487.37,77.64
41,CELL_000,351.43,0.439,0,0.83,452.85,65.24
41,CELL_001,524.35,0.655,0,9.08,454.54,34.86
41,CELL_002,205.42,0.257,0,27.18,436.44,47.64
41,CELL_003,579.89,0.725,0,22.04,231.67,129.44
41,CELL_004,446.09,0.558,0,6.46,462.39,111.0
41,CELL_005,476.75,0.596,0,21.81,241.45,50.8
41,CELL_006,150.24,0.188,0,10.18,387.77,33.7
42,CELL_000,276.51,0.346,0,8.26,211.79,59.16
42,CELL_001,540.86,0.676,0,33.26,471.52,107.43
42,CELL_002,609.26,0.762,0,23.18,243.65,64.33
42,CELL_003,613.5,0.767,0,32.43,225.11,99.07
42,CELL_004,89.45,0.112,0,20.47,479.19,18.35
42,CELL_005,754.96,0.944,0,13.83,325.81,102.68
42,CELL_006,217.91,0.272,0,14.74,296.09,45.72
43,CELL_000,153.83,0.192,0,9.62,373.06,15.41
43,CELL_001,133.51,0.167,0,22.77,279.45,10.19
43,CELL_002,512.43,0.641,0,20.81,362.55,120.69
43,CELL_003,106.07,0.133,0,6.31,470.88,12.0
43,CELL_004,582.04,0.728,0,20.54,424.73,54.63
43,CELL_005,423.54,0.529,0,39.08,303.37,97.23
43,CELL_006,614.08,0.768,0,4.51,331.08,123.08
44,CELL_000,284.22,0.355,0,24.28,232.24,60.65
44,CELL_001,437.15,0.546,0,21.64,436.32,69.17
44,CELL_002,141.73,0.177,0,17.38,380.48,14.94
44,CELL_003,253.27,0.317,0,7.4,392.93,50.91
44,CELL_004,186.06,0.233,0,36.1,411.89,46.14
44,CELL_005,215.9,0.27,0,24.26,306.17,23.8
44,CELL_006,394.93,0.494,0,33.74,422.09,34.66
45,CELL_000,757.43,0.947,0,13.42,293.87,60.8
45,CELL_001,730.84,0.914,0,33.32,319.34,89.41
45,CELL_002,745.9,0.932,0,27.53,286.64,63.87
45,CELL_003,612.4,0.765,0,4.31,343.79,148.11
45,CELL_004,707.21,0.884,0,15.02,423.14,161.75
45,CELL_005,745.88,0.932,0,29.32,205.18,171.09
45,CELL_006,265.42,0.332,0,24.41,493.83,60.7
46,CELL_000,326.79,0.408,0,3.21,322.08,72.24
46,CELL_001,323.44,0.404,0,7.58,304.22,24.88
46,CELL_002,199.31,0.249,0,12.17,346.28,14.8
46,CELL_003,656.04,0.82,0,29.37,418.03,56.76
46,CELL_004,312.66,0.391,0,32.63,338.13,64.68
46,CELL_005,625.63,0.782,0,20.77,253.32,52.81
46,CELL_006,137.34,0.172,0,38.94,372.95,28.05
47,CELL_000,633.74,0.792,0,28.77,291.84,69.78
47,CELL_001,490.87,0.614,0,3.76,236.43,69.28
47,CELL_002,112.31,0.14,0,18.37,393.47,16.65
47,CELL_003,193.37,0.242,0,20.29,466.56,33.35
47,CELL_004,227.08,0.284,0,11.83,224.35,52.86
47,CELL_005,652.51,0.816,0,15.76,492.82,116.65
47,CELL_006,222.47,0.278,0,17.46,305.63,36.46
48,CELL_000,315.87,0.395,0,0.37,329.42,22.28
48,CELL_001,622.42,0.778,0,17.76,431.34,136.31
48,CELL_002,480.56,0.601,0,2.41,200.5,32.76
48,CELL_003,354.62,0.443,0,33.64,446.84,44.29
48,CELL_004,507.31,0.634,0,36.51,227.54,71.59
48,CELL_005,647.69,0.81,0,26.95,216.99,122.72
48,CELL_006,411.82,0.515,0,15.67,336.59,100.43
49,CELL_000,187.99,0.235,0,27.2,320.11,26.73
49,CELL_001,526.75,0.658,0,39.02,311.61,113.72
49,CELL_002,367.15,0.459,0,19.73,348.37,79.29
49,CELL_003,213.85,0.267,0,32.4,478.37,23.77
49,CELL_004,547.16,0.684,0,39.98,260.2,54.05
49,CELL_005,166.06,0.208,0,31.08,412.95,22.86
49,CELL_006,755.05,0.944,0,11.34,494.97,90.26
50,CELL_000,680.14,0.85,0,39.92,208.53,134.65
50,CELL_001,393.89,0.492,0,9.1,421.46,74.06
50,CELL_002,727.14,0.909,0,33.72,375.51,149.35
50,CELL_003,483.71,0.605,0,33.35,245.78,61.64
50,CELL_004,130.95,0.164,0,18.54,254.49,16.25
50,CELL_005,50.0,0.136,1,38.11,449.67,26.14
50,CELL_006,171.77,0.215,0,25.68,273.45,40.18
51,CELL_000,311.95,0.39,0,12.76,431.46,28.36
51,CELL_001,653.56,0.817,0,2.31,437.98,51.14
51,CELL_002,641.35,0.802,0,7.77,490.4,103.12
51,CELL_003,645.17,0.806,0,26.79,488.4,150.67
51,CELL_004,387.37,0.484,0,16.89,229.54,25.8
51,CELL_005,128.59,0.161,0,25.53,340.15,17.2
51,CELL_006,537.26,0.672,0,30.0,280.3,43.34
52,CELL_000,575.62,0.72,0,26.84,424.78,64.21
52,CELL_001,124.97,0.156,0,5.89,270.42,22.85
52,CELL_002,201.35,0.252,0,33.62,326.61,17.07
52,CELL_003,248.98,0.311,0,12.39,267.33,60.69
52,CELL_004,504.87,0.631,0,36.96,431.92,35.15
52,CELL_005,442.29,0.553,0,4.47,215.92,109.21
52,CELL_006,157.75,0.197,0,17.46,343.92,33.88
53,CELL_000,543.6,0.68,0,2.91,448.39,84.22
53,CELL_001,326.37,0.408,0,16.29,286.63,32.31
53,CELL_002,281.9,0.352,0,1.87,408.44,67.6
53,CELL_003,315.68,0.395,0,39.08,499.03,57.05
53,CELL_004,427.11,0.534,0,17.63,384.3,40.75
53,CELL_005,369.18,0.461,0,39.34,493.27,79.17
53,CELL_006,199.24,0.249,0,37.84,396.31,35.11
54,CELL_000,349.94,0.437,0,13.8,225.87,61.37
54,CELL_001,487.36,0.609,0,30.33,263.77,67.73
54,CELL_002,126.67,0.158,0,8.17,397.94,14.88
54,CELL_003,257.07,0.321,0,26.52,340.46,55.28
54,CELL_004,533.05,0.666,0,39.69,424.31,55.74
54,CELL_005,290.16,0.363,0,1.85,204.68,28.89
54,CELL_006,726.51,0.908,0,23.31,429.61,47.89
55,CELL_000,286.17,0.358,0,31.95,285.91,22.05
55,CELL_001,434.68,0.543,0,25.03,223.32,106.43
55,CELL_002,294.59,0.368,0,36.48,435.98,43.18
55,CELL_003,415.31,0.519,0,15.15,448.38,32.03
55,CELL_004,162.16,0.203,0,27.93,478.62,30.21
55,CELL_005,704.29,0.88,0,0.97,225.87,170.45
55,CELL_006,239.06,0.299,0,15.62,272.28,56.67
56,CELL_000,319.99,0.4,0,13.23,246.78,62.73
56,CELL_001,557.29,0.697,0,24.06,382.5,97.91
56,CELL_002,281.98,0.352,0,20.79,350.24,59.49
56,CELL_003,590.63,0.738,0,36.52,472.97,96.68
56,CELL_004,371.56,0.464,0,31.05,375.46,62.99
56,CELL_005,749.82,0.937,0,35.2,315.3,122.86
56,CELL_006,589.45,0.737,0,16.31,462.48,57.64
57,CELL_000,321.3,0.402,0,1.93,421.57,37.63
57,CELL_001,404.71,0.506,0,17.82,442.48,38.25
57,CELL_002,423.42,0.529,0,15.82,314.48,44.63
57,CELL_003,589.35,0.737,0,2.96,377.31,94.62
57,CELL_004,203.75,0.255,0,2.26,264.66,45.38
57,CELL_005,570.42,0.713,0,35.9,291.23,100.75
57,CELL_006,221.81,0.277,0,5.59,453.53,40.58
58,CELL_000,403.92,0.505,0,8.68,221.11,97.58
58,CELL_001,270.32,0.338,0,24.4,448.64,18.52
58,CELL_002,397.9,0.497,0,2.99,200.12,50.18
58,CELL_003,689.93,0.862,0,33.8,427.52,122.85
58,CELL_004,756.64,0.946,0,21.01,347.33,135.07
58,CELL_005,185.57,0.232,0,34.03,410.85,18.81
58,CELL_006,411.94,0.515,0,19.13,426.31,34.49
59,CELL_000,333.05,0.416,0,0.03,444.01,42.3
59,CELL_001,515.05,0.644,0,16.78,383.91,73.72
59,CELL_002,615.37,0.769,0,39.6,462.72,72.57
59,CELL_003,279.98,0.35,0,17.78,222.08,33.47
59,CELL_004,612.9,0.766,0,12.58,267.37,118.05
59,CELL_005,750.76,0.938,0,25.33,464.93,177.54
59,CELL_006,431.76,0.54,0,27.65,454.58,44.29
60,CELL_000,319.21,0.399,0,21.96,429.79,43.09
60,CELL_001,653.46,0.817,0,39.51,499.41,77.0
60,CELL_002,518.09,0.648,0,24.13,378.46,68.51
60,CELL_003,510.12,0.638,0,24.25,287.57,121.0
60,CELL_004,507.67,0.635,0,12.04,217.51,109.96
60,CELL_005,649.39,0.812,0,14.42,422.07,85.45
60,CELL_006,424.64,0.531,0,5.95,203.57,51.61
61,CELL_000,440.01,0.55,0,26.07,310.22,80.12
61,CELL_001,716.54,0.896,0,39.41,299.56,132.9
61,CELL_002,139.17,0.174,0,13.8,202.82,10.21
61,CELL_003,614.95,0.769,0,6.68,457.86,64.75
61,CELL_004,420.82,0.526,0,5.15,231.68,29.09
61,CELL_005,696.2,0.87,0,1.18,311.57,54.13
61,CELL_006,98.48,0.123,0,7.9,363.57,10.89
62,CELL_000,703.69,0.88,0,5.1,270.06,83.08
62,CELL_001,742.21,0.928,0,29.28,465.13,80.2
62,CELL_002,160.04,0.2,0,24.6,495.73,28.91
62,CELL_003,634.09,0.793,0,17.84,275.3,112.04
62,CELL_004,532.64,0.666,0,39.14,373.53,100.7
62,CELL_005,574.37,0.718,0,36.26,422.73,109.13
62,CELL_006,255.18,0.319,0,32.62,217.73,39.93
63,CELL_000,621.97,0.777,0,32.4,480.13,55.53
63,CELL_001,529.3,0.662,0,17.55,384.82,121.18
63,CELL_002,443.4,0.554,0,18.89,373.44,46.69
63,CELL_003,741.92,0.927,0,36.11,492.04,64.77
63,CELL_004,357.17,0.446,0,6.25,263.28,66.14
63,CELL_005,516.29,0.645,0,28.18,411.55,74.89
63,CELL_006,651.57,0.814,0,31.65,334.18,100.45
64,CELL_000,239.52,0.299,0,21.64,229.3,25.53
64,CELL_001,612.05,0.765,0,5.61,251.17,113.55
64,CELL_002,537.06,0.671,0,15.17,364.75,92.35
64,CELL_003,505.28,0.632,0,6.99,237.1,67.79
64,CELL_004,414.65,0.518,0,34.15,401.1,67.12
64,CELL_005,278.0,0.347,0,1.03,495.37,46.52
64,CELL_006,756.38,0.945,0,8.19,216.15,98.13
65,CELL_000,642.33,0.803,0,37.62,386.78,64.29
65,CELL_001,655.41,0.819,0,4.53,259.53,158.24
65,CELL_002,203.71,0.255,0,3.91,388.36,36.36
65,CELL_003,434.72,0.543,0,5.38,352.25,54.77
65,CELL_004,120.11,0.15,0,14.78,493.52,23.5
65,CELL_005,136.88,0.171,0,29.19,373.13,22.36
65,CELL_006,520.42,0.651,0,2.1,462.27,74.3
66,CELL_000,321.48,0.402,0,1.1,443.78,34.74
66,CELL_001,261.15,0.326,0,22.78,402.43,29.66
66,CELL_002,50.0,0.106,1,10.72,372.25,12.43
66,CELL_003,576.22,0.72,0,4.08,423.54,131.5
66,CELL_004,100.93,0.126,0,36.07,467.04,14.3
66,CELL_005,189.06,0.236,0,3.76,241.52,27.19
66,CELL_006,609.1,0.761,0,10.26,226.13,99.72
67,CELL_000,544.79,0.681,0,4.09,449.1,42.88
67,CELL_001,230.83,0.289,0,34.71,304.93,36.01
67,CELL_002,319.73,0.4,0,26.23,431.8,60.65
67,CELL_003,324.37,0.405,0,35.62,422.77,37.86
67,CELL_004,396.85,0.496,0,0.02,385.6,61.54
67,CELL_005,170.5,0.213,0,4.7,282.5,31.23
67,CELL_006,418.92,0.524,0,18.37,437.5,27.61
68,CELL_000,614.21,0.768,0,14.19,453.02,138.94
68,CELL_001,155.97,0.195,0,13.86,319.92,37.92
68,CELL_002,446.79,0.558,0,19.64,226.17,42.22
68,CELL_003,291.65,0.365,0,11.3,378.3,39.14
68,CELL_004,421.99,0.527,0,20.64,318.06,36.53
68,CELL_005,667.39,0.834,0,26.36,394.96,148.44
68,CELL_006,190.51,0.238,0,33.97,472.76,14.19
69,CELL_000,261.2,0.326,0,31.15,255.97,30.01
69,CELL_001,188.97,0.236,0,6.34,244.15,34.07
69,CELL_002,492.64,0.616,0,27.05,448.38,105.01
69,CELL_003,93.76,0.117,0,2.42,383.67,18.83
69,CELL_004,86.85,0.109,0,10.53,437.92,7.48
69,CELL_005,676.4,0.846,0,23.95,301.93,64.37
69,CELL_006,447.21,0.559,0,7.73,442.13,89.62
70,CELL_000,113.03,0.141,0,24.4,490.61,21.49
70,CELL_001,251.06,0.314,0,3.88,215.78,41.21
70,CELL_002,131.74,0.165,0,0.76,283.73,15.31
70,CELL_003,679.66,0.85,0,7.93,416.4,95.57
70,CELL_004,120.62,0.151,0,38.9,355.89,24.9
70,CELL_005,468.39,0.585,0,27.02,361.72,100.44
70,CELL_006,341.51,0.427,0,13.89,463.1,48.92
71,CELL_000,599.3,0.749,0,39.34,209.83,123.9
71,CELL_001,246.39,0.308,0,8.62,413.13,41.48
71,CELL_002,141.63,0.177,0,15.57,270.46,33.91
71,CELL_003,582.34,0.728,0,38.75,383.57,123.87
71,CELL_004,352.57,0.441,0,35.73,243.31,32.54
71,CELL_005,487.05,0.609,0,22.58,258.0,63.34
71,CELL_006,534.49,0.668,0,16.26,352.85,110.0
72,CELL_000,694.05,0.868,0,38.93,309.63,153.34
72,CELL_001,712.28,0.89,0,14.56,286.91,96.31
72,CELL_002,136.52,0.171,0,12.44,214.89,21.56
72,CELL_003,158.5,0.198,0,27.88,265.25,25.14
72,CELL_004,309.72,0.387,0,10.81,395.0,69.58
72,CELL_005,578.6,0.723,0,36.13,381.49,68.8
72,CELL_006,338.66,0.423,0,3.32,475.91,39.9
73,CELL_000,425.04,0.531,0,31.07,497.86,94.79
73,CELL_001,384.17,0.48,0,36.56,387.32,38.1
73,CELL_002,300.55,0.376,0,2.72,298.73,37.78
73,CELL_003,325.25,0.407,0,16.89,292.41,42.06
73,CELL_004,677.33,0.847,0,28.29,271.08,123.86
73,CELL_005,636.25,0.795,0,1.92,287.88,115.45
73,CELL_006,513.92,0.642,0,29.11,452.71,92.48
74,CELL_000,322.26,0.403,0,31.32,470.74,75.83
74,CELL_001,504.25,0.63,0,26.81,205.6,84.82
74,CELL_002,397.5,0.497,0,5.42,283.58,64.16
74,CELL_003,123.17,0.154,0,8.77,268.41,11.28
74,CELL_004,166.12,0.208,0,11.15,250.93,11.81
74,CELL_005,184.89,0.231,0,15.55,358.45,35.23
74,CELL_006,468.61,0.586,0,22.18,248.26,115.71
75,CELL_000,663.91,0.83,0,13.17,315.33,111.43
75,CELL_001,738.06,0.923,0,31.23,296.43,121.77
75,CELL_002,127.27,0.159,0,37.53,263.83,24.34
75,CELL_003,294.97,0.369,0,20.85,323.53,73.21
75,CELL_004,619.05,0.774,0,3.2,285.88,51.71
75,CELL_005,733.98,0.917,0,8.86,368.67,147.22
75,CELL_006,417.91,0.522,0,33.31,348.33,86.83
76,CELL_000,557.12,0.696,0,7.72,398.55,110.04
76,CELL_001,285.44,0.357,0,23.0,325.28,54.37
76,CELL_002,134.32,0.168,0,29.94,235.71,15.55
76,CELL_003,174.4,0.218,0,31.7,347.17,36.51
76,CELL_004,245.86,0.307,0,21.73,355.37,47.52
76,CELL_005,337.4,0.422,0,12.48,290.8,65.94
76,CELL_006,536.21,0.67,0,11.98,274.12,88.71
77,CELL_000,243.28,0.304,0,19.21,239.31,37.71
77,CELL_001,283.39,0.354,0,31.81,222.52,42.66
77,CELL_002,388.36,0.485,0,2.72,482.73,51.32
77,CELL_003,501.87,0.627,0,29.87,215.81,83.44
77,CELL_004,526.13,0.658,0,37.95,422.38,47.95
77,CELL_005,577.42,0.722,0,31.85,357.17,120.56
77,CELL_006,101.73,0.127,0,6.86,219.55,24.75
78,CELL_000,383.83,0.48,0,32.17,328.63,80.88
78,CELL_001,457.1,0.571,0,7.28,238.48,79.46
78,CELL_002,666.52,0.833,0,22.36,387.32,145.16
78,CELL_003,415.54,0.519,0,11.69,325.01,36.9
78,CELL_004,409.22,0.512,0,8.04,243.81,99.87
78,CELL_005,654.32,0.818,0,9.08,263.47,137.44
78,CELL_006,505.74,0.632,0,16.31,325.93,65.67
79,CELL_000,112.49,0.141,0,11.77,414.05,8.18
79,CELL_001,568.08,0.71,0,13.67,302.78,39.44
79,CELL_002,148.72,0.186,0,3.08,221.18,30.01
79,CELL_003,418.78,0.523,0,8.21,455.56,45.82
79,CELL_004,523.31,0.654,0,7.48,478.84,78.96
79,CELL_005,185.97,0.232,0,2.65,283.44,42.48
79,CELL_006,693.25,0.867,0,15.74,383.09,90.02
80,CELL_000,464.4,0.58,0,19.47,436.75,83.78
80,CELL_001,377.09,0.471,0,2.75,380.36,76.66
80,CELL_002,83.24,0.104,0,0.38,374.23,7.02
80,CELL_003,85.07,0.106,0,23.34,497.44,21.16
80,CELL_004,196.22,0.245,0,9.52,261.57,27.03
80,CELL_005,477.16,0.596,0,14.89,289.81,66.27
80,CELL_006,597.86,0.747,0,1.12,425.38,138.78
81,CELL_000,747.52,0.934,0,3.54,206.94,157.56
81,CELL_001,469.12,0.586,0,11.63,486.35,111.97
81,CELL_002,192.95,0.241,0,37.1,490.17,17.33
81,CELL_003,368.43,0.461,0,23.23,282.9,31.32
81,CELL_004,314.47,0.393,0,22.57,254.58,78.53
81,CELL_005,392.52,0.491,0,24.99,208.24,27.71
81,CELL_006,311.97,0.39,0,4.89,458.53,60.28
82,CELL_000,613.14,0.766,0,15.77,287.22,39.45
82,CELL_001,434.53,0.543,0,35.73,412.79,67.63
82,CELL_002,270.25,0.338,0,29.93,445.71,56.23
82,CELL_003,608.62,0.761,0,30.03,236.31,138.34
82,CELL_004,422.49,0.528,0,25.13,425.16,32.31
82,CELL_005,554.75,0.693,0,11.45,417.34,87.31
82,CELL_006,476.21,0.595,0,8.39,426.55,91.09
83,CELL_000,222.11,0.278,0,0.88,215.0,14.15
83,CELL_001,655.8,0.82,0,35.88,288.51,108.73
83,CELL_002,254.95,0.319,0,7.18,449.32,44.1
83,CELL_003,474.45,0.593,0,20.78,314.56,56.33
83,CELL_004,568.58,0.711,0,6.87,435.25,139.45
83,CELL_005,703.64,0.88,0,20.33,334.82,116.0
83,CELL_006,391.44,0.489,0,11.36,261.51,63.78
84,CELL_000,250.98,0.314,0,36.17,497.68,49.8
84,CELL_001,125.79,0.157,0,9.44,265.76,30.52
84,CELL_002,388.52,0.486,0,18.42,374.92,89.59
84,CELL_003,729.21,0.912,0,8.68,255.13,144.89
84,CELL_004,482.59,0.603,0,25.09,287.11,110.37
84,CELL_005,480.73,0.601,0,35.2,239.03,105.98
84,CELL_006,206.61,0.258,0,16.55,310.28,35.77
85,CELL_000,85.01,0.106,0,30.56,345.19,16.55
85,CELL_001,610.41,0.763,0,36.76,212.72,60.02
85,CELL_002,190.72,0.238,0,26.24,395.21,24.77
85,CELL_003,597.46,0.747,0,36.57,458.63,75.87
85,CELL_004,625.28,0.782,0,31.07,387.54,45.08
85,CELL_005,724.57,0.906,0,24.48,246.97,69.14
85,CELL_006,680.38,0.85,0,26.26,235.01,63.29
86,CELL_000,137.51,0.172,0,2.04,262.59,31.91
86,CELL_001,728.26,0.91,0,0.6,368.74,92.33
86,CELL_002,350.49,0.438,0,4.56,460.62,73.34
86,CELL_003,362.48,0.453,0,16.77,256.72,53.85
86,CELL_004,532.05,0.665,0,37.57,420.64,48.91
86,CELL_005,50.0,0.133,1,8.35,289.1,13.63
86,CELL_006,140.85,0.176,0,16.91,338.56,12.95
87,CELL_000,146.8,0.184,0,20.45,269.12,16.04
87,CELL_001,659.5,0.824,0,25.24,311.05,128.4
87,CELL_002,319.06,0.399,0,29.42,215.33,79.29
87,CELL_003,178.58,0.223,0,3.19,373.31,32.2
87,CELL_004,289.75,0.362,0,35.69,460.36,64.93
87,CELL_005,507.85,0.635,0,31.1,297.48,56.74
87,CELL_006,528.67,0.661,0,19.87,445.61,100.95
88,CELL_000,339.26,0.424,0,4.28,396.36,48.49
88,CELL_001,474.96,0.594,0,6.7,228.73,44.45
88,CELL_002,371.11,0.464,0,26.17,488.18,62.94
88,CELL_003,285.49,0.357,0,3.35,254.38,50.73
88,CELL_004,140.29,0.175,0,28.95,386.24,32.96
88,CELL_005,155.22,0.194,0,24.52,423.82,23.12
88,CELL_006,658.35,0.823,0,10.21,230.42,102.9
89,CELL_000,617.4,0.772,0,7.73,318.34,67.17
89,CELL_001,331.2,0.414,0,1.77,233.82,40.48
89,CELL_002,636.38,0.795,0,16.55,493.68,79.74
89,CELL_003,739.8,0.925,0,24.66,272.13,128.92
89,CELL_004,613.87,0.767,0,21.76,400.97,50.58
89,CELL_005,279.35,0.349,0,5.62,416.43,38.69
89,CELL_006,128.01,0.16,0,27.06,206.73,27.88
90,CELL_000,234.12,0.293,0,29.37,240.2,47.87
90,CELL_001,340.1,0.425,0,15.52,443.8,57.16
90,CELL_002,218.54,0.273,0,23.48,454.55,52.09
90,CELL_003,130.89,0.164,0,2.99,277.59,10.37
90,CELL_004,118.16,0.148,0,36.29,486.7,12.29
90,CELL_005,409.97,0.512,0,8.77,420.37,62.65
90,CELL_006,640.17,0.8,0,30.02,364.92,111.53
91,CELL_000,236.46,0.296,0,33.84,278.45,22.21
91,CELL_001,382.98,0.479,0,21.02,336.25,91.44
91,CELL_002,187.05,0.234,0,32.55,319.89,37.8
91,CELL_003,375.37,0.469,0,18.25,405.11,28.93
91,CELL_004,213.07,0.266,0,3.6,273.99,16.69
91,CELL_005,462.3,0.578,0,19.67,487.41,86.85
91,CELL_006,546.13,0.683,0,29.25,203.26,124.68
92,CELL_000,152.54,0.191,0,20.88,234.49,37.48
92,CELL_001,354.08,0.443,0,0.2,388.36,33.18
92,CELL_002,571.01,0.714,0,9.58,474.03,92.5
92,CELL_003,140.73,0.176,0,22.57,437.86,32.13
92,CELL_004,492.89,0.616,0,29.22,404.41,83.3
92,CELL_005,50.0,0.112,1,26.39,402.05,6.98
92,CELL_006,644.34,0.805,0,0.96,413.96,146.65
93,CELL_000,295.27,0.369,0,33.21,286.09,21.8
93,CELL_001,618.35,0.773,0,24.56,341.3,145.72
93,CELL_002,397.54,0.497,0,37.54,401.46,55.92
93,CELL_003,183.46,0.229,0,32.07,259.89,37.65
93,CELL_004,146.01,0.183,0,6.05,222.89,31.16
93,CELL_005,591.35,0.739,0,15.3,447.69,94.58
93,CELL_006,212.28,0.265,0,39.36,239.77,17.75
94,CELL_000,443.11,0.554,0,24.32,243.85,96.56
94,CELL_001,416.5,0.521,0,35.99,440.86,76.2
94,CELL_002,389.03,0.486,0,7.8,488.78,86.22
94,CELL_003,329.68,0.412,0,34.72,282.91,31.21
94,CELL_004,159.29,0.199,0,0.56,339.16,35.57
94,CELL_005,327.72,0.41,0,18.92,446.31,59.29
94,CELL_006,441.92,0.552,0,37.58,449.84,78.24
95,CELL_000,171.65,0.215,0,34.34,400.21,13.36
95,CELL_001,156.51,0.196,0,19.91,276.77,31.3
95,CELL_002,274.56,0.343,0,16.58,279.89,18.45
95,CELL_003,619.23,0.774,0,17.93,290.16,134.4
95,CELL_004,504.82,0.631,0,33.8,203.86,38.91
95,CELL_005,129.43,0.162,0,25.13,363.14,11.78
95,CELL_006,370.88,0.464,0,23.03,299.11,56.12
96,CELL_000,412.79,0.516,0,13.15,489.29,84.42
96,CELL_001,336.8,0.421,0,15.08,440.48,45.61
96,CELL_002,358.02,0.448,0,2.14,492.78,33.07
96,CELL_003,526.02,0.658,0,17.9,242.6,121.31
96,CELL_004,212.08,0.265,0,20.4,333.05,28.23
96,CELL_005,494.12,0.618,0,28.84,323.39,123.48
96,CELL_006,50.0,0.102,1,19.77,320.1,11.7
97,CELL_000,476.86,0.596,0,33.29,400.03,112.14
97,CELL_001,739.88,0.925,0,2.52,366.69,90.64
97,CELL_002,248.88,0.311,0,22.28,318.59,58.78
97,CELL_003,433.97,0.542,0,6.57,490.59,69.11
97,CELL_004,631.07,0.789,0,15.89,367.56,140.25
97,CELL_005,451.26,0.564,0,28.04,450.81,92.39
97,CELL_006,740.02,0.925,0,11.56,407.07,56.9
98,CELL_000,432.66,0.541,0,19.72,243.23,89.97
98,CELL_001,565.61,0.707,0,24.09,388.58,108.48
98,CELL_002,514.01,0.643,0,9.93,307.93,127.7
98,CELL_003,156.95,0.196,0,37.44,461.76,28.21
98,CELL_004,417.9,0.522,0,3.46,318.69,70.84
98,CELL_005,602.64,0.753,0,9.62,326.81,109.07
98,CELL_006,721.6,0.902,0,18.56,447.1,107.78
99,CELL_000,628.64,0.786,0,37.76,413.88,107.18
99,CELL_001,747.65,0.935,0,36.38,293.85,80.29
99,CELL_002,598.94,0.749,0,7.08,474.61,98.31
99,CELL_003,605.06,0.756,0,25.72,253.23,141.41
99,CELL_004,622.39,0.778,0,13.87,353.35,41.92
99,CELL_005,593.1,0.741,0,13.82,416.38,72.38
99,CELL_006,502.39,0.628,0,17.61,242.88,73.29
100,CELL_000,580.28,0.725,0,36.43,465.0,61.42
100,CELL_001,128.05,0.16,0,19.32,265.33,23.19
100,CELL_002,101.6,0.127,0,21.7,477.59,6.56
100,CELL_003,702.37,0.878,0,30.8,461.18,128.1
100,CELL_004,545.88,0.682,0,34.75,263.12,57.71
100,CELL_005,316.89,0.396,0,3.3,413.47,72.0
100,CELL_006,469.87,0.587,0,29.99,293.65,92.49
101,CELL_000,691.73,0.865,0,14.4,294.25,126.01
101,CELL_001,313.95,0.392,0,33.85,341.75,67.28
101,CELL_002,686.87,0.859,0,9.2,266.0,48.31
101,CELL_003,207.22,0.259,0,8.66,303.18,35.03
101,CELL_004,608.88,0.761,0,32.25,204.22,124.94
101,CELL_005,316.71,0.396,0,32.13,362.28,52.05
101,CELL_006,698.02,0.873,0,35.32,415.41,133.48
102,CELL_000,704.56,0.881,0,3.07,281.44,152.88
102,CELL_001,390.08,0.488,0,19.05,293.48,65.48
102,CELL_002,633.52,0.792,0,28.5,278.94,85.26
102,CELL_003,143.93,0.18,0,26.11,429.59,12.77
102,CELL_004,669.37,0.837,0,39.34,493.7,50.89
102,CELL_005,265.8,0.332,0,23.13,417.79,45.92
102,CELL_006,276.31,0.345,0,38.43,410.22,51.49
103,CELL_000,675.29,0.844,0,29.97,387.38,149.48
103,CELL_001,606.84,0.759,0,24.94,335.94,91.82
103,CELL_002,221.17,0.276,0,10.97,460.21,20.52
103,CELL_003,458.07,0.573,0,2.01,292.85,74.29
103,CELL_004,50.0,0.115,1,10.47,474.19,18.87
103,CELL_005,230.17,0.288,0,6.34,218.26,18.02
103,CELL_006,691.14,0.864,0,34.26,396.62,142.44
104,CELL_000,374.26,0.468,0,15.81,369.31,37.1
104,CELL_001,759.29,0.949,0,35.55,387.3,108.53
104,CELL_002,468.71,0.586,0,17.88,220.48,52.63
104,CELL_003,393.98,0.492,0,28.76,272.36,40.89
104,CELL_004,290.64,0.363,0,17.95,287.99,58.17
104,CELL_005,354.78,0.443,0,22.71,394.74,37.64
104,CELL_006,243.61,0.305,0,34.95,200.46,26.49
105,CELL_000,306.95,0.384,0,11.94,426.06,53.97
105,CELL_001,564.37,0.705,0,29.54,333.99,134.51
105,CELL_002,393.56,0.492,0,9.43,403.42,76.27
105,CELL_003,705.41,0.882,0,22.0,452.24,151.81
105,CELL_004,433.22,0.542,0,11.72,360.17,63.89
105,CELL_005,345.24,0.432,0,18.14,317.26,76.85
105,CELL_006,116.96,0.146,0,2.8,499.9,18.16
106,CELL_000,538.7,0.673,0,29.27,415.84,44.49
106,CELL_001,543.37,0.679,0,33.66,339.52,77.59
106,CELL_002,180.76,0.226,0,22.86,412.89,24.62
106,CELL_003,176.87,0.221,0,12.08,473.9,31.55
106,CELL_004,619.29,0.774,0,11.29,496.33,120.18
106,CELL_005,212.75,0.266,0,2.42,459.77,33.44
106,CELL_006,249.77,0.312,0,5.69,355.65,38.3
107,CELL_000,745.49,0.932,0,18.72,204.98,125.1
107,CELL_001,300.76,0.376,0,0.29,458.26,27.47
107,CELL_002,376.4,0.47,0,17.58,258.68,92.04
107,CELL_003,591.2,0.739,0,8.26,268.96,94.87
107,CELL_004,183.46,0.229,0,17.7,238.95,21.73
107,CELL_005,129.92,0.162,0,27.59,234.65,25.76
107,CELL_006,134.83,0.169,0,28.36,259.65,13.74
108,CELL_000,409.5,0.512,0,24.85,260.82,95.28
108,CELL_001,325.28,0.407,0,13.42,399.21,36.41
108,CELL_002,580.25,0.725,0,24.3,399.33,103.94
108,CELL_003,332.2,0.415,0,11.05,222.34,53.64
108,CELL_004,424.65,0.531,0,8.41,477.71,49.36
108,CELL_005,488.58,0.611,0,8.63,342.17,100.03
108,CELL_006,707.53,0.884,0,0.73,385.7,108.21
109,CELL_000,453.05,0.566,0,14.5,493.46,63.22
109,CELL_001,151.76,0.19,0,4.65,481.36,15.97
109,CELL_002,751.71,0.94,0,32.67,207.77,157.3
109,CELL_003,97.52,0.122,0,34.45,423.09,20.63
109,CELL_004,499.65,0.625,0,5.64,465.52,124.0
109,CELL_005,411.99,0.515,0,6.42,202.72,57.56
109,CELL_006,721.73,0.902,0,18.5,317.05,146.97
110,CELL_000,152.89,0.191,0,2.48,474.7,21.75
110,CELL_001,274.8,0.343,0,9.15,205.72,23.83
110,CELL_002,319.23,0.399,0,13.0,366.23,67.15
110,CELL_003,319.79,0.4,0,17.13,286.79,49.45
110,CELL_004,216.89,0.271,0,29.53,298.99,33.85
110,CELL_005,423.03,0.529,0,26.04,481.11,55.92
110,CELL_006,317.12,0.396,0,38.79,312.59,29.19
111,CELL_000,350.69,0.438,0,27.87,402.05,75.86
111,CELL_001,387.66,0.485,0,19.98,263.46,80.32
111,CELL_002,98.73,0.123,0,33.52,321.94,13.33
111,CELL_003,559.13,0.699,0,17.49,222.14,134.14
111,CELL_004,679.71,0.85,0,10.01,208.42,149.61
111,CELL_005,441.47,0.552,0,15.26,434.73,69.8
111,CELL_006,313.23,0.392,0,13.05,215.19,58.35
112,CELL_000,559.95,0.7,0,33.6,225.4,97.69
112,CELL_001,81.31,0.102,0,17.37,445.14,12.52
112,CELL_002,193.32,0.242,0,25.42,420.28,38.27
112,CELL_003,620.54,0.776,0,13.25,292.28,136.1
112,CELL_004,394.95,0.494,0,3.56,318.99,45.61
112,CELL_005,424.93,0.531,0,8.63,499.33,88.74
112,CELL_006,328.17,0.41,0,11.3,376.37,42.1
113,CELL_000,509.1,0.636,0,34.3,498.5,112.51
113,CELL_001,219.98,0.275,0,16.76,325.13,44.59
113,CELL_002,117.36,0.147,0,2.73,442.55,7.66
113,CELL_003,623.91,0.78,0,8.62,459.53,93.46
113,CELL_004,541.75,0.677,0,6.91,272.73,120.34
113,CELL_005,593.85,0.742,0,30.5,225.92,53.06
113,CELL_006,515.9,0.645,0,7.06,348.81,85.39
114,CELL_000,529.37,0.662,0,18.6,498.43,58.8
114,CELL_001,214.4,0.268,0,34.66,386.88,29.17
114,CELL_002,484.52,0.606,0,24.7,420.43,105.47
114,CELL_003,584.39,0.73,0,3.36,317.45,63.9
114,CELL_004,492.37,0.615,0,35.71,245.43,49.97
114,CELL_005,718.22,0.898,0,23.87,314.45,120.38
114,CELL_006,535.9,0.67,0,20.09,477.21,75.18
115,CELL_000,686.26,0.858,0,7.94,469.44,92.68
115,CELL_001,167.12,0.209,0,8.89,230.46,29.18
115,CELL_002,434.68,0.543,0,5.68,451.27,83.17
115,CELL_003,738.43,0.923,0,32.81,463.56,94.7
115,CELL_004,752.3,0.94,0,10.49,224.38,165.22
115,CELL_005,543.4,0.679,0,10.97,223.52,63.97
115,CELL_006,730.67,0.913,0,25.67,246.01,82.58
116,CELL_000,509.77,0.637,0,19.51,308.49,125.67
116,CELL_001,294.52,0.368,0,1.45,380.75,29.27
116,CELL_002,370.63,0.463,0,22.94,370.35,67.51
116,CELL_003,635.83,0.795,0,12.48,435.75,49.97
116,CELL_004,189.41,0.237,0,21.79,411.88,30.48
116,CELL_005,638.57,0.798,0,1.23,208.32,130.08
116,CELL_006,389.02,0.486,0,37.68,457.89,76.9
117,CELL_000,577.68,0.722,0,29.29,427.78,80.69
117,CELL_001,365.63,0.457,0,4.32,453.54,44.45
117,CELL_002,200.2,0.25,0,3.07,384.13,44.09
117,CELL_003,633.25,0.792,0,13.83,231.32,112.83
117,CELL_004,440.42,0.551,0,19.88,489.52,79.79
117,CELL_005,671.12,0.839,0,37.94,365.08,69.25
117,CELL_006,302.85,0.379,0,25.0,201.62,22.67
118,CELL_000,738.29,0.923,0,18.04,467.28,85.45
118,CELL_001,133.46,0.167,0,8.46,262.12,25.3
118,CELL_002,231.6,0.29,0,14.53,341.37,38.12
118,CELL_003,474.57,0.593,0,7.74,304.02,114.42
118,CELL_004,485.15,0.606,0,8.64,365.86,116.84
118,CELL_005,264.21,0.33,0,16.69,351.56,22.55
118,CELL_006,143.89,0.18,0,14.53,465.66,13.09
119,CELL_000,371.05,0.464,0,5.28,209.46,36.33
119,CELL_001,338.96,0.424,0,31.74,495.87,33.34
119,CELL_002,402.85,0.504,0,19.1,476.95,38.13
119,CELL_003,346.28,0.433,0,16.35,287.2,73.4
119,CELL_004,181.12,0.226,0,14.98,409.63,38.49
119,CELL_005,167.98,0.21,0,20.26,285.65,15.39
119,CELL_006,514.56,0.643,0,13.41,487.99,89.13
120,CELL_000,87.41,0.109,0,10.33,246.72,7.08
120,CELL_001,447.95,0.56,0,31.35,303.68,50.55
120,CELL_002,193.57,0.242,0,10.6,441.55,16.64
120,CELL_003,476.26,0.595,0,1.98,232.96,106.83
120,CELL_004,317.96,0.397,0,12.41,452.22,64.14
120,CELL_005,149.74,0.187,0,9.7,466.93,19.68
120,CELL_006,408.7,0.511,0,3.35,362.31,81.39
121,CELL_000,728.44,0.911,0,29.63,291.11,137.96
121,CELL_001,487.74,0.61,0,22.0,269.94,56.54
121,CELL_002,404.11,0.505,0,12.61,357.53,61.53
121,CELL_003,547.39,0.684,0,10.84,452.86,119.61
121,CELL_004,591.62,0.74,0,20.61,289.66,117.13
121,CELL_005,274.79,0.343,0,13.87,297.42,38.44
121,CELL_006,139.98,0.175,0,2.05,397.74,32.95
122,CELL_000,695.26,0.869,0,38.0,322.72,160.52
122,CELL_001,750.71,0.938,0,12.34,321.46,123.36
122,CELL_002,625.72,0.782,0,11.89,258.84,136.39
122,CELL_003,582.22,0.728,0,22.86,351.6,51.49
122,CELL_004,397.76,0.497,0,24.85,401.14,86.16
122,CELL_005,339.94,0.425,0,23.25,210.43,69.46
122,CELL_006,339.49,0.424,0,23.24,269.92,49.81
123,CELL_000,626.85,0.784,0,32.02,459.9,99.66
123,CELL_001,588.76,0.736,0,34.97,422.22,76.03
123,CELL_002,166.73,0.208,0,21.69,252.61,38.54
123,CELL_003,429.94,0.537,0,39.84,332.09,33.38
123,CELL_004,363.48,0.454,0,8.91,200.23,34.89
123,CELL_005,445.68,0.557,0,17.47,291.3,32.65
123,CELL_006,142.87,0.179,0,11.9,380.38,35.35
124,CELL_000,124.58,0.156,0,24.6,316.13,9.31
124,CELL_001,328.97,0.411,0,26.96,490.53,26.18
124,CELL_002,389.52,0.487,0,21.52,243.95,39.6
124,CELL_003,525.94,0.657,0,33.33,256.51,105.25
124,CELL_004,125.52,0.157,0,12.62,362.93,18.26
124,CELL_005,586.17,0.733,0,20.54,416.84,123.14
124,CELL_006,534.62,0.668,0,34.3,315.3,83.57
125,CELL_000,191.17,0.239,0,3.59,357.5,15.39
125,CELL_001,332.48,0.416,0,38.78,427.55,55.6
125,CELL_002,662.28,0.828,0,7.91,208.55,68.63
125,CELL_003,354.17,0.443,0,37.01,344.98,36.33
125,CELL_004,331.34,0.414,0,38.9,329.04,60.81
125,CELL_005,721.14,0.901,0,39.15,317.11,109.65
125,CELL_006,282.62,0.353,0,28.55,363.17,24.54
126,CELL_000,128.91,0.161,0,27.83,495.81,18.97
126,CELL_001,84.16,0.105,0,18.76,224.88,13.89
126,CELL_002,589.28,0.737,0,39.75,355.28,86.92
126,CELL_003,377.81,0.472,0,33.54,473.78,92.7
126,CELL_004,323.48,0.404,0,6.26,294.77,27.51
126,CELL_005,594.96,0.744,0,11.01,297.48,137.17
126,CELL_006,274.17,0.343,0,9.64,485.26,45.79
127,CELL_000,531.83,0.665,0,35.96,243.17,85.16
127,CELL_001,140.92,0.176,0,9.74,377.77,17.91
127,CELL_002,594.94,0.744,0,17.46,464.76,134.47
127,CELL_003,493.08,0.616,0,11.73,360.49,30.96
127,CELL_004,658.69,0.823,0,21.63,473.78,121.63
127,CELL_005,402.17,0.503,0,39.46,381.21,89.12
127,CELL_006,460.68,0.576,0,27.63,293.8,37.46
128,CELL_000,519.46,0.649,0,33.86,249.87,73.68
128,CELL_001,332.07,0.415,0,32.19,359.52,70.62
128,CELL_002,439.08,0.549,0,22.05,412.66,94.89
128,CELL_003,641.29,0.802,0,6.94,418.24,78.81
128,CELL_004,526.97,0.659,0,0.07,436.69,55.16
128,CELL_005,90.31,0.113,0,1.94,376.86,11.13
128,CELL_006,429.05,0.536,0,24.98,364.02,69.86
129,CELL_000,716.0,0.895,0,26.58,273.87,171.71
129,CELL_001,114.85,0.144,0,9.35,310.24,28.01
129,CELL_002,654.82,0.819,0,8.04,239.57,83.67
129,CELL_003,710.3,0.888,0,14.81,455.0,162.12
129,CELL_004,738.66,0.923,0,34.08,208.93,147.13
129,CELL_005,654.06,0.818,0,32.57,296.45,93.43
129,CELL_006,178.99,0.224,0,18.32,278.97,20.27
130,CELL_000,595.08,0.744,0,16.13,341.81,130.76
130,CELL_001,376.15,0.47,0,19.52,496.23,87.85
130,CELL_002,414.1,0.518,0,25.99,329.76,75.16
130,CELL_003,274.23,0.343,0,2.57,368.33,32.61
130,CELL_004,747.21,0.934,0,33.13,297.34,158.34
130,CELL_005,316.37,0.395,0,29.62,310.64,72.8
130,CELL_006,279.84,0.35,0,32.56,462.87,41.9
131,CELL_000,336.54,0.421,0,4.76,257.35,33.95
131,CELL_001,86.6,0.108,0,0.01,291.58,10.88
131,CELL_002,348.03,0.435,0,0.05,308.46,64.58
131,CELL_003,489.9,0.612,0,7.96,290.8,101.66
131,CELL_004,468.6,0.586,0,35.38,325.61,45.2
131,CELL_005,50.0,0.137,1,29.05,264.31,9.6
131,CELL_006,153.08,0.191,0,28.07,491.2,36.44
132,CELL_000,216.12,0.27,0,33.41,311.76,20.47
132,CELL_001,536.56,0.671,0,20.82,441.61,118.73
132,CELL_002,260.33,0.325,0,36.24,406.25,29.02
132,CELL_003,305.86,0.382,0,18.32,326.39,24.58
132,CELL_004,670.59,0.838,0,24.51,231.34,149.34
132,CELL_005,667.89,0.835,0,13.45,470.26,148.0
132,CELL_006,751.85,0.94,0,1.54,484.4,161.38
133,CELL_000,532.32,0.665,0,29.13,211.04,127.57
133,CELL_001,581.67,0.727,0,2.71,381.1,109.58
133,CELL_002,94.98,0.119,0,3.39,364.37,23.3
133,CELL_003,431.1,0.539,0,9.69,443.58,80.63
133,CELL_004,81.96,0.102,0,15.6,310.47,8.45
133,CELL_005,429.14,0.536,0,33.14,330.05,45.49
133,CELL_006,535.41,0.669,0,4.71,292.12,44.64
134,CELL_000,187.55,0.234,0,25.45,220.98,28.44
134,CELL_001,370.94,0.464,0,4.89,250.4,57.78
134,CELL_002,702.74,0.878,0,9.55,232.01,45.51
134,CELL_003,81.96,0.102,0,29.3,374.66,15.5
134,CELL_004,185.8,0.232,0,33.41,486.24,23.04
134,CELL_005,406.87,0.509,0,21.59,353.28,37.89
134,CELL_006,648.39,0.81,0,32.36,272.84,106.11
135,CELL_000,175.97,0.22,0,30.37,450.14,30.78
135,CELL_001,734.79,0.918,0,30.79,482.16,163.01
135,CELL_002,388.73,0.486,0,10.06,363.37,60.61
135,CELL_003,202.99,0.254,0,12.73,231.57,42.24
135,CELL_004,326.08,0.408,0,27.82,382.78,64.3
135,CELL_005,599.25,0.749,0,11.57,407.9,119.23
135,CELL_006,536.32,0.67,0,35.46,394.61,119.21
136,CELL_000,701.45,0.877,0,35.59,219.04,58.75
136,CELL_001,351.04,0.439,0,0.4,359.76,49.56
136,CELL_002,367.12,0.459,0,27.28,423.76,35.93
136,CELL_003,425.63,0.532,0,2.23,312.79,30.67
136,CELL_004,423.33,0.529,0,26.1,485.27,43.07
136,CELL_005,670.87,0.839,0,29.93,263.69,64.48
136,CELL_006,465.07,0.581,0,3.91,340.85,67.68
137,CELL_000,193.72,0.242,0,36.62,208.14,24.44
137,CELL_001,428.72,0.536,0,35.77,320.73,40.76
137,CELL_002,629.12,0.786,0,20.9,271.81,65.11
137,CELL_003,249.02,0.311,0,35.03,366.67,15.78
137,CELL_004,253.69,0.317,0,24.3,213.3,31.36
137,CELL_005,720.45,0.901,0,28.2,347.17,140.8
137,CELL_006,333.67,0.417,0,28.73,457.93,46.88
138,CELL_000,608.17,0.76,0,15.88,269.89,71.12
138,CELL_001,712.4,0.89,0,20.46,400.95,121.77
138,CELL_002,385.46,0.482,0,3.59,344.0,87.51
138,CELL_003,103.56,0.129,0,16.98,214.1,21.06
138,CELL_004,483.85,0.605,0,8.39,459.85,117.56
138,CELL_005,595.99,0.745,0,29.98,256.04,143.21
138,CELL_006,431.98,0.54,0,19.69,367.41,107.88
139,CELL_000,392.07,0.49,0,33.23,484.2,74.91
139,CELL_001,100.11,0.125,0,25.58,216.71,7.55
139,CELL_002,651.25,0.814,0,25.35,304.59,108.05
139,CELL_003,624.68,0.781,0,13.08,373.48,99.98
139,CELL_004,260.26,0.325,0,34.34,365.5,45.23
139,CELL_005,319.03,0.399,0,33.59,319.87,30.53
139,CELL_006,161.15,0.201,0,19.3,472.9,33.85
140,CELL_000,290.99,0.364,0,1.12,449.56,64.42
140,CELL_001,609.02,0.761,0,22.32,236.07,89.8
140,CELL_002,194.69,0.243,0,39.52,211.2,36.14
140,CELL_003,429.44,0.537,0,13.75,466.48,29.14
140,CELL_004,348.93,0.436,0,38.28,225.44,74.63
140,CELL_005,169.43,0.212,0,33.09,436.52,24.58
140,CELL_006,308.06,0.385,0,38.71,480.4,67.55
141,CELL_000,565.18,0.706,0,27.02,303.27,98.95
141,CELL_001,575.25,0.719,0,16.15,444.8,116.42
141,CELL_002,583.77,0.73,0,19.43,476.49,62.31
141,CELL_003,161.15,0.201,0,33.84,324.81,25.54
141,CELL_004,414.06,0.518,0,21.0,459.2,90.69
141,CELL_005,262.79,0.328,0,30.23,326.33,43.52
141,CELL_006,741.35,0.927,0,0.2,279.48,105.59
142,CELL_000,427.44,0.534,0,22.49,210.53,93.05
142,CELL_001,739.91,0.925,0,35.22,220.55,183.76
142,CELL_002,163.52,0.204,0,15.92,491.9,26.77
142,CELL_003,468.74,0.586,0,4.7,448.43,100.44
142,CELL_004,343.27,0.429,0,5.43,377.88,29.61
142,CELL_005,627.84,0.785,0,21.26,489.19,124.87
142,CELL_006,220.28,0.275,0,22.14,450.76,43.78
143,CELL_000,176.26,0.22,0,10.24,303.26,36.27
143,CELL_001,122.98,0.154,0,32.69,211.31,9.89
143,CELL_002,628.57,0.786,0,36.68,365.16,51.57
143,CELL_003,549.68,0.687,0,3.95,411.28,108.84
143,CELL_004,450.09,0.563,0,1.44,475.0,36.64
143,CELL_005,208.86,0.261,0,35.35,384.69,26.45
143,CELL_006,480.75,0.601,0,5.13,374.03,95.47
144,CELL_000,595.67,0.745,0,25.8,306.04,141.61
144,CELL_001,180.55,0.226,0,38.4,269.65,28.66
144,CELL_002,339.01,0.424,0,27.99,416.4,73.58
144,CELL_003,592.57,0.741,0,37.71,269.6,43.06
144,CELL_004,680.61,0.851,0,28.58,260.71,102.69
144,CELL_005,463.93,0.58,0,5.92,445.76,93.05
144,CELL_006,552.24,0.69,0,18.54,296.23,106.33
145,CELL_000,414.11,0.518,0,32.17,350.06,92.9
145,CELL_001,418.39,0.523,0,13.28,255.85,80.79
145,CELL_002,294.88,0.369,0,20.22,368.27,29.62
145,CELL_003,342.67,0.428,0,0.55,266.13,63.02
145,CELL_004,200.22,0.25,0,6.4,356.77,14.61
145,CELL_005,505.88,0.632,0,15.22,295.27,50.62
145,CELL_006,708.14,0.885,0,12.82,306.47,161.3
146,CELL_000,590.8,0.739,0,23.91,340.23,128.16
146,CELL_001,195.24,0.244,0,24.61,309.95,41.09
146,CELL_002,110.91,0.139,0,8.63,205.98,24.47
146,CELL_003,556.84,0.696,0,16.99,433.47,74.65
146,CELL_004,141.22,0.177,0,8.98,467.67,13.92
146,CELL_005,390.39,0.488,0,11.29,372.47,32.07
146,CELL_006,519.18,0.649,0,15.32,481.79,35.56
147,CELL_000,161.62,0.202,0,39.01,288.91,10.64
147,CELL_001,383.63,0.48,0,24.54,340.51,72.54
147,CELL_002,186.9,0.234,0,37.34,215.84,33.88
147,CELL_003,330.43,0.413,0,28.39,484.46,57.88
147,CELL_004,679.67,0.85,0,5.99,458.83,99.64
147,CELL_005,550.06,0.688,0,22.49,251.33,107.4
147,CELL_006,359.26,0.449,0,14.4,371.11,29.93
148,CELL_000,228.33,0.285,0,7.6,448.37,44.77
148,CELL_001,513.58,0.642,0,16.83,498.34,32.39
148,CELL_002,340.39,0.425,0,8.86,455.76,54.37
148,CELL_003,692.92,0.866,0,3.5,272.07,56.43
148,CELL_004,654.33,0.818,0,18.59,307.95,61.64
148,CELL_005,705.9,0.882,0,9.77,408.47,48.03
148,CELL_006,352.44,0.441,0,6.89,323.96,53.81
149,CELL_000,396.29,0.495,0,9.2,275.48,74.77
149,CELL_001,360.91,0.451,0,21.19,331.41,88.4
149,CELL_002,369.67,0.462,0,21.93,234.44,79.31
149,CELL_003,198.54,0.248,0,11.8,354.99,38.03
149,CELL_004,212.98,0.266,0,3.54,371.49,15.17
149,CELL_005,300.42,0.376,0,30.94,472.36,29.2
149,CELL_006,337.78,0.422,0,32.42,285.38,35.08
150,CELL_000,344.48,0.431,0,30.29,468.41,40.33
150,CELL_001,595.49,0.744,0,39.34,459.81,98.17
150,CELL_002,651.73,0.815,0,14.41,301.27,70.86
150,CELL_003,595.85,0.745,0,2.23,353.32,65.24
150,CELL_004,427.59,0.534,0,21.93,341.94,77.6
150,CELL_005,564.71,0.706,0,32.78,259.86,77.73
150,CELL_006,312.76,0.391,0,5.52,203.53,40.59
151,CELL_000,218.92,0.274,0,38.69,231.12,16.94
151,CELL_001,636.71,0.796,0,28.93,332.45,144.87
151,CELL_002,247.4,0.309,0,11.91,271.92,47.42
151,CELL_003,458.81,0.574,0,25.08,311.56,63.93
151,CELL_004,302.16,0.378,0,22.79,267.27,36.12
151,CELL_005,332.06,0.415,0,28.57,242.37,79.23
151,CELL_006,151.15,0.189,0,25.53,260.42,20.26
152,CELL_000,200.16,0.25,0,20.39,384.14,25.43
152,CELL_001,137.1,0.171,0,32.73,260.07,31.24
152,CELL_002,149.31,0.187,0,27.47,347.1,21.11
152,CELL_003,246.4,0.308,0,23.86,465.83,41.55
152,CELL_004,458.47,0.573,0,10.98,213.87,102.82
152,CELL_005,750.28,0.938,0,28.12,498.42,90.57
152,CELL_006,468.31,0.585,0,39.18,486.94,108.35
153,CELL_000,748.4,0.936,0,9.32,471.02,184.68
153,CELL_001,97.61,0.122,0,27.0,466.39,22.04
153,CELL_002,50.0,0.137,1,25.49,213.54,26.02
153,CELL_003,451.03,0.564,0,7.39,395.6,45.24
153,CELL_004,235.32,0.294,0,7.93,465.11,45.69
153,CELL_005,340.53,0.426,0,37.62,386.73,29.43
153,CELL_006,417.69,0.522,0,15.11,477.37,78.77
154,CELL_000,350.02,0.438,0,26.85,427.0,42.5
154,CELL_001,211.46,0.264,0,6.49,216.34,51.52
154,CELL_002,654.82,0.819,0,7.47,319.16,98.29
154,CELL_003,294.26,0.368,0,26.56,239.74,30.12
154,CELL_004,97.76,0.122,0,29.57,425.06,17.9
154,CELL_005,589.78,0.737,0,38.28,393.55,123.29
154,CELL_006,512.38,0.64,0,32.85,375.99,52.96
155,CELL_000,603.94,0.755,0,34.61,450.64,150.83
155,CELL_001,589.67,0.737,0,24.0,354.31,43.48
155,CELL_002,102.34,0.128,0,29.81,301.83,25.56
155,CELL_003,704.99,0.881,0,38.11,340.77,107.15
155,CELL_004,50.0,0.115,1,25.83,396.39,17.24
155,CELL_005,490.99,0.614,0,4.37,317.07,51.79
155,CELL_006,547.52,0.684,0,8.08,223.28,74.28
156,CELL_000,50.0,0.105,1,38.66,308.01,5.53
156,CELL_001,567.59,0.709,0,14.73,208.39,139.54
156,CELL_002,609.79,0.762,0,11.95,468.22,99.24
156,CELL_003,399.66,0.5,0,32.66,433.56,69.67
156,CELL_004,497.1,0.621,0,20.62,410.14,64.12
156,CELL_005,430.11,0.538,0,31.1,389.09,91.65
156,CELL_006,594.82,0.744,0,27.2,220.73,134.77
157,CELL_000,676.05,0.845,0,33.9,260.89,63.02
157,CELL_001,740.58,0.926,0,4.24,435.76,158.34
157,CELL_002,713.1,0.891,0,33.82,401.58,96.24
157,CELL_003,253.56,0.317,0,38.15,270.29,41.88
157,CELL_004,115.52,0.144,0,7.68,266.84,27.89
157,CELL_005,350.65,0.438,0,22.61,348.81,55.06
157,CELL_006,515.26,0.644,0,38.36,208.34,36.56
158,CELL_000,399.59,0.499,0,32.19,334.14,58.89
158,CELL_001,376.01,0.47,0,14.47,209.65,31.02
158,CELL_002,662.97,0.829,0,39.91,224.39,110.05
158,CELL_003,705.81,0.882,0,28.56,320.85,135.5
158,CELL_004,161.64,0.202,0,12.72,336.95,15.39
158,CELL_005,363.81,0.455,0,39.84,266.6,31.59
158,CELL_006,201.69,0.252,0,21.3,260.93,14.18
159,CELL_000,90.97,0.114,0,38.91,249.54,10.33
159,CELL_001,595.83,0.745,0,28.93,331.34,107.45
159,CELL_002,581.32,0.727,0,11.39,227.49,47.5
159,CELL_003,678.04,0.848,0,3.37,380.77,54.64
159,CELL_004,756.82,0.946,0,20.78,251.44,149.51
159,CELL_005,242.24,0.303,0,18.15,329.25,39.44
159,CELL_006,331.48,0.414,0,9.49,241.51,58.52
160,CELL_000,149.58,0.187,0,0.74,292.49,28.83
160,CELL_001,637.29,0.797,0,0.0,362.42,147.95
160,CELL_002,595.82,0.745,0,30.23,417.87,62.86
160,CELL_003,212.09,0.265,0,15.5,387.55,52.85
160,CELL_004,305.75,0.382,0,26.95,280.16,38.82
160,CELL_005,541.08,0.676,0,22.0,492.74,70.23
160,CELL_006,272.32,0.34,0,38.26,429.44,49.12
161,CELL_000,97.48,0.122,0,34.72,354.31,7.5
161,CELL_001,348.49,0.436,0,12.11,223.4,45.32
161,CELL_002,519.88,0.65,0,25.12,285.11,74.53
161,CELL_003,178.53,0.223,0,3.71,258.96,20.92
161,CELL_004,627.26,0.784,0,33.53,289.79,44.82
161,CELL_005,137.27,0.172,0,29.09,304.49,14.38
161,CELL_006,268.36,0.335,0,22.96,232.65,58.93
162,CELL_000,686.62,0.858,0,14.91,370.1,65.87
162,CELL_001,645.01,0.806,0,2.62,424.98,157.17
162,CELL_002,564.31,0.705,0,29.23,329.47,101.69
162,CELL_003,317.83,0.397,0,24.18,248.41,31.65
162,CELL_004,577.87,0.722,0,14.8,379.15,75.37
162,CELL_005,216.08,0.27,0,22.16,488.91,22.12
162,CELL_006,313.9,0.392,0,19.76,318.93,34.33
163,CELL_000,625.32,0.782,0,12.76,438.43,141.16
163,CELL_001,290.74,0.363,0,22.06,494.64,32.09
163,CELL_002,517.24,0.647,0,23.44,399.2,123.62
163,CELL_003,605.14,0.756,0,34.94,475.19,40.89
163,CELL_004,753.15,0.941,0,0.67,386.72,75.72
163,CELL_005,728.24,0.91,0,14.57,302.99,105.95
163,CELL_006,423.36,0.529,0,26.75,318.85,36.8
164,CELL_000,227.1,0.284,0,0.74,266.31,44.16
164,CELL_001,640.61,0.801,0,38.47,371.06,96.51
164,CELL_002,273.46,0.342,0,1.31,488.39,49.86
164,CELL_003,350.72,0.438,0,15.75,351.1,75.88
164,CELL_004,676.23,0.845,0,10.21,406.23,56.91
164,CELL_005,392.39,0.49,0,14.85,465.43,66.12
164,CELL_006,535.92,0.67,0,27.4,417.97,62.83
165,CELL_000,728.01,0.91,0,35.62,433.14,82.73
165,CELL_001,299.2,0.374,0,28.26,493.75,47.06
165,CELL_002,120.28,0.15,0,26.54,337.97,22.49
165,CELL_003,411.68,0.515,0,29.45,391.34,88.75
165,CELL_004,102.33,0.128,0,35.11,210.04,16.7
165,CELL_005,732.25,0.915,0,20.13,441.72,142.92
165,CELL_006,621.5,0.777,0,8.5,295.03,105.28
166,CELL_000,602.45,0.753,0,9.32,493.22,149.84
166,CELL_001,501.11,0.626,0,33.91,446.05,32.72
166,CELL_002,713.63,0.892,0,1.25,300.95,154.27
166,CELL_003,741.28,0.927,0,5.48,210.0,69.23
166,CELL_004,281.23,0.352,0,28.49,430.78,20.43
166,CELL_005,485.13,0.606,0,4.54,253.8,46.71
166,CELL_006,695.23,0.869,0,23.61,397.54,107.97
167,CELL_000,137.83,0.172,0,36.93,497.38,16.3
167,CELL_001,347.45,0.434,0,17.6,405.31,27.43
167,CELL_002,521.6,0.652,0,19.1,309.28,43.77
167,CELL_003,465.2,0.582,0,30.59,303.51,34.56
167,CELL_004,580.57,0.726,0,20.64,491.42,87.16
167,CELL_005,728.56,0.911,0,27.29,397.31,104.96
167,CELL_006,527.53,0.659,0,36.47,440.82,48.85
168,CELL_000,382.56,0.478,0,13.19,347.05,40.05
168,CELL_001,439.13,0.549,0,39.18,384.1,36.73
168,CELL_002,429.79,0.537,0,21.76,462.31,105.1
168,CELL_003,713.76,0.892,0,3.29,298.02,169.95
168,CELL_004,581.48,0.727,0,27.18,445.09,39.9
168,CELL_005,630.4,0.788,0,36.07,201.87,97.92
168,CELL_006,98.56,0.123,0,37.36,219.02,17.01
169,CELL_000,310.74,0.388,0,7.95,223.89,56.64
169,CELL_001,250.9,0.314,0,30.51,279.97,26.21
169,CELL_002,488.11,0.61,0,16.22,484.64,106.83
169,CELL_003,409.93,0.512,0,27.11,374.25,100.48
169,CELL_004,383.22,0.479,0,12.14,268.55,80.46
169,CELL_005,714.75,0.893,0,15.88,284.6,95.53
169,CELL_006,596.57,0.746,0,28.5,410.23,56.41
170,CELL_000,593.12,0.741,0,6.14,228.31,86.45
170,CELL_001,490.92,0.614,0,1.2,322.03,105.13
170,CELL_002,747.95,0.935,0,9.9,440.5,97.54
170,CELL_003,529.44,0.662,0,28.65,449.6,126.88
170,CELL_004,550.7,0.688,0,10.51,373.67,104.8
170,CELL_005,582.32,0.728,0,22.81,236.31,135.12
170,CELL_006,571.48,0.714,0,8.65,464.96,49.62
171,CELL_000,651.54,0.814,0,12.84,300.75,45.08
171,CELL_001,734.31,0.918,0,3.78,442.13,173.48
171,CELL_002,483.61,0.605,0,17.49,265.29,31.62
171,CELL_003,460.97,0.576,0,3.82,284.91,56.92
171,CELL_004,270.99,0.339,0,11.05,360.33,65.26
171,CELL_005,645.03,0.806,0,0.68,319.19,117.75
171,CELL_006,412.23,0.515,0,0.47,230.6,73.96
172,CELL_000,50.0,0.11,1,30.37,222.61,19.43
172,CELL_001,481.74,0.602,0,8.16,242.72,115.73
172,CELL_002,120.25,0.15,0,7.7,370.62,28.62
172,CELL_003,718.53,0.898,0,15.58,311.65,108.94
172,CELL_004,133.33,0.167,0,37.41,208.13,10.27
172,CELL_005,640.4,0.8,0,11.3,442.83,61.08
172,CELL_006,557.39,0.697,0,37.3,349.23,86.67
173,CELL_000,311.85,0.39,0,6.98,430.13,50.52
173,CELL_001,383.78,0.48,0,29.6,414.23,33.18
173,CELL_002,154.23,0.193,0,9.2,270.73,18.25
173,CELL_003,458.06,0.573,0,17.04,333.98,29.05
173,CELL_004,352.56,0.441,0,8.02,389.61,31.63
173,CELL_005,436.26,0.545,0,37.73,446.95,97.37
173,CELL_006,537.84,0.672,0,36.57,276.88,114.46
174,CELL_000,300.07,0.375,0,4.78,489.38,33.74
174,CELL_001,211.5,0.264,0,29.82,407.43,34.84
174,CELL_002,211.64,0.265,0,0.65,329.25,15.23
174,CELL_003,226.03,0.283,0,5.11,210.24,52.25
174,CELL_004,234.57,0.293,0,39.69,487.84,54.07
174,CELL_005,565.84,0.707,0,21.26,214.5,39.14
174,CELL_006,752.23,0.94,0,30.58,344.71,139.36
175,CELL_000,488.97,0.611,0,16.45,367.58,44.78
175,CELL_001,681.97,0.852,0,34.55,213.15,81.49
175,CELL_002,358.24,0.448,0,21.45,305.8,75.74
175,CELL_003,601.37,0.752,0,22.78,388.83,115.66
175,CELL_004,117.81,0.147,0,4.98,356.39,21.14
175,CELL_005,474.81,0.594,0,39.37,243.71,100.31
175,CELL_006,432.77,0.541,0,32.16,342.28,64.36
176,CELL_000,438.8,0.548,0,16.67,249.24,53.79
176,CELL_001,438.27,0.548,0,16.94,309.08,86.35
176,CELL_002,144.41,0.181,0,26.16,281.65,36.0
176,CELL_003,256.19,0.32,0,3.94,424.58,54.97
176,CELL_004,484.71,0.606,0,37.15,394.86,95.0
176,CELL_005,97.78,0.122,0,9.18,372.38,19.94
176,CELL_006,622.48,0.778,0,39.36,240.89,97.85
177,CELL_000,597.81,0.747,0,11.94,377.34,74.74
177,CELL_001,134.87,0.169,0,6.7,439.68,21.21
177,CELL_002,202.87,0.254,0,28.98,335.43,14.76
177,CELL_003,50.0,0.107,1,37.45,422.17,10.0
177,CELL_004,591.11,0.739,0,19.54,494.42,59.22
177,CELL_005,50.0,0.121,1,27.58,351.58,12.99
177,CELL_006,353.49,0.442,0,4.99,276.8,31.4
178,CELL_000,179.39,0.224,0,21.59,237.52,31.25
178,CELL_001,122.92,0.154,0,25.34,206.67,9.79
178,CELL_002,210.88,0.264,0,11.53,334.65,40.75
178,CELL_003,450.69,0.563,0,25.78,476.01,83.02
178,CELL_004,168.26,0.21,0,11.14,204.35,32.35
178,CELL_005,388.83,0.486,0,7.67,270.75,83.95
178,CELL_006,554.89,0.694,0,18.36,367.69,94.45
179,CELL_000,237.93,0.297,0,39.15,464.36,29.38
179,CELL_001,623.4,0.779,0,33.34,218.6,77.75
179,CELL_002,685.78,0.857,0,15.08,477.17,149.69
179,CELL_003,427.21,0.534,0,32.02,461.38,35.75
179,CELL_004,476.85,0.596,0,38.15,252.55,90.13
179,CELL_005,753.62,0.942,0,27.27,246.58,63.14
179,CELL_006,185.34,0.232,0,16.35,341.89,20.54
180,CELL_000,223.77,0.28,0,19.02,434.48,39.91
180,CELL_001,396.25,0.495,0,14.17,247.39,66.72
180,CELL_002,467.91,0.585,0,13.74,315.7,84.22
180,CELL_003,670.21,0.838,0,22.33,202.77,113.03
180,CELL_004,384.06,0.48,0,20.24,231.23,44.32
180,CELL_005,265.72,0.332,0,23.66,287.94,25.54
180,CELL_006,397.53,0.497,0,33.89,259.99,43.37
181,CELL_000,667.35,0.834,0,35.39,358.71,132.4
181,CELL_001,493.57,0.617,0,5.96,457.74,106.76
181,CELL_002,305.45,0.382,0,9.6,419.51,42.82
181,CELL_003,479.16,0.599,0,7.81,449.35,51.28
181,CELL_004,341.73,0.427,0,31.17,290.02,63.89
181,CELL_005,605.1,0.756,0,33.07,307.49,115.18
181,CELL_006,369.67,0.462,0,38.74,451.27,78.52
182,CELL_000,422.69,0.528,0,23.64,284.62,26.74
182,CELL_001,317.37,0.397,0,14.86,271.92,65.75
182,CELL_002,50.0,0.114,1,0.27,287.09,7.25
182,CELL_003,50.0,0.145,1,18.44,458.08,23.02
182,CELL_004,137.54,0.172,0,22.53,256.62,16.01
182,CELL_005,585.6,0.732,0,1.73,225.74,75.7
182,CELL_006,210.08,0.263,0,27.48,474.0,50.79
183,CELL_000,292.41,0.366,0,10.02,462.38,33.41
183,CELL_001,631.03,0.789,0,12.61,254.77,65.49
183,CELL_002,576.9,0.721,0,11.0,414.55,71.63
183,CELL_003,507.78,0.635,0,22.61,468.29,62.33
183,CELL_004,659.43,0.824,0,5.69,417.79,73.05
183,CELL_005,118.68,0.148,0,34.02,435.81,19.08
183,CELL_006,371.57,0.464,0,24.33,337.15,29.45
184,CELL_000,493.09,0.616,0,1.28,475.74,91.34
184,CELL_001,304.46,0.381,0,34.95,377.24,39.2
184,CELL_002,205.9,0.257,0,9.85,230.54,38.8
184,CELL_003,712.97,0.891,0,22.42,490.36,73.69
184,CELL_004,732.92,0.916,0,31.9,420.3,54.33
184,CELL_005,205.47,0.257,0,6.74,371.44,47.52
184,CELL_006,290.18,0.363,0,12.08,252.32,42.82
185,CELL_000,422.91,0.529,0,39.45,486.88,33.63
185,CELL_001,749.67,0.937,0,31.17,227.65,65.45
185,CELL_002,418.24,0.523,0,9.01,323.95,26.26
185,CELL_003,374.74,0.468,0,28.86,380.68,59.27
185,CELL_004,162.4,0.203,0,5.52,305.62,34.07
185,CELL_005,599.23,0.749,0,27.93,324.0,76.14
185,CELL_006,223.11,0.279,0,0.37,291.15,41.71
186,CELL_000,105.16,0.131,0,13.78,233.74,19.84
186,CELL_001,106.93,0.134,0,36.66,274.94,23.7
186,CELL_002,629.45,0.787,0,5.75,446.35,106.73
186,CELL_003,517.74,0.647,0,39.79,393.42,100.66
186,CELL_004,250.61,0.313,0,13.22,213.82,41.19
186,CELL_005,268.53,0.336,0,5.09,308.4,38.0
186,CELL_006,595.87,0.745,0,15.0,353.71,71.54
187,CELL_000,694.77,0.868,0,37.52,260.62,100.78
187,CELL_001,397.77,0.497,0,16.67,340.17,90.31
187,CELL_002,369.79,0.462,0,21.64,448.7,32.37
187,CELL_003,531.01,0.664,0,11.29,446.49,46.96
187,CELL_004,196.47,0.246,0,9.78,367.88,47.5
187,CELL_005,441.3,0.552,0,15.28,265.46,95.53
187,CELL_006,202.86,0.254,0,32.33,280.0,30.64
188,CELL_000,483.64,0.605,0,2.19,405.51,45.02
188,CELL_001,229.58,0.287,0,37.71,359.19,24.0
188,CELL_002,584.75,0.731,0,0.95,307.39,96.92
188,CELL_003,626.89,0.784,0,11.01,321.52,64.1
188,CELL_004,660.2,0.825,0,37.85,336.58,43.04
188,CELL_005,673.97,0.842,0,12.64,319.71,139.15
188,CELL_006,614.13,0.768,0,25.5,227.42,142.35
189,CELL_000,203.54,0.254,0,26.03,463.24,34.05
189,CELL_001,407.45,0.509,0,26.72,375.6,28.24
189,CELL_002,548.61,0.686,0,0.11,277.21,71.5
189,CELL_003,548.89,0.686,0,14.36,317.3,129.6
189,CELL_004,283.91,0.355,0,37.83,438.88,42.51
189,CELL_005,663.77,0.83,0,13.9,209.63,87.21
189,CELL_006,258.08,0.323,0,25.6,409.36,63.75
190,CELL_000,212.43,0.266,0,11.04,422.07,47.06
190,CELL_001,330.52,0.413,0,13.26,366.4,22.42
190,CELL_002,523.11,0.654,0,15.25,247.97,67.29
190,CELL_003,254.05,0.318,0,21.0,355.99,24.86
190,CELL_004,282.07,0.353,0,24.08,255.23,22.92
190,CELL_005,555.59,0.694,0,22.87,277.68,80.23
190,CELL_006,666.45,0.833,0,34.33,282.4,52.68
191,CELL_000,484.54,0.606,0,36.44,390.92,65.62
191,CELL_001,138.75,0.173,0,14.13,359.89,26.35
191,CELL_002,452.13,0.565,0,9.29,476.23,108.47
191,CELL_003,324.31,0.405,0,34.05,262.08,47.0
191,CELL_004,468.16,0.585,0,1.68,448.46,85.4
191,CELL_005,594.22,0.743,0,38.8,368.39,115.86
191,CELL_006,183.12,0.229,0,2.72,263.92,28.47
192,CELL_000,711.42,0.889,0,9.16,345.66,66.21
192,CELL_001,683.11,0.854,0,39.36,422.24,124.38
192,CELL_002,606.86,0.759,0,34.96,373.13,148.28
192,CELL_003,560.69,0.701,0,24.14,482.35,123.88
192,CELL_004,696.82,0.871,0,23.03,437.68,88.29
192,CELL_005,232.61,0.291,0,14.33,378.81,47.05
192,CELL_006,214.49,0.268,0,1.63,317.63,26.04
193,CELL_000,532.44,0.666,0,26.79,386.66,120.35
193,CELL_001,85.71,0.107,0,19.72,409.44,21.11
193,CELL_002,528.8,0.661,0,30.78,497.74,82.07
193,CELL_003,168.61,0.211,0,10.74,274.8,11.21
193,CELL_004,582.81,0.729,0,27.02,313.82,59.4
193,CELL_005,244.88,0.306,0,35.2,209.28,44.59
193,CELL_006,480.78,0.601,0,17.09,258.57,82.21
194,CELL_000,462.01,0.578,0,18.32,418.97,94.32
194,CELL_001,521.21,0.652,0,16.94,472.48,107.32
194,CELL_002,757.11,0.946,0,7.89,369.25,114.38
194,CELL_003,223.86,0.28,0,3.96,368.1,37.02
194,CELL_004,727.04,0.909,0,14.23,285.16,102.44
194,CELL_005,358.23,0.448,0,17.2,464.07,79.22
194,CELL_006,582.51,0.728,0,29.28,268.98,55.16
195,CELL_000,366.21,0.458,0,3.64,392.87,31.23
195,CELL_001,747.6,0.934,0,27.46,349.06,156.88
195,CELL_002,215.31,0.269,0,5.49,231.04,31.5
195,CELL_003,187.97,0.235,0,12.78,494.79,34.82
195,CELL_004,446.81,0.559,0,28.8,403.36,30.06
195,CELL_005,115.52,0.144,0,29.13,498.52,28.24
195,CELL_006,220.6,0.276,0,31.92,263.27,50.67
196,CELL_000,133.54,0.167,0,5.34,445.76,22.5
196,CELL_001,83.11,0.104,0,15.8,224.4,14.11
196,CELL_002,572.09,0.715,0,18.3,321.27,128.19
196,CELL_003,272.53,0.341,0,8.4,283.79,47.39
196,CELL_004,596.78,0.746,0,19.31,257.24,147.87
196,CELL_005,556.91,0.696,0,36.58,460.35,59.8
196,CELL_006,274.42,0.343,0,14.22,488.11,54.55
197,CELL_000,609.61,0.762,0,17.41,429.28,63.41
197,CELL_001,558.43,0.698,0,25.03,414.08,48.46
197,CELL_002,630.5,0.788,0,35.02,334.08,63.45
197,CELL_003,543.82,0.68,0,27.13,349.35,114.95
197,CELL_004,88.03,0.11,0,31.88,243.43,19.88
197,CELL_005,315.46,0.394,0,21.45,239.08,64.67
197,CELL_006,273.75,0.342,0,7.98,431.0,46.84
198,CELL_000,252.39,0.315,0,0.66,413.72,21.06
198,CELL_001,724.44,0.906,0,21.81,389.28,45.43
198,CELL_002,378.97,0.474,0,31.71,260.27,32.96
198,CELL_003,490.38,0.613,0,7.16,369.34,70.41
198,CELL_004,259.41,0.324,0,33.88,387.24,36.41
198,CELL_005,452.42,0.566,0,32.53,263.78,72.74
198,CELL_006,305.41,0.382,0,17.95,385.58,23.69
199,CELL_000,587.51,0.734,0,18.3,421.56,43.89
199,CELL_001,527.92,0.66,0,32.95,441.31,99.0
199,CELL_002,369.17,0.461,0,26.02,471.62,61.59
199,CELL_003,107.91,0.135,0,30.64,364.63,21.89
199,CELL_004,336.76,0.421,0,19.9,469.77,77.53
199,CELL_005,565.11,0.706,0,14.42,454.39,126.29
199,CELL_006,228.24,0.285,0,37.95,357.42,49.27
200,CELL_000,349.04,0.436,0,4.07,306.35,31.32
200,CELL_001,710.9,0.889,0,36.95,456.12,122.82
200,CELL_002,172.54,0.216,0,16.53,482.54,26.31
200,CELL_003,541.27,0.677,0,30.46,263.9,126.96
200,CELL_004,296.71,0.371,0,21.75,380.46,74.12
200,CELL_005,585.87,0.732,0,23.71,253.24,89.41
200,CELL_006,103.93,0.13,0,25.74,378.44,24.47
201,CELL_000,715.75,0.895,0,31.84,451.51,104.27
201,CELL_001,537.15,0.671,0,10.62,286.29,92.22
201,CELL_002,454.98,0.569,0,26.87,243.9,86.57
201,CELL_003,571.54,0.714,0,33.38,238.87,63.53
201,CELL_004,532.65,0.666,0,15.38,382.88,63.07
201,CELL_005,418.08,0.523,0,16.12,387.82,29.08
201,CELL_006,89.1,0.111,0,11.81,382.81,12.4
202,CELL_000,585.39,0.732,0,8.23,409.75,114.3
202,CELL_001,330.72,0.413,0,25.02,429.83,29.37
202,CELL_002,754.75,0.943,0,25.06,374.94,105.06
202,CELL_003,50.0,0.112,1,32.11,473.48,5.79
202,CELL_004,659.56,0.824,0,33.51,474.29,148.38
202,CELL_005,217.72,0.272,0,26.07,424.9,28.78
202,CELL_006,200.88,0.251,0,20.75,327.31,41.7
203,CELL_000,183.69,0.23,0,21.29,466.11,16.26
203,CELL_001,384.4,0.481,0,8.03,381.51,94.14
203,CELL_002,296.19,0.37,0,37.83,386.21,32.63
203,CELL_003,421.75,0.527,0,27.27,315.71,94.8
203,CELL_004,50.0,0.102,1,34.73,443.85,6.14
203,CELL_005,650.15,0.813,0,19.96,413.01,93.13
203,CELL_006,621.18,0.776,0,31.42,437.05,79.54
204,CELL_000,391.54,0.489,0,1.29,332.67,80.63
204,CELL_001,250.06,0.313,0,38.16,466.27,26.93
204,CELL_002,458.69,0.573,0,36.96,257.21,87.94
204,CELL_003,663.23,0.829,0,8.98,218.09,161.88
204,CELL_004,401.14,0.501,0,5.66,459.47,50.39
204,CELL_005,530.99,0.664,0,16.67,380.58,115.08
204,CELL_006,480.51,0.601,0,22.51,473.17,102.01
205,CELL_000,348.57,0.436,0,29.18,222.67,65.16
205,CELL_001,502.82,0.629,0,5.61,348.05,37.58
205,CELL_002,175.38,0.219,0,35.45,440.54,15.18
205,CELL_003,242.62,0.303,0,30.03,475.38,55.73
205,CELL_004,631.03,0.789,0,22.99,378.47,154.11
205,CELL_005,587.21,0.734,0,3.37,264.82,93.38
205,CELL_006,175.83,0.22,0,27.14,264.14,17.43
206,CELL_000,360.81,0.451,0,35.65,415.22,31.27
206,CELL_001,729.22,0.912,0,19.31,419.62,84.37
206,CELL_002,459.91,0.575,0,39.3,356.74,88.42
206,CELL_003,270.32,0.338,0,29.52,242.31,26.65
206,CELL_004,509.66,0.637,0,39.3,452.28,106.84
206,CELL_005,247.13,0.309,0,19.98,323.24,59.53
206,CELL_006,259.63,0.325,0,3.37,296.02,38.12
207,CELL_000,132.77,0.166,0,24.39,410.66,17.55
207,CELL_001,575.62,0.72,0,23.07,407.23,59.5
207,CELL_002,352.73,0.441,0,18.78,346.77,72.49
207,CELL_003,143.52,0.179,0,27.92,349.18,22.79
207,CELL_004,730.72,0.913,0,28.53,418.4,123.44
207,CELL_005,407.69,0.51,0,0.13,269.39,55.15
207,CELL_006,529.95,0.662,0,19.41,226.11,47.61
208,CELL_000,305.71,0.382,0,18.77,341.04,42.94
208,CELL_001,217.08,0.271,0,1.03,439.53,44.24
208,CELL_002,644.09,0.805,0,36.75,297.96,157.43
208,CELL_003,259.57,0.324,0,7.25,399.25,28.36
208,CELL_004,494.91,0.619,0,7.61,484.78,48.43
208,CELL_005,467.23,0.584,0,36.27,335.08,90.97
208,CELL_006,637.23,0.797,0,2.5,353.85,145.05
209,CELL_000,671.94,0.84,0,6.39,480.08,79.45
209,CELL_001,181.61,0.227,0,19.99,268.36,41.61
209,CELL_002,492.27,0.615,0,1.94,282.85,67.68
209,CELL_003,221.52,0.277,0,26.07,449.94,18.34
209,CELL_004,215.22,0.269,0,6.8,442.3,31.6
209,CELL_005,579.02,0.724,0,20.66,367.52,69.35
209,CELL_006,153.43,0.192,0,9.12,402.17,29.85
210,CELL_000,50.0,0.135,1,4.79,398.53,19.47
210,CELL_001,555.73,0.695,0,21.57,309.72,45.3
210,CELL_002,308.12,0.385,0,0.71,226.78,19.35
210,CELL_003,448.61,0.561,0,20.13,478.2,68.27
210,CELL_004,707.67,0.885,0,39.21,205.06,69.67
210,CELL_005,91.24,0.114,0,35.58,427.29,12.17
210,CELL_006,527.63,0.66,0,22.95,475.42,60.41
211,CELL_000,491.23,0.614,0,33.49,427.93,106.25
211,CELL_001,475.49,0.594,0,26.82,311.02,50.81
211,CELL_002,647.82,0.81,0,21.67,369.14,50.18
211,CELL_003,607.57,0.759,0,31.27,249.8,125.82
211,CELL_004,735.33,0.919,0,34.03,205.66,51.5
211,CELL_005,500.82,0.626,0,30.58,446.32,101.6
211,CELL_006,343.13,0.429,0,23.65,372.02,69.19
212,CELL_000,478.04,0.598,0,17.09,412.8,59.02
212,CELL_001,137.17,0.171,0,7.84,428.25,12.32
212,CELL_002,217.49,0.272,0,10.8,486.5,39.1
212,CELL_003,562.42,0.703,0,10.4,285.41,95.32
212,CELL_004,669.05,0.836,0,6.91,477.88,57.53
212,CELL_005,577.36,0.722,0,31.61,499.0,59.82
212,CELL_006,50.0,0.139,1,5.61,352.89,22.26
213,CELL_000,696.05,0.87,0,38.04,310.33,60.64
213,CELL_001,560.51,0.701,0,2.82,396.24,92.15
213,CELL_002,211.39,0.264,0,28.82,408.35,14.28
213,CELL_003,647.96,0.81,0,33.55,272.09,81.55
213,CELL_004,741.84,0.927,0,32.35,285.51,127.58
213,CELL_005,669.09,0.836,0,0.38,316.56,163.43
213,CELL_006,367.88,0.46,0,11.63,224.71,58.67
214,CELL_000,336.17,0.42,0,32.86,348.2,81.38
214,CELL_001,424.96,0.531,0,36.06,263.35,67.05
214,CELL_002,181.48,0.227,0,4.29,210.58,23.11
214,CELL_003,667.85,0.835,0,15.62,293.74,102.94
214,CELL_004,739.55,0.924,0,2.67,442.78,93.32
214,CELL_005,646.24,0.808,0,32.73,407.89,93.94
214,CELL_006,508.02,0.635,0,18.65,281.29,73.23
215,CELL_000,80.56,0.101,0,16.82,224.88,14.56
215,CELL_001,654.33,0.818,0,31.5,443.78,103.27
215,CELL_002,306.8,0.384,0,28.99,390.31,23.15
215,CELL_003,670.17,0.838,0,10.05,416.5,44.17
215,CELL_004,729.75,0.912,0,6.22,397.02,142.71
215,CELL_005,427.24,0.534,0,15.9,460.85,102.13
215,CELL_006,669.77,0.837,0,15.56,359.25,102.52
216,CELL_000,660.76,0.826,0,2.2,282.58,50.94
216,CELL_001,270.02,0.338,0,5.81,456.02,40.2
216,CELL_002,512.35,0.64,0,5.41,259.72,55.39
216,CELL_003,342.42,0.428,0,37.43,290.58,38.36
216,CELL_004,443.22,0.554,0,17.51,311.72,52.42
216,CELL_005,188.73,0.236,0,18.19,233.62,32.89
216,CELL_006,621.7,0.777,0,10.63,380.63,47.02
217,CELL_000,580.78,0.726,0,3.11,255.26,64.49
217,CELL_001,247.31,0.309,0,31.79,346.12,30.79
217,CELL_002,608.11,0.76,0,16.31,371.6,121.71
217,CELL_003,395.55,0.494,0,37.7,474.49,86.85
217,CELL_004,478.55,0.598,0,1.45,222.23,103.09
217,CELL_005,146.72,0.183,0,39.73,319.86,29.54
217,CELL_006,255.53,0.319,0,29.17,260.59,59.18
218,CELL_000,640.02,0.8,0,8.04,288.26,94.18
218,CELL_001,338.54,0.423,0,5.51,425.51,79.98
218,CELL_002,141.33,0.177,0,32.99,277.01,10.3
218,CELL_003,148.83,0.186,0,9.64,290.48,10.77
218,CELL_004,321.33,0.402,0,21.0,298.16,73.21
218,CELL_005,149.3,0.187,0,5.7,247.02,35.66
218,CELL_006,517.59,0.647,0,1.09,323.18,58.2
219,CELL_000,149.67,0.187,0,27.46,234.72,24.75
219,CELL_001,705.67,0.882,0,34.92,480.57,154.65
219,CELL_002,195.32,0.244,0,1.68,473.07,33.47
219,CELL_003,564.88,0.706,0,13.61,434.56,98.59
219,CELL_004,496.46,0.621,0,1.53,452.29,58.33
219,CELL_005,539.19,0.674,0,32.24,324.88,110.83
219,CELL_006,196.93,0.246,0,26.0,356.87,48.88
220,CELL_000,327.01,0.409,0,35.22,293.77,68.71
220,CELL_001,50.0,0.149,1,23.07,499.64,11.81
220,CELL_002,377.21,0.472,0,8.1,215.88,70.78
220,CELL_003,660.8,0.826,0,31.75,469.27,136.79
220,CELL_004,651.79,0.815,0,20.61,396.31,93.91
220,CELL_005,303.34,0.379,0,25.31,341.31,47.75
220,CELL_006,158.84,0.199,0,31.16,298.78,33.21
221,CELL_000,189.63,0.237,0,12.22,455.26,25.49
221,CELL_001,104.49,0.131,0,3.04,343.58,11.28
221,CELL_002,669.29,0.837,0,30.0,231.01,117.17
221,CELL_003,90.4,0.113,0,33.68,385.34,6.07
221,CELL_004,159.04,0.199,0,3.23,203.46,39.49
221,CELL_005,367.48,0.459,0,2.55,387.64,88.82
221,CELL_006,209.77,0.262,0,36.46,234.66,44.02
222,CELL_000,486.42,0.608,0,24.67,344.25,99.12
222,CELL_001,50.0,0.127,1,33.8,375.41,7.75
222,CELL_002,416.89,0.521,0,31.22,290.09,42.93
222,CELL_003,358.26,0.448,0,17.33,413.07,33.74
222,CELL_004,440.97,0.551,0,2.87,359.54,44.63
222,CELL_005,665.43,0.832,0,4.41,345.2,109.04
222,CELL_006,145.55,0.182,0,14.83,210.66,17.65
223,CELL_000,498.31,0.623,0,11.03,450.94,112.43
223,CELL_001,441.75,0.552,0,6.78,370.61,28.55
223,CELL_002,378.79,0.473,0,18.18,491.1,47.46
223,CELL_003,578.18,0.723,0,33.34,278.58,133.13
223,CELL_004,148.23,0.185,0,0.5,428.9,18.29
223,CELL_005,489.62,0.612,0,18.68,280.67,66.91
223,CELL_006,387.04,0.484,0,13.25,239.6,41.81
224,CELL_000,602.35,0.753,0,5.51,417.11,96.81
224,CELL_001,244.02,0.305,0,35.16,210.06,59.48
224,CELL_002,701.21,0.877,0,14.17,274.66,160.46
224,CELL_003,150.06,0.188,0,37.26,202.86,35.23
224,CELL_004,249.33,0.312,0,20.53,456.88,34.33
224,CELL_005,714.23,0.893,0,22.25,494.15,125.17
224,CELL_006,320.47,0.401,0,27.08,484.44,31.03
225,CELL_000,318.51,0.398,0,4.25,313.53,31.72
225,CELL_001,307.51,0.384,0,25.4,375.31,50.27
225,CELL_002,729.08,0.911,0,0.0,461.55,118.26
225,CELL_003,268.75,0.336,0,30.98,462.16,31.91
225,CELL_004,358.09,0.448,0,13.27,381.98,34.59
225,CELL_005,508.72,0.636,0,6.51,286.99,60.76
225,CELL_006,466.18,0.583,0,10.47,275.66,42.83
226,CELL_000,376.07,0.47,0,22.26,242.04,76.97
226,CELL_001,101.8,0.127,0,35.55,419.06,19.55
226,CELL_002,744.95,0.931,0,2.97,279.43,158.94
226,CELL_003,534.61,0.668,0,10.75,238.46,40.51
226,CELL_004,367.2,0.459,0,11.44,272.79,26.71
226,CELL_005,594.41,0.743,0,16.56,496.83,105.5
226,CELL_006,150.94,0.189,0,26.82,415.49,32.64
227,CELL_000,201.1,0.251,0,4.55,305.63,33.29
227,CELL_001,265.24,0.332,0,39.67,345.44,31.16
227,CELL_002,368.84,0.461,0,17.0,402.39,63.04
227,CELL_003,128.37,0.16,0,38.51,431.87,12.62
227,CELL_004,50.0,0.138,1,36.86,351.13,25.94
227,CELL_005,213.15,0.266,0,8.45,401.34,30.97
227,CELL_006,573.21,0.717,0,9.96,285.46,54.72
228,CELL_000,292.96,0.366,0,9.52,466.68,59.47
228,CELL_001,50.0,0.127,1,29.45,378.2,22.95
228,CELL_002,346.24,0.433,0,18.67,205.13,77.67
228,CELL_003,116.97,0.146,0,30.37,229.75,27.83
228,CELL_004,613.71,0.767,0,30.86,219.77,54.19
228,CELL_005,198.83,0.249,0,4.22,331.01,21.27
228,CELL_006,267.93,0.335,0,15.95,221.87,64.03
229,CELL_000,347.03,0.434,0,35.88,442.78,25.31
229,CELL_001,243.8,0.305,0,26.15,410.04,26.44
229,CELL_002,559.77,0.7,0,33.51,240.39,132.86
229,CELL_003,152.18,0.19,0,7.79,287.12,18.49
229,CELL_004,309.18,0.386,0,22.45,445.46,64.69
229,CELL_005,752.76,0.941,0,22.19,251.44,64.7
229,CELL_006,516.92,0.646,0,38.95,317.69,115.65
230,CELL_000,147.35,0.184,0,17.5,423.4,13.77
230,CELL_001,83.34,0.104,0,14.77,366.28,16.84
230,CELL_002,755.77,0.945,0,16.22,224.55,187.15
230,CELL_003,614.35,0.768,0,21.29,364.27,69.95
230,CELL_004,701.27,0.877,0,14.19,378.37,100.55
230,CELL_005,209.91,0.262,0,23.24,408.53,29.6
230,CELL_006,727.21,0.909,0,24.59,379.07,48.83
231,CELL_000,343.76,0.43,0,18.88,392.51,64.62
231,CELL_001,525.93,0.657,0,17.2,486.23,41.61
231,CELL_002,585.94,0.732,0,1.05,343.42,94.75
231,CELL_003,488.86,0.611,0,33.82,224.83,31.66
231,CELL_004,612.77,0.766,0,23.4,433.67,87.99
231,CELL_005,391.77,0.49,0,35.57,439.1,48.13
231,CELL_006,297.58,0.372,0,7.94,264.42,23.99
232,CELL_000,653.11,0.816,0,27.47,261.59,90.75
232,CELL_001,50.0,0.146,1,35.6,254.7,12.58
232,CELL_002,403.99,0.505,0,10.43,389.62,62.49
232,CELL_003,567.14,0.709,0,11.5,491.02,125.13
232,CELL_004,704.02,0.88,0,36.62,376.06,94.47
232,CELL_005,674.56,0.843,0,23.5,477.7,165.32
232,CELL_006,704.51,0.881,0,16.93,390.52,162.62
233,CELL_000,385.31,0.482,0,34.79,397.28,27.93
233,CELL_001,151.02,0.189,0,33.88,480.72,22.97
233,CELL_002,612.81,0.766,0,22.15,392.81,62.19
233,CELL_003,611.0,0.764,0,23.55,419.76,98.4
233,CELL_004,651.86,0.815,0,31.82,366.53,157.42
233,CELL_005,540.6,0.676,0,35.04,311.97,127.47
233,CELL_006,740.63,0.926,0,27.15,333.88,185.07
234,CELL_000,516.54,0.646,0,10.57,365.52,78.53
234,CELL_001,236.55,0.296,0,6.14,296.46,23.81
234,CELL_002,633.07,0.791,0,34.73,341.01,91.11
234,CELL_003,627.6,0.785,0,22.87,425.74,146.87
234,CELL_004,287.11,0.359,0,6.52,347.25,39.63
234,CELL_005,203.91,0.255,0,28.19,324.66,13.61
234,CELL_006,499.2,0.624,0,22.39,239.15,102.28
235,CELL_000,382.22,0.478,0,31.48,454.19,86.5
235,CELL_001,339.1,0.424,0,3.6,233.88,81.89
235,CELL_002,585.44,0.732,0,39.11,355.28,120.12
235,CELL_003,160.21,0.2,0,2.25,365.66,39.05
235,CELL_004,741.27,0.927,0,12.9,366.06,85.45
235,CELL_005,128.39,0.16,0,12.4,216.03,21.48
235,CELL_006,516.52,0.646,0,11.37,287.63,121.61
236,CELL_000,207.08,0.259,0,24.82,251.73,46.78
236,CELL_001,639.05,0.799,0,20.76,431.62,142.16
236,CELL_002,264.74,0.331,0,16.57,493.84,55.07
236,CELL_003,670.94,0.839,0,29.84,410.7,57.21
236,CELL_004,254.16,0.318,0,33.97,321.32,55.18
236,CELL_005,366.5,0.458,0,6.86,208.07,27.71
236,CELL_006,486.99,0.609,0,21.32,420.28,57.81
237,CELL_000,387.97,0.485,0,36.79,356.36,48.16
237,CELL_001,166.46,0.208,0,11.4,392.99,13.21
237,CELL_002,548.98,0.686,0,33.28,281.22,111.25
237,CELL_003,124.84,0.156,0,38.53,338.29,21.71
237,CELL_004,237.14,0.296,0,3.87,346.85,54.46
237,CELL_005,127.98,0.16,0,9.44,350.81,11.85
237,CELL_006,495.66,0.62,0,7.37,274.8,56.76
238,CELL_000,235.61,0.295,0,2.57,222.61,25.93
238,CELL_001,753.42,0.942,0,33.46,313.57,119.66
238,CELL_002,241.21,0.302,0,21.84,253.41,23.71
238,CELL_003,230.19,0.288,0,9.39,249.98,35.41
238,CELL_004,512.73,0.641,0,0.17,405.91,64.96
238,CELL_005,121.95,0.152,0,25.12,287.23,10.06
238,CELL_006,592.83,0.741,0,38.2,249.46,94.55
239,CELL_000,599.06,0.749,0,13.93,239.1,60.69
239,CELL_001,160.31,0.2,0,13.54,249.6,36.28
239,CELL_002,364.81,0.456,0,38.32,249.64,66.93
239,CELL_003,201.37,0.252,0,39.98,371.47,28.83
239,CELL_004,203.75,0.255,0,11.76,417.06,28.31
239,CELL_005,160.64,0.201,0,22.33,382.21,25.67
239,CELL_006,98.5,0.123,0,27.82,475.44,10.25
240,CELL_000,530.83,0.664,0,7.29,390.21,88.51
240,CELL_001,665.81,0.832,0,11.89,211.56,155.91
240,CELL_002,683.24,0.854,0,39.31,476.76,43.52
240,CELL_003,580.95,0.726,0,34.5,357.77,61.03
240,CELL_004,379.37,0.474,0,7.03,235.52,60.67
240,CELL_005,349.3,0.437,0,26.48,468.49,57.54
240,CELL_006,301.42,0.377,0,38.99,212.59,37.85
241,CELL_000,371.25,0.464,0,8.97,407.44,54.69
241,CELL_001,477.51,0.597,0,24.68,416.39,92.67
241,CELL_002,696.64,0.871,0,13.44,258.95,136.25
241,CELL_003,494.3,0.618,0,22.05,411.31,43.28
241,CELL_004,646.99,0.809,0,29.19,477.25,131.98
241,CELL_005,427.27,0.534,0,7.6,306.26,40.76
241,CELL_006,596.13,0.745,0,15.13,349.82,143.9
242,CELL_000,488.19,0.61,0,11.45,252.15,82.56
242,CELL_001,592.13,0.74,0,2.75,488.94,139.3
242,CELL_002,261.11,0.326,0,16.45,284.72,20.33
242,CELL_003,701.85,0.877,0,0.48,238.63,141.9
242,CELL_004,562.48,0.703,0,5.66,375.21,83.79
242,CELL_005,634.58,0.793,0,18.22,236.72,120.15
242,CELL_006,514.29,0.643,0,24.14,464.66,128.34
243,CELL_000,158.88,0.199,0,20.71,382.98,28.22
243,CELL_001,115.07,0.144,0,25.41,330.07,14.02
243,CELL_002,183.13,0.229,0,8.3,366.29,43.31
243,CELL_003,108.68,0.136,0,19.73,283.71,13.87
243,CELL_004,146.69,0.183,0,15.35,416.11,9.81
243,CELL_005,688.2,0.86,0,21.33,428.59,65.04
243,CELL_006,602.49,0.753,0,19.06,497.91,46.63
244,CELL_000,198.89,0.249,0,5.57,336.74,46.46
244,CELL_001,337.52,0.422,0,28.56,249.47,22.25
244,CELL_002,281.91,0.352,0,1.85,270.22,40.7
244,CELL_003,611.89,0.765,0,16.66,382.11,85.82
244,CELL_004,293.76,0.367,0,24.35,486.68,69.08
244,CELL_005,363.03,0.454,0,39.22,296.42,78.05
244,CELL_006,366.05,0.458,0,17.3,468.1,65.83
245,CELL_000,622.34,0.778,0,9.32,407.84,52.44
245,CELL_001,221.98,0.277,0,33.32,414.38,23.01
245,CELL_002,533.61,0.667,0,33.09,423.84,106.78
245,CELL_003,412.79,0.516,0,28.78,400.0,93.28
245,CELL_004,667.83,0.835,0,2.82,332.95,98.46
245,CELL_005,363.87,0.455,0,10.51,288.01,81.19
245,CELL_006,279.68,0.35,0,39.24,245.85,34.4
246,CELL_000,410.19,0.513,0,19.79,498.1,70.89
246,CELL_001,484.78,0.606,0,6.39,204.98,100.08
246,CELL_002,312.17,0.39,0,8.05,226.75,20.22
246,CELL_003,239.28,0.299,0,5.58,208.51,21.83
246,CELL_004,439.15,0.549,0,37.08,264.77,89.92
246,CELL_005,677.46,0.847,0,0.67,202.87,147.58
246,CELL_006,169.81,0.212,0,31.88,417.15,32.86
247,CELL_000,329.12,0.411,0,19.44,315.66,42.23
247,CELL_001,238.04,0.298,0,34.7,365.78,31.48
247,CELL_002,154.43,0.193,0,34.56,359.86,9.78
247,CELL_003,410.64,0.513,0,24.64,468.58,66.08
247,CELL_004,255.58,0.319,0,9.49,423.94,50.52
247,CELL_005,648.91,0.811,0,24.46,357.76,157.48
247,CELL_006,670.91,0.839,0,34.11,205.57,111.31
248,CELL_000,122.89,0.154,0,14.69,314.53,13.12
248,CELL_001,641.92,0.802,0,16.57,398.42,57.35
248,CELL_002,698.34,0.873,0,31.0,226.23,65.26
248,CELL_003,591.47,0.739,0,37.58,245.07,143.73
248,CELL_004,291.86,0.365,0,35.17,487.24,67.19
248,CELL_005,598.89,0.749,0,10.35,494.07,65.66
248,CELL_006,479.74,0.6,0,2.29,231.3,65.98
249,CELL_000,272.96,0.341,0,28.52,272.51,24.49
249,CELL_001,245.5,0.307,0,12.88,225.81,22.33
249,CELL_002,526.58,0.658,0,32.91,426.11,106.19
249,CELL_003,609.1,0.761,0,32.31,433.0,137.1
249,CELL_004,111.83,0.14,0,12.75,341.39,16.31
249,CELL_005,348.73,0.436,0,11.19,430.24,64.93
249,CELL_006,136.17,0.17,0,26.42,463.31,28.6
250,CELL_000,279.47,0.349,0,17.64,354.44,42.35
250,CELL_001,624.13,0.78,0,30.36,493.56,79.58
250,CELL_002,575.35,0.719,0,4.88,242.8,104.59
250,CELL_003,307.76,0.385,0,25.1,283.29,63.86
250,CELL_004,192.6,0.241,0,15.66,494.39,27.81
250,CELL_005,456.06,0.57,0,10.82,290.6,65.78
250,CELL_006,491.3,0.614,0,6.42,406.88,71.38
251,CELL_000,654.93,0.819,0,29.77,493.52,125.45
251,CELL_001,422.76,0.528,0,22.54,425.01,50.71
251,CELL_002,50.0,0.119,1,15.58,298.6,8.12
251,CELL_003,679.98,0.85,0,12.47,480.71,118.34
251,CELL_004,713.68,0.892,0,25.54,352.17,50.47
251,CELL_005,331.55,0.414,0,8.94,275.25,80.16
251,CELL_006,248.93,0.311,0,12.5,271.68,17.68
252,CELL_000,479.11,0.599,0,37.61,280.05,112.19
252,CELL_001,538.49,0.673,0,26.27,318.34,106.11
252,CELL_002,434.56,0.543,0,2.24,280.39,55.63
252,CELL_003,441.19,0.551,0,13.64,223.78,52.59
252,CELL_004,703.88,0.88,0,29.29,381.18,153.25
252,CELL_005,392.49,0.491,0,11.6,406.04,30.54
252,CELL_006,547.6,0.685,0,21.6,291.66,92.39
253,CELL_000,716.84,0.896,0,34.33,337.48,136.3
253,CELL_001,656.53,0.821,0,24.95,224.34,160.12
253,CELL_002,244.97,0.306,0,28.99,237.36,37.89
253,CELL_003,685.92,0.857,0,39.95,248.49,46.82
253,CELL_004,288.73,0.361,0,32.65,299.96,31.27
253,CELL_005,609.32,0.762,0,26.31,479.87,120.6
253,CELL_006,219.22,0.274,0,23.46,450.32,48.46
254,CELL_000,643.37,0.804,0,26.01,231.5,99.67
254,CELL_001,459.43,0.574,0,17.32,419.6,108.97
254,CELL_002,472.94,0.591,0,1.34,441.39,38.47
254,CELL_003,379.05,0.474,0,14.57,341.08,30.97
254,CELL_004,754.88,0.944,0,3.49,313.08,61.92
254,CELL_005,184.55,0.231,0,25.07,292.73,11.86
254,CELL_006,479.63,0.6,0,38.34,337.35,35.69
255,CELL_000,295.72,0.37,0,26.48,424.52,23.26
255,CELL_001,756.95,0.946,0,24.1,346.69,159.22
255,CELL_002,224.42,0.281,0,6.78,324.5,18.25
255,CELL_003,625.46,0.782,0,37.87,443.22,152.26
255,CELL_004,505.84,0.632,0,3.69,221.86,38.94
255,CELL_005,650.97,0.814,0,35.81,370.41,157.79
255,CELL_006,611.11,0.764,0,25.2,481.38,150.43
256,CELL_000,339.79,0.425,0,8.88,488.06,25.7
256,CELL_001,654.43,0.818,0,32.35,365.6,82.06
256,CELL_002,722.5,0.903,0,26.76,386.19,154.59
256,CELL_003,565.71,0.707,0,0.87,459.24,88.9
256,CELL_004,99.75,0.125,0,16.14,264.79,22.04
256,CELL_005,50.0,0.117,1,15.81,345.17,6.38
256,CELL_006,50.0,0.122,1,19.08,372.42,19.22
257,CELL_000,592.88,0.741,0,28.72,482.73,92.97
257,CELL_001,280.08,0.35,0,14.94,261.87,23.06
257,CELL_002,747.97,0.935,0,33.13,427.67,121.86
257,CELL_003,366.63,0.458,0,36.58,383.69,90.73
257,CELL_004,648.77,0.811,0,16.89,286.46,92.55
257,CELL_005,565.05,0.706,0,34.2,448.12,64.57
257,CELL_006,503.74,0.63,0,3.32,278.45,85.51
258,CELL_000,686.22,0.858,0,28.12,284.97,69.56
258,CELL_001,355.2,0.444,0,26.79,335.88,85.16
258,CELL_002,274.3,0.343,0,36.46,351.05,34.4
258,CELL_003,618.11,0.773,0,29.62,404.75,111.46
258,CELL_004,473.01,0.591,0,24.18,414.3,44.58
258,CELL_005,309.27,0.387,0,6.82,372.14,52.37
258,CELL_006,50.0,0.137,1,39.07,403.89,22.11
259,CELL_000,464.43,0.581,0,18.41,413.76,55.98
259,CELL_001,206.68,0.258,0,5.44,466.3,19.13
259,CELL_002,670.31,0.838,0,2.32,329.88,66.98
259,CELL_003,98.78,0.123,0,12.02,388.73,12.15
259,CELL_004,176.12,0.22,0,29.28,276.8,14.88
259,CELL_005,522.78,0.653,0,19.29,290.28,100.17
259,CELL_006,101.47,0.127,0,4.33,240.87,14.43
260,CELL_000,301.82,0.377,0,33.4,283.34,19.01
260,CELL_001,496.31,0.62,0,18.81,480.97,70.67
260,CELL_002,737.37,0.922,0,1.56,274.38,111.45
260,CELL_003,254.94,0.319,0,36.83,325.75,46.18
260,CELL_004,576.44,0.721,0,6.14,263.22,125.22
260,CELL_005,354.49,0.443,0,10.89,385.38,39.4
260,CELL_006,750.16,0.938,0,30.69,259.98,129.35
261,CELL_000,591.99,0.74,0,38.58,214.11,141.11
261,CELL_001,672.8,0.841,0,22.47,284.06,108.77
261,CELL_002,541.24,0.677,0,34.1,420.42,68.48
261,CELL_003,673.23,0.842,0,7.76,305.17,62.29
261,CELL_004,476.05,0.595,0,1.75,228.97,30.97
261,CELL_005,243.04,0.304,0,5.58,230.6,56.19
261,CELL_006,507.32,0.634,0,34.17,366.03,86.22
262,CELL_000,413.7,0.517,0,38.28,331.84,94.32
262,CELL_001,143.81,0.18,0,36.54,214.49,19.43
262,CELL_002,684.09,0.855,0,18.22,459.46,59.77
262,CELL_003,138.57,0.173,0,37.86,499.8,20.95
262,CELL_004,213.28,0.267,0,27.24,366.96,19.67
262,CELL_005,435.42,0.544,0,38.97,277.62,76.4
262,CELL_006,228.7,0.286,0,23.61,264.15,56.99
263,CELL_000,50.0,0.129,1,27.2,275.22,16.07
263,CELL_001,437.19,0.546,0,23.7,462.68,102.71
263,CELL_002,249.11,0.311,0,29.48,207.52,39.25
263,CELL_003,173.12,0.216,0,22.25,390.8,15.57
263,CELL_004,136.29,0.17,0,24.28,228.28,20.13
263,CELL_005,683.81,0.855,0,34.35,415.99,85.06
263,CELL_006,691.63,0.865,0,27.13,358.25,135.35
264,CELL_000,244.74,0.306,0,35.14,220.87,47.0
264,CELL_001,566.66,0.708,0,39.29,476.42,54.51
264,CELL_002,477.7,0.597,0,9.29,468.1,75.33
264,CELL_003,160.18,0.2,0,37.78,277.74,26.63
264,CELL_004,384.09,0.48,0,37.79,307.38,38.08
264,CELL_005,145.17,0.181,0,29.04,426.36,34.66
264,CELL_006,685.15,0.856,0,17.84,302.58,49.57
265,CELL_000,183.21,0.229,0,24.27,347.01,44.14
265,CELL_001,233.1,0.291,0,15.11,385.62,52.65
265,CELL_002,563.35,0.704,0,20.81,421.24,123.84
265,CELL_003,630.66,0.788,0,36.26,396.56,73.11
265,CELL_004,486.33,0.608,0,1.92,237.8,118.97
265,CELL_005,349.01,0.436,0,6.15,383.53,80.03
265,CELL_006,515.1,0.644,0,39.42,479.81,47.99
266,CELL_000,320.49,0.401,0,31.66,224.19,72.92
266,CELL_001,626.57,0.783,0,9.31,430.77,47.4
266,CELL_002,171.94,0.215,0,24.48,417.64,33.72
266,CELL_003,211.12,0.264,0,15.61,245.14,36.23
266,CELL_004,128.98,0.161,0,24.3,352.02,11.07
266,CELL_005,120.41,0.151,0,27.77,383.61,26.44
266,CELL_006,752.78,0.941,0,23.0,296.95,180.85
267,CELL_000,730.2,0.913,0,36.43,416.71,83.22
267,CELL_001,667.14,0.834,0,25.24,215.47,48.61
267,CELL_002,728.91,0.911,0,5.18,220.09,136.78
267,CELL_003,573.76,0.717,0,3.56,475.63,135.06
267,CELL_004,122.57,0.153,0,37.69,326.84,23.72
267,CELL_005,582.59,0.728,0,37.06,448.93,85.33
267,CELL_006,758.67,0.948,0,30.42,316.99,102.55
268,CELL_000,742.59,0.928,0,6.27,442.14,71.92
268,CELL_001,599.91,0.75,0,14.54,298.28,110.9
268,CELL_002,504.48,0.631,0,30.66,262.57,61.26
268,CELL_003,345.85,0.432,0,15.55,307.9,84.39
268,CELL_004,249.33,0.312,0,5.34,452.26,16.7
268,CELL_005,607.01,0.759,0,23.09,470.74,69.9
268,CELL_006,545.5,0.682,0,34.5,240.8,120.95
269,CELL_000,358.89,0.449,0,2.78,220.1,27.98
269,CELL_001,241.12,0.301,0,19.59,437.29,33.88
269,CELL_002,676.63,0.846,0,17.44,298.81,66.46
269,CELL_003,443.15,0.554,0,24.69,216.57,53.24
269,CELL_004,706.78,0.883,0,36.35,329.83,112.39
269,CELL_005,314.69,0.393,0,18.69,217.19,70.95
269,CELL_006,608.84,0.761,0,4.78,200.68,95.2
270,CELL_000,706.02,0.883,0,27.56,240.63,145.41
270,CELL_001,491.35,0.614,0,6.01,254.93,85.81
270,CELL_002,627.39,0.784,0,3.74,451.26,134.9
270,CELL_003,742.82,0.929,0,10.28,392.72,173.09
270,CELL_004,543.0,0.679,0,9.01,282.33,132.47
270,CELL_005,123.89,0.155,0,22.98,392.79,18.27
270,CELL_006,472.58,0.591,0,20.96,325.9,87.4
271,CELL_000,618.9,0.774,0,1.53,450.48,143.58
271,CELL_001,474.63,0.593,0,30.1,345.37,62.09
271,CELL_002,690.68,0.863,0,16.88,356.41,92.09
271,CELL_003,595.63,0.745,0,17.31,400.51,43.33
271,CELL_004,129.72,0.162,0,27.46,420.21,25.56
271,CELL_005,711.47,0.889,0,39.9,201.15,104.53
271,CELL_006,311.59,0.389,0,13.26,422.85,70.6
272,CELL_000,698.12,0.873,0,23.09,285.9,174.31
272,CELL_001,689.53,0.862,0,38.71,375.44,84.06
272,CELL_002,401.25,0.502,0,17.41,331.01,67.93
272,CELL_003,451.42,0.564,0,35.12,304.83,55.41
272,CELL_004,533.85,0.667,0,31.35,425.13,64.27
272,CELL_005,605.49,0.757,0,23.06,428.89,107.72
272,CELL_006,642.91,0.804,0,39.23,278.89,157.62
273,CELL_000,219.15,0.274,0,10.19,266.01,35.86
273,CELL_001,583.04,0.729,0,26.07,271.56,78.72
273,CELL_002,589.15,0.736,0,36.54,427.15,100.76
273,CELL_003,645.36,0.807,0,26.01,250.45,143.1
273,CELL_004,289.57,0.362,0,15.73,455.84,59.15
273,CELL_005,255.74,0.32,0,23.01,428.54,47.97
273,CELL_006,577.01,0.721,0,10.46,271.16,141.47
274,CELL_000,370.2,0.463,0,5.39,372.03,69.91
274,CELL_001,622.24,0.778,0,18.18,246.57,127.92
274,CELL_002,156.35,0.195,0,3.83,423.54,33.66
274,CELL_003,492.45,0.616,0,31.71,323.06,120.26
274,CELL_004,736.61,0.921,0,38.84,471.81,60.6
274,CELL_005,608.85,0.761,0,21.85,352.19,88.04
274,CELL_006,100.41,0.126,0,20.83,322.81,8.54
275,CELL_000,335.47,0.419,0,36.6,304.28,33.08
275,CELL_001,272.48,0.341,0,32.75,427.67,52.91
275,CELL_002,300.91,0.376,0,29.65,431.21,26.12
275,CELL_003,246.46,0.308,0,20.24,209.5,58.82
275,CELL_004,570.28,0.713,0,11.58,262.6,61.02
275,CELL_005,596.88,0.746,0,5.22,365.55,91.56
275,CELL_006,614.32,0.768,0,36.23,497.08,133.7
276,CELL_000,133.49,0.167,0,8.74,446.69,13.77
276,CELL_001,741.5,0.927,0,9.87,252.7,145.47
276,CELL_002,517.43,0.647,0,15.85,228.75,109.84
276,CELL_003,259.09,0.324,0,6.42,316.58,31.45
276,CELL_004,753.07,0.941,0,33.42,462.71,47.4
276,CELL_005,554.72,0.693,0,29.15,353.19,52.0
276,CELL_006,347.28,0.434,0,12.85,362.41,73.06
277,CELL_000,656.88,0.821,0,29.37,245.15,95.04
277,CELL_001,252.76,0.316,0,12.88,424.48,16.92
277,CELL_002,433.12,0.541,0,27.08,244.7,65.49
277,CELL_003,418.92,0.524,0,32.62,477.74,93.08
277,CELL_004,465.62,0.582,0,11.09,247.3,36.62
277,CELL_005,376.22,0.47,0,1.43,204.06,45.71
277,CELL_006,394.95,0.494,0,25.55,487.21,34.59
278,CELL_000,138.73,0.173,0,14.12,290.66,23.16
278,CELL_001,578.06,0.723,0,12.72,447.98,129.42
278,CELL_002,179.45,0.224,0,1.62,489.71,33.18
278,CELL_003,736.22,0.92,0,14.27,307.5,74.67
278,CELL_004,550.12,0.688,0,2.3,289.49,38.34
278,CELL_005,351.34,0.439,0,38.12,393.75,63.6
278,CELL_006,500.26,0.625,0,30.55,407.45,77.0
279,CELL_000,677.53,0.847,0,33.59,392.67,152.66
279,CELL_001,184.05,0.23,0,14.08,460.61,14.08
279,CELL_002,168.46,0.211,0,11.38,395.43,11.9
279,CELL_003,689.35,0.862,0,21.33,292.83,127.62
279,CELL_004,108.2,0.135,0,35.88,347.58,25.61
279,CELL_005,531.84,0.665,0,26.04,224.7,61.86
279,CELL_006,721.52,0.902,0,33.49,369.43,100.1
280,CELL_000,446.87,0.559,0,34.16,315.53,107.65
280,CELL_001,521.02,0.651,0,26.54,310.03,115.3
280,CELL_002,301.47,0.377,0,5.95,446.45,71.7
280,CELL_003,522.17,0.653,0,30.56,357.79,71.45
280,CELL_004,686.68,0.858,0,5.23,258.34,88.52
280,CELL_005,623.24,0.779,0,3.12,337.24,114.07
280,CELL_006,427.09,0.534,0,1.92,333.52,41.88
281,CELL_000,50.0,0.132,1,18.23,409.17,13.57
281,CELL_001,50.0,0.129,1,38.61,316.65,6.76
281,CELL_002,648.43,0.811,0,32.01,456.15,54.29
281,CELL_003,393.47,0.492,0,8.8,453.68,74.84
281,CELL_004,420.25,0.525,0,23.17,402.46,64.72
281,CELL_005,50.0,0.112,1,21.16,253.44,6.07
281,CELL_006,493.25,0.617,0,39.21,248.34,35.18
282,CELL_000,689.78,0.862,0,25.93,236.66,87.25
282,CELL_001,288.94,0.361,0,14.03,373.84,59.2
282,CELL_002,99.81,0.125,0,19.8,374.77,17.82
282,CELL_003,622.0,0.777,0,0.84,410.66,60.73
282,CELL_004,440.85,0.551,0,35.97,268.33,35.69
282,CELL_005,165.12,0.206,0,27.99,435.69,38.26
282,CELL_006,604.24,0.755,0,28.46,428.22,103.47
283,CELL_000,520.2,0.65,0,11.89,270.39,114.3
283,CELL_001,622.25,0.778,0,5.62,314.7,96.27
283,CELL_002,176.76,0.221,0,34.3,200.53,21.32
283,CELL_003,729.18,0.911,0,34.71,317.63,173.38
283,CELL_004,633.71,0.792,0,33.46,356.85,149.57
283,CELL_005,210.58,0.263,0,13.44,493.04,35.71
283,CELL_006,729.61,0.912,0,15.72,496.86,97.11
284,CELL_000,137.47,0.172,0,10.11,331.44,13.54
284,CELL_001,167.39,0.209,0,24.78,457.19,16.38
284,CELL_002,50.0,0.116,1,29.9,205.47,19.61
284,CELL_003,734.2,0.918,0,19.78,340.14,78.26
284,CELL_004,411.12,0.514,0,4.47,236.98,42.37
284,CELL_005,470.64,0.588,0,5.9,269.97,74.22
284,CELL_006,729.39,0.912,0,10.06,474.19,129.73
285,CELL_000,50.0,0.111,1,38.21,446.33,19.5
285,CELL_001,50.0,0.109,1,13.84,433.2,8.86
285,CELL_002,129.87,0.162,0,38.19,299.12,29.07
285,CELL_003,253.16,0.316,0,4.92,326.59,54.75
285,CELL_004,254.61,0.318,0,11.53,347.18,28.49
285,CELL_005,686.66,0.858,0,26.01,395.05,170.79
285,CELL_006,203.6,0.254,0,21.73,451.16,34.13
286,CELL_000,606.4,0.758,0,37.71,400.23,76.62
286,CELL_001,653.09,0.816,0,34.13,281.05,145.3
286,CELL_002,663.8,0.83,0,22.34,485.34,55.68
286,CELL_003,422.35,0.528,0,22.66,274.95,42.98
286,CELL_004,297.2,0.371,0,13.55,263.74,61.34
286,CELL_005,701.36,0.877,0,10.02,360.92,64.92
286,CELL_006,286.14,0.358,0,17.1,296.97,38.34
287,CELL_000,257.95,0.322,0,35.43,434.0,24.65
287,CELL_001,618.06,0.773,0,22.92,275.83,119.48
287,CELL_002,389.18,0.486,0,32.0,468.45,65.47
287,CELL_003,421.18,0.526,0,13.3,440.92,54.5
287,CELL_004,136.31,0.17,0,30.55,367.47,30.17
287,CELL_005,644.02,0.805,0,32.35,252.1,97.51
287,CELL_006,438.8,0.549,0,27.67,309.42,97.6
288,CELL_000,189.88,0.237,0,1.86,316.05,23.97
288,CELL_001,604.78,0.756,0,3.47,250.45,135.5
288,CELL_002,209.71,0.262,0,38.44,255.34,50.82
288,CELL_003,356.71,0.446,0,8.61,400.81,62.04
288,CELL_004,370.04,0.463,0,37.77,298.56,28.64
288,CELL_005,471.0,0.589,0,29.7,261.33,81.25
288,CELL_006,715.49,0.894,0,13.46,380.3,89.16
289,CELL_000,302.47,0.378,0,28.43,343.89,36.82
289,CELL_001,182.47,0.228,0,13.77,285.48,27.81
289,CELL_002,232.93,0.291,0,5.93,485.03,25.4
289,CELL_003,407.17,0.509,0,2.14,303.95,29.56
289,CELL_004,330.03,0.413,0,15.62,444.39,50.98
289,CELL_005,492.09,0.615,0,4.91,341.79,61.64
289,CELL_006,638.65,0.798,0,4.38,324.49,71.91
290,CELL_000,271.94,0.34,0,32.01,409.86,26.36
290,CELL_001,731.52,0.914,0,27.23,331.39,109.46
290,CELL_002,411.51,0.514,0,37.29,351.91,100.31
290,CELL_003,314.12,0.393,0,30.93,304.96,43.32
290,CELL_004,217.21,0.272,0,38.97,225.62,47.7
290,CELL_005,471.98,0.59,0,16.7,218.84,44.57
290,CELL_006,351.23,0.439,0,23.96,216.65,62.75
291,CELL_000,504.7,0.631,0,34.13,452.93,94.27
291,CELL_001,245.08,0.306,0,39.62,235.75,22.78
291,CELL_002,50.0,0.103,1,34.13,476.69,5.43
291,CELL_003,626.48,0.783,0,15.87,419.54,110.97
291,CELL_004,378.38,0.473,0,28.31,241.54,73.94
291,CELL_005,241.15,0.301,0,30.21,279.0,37.1
291,CELL_006,575.36,0.719,0,12.17,265.32,55.88
292,CELL_000,345.98,0.432,0,0.36,313.82,29.8
292,CELL_001,644.17,0.805,0,26.04,201.91,42.87
292,CELL_002,605.95,0.757,0,13.63,315.53,123.99
292,CELL_003,360.94,0.451,0,22.79,268.78,34.77
292,CELL_004,681.61,0.852,0,22.54,440.03,55.36
292,CELL_005,634.09,0.793,0,26.08,333.56,152.69
292,CELL_006,651.23,0.814,0,24.07,385.73,146.8
293,CELL_000,657.66,0.822,0,28.44,370.1,129.15
293,CELL_001,312.66,0.391,0,23.07,356.9,37.28
293,CELL_002,701.44,0.877,0,22.77,406.73,134.32
293,CELL_003,274.05,0.343,0,10.09,426.65,32.42
293,CELL_004,417.07,0.521,0,8.46,308.69,46.95
293,CELL_005,504.87,0.631,0,32.06,487.84,117.31
293,CELL_006,743.59,0.929,0,16.47,345.5,75.09
294,CELL_000,734.88,0.919,0,24.19,460.87,51.9
294,CELL_001,587.07,0.734,0,4.21,424.77,139.77
294,CELL_002,461.1,0.576,0,19.74,399.56,43.83
294,CELL_003,655.17,0.819,0,3.88,218.34,63.73
294,CELL_004,584.78,0.731,0,33.34,251.55,94.25
294,CELL_005,372.43,0.466,0,36.52,261.33,36.53
294,CELL_006,132.55,0.166,0,2.85,290.56,20.9
295,CELL_000,81.04,0.101,0,24.22,393.57,20.15
295,CELL_001,309.91,0.387,0,30.27,387.78,23.15
295,CELL_002,719.04,0.899,0,35.26,426.09,50.39
295,CELL_003,646.77,0.808,0,15.13,209.47,135.88
295,CELL_004,722.24,0.903,0,22.19,296.98,75.95
295,CELL_005,148.28,0.185,0,0.2,281.45,24.52
295,CELL_006,403.0,0.504,0,12.88,293.9,93.01
296,CELL_000,473.04,0.591,0,35.07,251.5,65.09
296,CELL_001,739.44,0.924,0,39.49,406.19,66.88
296,CELL_002,655.51,0.819,0,39.38,328.8,106.75
296,CELL_003,227.66,0.285,0,17.56,478.64,50.46
296,CELL_004,164.9,0.206,0,33.05,357.4,29.76
296,CELL_005,687.25,0.859,0,16.4,337.15,114.5
296,CELL_006,492.15,0.615,0,32.07,219.66,95.49
297,CELL_000,731.79,0.915,0,25.71,400.98,181.07
297,CELL_001,451.9,0.565,0,25.85,424.54,108.04
297,CELL_002,438.32,0.548,0,25.13,224.65,105.18
297,CELL_003,181.73,0.227,0,2.19,456.43,28.8
297,CELL_004,635.27,0.794,0,21.55,224.29,150.32
297,CELL_005,513.04,0.641,0,25.6,219.98,93.59
297,CELL_006,214.24,0.268,0,10.05,204.68,15.93
298,CELL_000,274.15,0.343,0,7.17,265.49,33.1
298,CELL_001,147.63,0.185,0,20.64,434.38,12.28
298,CELL_002,679.71,0.85,0,31.91,371.44,78.5
298,CELL_003,175.15,0.219,0,21.35,328.63,31.0
298,CELL_004,370.35,0.463,0,20.24,337.15,25.04
298,CELL_005,618.42,0.773,0,5.92,393.28,103.48
298,CELL_006,163.46,0.204,0,17.8,471.35,13.89
299,CELL_000,501.81,0.627,0,3.34,303.42,121.71
299,CELL_001,212.43,0.266,0,14.72,471.86,18.2
299,CELL_002,82.49,0.103,0,28.81,248.56,17.84
299,CELL_003,276.39,0.345,0,24.09,350.55,17.96
299,CELL_004,343.75,0.43,0,4.75,236.64,60.99
299,CELL_005,359.23,0.449,0,28.3,483.64,22.79
299,CELL_006,383.32,0.479,0,30.19,383.46,82.05
300,CELL_000,166.09,0.208,0,20.72,349.69,38.52
300,CELL_001,245.02,0.306,0,5.96,340.62,36.79
300,CELL_002,223.5,0.279,0,14.82,488.42,47.37
300,CELL_003,633.05,0.791,0,3.68,428.51,91.04
300,CELL_004,553.36,0.692,0,3.06,472.77,38.56
300,CELL_005,203.1,0.254,0,1.23,288.13,29.94
300,CELL_006,135.72,0.17,0,21.58,455.3,21.52
301,CELL_000,421.34,0.527,0,34.39,328.9,66.88
301,CELL_001,355.1,0.444,0,17.68,267.52,66.96
301,CELL_002,592.57,0.741,0,35.94,392.05,90.28
301,CELL_003,262.57,0.328,0,3.33,331.0,30.91
301,CELL_004,459.97,0.575,0,28.4,344.25,69.18
301,CELL_005,466.52,0.583,0,29.02,430.41,53.32
301,CELL_006,202.84,0.254,0,26.13,292.3,31.92
302,CELL_000,98.77,0.123,0,2.89,462.16,23.23
302,CELL_001,372.5,0.466,0,27.41,251.21,27.61
302,CELL_002,570.66,0.713,0,23.75,373.01,83.39
302,CELL_003,472.63,0.591,0,15.68,323.53,89.51
302,CELL_004,736.07,0.92,0,25.13,361.01,175.01
302,CELL_005,745.86,0.932,0,7.46,224.79,81.83
302,CELL_006,377.82,0.472,0,14.67,378.57,32.09
303,CELL_000,447.22,0.559,0,24.4,241.81,54.68
303,CELL_001,447.3,0.559,0,12.28,347.96,108.96
303,CELL_002,428.52,0.536,0,7.77,404.35,42.57
303,CELL_003,656.25,0.82,0,8.57,406.46,148.31
303,CELL_004,718.29,0.898,0,18.83,436.15,135.97
303,CELL_005,704.64,0.881,0,7.08,341.22,169.36
303,CELL_006,85.73,0.107,0,12.07,488.94,10.41
304,CELL_000,581.97,0.727,0,34.2,309.48,56.52
304,CELL_001,568.24,0.71,0,38.66,457.44,63.03
304,CELL_002,241.56,0.302,0,36.2,414.92,33.48
304,CELL_003,600.07,0.75,0,30.28,388.48,60.9
304,CELL_004,713.38,0.892,0,39.69,456.51,177.35
304,CELL_005,597.85,0.747,0,22.19,245.19,111.84
304,CELL_006,640.07,0.8,0,34.7,495.94,93.94
305,CELL_000,363.26,0.454,0,3.87,315.52,56.57
305,CELL_001,437.8,0.547,0,35.79,435.89,42.67
305,CELL_002,117.79,0.147,0,36.81,211.07,10.08
305,CELL_003,122.0,0.153,0,6.94,491.25,8.7
305,CELL_004,257.45,0.322,0,26.75,346.92,50.04
305,CELL_005,407.51,0.509,0,9.69,242.85,37.04
305,CELL_006,607.88,0.76,0,17.76,238.45,116.95
306,CELL_000,663.84,0.83,0,28.26,298.11,69.43
306,CELL_001,94.16,0.118,0,17.21,352.99,7.76
306,CELL_002,391.82,0.49,0,27.16,251.23,34.54
306,CELL_003,289.85,0.362,0,15.95,435.2,64.84
306,CELL_004,443.03,0.554,0,7.06,385.34,98.14
306,CELL_005,569.82,0.712,0,21.11,266.21,58.64
306,CELL_006,485.9,0.607,0,23.28,292.93,60.14
307,CELL_000,99.36,0.124,0,7.62,403.41,13.85
307,CELL_001,463.78,0.58,0,26.98,258.33,110.76
307,CELL_002,587.2,0.734,0,27.4,486.25,49.34
307,CELL_003,715.01,0.894,0,17.25,288.12,173.36
307,CELL_004,400.49,0.501,0,30.83,352.35,32.55
307,CELL_005,627.32,0.784,0,5.52,245.21,95.87
307,CELL_006,147.71,0.185,0,14.89,446.45,21.27
308,CELL_000,138.69,0.173,0,2.32,441.87,20.88
308,CELL_001,695.35,0.869,0,25.48,275.04,91.82
308,CELL_002,314.7,0.393,0,2.53,455.65,32.77
308,CELL_003,617.23,0.772,0,1.06,453.83,88.12
308,CELL_004,505.54,0.632,0,2.64,343.82,99.68
308,CELL_005,598.68,0.748,0,28.25,479.24,109.37
308,CELL_006,95.0,0.119,0,22.92,304.45,9.36
309,CELL_000,438.46,0.548,0,32.05,349.74,33.65
309,CELL_001,212.88,0.266,0,18.93,290.08,32.41
309,CELL_002,390.18,0.488,0,12.63,381.78,89.6
309,CELL_003,618.14,0.773,0,39.97,260.4,56.7
309,CELL_004,260.24,0.325,0,36.81,340.14,38.27
309,CELL_005,360.21,0.45,0,24.08,263.93,68.04
309,CELL_006,651.05,0.814,0,11.32,263.8,152.39
310,CELL_000,644.73,0.806,0,16.86,389.72,75.69
310,CELL_001,398.55,0.498,0,26.08,216.41,95.44
310,CELL_002,151.6,0.19,0,6.1,415.84,10.16
310,CELL_003,139.3,0.174,0,22.36,439.31,13.54
310,CELL_004,152.6,0.191,0,4.93,425.09,23.66
310,CELL_005,360.1,0.45,0,25.72,316.27,77.46
310,CELL_006,533.78,0.667,0,23.82,436.95,129.28
311,CELL_000,586.74,0.733,0,16.96,303.57,72.51
311,CELL_001,382.72,0.478,0,27.7,227.26,81.89
311,CELL_002,266.25,0.333,0,32.11,346.94,47.76
311,CELL_003,564.61,0.706,0,0.96,318.02,61.61
311,CELL_004,375.59,0.469,0,8.56,406.2,46.8
311,CELL_005,202.84,0.254,0,29.14,364.5,14.05
311,CELL_006,545.02,0.681,0,4.15,395.85,45.51
312,CELL_000,217.0,0.271,0,13.56,213.63,31.87
312,CELL_001,679.82,0.85,0,28.44,386.32,50.27
312,CELL_002,624.55,0.781,0,19.82,327.17,101.61
312,CELL_003,138.57,0.173,0,27.6,253.21,25.62
312,CELL_004,261.65,0.327,0,18.82,408.08,17.43
312,CELL_005,695.6,0.869,0,4.24,206.26,139.82
312,CELL_006,50.0,0.106,1,8.3,352.79,15.61
313,CELL_000,363.47,0.454,0,26.58,285.17,60.17
313,CELL_001,755.81,0.945,0,38.37,328.18,175.97
313,CELL_002,184.15,0.23,0,11.22,425.16,22.83
313,CELL_003,115.86,0.145,0,15.79,420.12,25.88
313,CELL_004,307.91,0.385,0,16.69,467.55,72.78
313,CELL_005,551.72,0.69,0,10.42,220.42,110.94
313,CELL_006,374.65,0.468,0,16.01,466.35,88.4
314,CELL_000,614.51,0.768,0,3.79,493.68,112.18
314,CELL_001,80.64,0.101,0,26.12,425.07,13.59
314,CELL_002,557.86,0.697,0,9.21,423.88,129.97
314,CELL_003,759.81,0.95,0,31.59,421.47,152.98
314,CELL_004,263.81,0.33,0,1.36,262.7,31.87
314,CELL_005,284.54,0.356,0,35.81,309.61,18.62
314,CELL_006,423.81,0.53,0,35.56,274.49,58.6
315,CELL_000,520.72,0.651,0,17.49,420.54,33.4
315,CELL_001,447.86,0.56,0,32.15,260.52,66.32
315,CELL_002,225.58,0.282,0,13.47,462.19,27.16
315,CELL_003,654.04,0.818,0,27.93,381.17,153.26
315,CELL_004,89.34,0.112,0,22.41,482.85,7.05
315,CELL_005,688.36,0.86,0,29.75,223.36,145.4
315,CELL_006,670.85,0.839,0,15.84,294.59,133.61
316,CELL_000,373.89,0.467,0,16.34,348.23,84.24
316,CELL_001,594.26,0.743,0,36.02,364.1,80.34
316,CELL_002,604.52,0.756,0,6.53,215.56,141.14
316,CELL_003,281.34,0.352,0,2.85,381.57,64.92
316,CELL_004,565.92,0.707,0,31.75,363.08,43.94
316,CELL_005,482.04,0.603,0,7.32,327.8,114.46
316,CELL_006,476.41,0.596,0,9.79,242.8,111.72
317,CELL_000,638.48,0.798,0,4.63,464.93,68.18
317,CELL_001,475.06,0.594,0,18.99,310.55,41.96
317,CELL_002,543.53,0.679,0,23.55,342.48,110.65
317,CELL_003,686.96,0.859,0,14.71,449.02,159.55
317,CELL_004,50.0,0.14,1,29.18,353.62,15.36
317,CELL_005,502.41,0.628,0,14.86,252.99,64.1
317,CELL_006,370.36,0.463,0,19.47,404.74,89.13
318,CELL_000,133.89,0.167,0,2.62,325.02,21.05
318,CELL_001,527.08,0.659,0,19.4,274.25,112.3
318,CELL_002,608.34,0.76,0,11.52,287.51,140.36
318,CELL_003,388.41,0.486,0,13.33,347.85,74.77
318,CELL_004,433.36,0.542,0,29.31,449.3,97.77
318,CELL_005,621.2,0.776,0,16.52,484.4,93.71
318,CELL_006,286.13,0.358,0,5.75,431.86,22.38
319,CELL_000,653.39,0.817,0,18.85,415.56,89.16
319,CELL_001,604.92,0.756,0,9.44,482.92,62.25
319,CELL_002,183.27,0.229,0,25.42,464.4,39.81
319,CELL_003,320.6,0.401,0,31.86,262.59,58.83
319,CELL_004,319.26,0.399,0,8.85,495.24,33.02
319,CELL_005,705.21,0.882,0,27.04,477.09,140.32
319,CELL_006,572.15,0.715,0,27.48,244.02,74.41
320,CELL_000,380.71,0.476,0,12.23,406.08,73.84
320,CELL_001,391.71,0.49,0,29.43,348.44,77.02
320,CELL_002,662.99,0.829,0,37.19,264.15,90.29
320,CELL_003,529.75,0.662,0,15.78,374.54,38.06
320,CELL_004,362.59,0.453,0,32.24,232.52,35.03
320,CELL_005,679.8,0.85,0,29.56,311.25,71.73
320,CELL_006,493.33,0.617,0,19.45,405.99,121.12
321,CELL_000,418.27,0.523,0,26.65,309.09,96.21
321,CELL_001,736.33,0.92,0,10.24,309.13,97.35
321,CELL_002,543.32,0.679,0,28.83,301.18,108.15
321,CELL_003,663.45,0.829,0,16.57,497.12,63.0
321,CELL_004,167.53,0.209,0,24.72,351.45,11.63
321,CELL_005,358.0,0.448,0,37.85,476.13,48.19
321,CELL_006,755.12,0.944,0,3.85,391.28,48.17
322,CELL_000,320.4,0.4,0,1.52,291.37,54.17
322,CELL_001,687.19,0.859,0,20.29,209.25,105.52
322,CELL_002,423.72,0.53,0,24.98,454.2,63.42
322,CELL_003,399.18,0.499,0,0.62,473.08,87.87
322,CELL_004,209.22,0.262,0,29.26,454.59,39.42
322,CELL_005,475.36,0.594,0,7.79,214.15,62.34
322,CELL_006,432.6,0.541,0,27.86,241.72,92.8
323,CELL_000,254.53,0.318,0,36.89,450.84,53.1
323,CELL_001,324.02,0.405,0,26.24,396.92,78.29
323,CELL_002,344.19,0.43,0,33.23,233.18,81.61
323,CELL_003,153.33,0.192,0,35.5,211.92,22.83
323,CELL_004,110.56,0.138,0,38.79,412.7,16.89
323,CELL_005,175.28,0.219,0,25.82,391.96,25.82
323,CELL_006,130.2,0.163,0,8.27,424.16,12.06
324,CELL_000,271.46,0.339,0,10.88,400.85,65.82
324,CELL_001,204.44,0.256,0,28.27,377.36,26.34
324,CELL_002,365.54,0.457,0,33.76,259.92,38.84
324,CELL_003,336.36,0.42,0,30.46,439.34,66.76
324,CELL_004,427.58,0.534,0,37.24,269.94,61.72
324,CELL_005,675.35,0.844,0,1.92,220.68,120.87
324,CELL_006,161.07,0.201,0,31.16,311.21,36.02
325,CELL_000,729.93,0.912,0,38.7,463.87,70.79
325,CELL_001,147.29,0.184,0,31.59,407.77,12.23
325,CELL_002,431.12,0.539,0,27.41,232.55,53.52
325,CELL_003,214.35,0.268,0,11.36,395.89,24.25
325,CELL_004,276.81,0.346,0,29.88,316.29,41.92
325,CELL_005,660.1,0.825,0,0.9,328.23,136.44
325,CELL_006,223.04,0.279,0,29.03,212.57,44.1
326,CELL_000,477.15,0.596,0,12.79,289.68,98.4
326,CELL_001,84.22,0.105,0,36.71,394.9,19.93
326,CELL_002,677.41,0.847,0,14.9,386.25,63.06
326,CELL_003,530.69,0.663,0,8.7,462.37,68.01
326,CELL_004,224.21,0.28,0,13.77,401.34,31.48
326,CELL_005,751.21,0.939,0,13.51,376.85,187.72
326,CELL_006,750.51,0.938,0,25.38,271.57,56.5
327,CELL_000,517.42,0.647,0,27.31,319.12,72.39
327,CELL_001,388.6,0.486,0,3.68,297.73,45.97
327,CELL_002,518.36,0.648,0,27.56,361.76,46.36
327,CELL_003,431.31,0.539,0,39.89,446.73,58.04
327,CELL_004,377.93,0.472,0,20.99,335.59,54.86
327,CELL_005,336.96,0.421,0,35.83,428.05,74.65
327,CELL_006,241.55,0.302,0,38.84,293.26,55.81
328,CELL_000,305.07,0.381,0,38.92,429.36,27.88
328,CELL_001,270.52,0.338,0,21.0,370.9,55.81
328,CELL_002,552.87,0.691,0,32.34,297.0,135.58
328,CELL_003,608.12,0.76,0,0.73,444.31,131.34
328,CELL_004,164.72,0.206,0,7.28,249.45,16.48
328,CELL_005,489.53,0.612,0,12.32,434.21,46.67
328,CELL_006,187.71,0.235,0,3.85,419.56,21.4
329,CELL_000,506.15,0.633,0,20.42,244.87,35.25
329,CELL_001,245.73,0.307,0,27.52,347.75,33.14
329,CELL_002,647.3,0.809,0,12.63,205.46,45.06
329,CELL_003,514.71,0.643,0,15.4,389.13,91.56
329,CELL_004,332.61,0.416,0,39.92,355.01,64.0
329,CELL_005,618.17,0.773,0,25.74,441.33,69.19
329,CELL_006,428.22,0.535,0,29.52,284.63,36.56
330,CELL_000,753.53,0.942,0,29.3,441.63,166.11
330,CELL_001,146.25,0.183,0,20.07,321.09,32.18
330,CELL_002,342.19,0.428,0,38.81,305.23,37.97
330,CELL_003,363.91,0.455,0,23.94,358.94,46.67
330,CELL_004,390.08,0.488,0,30.26,262.25,38.33
330,CELL_005,136.25,0.17,0,34.6,297.17,17.09
330,CELL_006,248.63,0.311,0,20.91,232.71,43.93
331,CELL_000,297.69,0.372,0,38.26,346.13,67.92
331,CELL_001,617.02,0.771,0,4.86,405.54,121.83
331,CELL_002,559.81,0.7,0,2.32,397.58,110.76
331,CELL_003,271.64,0.34,0,33.25,371.63,17.56
331,CELL_004,636.05,0.795,0,9.79,371.07,157.7
331,CELL_005,306.34,0.383,0,39.85,342.19,52.43
331,CELL_006,542.94,0.679,0,13.97,415.22,73.43
332,CELL_000,137.1,0.171,0,34.47,482.52,29.42
332,CELL_001,376.73,0.471,0,0.69,207.23,49.76
332,CELL_002,746.07,0.933,0,32.28,412.14,61.42
332,CELL_003,299.37,0.374,0,31.38,272.18,66.64
332,CELL_004,686.59,0.858,0,17.66,237.31,85.36
332,CELL_005,95.22,0.119,0,32.96,230.12,6.36
332,CELL_006,626.06,0.783,0,31.85,474.92,102.3
333,CELL_000,325.64,0.407,0,23.07,357.68,74.46
333,CELL_001,363.25,0.454,0,25.64,371.31,64.33
333,CELL_002,581.33,0.727,0,33.35,448.66,55.24
333,CELL_003,124.7,0.156,0,19.6,476.53,12.05
333,CELL_004,477.31,0.597,0,23.53,355.11,98.97
333,CELL_005,479.98,0.6,0,6.34,367.24,103.52
333,CELL_006,249.62,0.312,0,34.83,386.96,26.75
334,CELL_000,437.92,0.547,0,38.22,222.99,56.21
334,CELL_001,608.52,0.761,0,35.09,323.38,89.76
334,CELL_002,466.37,0.583,0,38.05,447.92,72.46
334,CELL_003,229.61,0.287,0,1.17,260.33,30.98
334,CELL_004,448.29,0.56,0,36.82,448.54,106.76
334,CELL_005,304.65,0.381,0,15.2,305.73,63.8
334,CELL_006,286.03,0.358,0,24.01,456.81,34.57
335,CELL_000,426.84,0.534,0,38.21,338.93,35.09
335,CELL_001,259.16,0.324,0,28.13,343.22,60.7
335,CELL_002,234.78,0.293,0,2.01,313.27,54.07
335,CELL_003,443.61,0.555,0,32.31,393.45,40.69
335,CELL_004,410.61,0.513,0,11.4,289.64,51.31
335,CELL_005,82.54,0.103,0,27.55,355.68,9.07
335,CELL_006,426.4,0.533,0,8.23,472.48,41.04
336,CELL_000,725.27,0.907,0,24.14,409.05,113.85
336,CELL_001,255.26,0.319,0,11.08,308.99,23.36
336,CELL_002,459.23,0.574,0,27.11,331.76,57.61
336,CELL_003,275.24,0.344,0,9.61,394.59,48.23
336,CELL_004,434.21,0.543,0,1.73,339.1,95.8
336,CELL_005,415.67,0.52,0,16.66,375.24,64.28
336,CELL_006,752.28,0.94,0,21.18,351.27,164.99
337,CELL_000,166.49,0.208,0,5.42,357.2,38.94
337,CELL_001,382.28,0.478,0,9.38,353.44,49.81
337,CELL_002,562.39,0.703,0,11.34,330.43,89.44
337,CELL_003,475.77,0.595,0,12.04,395.29,84.81
337,CELL_004,512.77,0.641,0,28.67,390.19,32.07
337,CELL_005,429.35,0.537,0,4.7,245.19,91.03
337,CELL_006,338.09,0.423,0,19.89,319.25,28.79
338,CELL_000,197.17,0.246,0,28.64,377.49,29.54
338,CELL_001,720.64,0.901,0,36.32,369.31,139.49
338,CELL_002,580.9,0.726,0,18.71,258.74,113.87
338,CELL_003,259.95,0.325,0,28.58,348.3,30.38
338,CELL_004,556.12,0.695,0,35.78,232.95,113.99
338,CELL_005,544.97,0.681,0,5.83,484.37,104.1
338,CELL_006,718.56,0.898,0,10.69,444.73,67.75
339,CELL_000,637.66,0.797,0,24.28,227.21,63.67
339,CELL_001,286.28,0.358,0,39.84,263.51,49.31
339,CELL_002,718.19,0.898,0,24.42,279.04,82.61
339,CELL_003,255.01,0.319,0,0.61,327.04,34.52
339,CELL_004,464.74,0.581,0,22.38,485.94,47.21
339,CELL_005,702.35,0.878,0,19.47,438.74,76.62
339,CELL_006,252.24,0.315,0,15.02,400.92,33.33
340,CELL_000,253.03,0.316,0,34.63,262.9,54.99
340,CELL_001,152.07,0.19,0,36.16,253.97,18.59
340,CELL_002,576.19,0.72,0,6.23,478.34,55.2
340,CELL_003,155.39,0.194,0,33.23,353.51,11.88
340,CELL_004,483.81,0.605,0,14.2,266.08,96.13
340,CELL_005,302.32,0.378,0,13.02,413.73,43.56
340,CELL_006,392.31,0.49,0,25.76,299.96,49.59
341,CELL_000,700.86,0.876,0,8.21,264.24,119.1
341,CELL_001,192.21,0.24,0,21.45,470.44,26.25
341,CELL_002,185.74,0.232,0,22.66,223.57,15.41
341,CELL_003,263.47,0.329,0,36.02,373.04,41.82
341,CELL_004,146.15,0.183,0,38.76,388.76,13.16
341,CELL_005,516.88,0.646,0,5.39,215.55,92.26
341,CELL_006,288.67,0.361,0,6.23,352.66,43.66
342,CELL_000,428.26,0.535,0,36.75,246.73,81.03
342,CELL_001,50.0,0.132,1,2.58,236.39,26.13
342,CELL_002,593.05,0.741,0,1.36,229.4,48.08
342,CELL_003,430.2,0.538,0,20.48,230.4,47.43
342,CELL_004,352.0,0.44,0,37.52,412.87,61.12
342,CELL_005,177.35,0.222,0,9.18,259.28,25.46
342,CELL_006,598.27,0.748,0,2.58,434.93,63.89
343,CELL_000,464.95,0.581,0,13.32,296.63,63.12
343,CELL_001,195.77,0.245,0,23.92,290.68,40.95
343,CELL_002,376.82,0.471,0,14.45,462.53,27.39
343,CELL_003,132.72,0.166,0,34.53,402.5,31.73
343,CELL_004,595.02,0.744,0,34.35,200.33,111.89
343,CELL_005,310.97,0.389,0,37.43,460.17,57.94
343,CELL_006,268.18,0.335,0,3.9,286.47,23.41
344,CELL_000,741.61,0.927,0,34.68,306.03,129.54
344,CELL_001,548.41,0.686,0,11.44,339.27,128.5
344,CELL_002,295.01,0.369,0,4.31,263.59,41.24
344,CELL_003,592.38,0.74,0,14.45,455.24,132.7
344,CELL_004,617.28,0.772,0,39.54,456.99,134.01
344,CELL_005,586.09,0.733,0,12.32,423.96,90.6
344,CELL_006,681.02,0.851,0,32.78,480.25,158.49
345,CELL_000,249.56,0.312,0,26.97,435.01,48.52
345,CELL_001,212.46,0.266,0,37.12,325.72,27.18
345,CELL_002,694.9,0.869,0,16.36,416.16,122.38
345,CELL_003,98.63,0.123,0,38.25,308.86,12.98
345,CELL_004,685.36,0.857,0,36.35,406.83,119.01
345,CELL_005,494.13,0.618,0,4.4,215.78,74.92
345,CELL_006,547.48,0.684,0,18.41,359.36,104.94
346,CELL_000,143.8,0.18,0,35.66,486.03,23.73
346,CELL_001,708.72,0.886,0,17.55,295.86,163.26
346,CELL_002,424.75,0.531,0,20.71,436.14,40.99
346,CELL_003,588.58,0.736,0,25.99,374.14,120.05
346,CELL_004,85.56,0.107,0,28.53,397.0,8.36
346,CELL_005,514.02,0.643,0,30.25,410.72,60.44
346,CELL_006,329.98,0.412,0,22.74,253.21,50.49
347,CELL_000,50.0,0.13,1,5.13,244.83,11.39
347,CELL_001,740.26,0.925,0,35.57,431.03,173.56
347,CELL_002,229.81,0.287,0,32.32,236.47,27.05
347,CELL_003,727.49,0.909,0,20.04,404.83,67.98
347,CELL_004,597.59,0.747,0,17.1,241.34,73.15
347,CELL_005,612.72,0.766,0,28.18,496.91,123.26
347,CELL_006,618.36,0.773,0,34.23,248.93,67.27
348,CELL_000,497.23,0.622,0,31.85,428.9,62.38
348,CELL_001,333.23,0.417,0,20.29,432.11,21.87
348,CELL_002,213.65,0.267,0,38.62,284.21,26.26
348,CELL_003,505.78,0.632,0,26.28,459.54,67.63
348,CELL_004,729.27,0.912,0,31.31,217.82,53.58
348,CELL_005,468.49,0.586,0,3.48,473.78,112.25
348,CELL_006,697.65,0.872,0,39.96,249.17,78.87
349,CELL_000,445.16,0.556,0,9.99,334.3,96.68
349,CELL_001,450.46,0.563,0,26.32,383.9,30.95
349,CELL_002,624.86,0.781,0,26.13,262.84,68.86
349,CELL_003,725.99,0.907,0,8.78,406.91,161.27
349,CELL_004,569.49,0.712,0,35.79,231.77,121.01
349,CELL_005,297.31,0.372,0,30.29,364.43,73.6
349,CELL_006,217.64,0.272,0,39.45,348.21,19.29
350,CELL_000,241.96,0.302,0,10.51,239.53,53.88
350,CELL_001,720.32,0.9,0,15.95,362.81,72.88
350,CELL_002,444.48,0.556,0,6.29,218.85,45.37
350,CELL_003,364.17,0.455,0,8.38,238.04,23.0
350,CELL_004,296.96,0.371,0,38.05,368.94,47.79
350,CELL_005,652.99,0.816,0,23.87,262.56,76.51
350,CELL_006,628.46,0.786,0,27.24,313.31,47.44
351,CELL_000,471.09,0.589,0,37.17,468.01,92.92
351,CELL_001,101.66,0.127,0,10.96,297.23,10.82
351,CELL_002,151.15,0.189,0,30.81,283.4,29.61
351,CELL_003,708.91,0.886,0,24.96,391.85,170.74
351,CELL_004,179.51,0.224,0,6.75,483.02,36.13
351,CELL_005,307.79,0.385,0,19.47,294.33,65.08
351,CELL_006,244.97,0.306,0,37.1,305.9,25.1
352,CELL_000,654.81,0.819,0,7.9,213.6,141.43
352,CELL_001,417.48,0.522,0,11.86,209.52,78.63
352,CELL_002,127.13,0.159,0,14.47,496.67,12.7
352,CELL_003,300.85,0.376,0,25.94,424.46,21.8
352,CELL_004,492.55,0.616,0,14.28,397.16,50.31
352,CELL_005,615.13,0.769,0,34.19,318.21,94.86
352,CELL_006,278.47,0.348,0,29.62,226.76,43.79
353,CELL_000,323.34,0.404,0,30.56,342.07,32.33
353,CELL_001,532.4,0.665,0,18.27,486.8,37.73
353,CELL_002,255.19,0.319,0,11.39,471.7,44.3
353,CELL_003,657.39,0.822,0,15.6,295.88,65.15
353,CELL_004,186.41,0.233,0,20.46,438.96,40.06
353,CELL_005,354.35,0.443,0,6.31,244.42,56.49
353,CELL_006,616.82,0.771,0,23.79,322.38,109.29
354,CELL_000,640.11,0.8,0,37.29,268.49,134.78
354,CELL_001,402.66,0.503,0,25.04,208.76,59.8
354,CELL_002,299.93,0.375,0,12.56,464.95,32.56
354,CELL_003,297.94,0.372,0,16.43,276.47,72.63
354,CELL_004,520.99,0.651,0,5.76,342.87,130.17
354,CELL_005,517.23,0.647,0,31.08,392.21,83.21
354,CELL_006,549.2,0.686,0,19.21,207.49,52.08
355,CELL_000,245.4,0.307,0,32.9,316.76,39.95
355,CELL_001,84.13,0.105,0,6.24,497.93,9.24
355,CELL_002,719.43,0.899,0,1.96,451.35,85.56
355,CELL_003,729.44,0.912,0,8.08,231.83,140.76
355,CELL_004,322.09,0.403,0,33.23,230.49,72.39
355,CELL_005,557.34,0.697,0,3.15,229.66,88.02
355,CELL_006,483.54,0.604,0,26.86,333.45,33.93
356,CELL_000,757.53,0.947,0,3.74,298.38,109.18
356,CELL_001,620.82,0.776,0,12.33,312.07,95.86
356,CELL_002,257.53,0.322,0,6.39,289.94,49.94
356,CELL_003,677.8,0.847,0,3.43,367.62,113.39
356,CELL_004,226.02,0.283,0,16.76,314.57,50.27
356,CELL_005,375.25,0.469,0,14.34,297.54,69.53
356,CELL_006,458.28,0.573,0,35.35,424.83,94.22
357,CELL_000,683.85,0.855,0,30.85,241.0,149.19
357,CELL_001,293.56,0.367,0,19.78,305.28,22.44
357,CELL_002,665.57,0.832,0,15.75,257.16,136.94
357,CELL_003,281.33,0.352,0,25.2,272.24,35.25
357,CELL_004,463.91,0.58,0,18.48,213.98,53.85
357,CELL_005,393.73,0.492,0,17.31,306.53,64.75
357,CELL_006,139.37,0.174,0,19.56,303.78,31.84
358,CELL_000,538.69,0.673,0,3.64,333.92,87.18
358,CELL_001,598.96,0.749,0,4.41,346.48,113.15
358,CELL_002,436.92,0.546,0,12.23,286.69,103.12
358,CELL_003,373.63,0.467,0,18.04,427.39,55.48
358,CELL_004,587.55,0.734,0,20.06,377.03,67.65
358,CELL_005,179.58,0.224,0,1.5,262.37,15.62
358,CELL_006,237.74,0.297,0,0.66,306.26,39.58
359,CELL_000,488.48,0.611,0,30.99,387.47,57.74
359,CELL_001,440.44,0.551,0,15.64,402.61,59.37
359,CELL_002,589.49,0.737,0,15.94,270.27,58.21
359,CELL_003,245.34,0.307,0,29.46,328.93,42.89
359,CELL_004,737.21,0.922,0,10.03,269.01,76.9
359,CELL_005,260.68,0.326,0,0.91,387.9,37.69
359,CELL_006,189.97,0.237,0,1.48,374.19,17.6
360,CELL_000,602.63,0.753,0,17.91,443.04,91.51
360,CELL_001,446.16,0.558,0,4.23,321.14,103.69
360,CELL_002,352.51,0.441,0,32.1,409.75,67.52
360,CELL_003,171.42,0.214,0,32.25,274.94,40.05
360,CELL_004,350.12,0.438,0,29.26,331.87,39.77
360,CELL_005,452.8,0.566,0,32.41,356.2,47.36
360,CELL_006,517.38,0.647,0,35.87,277.13,66.58
361,CELL_000,523.4,0.654,0,24.51,269.82,123.44
361,CELL_001,730.6,0.913,0,33.33,499.34,81.39
361,CELL_002,172.15,0.215,0,38.18,249.68,39.08
361,CELL_003,152.8,0.191,0,22.41,230.1,19.77
361,CELL_004,306.9,0.384,0,1.45,380.51,66.55
361,CELL_005,216.87,0.271,0,32.92,388.56,18.03
361,CELL_006,536.96,0.671,0,5.3,411.2,106.98
362,CELL_000,252.08,0.315,0,37.53,455.91,25.89
362,CELL_001,402.24,0.503,0,29.05,354.65,100.33
362,CELL_002,513.34,0.642,0,32.27,366.85,67.35
362,CELL_003,116.91,0.146,0,34.47,427.7,10.76
362,CELL_004,652.72,0.816,0,26.4,296.91,105.87
362,CELL_005,519.87,0.65,0,22.0,455.74,88.77
362,CELL_006,431.57,0.539,0,23.83,229.88,94.43
363,CELL_000,147.73,0.185,0,27.6,231.05,18.96
363,CELL_001,267.62,0.335,0,15.66,278.15,19.15
363,CELL_002,660.86,0.826,0,3.49,217.08,97.96
363,CELL_003,633.49,0.792,0,22.64,242.79,154.9
363,CELL_004,201.5,0.252,0,26.94,443.64,34.13
363,CELL_005,336.7,0.421,0,0.17,427.89,76.6
363,CELL_006,367.3,0.459,0,31.95,210.77,83.07
364,CELL_000,252.72,0.316,0,31.75,269.7,23.27
364,CELL_001,749.48,0.937,0,25.06,455.35,62.91
364,CELL_002,749.88,0.937,0,12.58,251.69,97.04
364,CELL_003,362.23,0.453,0,12.66,342.12,49.3
364,CELL_004,200.6,0.251,0,13.09,241.95,30.11
364,CELL_005,759.63,0.95,0,22.96,203.53,189.27
364,CELL_006,659.12,0.824,0,16.04,359.61,138.64
365,CELL_000,512.95,0.641,0,36.58,422.97,59.07
365,CELL_001,265.25,0.332,0,29.4,267.29,65.07
365,CELL_002,645.12,0.806,0,1.1,456.96,78.52
365,CELL_003,584.14,0.73,0,21.66,247.62,46.25
365,CELL_004,639.52,0.799,0,3.52,308.84,103.13
365,CELL_005,386.79,0.483,0,36.71,284.73,84.83
365,CELL_006,91.75,0.115,0,22.16,409.78,10.75
366,CELL_000,303.44,0.379,0,9.49,246.77,33.71
366,CELL_001,514.93,0.644,0,13.37,210.6,52.02
366,CELL_002,483.05,0.604,0,11.7,312.5,108.05
366,CELL_003,406.94,0.509,0,36.74,406.3,76.47
366,CELL_004,168.74,0.211,0,1.96,489.89,14.97
366,CELL_005,254.41,0.318,0,5.37,325.39,60.98
366,CELL_006,50.0,0.11,1,10.03,455.28,19.3
367,CELL_000,143.16,0.179,0,36.19,328.76,10.19
367,CELL_001,355.74,0.445,0,35.33,473.55,81.25
367,CELL_002,742.75,0.928,0,10.83,375.2,60.25
367,CELL_003,157.37,0.197,0,25.11,436.47,11.6
367,CELL_004,264.83,0.331,0,18.0,437.29,30.77
367,CELL_005,184.57,0.231,0,12.83,358.13,23.73
367,CELL_006,686.85,0.859,0,25.46,310.07,147.52
368,CELL_000,723.21,0.904,0,2.64,469.4,79.68
368,CELL_001,728.06,0.91,0,39.59,255.85,116.48
368,CELL_002,709.58,0.887,0,23.5,265.0,62.83
368,CELL_003,397.82,0.497,0,21.83,398.5,32.8
368,CELL_004,261.8,0.327,0,33.74,386.05,35.69
368,CELL_005,433.48,0.542,0,33.78,237.47,56.21
368,CELL_006,593.84,0.742,0,15.04,453.33,90.05
369,CELL_000,472.49,0.591,0,19.42,324.29,78.93
369,CELL_001,109.75,0.137,0,16.72,340.5,10.11
369,CELL_002,594.16,0.743,0,34.21,372.69,61.12
369,CELL_003,734.58,0.918,0,2.29,366.24,70.46
369,CELL_004,85.77,0.107,0,11.44,424.14,7.44
369,CELL_005,158.18,0.198,0,9.54,244.32,26.48
369,CELL_006,609.52,0.762,0,10.3,414.54,116.5
370,CELL_000,422.53,0.528,0,27.95,251.09,34.4
370,CELL_001,479.5,0.599,0,10.34,220.96,77.15
370,CELL_002,348.39,0.435,0,2.72,214.59,65.39
370,CELL_003,372.42,0.466,0,22.06,298.79,25.66
370,CELL_004,630.28,0.788,0,24.32,277.22,134.48
370,CELL_005,537.57,0.672,0,26.33,487.91,79.51
370,CELL_006,343.04,0.429,0,28.69,388.55,30.29
371,CELL_000,284.96,0.356,0,31.12,481.31,54.42
371,CELL_001,561.6,0.702,0,34.38,442.5,135.43
371,CELL_002,433.82,0.542,0,21.25,214.47,39.81
371,CELL_003,135.78,0.17,0,18.88,496.81,25.8
371,CELL_004,329.6,0.412,0,0.65,386.54,32.62
371,CELL_005,284.74,0.356,0,29.39,284.78,56.45
371,CELL_006,685.12,0.856,0,13.67,289.82,90.2
372,CELL_000,372.4,0.465,0,27.92,477.47,79.46
372,CELL_001,547.49,0.684,0,12.28,213.73,100.21
372,CELL_002,429.56,0.537,0,30.04,430.2,89.93
372,CELL_003,291.02,0.364,0,8.93,242.35,39.02
372,CELL_004,134.48,0.168,0,37.12,291.69,22.06
372,CELL_005,489.04,0.611,0,11.8,216.18,93.23
372,CELL_006,707.8,0.885,0,29.52,346.95,97.3
373,CELL_000,465.64,0.582,0,2.11,337.21,111.75
373,CELL_001,459.11,0.574,0,37.08,345.92,60.21
373,CELL_002,480.85,0.601,0,22.12,397.76,112.82
373,CELL_003,544.07,0.68,0,14.62,456.17,104.95
373,CELL_004,516.92,0.646,0,4.8,221.11,78.96
373,CELL_005,82.42,0.103,0,24.26,321.09,6.43
373,CELL_006,542.0,0.677,0,21.02,262.13,79.96
374,CELL_000,655.95,0.82,0,23.67,364.39,152.28
374,CELL_001,125.02,0.156,0,3.79,428.08,12.14
374,CELL_002,520.45,0.651,0,33.68,380.81,112.95
374,CELL_003,699.36,0.874,0,14.53,261.46,150.93
374,CELL_004,379.35,0.474,0,28.99,386.47,29.51
374,CELL_005,226.14,0.283,0,33.91,424.62,55.51
374,CELL_006,517.58,0.647,0,23.76,450.62,77.4
375,CELL_000,742.05,0.928,0,37.67,221.7,181.75
375,CELL_001,331.17,0.414,0,20.57,235.26,66.03
375,CELL_002,130.47,0.163,0,16.76,491.8,17.04
375,CELL_003,455.69,0.57,0,37.64,397.12,34.83
375,CELL_004,653.92,0.817,0,21.77,355.92,57.04
375,CELL_005,632.21,0.79,0,6.71,435.2,93.51
375,CELL_006,665.81,0.832,0,30.21,434.45,124.03
376,CELL_000,273.49,0.342,0,18.63,335.38,59.66
376,CELL_001,532.37,0.665,0,15.88,404.25,87.13
376,CELL_002,324.37,0.405,0,27.7,279.7,27.23
376,CELL_003,117.5,0.147,0,22.78,308.22,17.05
376,CELL_004,693.6,0.867,0,12.9,340.57,55.9
376,CELL_005,622.09,0.778,0,9.65,465.06,141.02
376,CELL_006,401.66,0.502,0,25.16,471.9,97.1
377,CELL_000,623.72,0.78,0,9.63,253.99,112.52
377,CELL_001,638.09,0.798,0,38.67,344.29,94.15
377,CELL_002,721.4,0.902,0,21.07,453.63,60.62
377,CELL_003,485.21,0.607,0,21.55,280.39,116.53
377,CELL_004,358.72,0.448,0,25.84,441.58,85.67
377,CELL_005,570.87,0.714,0,8.37,295.97,66.05
377,CELL_006,722.74,0.903,0,30.79,209.98,151.88
378,CELL_000,210.5,0.263,0,23.24,431.11,13.54
378,CELL_001,160.97,0.201,0,16.57,354.52,24.95
378,CELL_002,752.54,0.941,0,6.94,203.21,126.53
378,CELL_003,592.73,0.741,0,25.87,325.38,121.69
378,CELL_004,464.8,0.581,0,17.9,360.34,98.62
378,CELL_005,339.01,0.424,0,38.71,321.35,43.89
378,CELL_006,171.59,0.214,0,19.38,302.19,31.49
379,CELL_000,636.45,0.796,0,8.34,319.69,64.28
379,CELL_001,243.91,0.305,0,23.29,476.47,32.42
379,CELL_002,408.59,0.511,0,10.74,228.49,71.21
379,CELL_003,50.0,0.137,1,29.26,213.6,9.68
379,CELL_004,92.76,0.116,0,38.45,470.52,13.05
379,CELL_005,312.73,0.391,0,0.45,216.29,72.04
379,CELL_006,728.01,0.91,0,26.31,486.99,117.59
380,CELL_000,135.11,0.169,0,7.96,352.5,12.11
380,CELL_001,50.0,0.146,1,4.93,395.23,23.73
380,CELL_002,375.21,0.469,0,36.13,347.06,59.28
380,CELL_003,544.69,0.681,0,11.58,468.35,136.0
380,CELL_004,635.33,0.794,0,22.35,447.33,124.51
380,CELL_005,87.88,0.11,0,9.4,250.08,11.32
380,CELL_006,385.75,0.482,0,26.58,227.96,61.95
381,CELL_000,381.14,0.476,0,38.42,479.49,33.75
381,CELL_001,442.74,0.553,0,26.61,490.01,81.66
381,CELL_002,128.07,0.16,0,27.3,413.2,10.33
381,CELL_003,460.97,0.576,0,23.64,473.05,30.1
381,CELL_004,708.55,0.886,0,20.83,220.29,48.2
381,CELL_005,319.7,0.4,0,24.27,312.16,77.99
381,CELL_006,650.83,0.814,0,30.77,316.03,138.01
382,CELL_000,335.49,0.419,0,34.13,459.34,39.53
382,CELL_001,521.71,0.652,0,23.42,456.15,105.81
382,CELL_002,137.76,0.172,0,0.19,435.43,10.21
382,CELL_003,300.07,0.375,0,13.54,232.5,68.45
382,CELL_004,575.94,0.72,0,31.79,415.9,80.93
382,CELL_005,556.85,0.696,0,22.67,335.86,124.42
382,CELL_006,384.21,0.48,0,5.55,326.93,62.12
383,CELL_000,173.0,0.216,0,1.55,439.53,23.31
383,CELL_001,244.95,0.306,0,39.8,285.79,34.39
383,CELL_002,226.66,0.283,0,2.25,214.13,50.21
383,CELL_003,213.75,0.267,0,26.37,499.25,35.4
383,CELL_004,285.46,0.357,0,4.17,273.65,69.19
383,CELL_005,361.9,0.452,0,35.42,206.53,48.93
383,CELL_006,355.74,0.445,0,5.5,223.44,24.15
384,CELL_000,631.02,0.789,0,29.65,443.92,65.24
384,CELL_001,138.03,0.173,0,21.97,490.16,21.87
384,CELL_002,529.45,0.662,0,33.49,428.22,86.0
384,CELL_003,389.39,0.487,0,23.65,380.72,59.87
384,CELL_004,131.66,0.165,0,1.37,333.33,32.66
384,CELL_005,642.31,0.803,0,10.7,463.5,124.5
384,CELL_006,725.1,0.906,0,25.06,204.78,175.93
385,CELL_000,614.49,0.768,0,17.03,409.88,66.83
385,CELL_001,284.68,0.356,0,16.8,410.54,27.72
385,CELL_002,580.79,0.726,0,31.88,211.85,115.78
385,CELL_003,509.9,0.637,0,19.96,360.7,115.14
385,CELL_004,403.43,0.504,0,11.82,345.85,28.26
385,CELL_005,737.96,0.922,0,2.45,243.41,136.87
385,CELL_006,659.61,0.825,0,14.81,479.45,121.75
386,CELL_000,375.27,0.469,0,1.53,447.5,50.06
386,CELL_001,276.16,0.345,0,6.65,433.65,46.76
386,CELL_002,467.13,0.584,0,27.86,207.17,53.19
386,CELL_003,318.07,0.398,0,1.38,455.55,70.26
386,CELL_004,166.91,0.209,0,10.21,247.11,15.54
386,CELL_005,701.46,0.877,0,30.59,254.48,139.82
386,CELL_006,271.46,0.339,0,4.47,380.79,26.37
387,CELL_000,464.88,0.581,0,19.42,420.11,115.43
387,CELL_001,229.43,0.287,0,5.96,322.54,22.23
387,CELL_002,311.13,0.389,0,11.29,244.9,20.79
387,CELL_003,530.39,0.663,0,8.04,442.54,116.0
387,CELL_004,257.59,0.322,0,16.28,404.42,19.97
387,CELL_005,676.88,0.846,0,14.97,242.56,80.65
387,CELL_006,264.4,0.33,0,24.83,488.57,21.5
388,CELL_000,580.77,0.726,0,23.03,446.81,55.27
388,CELL_001,463.21,0.579,0,37.1,268.68,56.48
388,CELL_002,489.53,0.612,0,23.09,358.89,88.12
388,CELL_003,193.03,0.241,0,23.36,326.48,35.03
388,CELL_004,359.01,0.449,0,8.48,319.01,43.19
388,CELL_005,168.09,0.21,0,1.88,421.84,18.59
388,CELL_006,743.79,0.93,0,5.79,276.71,124.0
389,CELL_000,442.69,0.553,0,37.82,222.02,93.23
389,CELL_001,736.24,0.92,0,1.13,486.8,124.71
389,CELL_002,286.58,0.358,0,31.62,456.41,29.98
389,CELL_003,738.6,0.923,0,29.63,368.59,49.81
389,CELL_004,750.49,0.938,0,26.24,294.11,181.88
389,CELL_005,131.38,0.164,0,19.17,449.95,22.51
389,CELL_006,220.14,0.275,0,25.36,315.02,23.3
390,CELL_000,358.68,0.448,0,12.91,479.49,77.01
390,CELL_001,730.35,0.913,0,19.73,338.11,145.26
390,CELL_002,491.74,0.615,0,33.09,407.95,68.58
390,CELL_003,740.53,0.926,0,14.42,442.61,168.77
390,CELL_004,530.76,0.663,0,0.88,264.29,115.9
390,CELL_005,592.68,0.741,0,16.95,246.34,79.91
390,CELL_006,336.65,0.421,0,19.15,359.84,53.94
391,CELL_000,293.85,0.367,0,14.39,462.76,30.62
391,CELL_001,103.85,0.13,0,2.11,328.57,8.64
391,CELL_002,437.86,0.547,0,31.18,494.58,68.33
391,CELL_003,541.5,0.677,0,19.37,401.15,38.06
391,CELL_004,505.32,0.632,0,14.99,242.74,54.35
391,CELL_005,620.01,0.775,0,6.53,215.25,50.66
391,CELL_006,92.05,0.115,0,39.83,475.06,17.57
392,CELL_000,740.58,0.926,0,24.06,415.75,140.25
392,CELL_001,239.34,0.299,0,20.69,428.99,44.11
392,CELL_002,85.55,0.107,0,1.85,421.18,18.23
392,CELL_003,370.12,0.463,0,25.4,255.82,38.07
392,CELL_004,254.57,0.318,0,6.61,271.8,50.05
392,CELL_005,142.75,0.178,0,27.58,383.33,26.26
392,CELL_006,404.69,0.506,0,29.2,413.23,81.78
393,CELL_000,546.9,0.684,0,21.43,241.86,134.56
393,CELL_001,545.63,0.682,0,1.29,393.97,78.72
393,CELL_002,665.75,0.832,0,38.2,239.32,60.35
393,CELL_003,350.53,0.438,0,8.43,207.22,61.26
393,CELL_004,466.09,0.583,0,16.66,461.65,65.59
393,CELL_005,50.0,0.128,1,32.47,339.66,7.99
393,CELL_006,301.13,0.376,0,6.46,235.08,52.42
394,CELL_000,753.71,0.942,0,32.79,426.03,78.99
394,CELL_001,316.66,0.396,0,20.2,405.08,24.99
394,CELL_002,187.74,0.235,0,17.39,495.95,31.28
394,CELL_003,661.89,0.827,0,23.42,349.59,143.88
394,CELL_004,480.86,0.601,0,10.05,477.86,66.81
394,CELL_005,104.35,0.13,0,32.62,478.19,17.85
394,CELL_006,389.19,0.486,0,31.47,342.54,46.55
395,CELL_000,353.76,0.442,0,32.9,293.19,35.84
395,CELL_001,372.88,0.466,0,22.64,498.43,45.85
395,CELL_002,375.65,0.47,0,33.02,393.42,67.46
395,CELL_003,635.85,0.795,0,17.21,305.85,131.24
395,CELL_004,210.43,0.263,0,23.93,313.69,36.86
395,CELL_005,478.47,0.598,0,8.49,349.93,37.5
395,CELL_006,568.02,0.71,0,10.92,431.65,91.28
396,CELL_000,171.08,0.214,0,19.6,457.03,32.79
396,CELL_001,657.96,0.822,0,26.79,203.92,80.24
396,CELL_002,520.44,0.651,0,28.41,402.47,107.82
396,CELL_003,113.98,0.142,0,10.91,227.89,14.94
396,CELL_004,374.05,0.468,0,16.78,239.72,35.78
396,CELL_005,379.38,0.474,0,2.4,397.99,84.48
396,CELL_006,707.25,0.884,0,3.97,430.17,64.86
397,CELL_000,363.31,0.454,0,11.11,478.96,64.1
397,CELL_001,685.32,0.857,0,27.42,387.14,121.36
397,CELL_002,558.08,0.698,0,39.27,415.24,51.2
397,CELL_003,693.65,0.867,0,8.88,391.22,100.57
397,CELL_004,199.54,0.249,0,20.92,428.91,38.88
397,CELL_005,177.43,0.222,0,20.95,271.51,28.85
397,CELL_006,638.05,0.798,0,26.16,381.7,45.01
398,CELL_000,189.98,0.237,0,18.85,347.58,30.99
398,CELL_001,622.66,0.778,0,7.22,221.67,139.12
398,CELL_002,752.14,0.94,0,22.74,278.99,166.95
398,CELL_003,209.94,0.262,0,33.51,286.14,47.1
398,CELL_004,439.89,0.55,0,12.56,410.33,90.4
398,CELL_005,407.26,0.509,0,33.94,353.3,55.18
398,CELL_006,446.1,0.558,0,15.7,395.22,47.21
399,CELL_000,560.08,0.7,0,25.92,377.43,62.41
399,CELL_001,163.64,0.205,0,13.91,450.02,25.93
399,CELL_002,256.21,0.32,0,28.46,380.38,57.63
399,CELL_003,434.64,0.543,0,12.15,406.67,38.31
399,CELL_004,561.88,0.702,0,19.03,439.99,116.57
399,CELL_005,638.58,0.798,0,7.49,242.66,145.07
399,CELL_006,249.77,0.312,0,30.49,312.22,19.19
400,CELL_000,530.01,0.663,0,3.25,363.87,103.21
400,CELL_001,150.58,0.188,0,5.78,294.87,31.68
400,CELL_002,516.05,0.645,0,10.46,445.04,37.34
400,CELL_003,721.16,0.901,0,32.65,445.16,149.8
400,CELL_004,320.05,0.4,0,10.51,439.66,55.61
400,CELL_005,736.58,0.921,0,26.55,404.97,158.33
400,CELL_006,728.32,0.91,0,35.06,268.7,92.31
401,CELL_000,298.4,0.373,0,27.85,202.71,26.65
401,CELL_001,442.63,0.553,0,26.62,364.24,46.95
401,CELL_002,243.22,0.304,0,5.22,226.21,55.14
401,CELL_003,510.32,0.638,0,27.73,367.06,63.5
401,CELL_004,183.66,0.23,0,15.92,304.98,20.41
401,CELL_005,238.98,0.299,0,31.23,217.6,34.09
401,CELL_006,87.74,0.11,0,2.99,294.37,17.76
402,CELL_000,118.18,0.148,0,24.41,209.84,8.57
402,CELL_001,432.92,0.541,0,9.59,252.62,29.47
402,CELL_002,739.2,0.924,0,18.37,346.06,160.43
402,CELL_003,579.19,0.724,0,19.94,399.26,144.63
402,CELL_004,175.26,0.219,0,7.3,259.51,22.07
402,CELL_005,308.47,0.386,0,9.34,252.72,66.54
402,CELL_006,608.84,0.761,0,37.21,287.74,69.22
403,CELL_000,324.19,0.405,0,25.87,497.01,42.16
403,CELL_001,287.26,0.359,0,7.6,217.73,37.46
403,CELL_002,325.23,0.407,0,30.96,467.49,71.25
403,CELL_003,754.17,0.943,0,2.65,442.15,124.4
403,CELL_004,730.71,0.913,0,25.14,278.73,159.13
403,CELL_005,403.1,0.504,0,26.32,260.19,77.25
403,CELL_006,278.41,0.348,0,12.15,240.32,58.31
404,CELL_000,167.51,0.209,0,9.01,293.91,19.77
404,CELL_001,205.51,0.257,0,3.71,235.63,32.19
404,CELL_002,284.53,0.356,0,3.66,427.35,24.34
404,CELL_003,353.8,0.442,0,13.44,223.81,50.8
404,CELL_004,345.76,0.432,0,0.45,225.73,69.12
404,CELL_005,235.31,0.294,0,34.49,479.98,38.13
404,CELL_006,302.78,0.378,0,38.09,382.95,27.94
405,CELL_000,628.61,0.786,0,15.25,408.16,54.58
405,CELL_001,119.74,0.15,0,9.13,220.6,26.0
405,CELL_002,432.95,0.541,0,37.41,442.46,82.45
405,CELL_003,285.64,0.357,0,33.32,212.71,37.4
405,CELL_004,50.0,0.143,1,1.29,316.8,24.33
405,CELL_005,118.78,0.148,0,4.52,288.57,17.5
405,CELL_006,695.19,0.869,0,38.08,491.3,145.28
406,CELL_000,318.34,0.398,0,14.59,439.88,46.19
406,CELL_001,370.87,0.464,0,37.52,472.88,69.88
406,CELL_002,136.84,0.171,0,17.47,367.73,14.43
406,CELL_003,240.19,0.3,0,17.82,320.9,45.46
406,CELL_004,176.44,0.221,0,21.06,240.67,43.66
406,CELL_005,537.32,0.672,0,37.54,365.81,129.45
406,CELL_006,168.11,0.21,0,0.13,248.11,15.41
407,CELL_000,203.15,0.254,0,33.73,250.3,14.35
407,CELL_001,608.92,0.761,0,19.5,418.34,132.07
407,CELL_002,178.14,0.223,0,25.31,233.0,36.34
407,CELL_003,214.23,0.268,0,29.93,339.97,24.81
407,CELL_004,416.9,0.521,0,25.52,228.25,75.97
407,CELL_005,404.13,0.505,0,31.79,287.02,30.34
407,CELL_006,294.3,0.368,0,34.82,492.6,39.69
408,CELL_000,290.08,0.363,0,12.37,360.85,29.73
408,CELL_001,485.43,0.607,0,1.7,218.95,60.14
408,CELL_002,638.64,0.798,0,26.93,328.93,135.99
408,CELL_003,316.78,0.396,0,8.13,204.86,31.62
408,CELL_004,381.5,0.477,0,7.83,465.51,69.93
408,CELL_005,492.11,0.615,0,19.41,330.66,118.64
408,CELL_006,374.16,0.468,0,4.54,471.72,73.37
409,CELL_000,680.24,0.85,0,3.34,362.65,148.29
409,CELL_001,136.4,0.171,0,38.49,265.55,13.82
409,CELL_002,590.69,0.738,0,39.11,470.46,123.7
409,CELL_003,670.14,0.838,0,35.11,350.77,102.5
409,CELL_004,229.85,0.287,0,21.74,495.0,16.52
409,CELL_005,504.26,0.63,0,20.7,279.8,71.41
409,CELL_006,565.32,0.707,0,6.42,376.55,129.21
410,CELL_000,266.61,0.333,0,30.59,437.98,21.0
410,CELL_001,546.33,0.683,0,18.8,368.47,90.73
410,CELL_002,240.79,0.301,0,27.13,468.63,58.61
410,CELL_003,689.64,0.862,0,0.69,332.45,95.77
410,CELL_004,125.28,0.157,0,6.31,254.51,20.27
410,CELL_005,436.23,0.545,0,0.8,492.39,55.37
410,CELL_006,214.61,0.268,0,8.07,313.31,38.52
411,CELL_000,654.81,0.819,0,21.15,253.26,80.34
411,CELL_001,285.74,0.357,0,32.33,231.96,24.54
411,CELL_002,588.58,0.736,0,29.17,284.36,85.59
411,CELL_003,700.41,0.876,0,11.15,277.97,127.11
411,CELL_004,552.22,0.69,0,19.2,200.24,68.52
411,CELL_005,227.9,0.285,0,4.56,392.69,32.04
411,CELL_006,286.35,0.358,0,30.98,478.15,63.2
412,CELL_000,540.84,0.676,0,10.25,389.05,45.38
412,CELL_001,614.48,0.768,0,36.75,208.47,124.99
412,CELL_002,377.95,0.472,0,19.59,263.15,70.69
412,CELL_003,177.69,0.222,0,2.55,415.71,38.18
412,CELL_004,375.71,0.47,0,35.89,277.98,79.57
412,CELL_005,576.77,0.721,0,2.15,272.72,89.83
412,CELL_006,528.05,0.66,0,15.37,228.31,111.5
413,CELL_000,597.28,0.747,0,13.75,312.72,43.05
413,CELL_001,287.8,0.36,0,20.58,354.91,38.28
413,CELL_002,439.09,0.549,0,38.67,498.56,63.48
413,CELL_003,680.6,0.851,0,10.07,228.12,43.35
413,CELL_004,644.54,0.806,0,23.5,493.46,106.99
413,CELL_005,340.78,0.426,0,39.83,280.28,69.41
413,CELL_006,758.92,0.949,0,10.71,402.41,143.87
414,CELL_000,82.21,0.103,0,22.18,316.02,10.64
414,CELL_001,319.86,0.4,0,20.2,301.22,40.56
414,CELL_002,88.9,0.111,0,10.62,471.93,19.73
414,CELL_003,225.39,0.282,0,30.09,363.8,45.16
414,CELL_004,745.24,0.932,0,30.2,409.14,156.89
414,CELL_005,538.43,0.673,0,34.83,382.12,65.05
414,CELL_006,671.75,0.84,0,5.64,314.52,55.32
415,CELL_000,440.51,0.551,0,13.65,498.41,85.46
415,CELL_001,489.27,0.612,0,27.65,444.16,83.13
415,CELL_002,675.34,0.844,0,27.31,243.9,111.87
415,CELL_003,141.4,0.177,0,6.73,443.42,32.37
415,CELL_004,412.99,0.516,0,37.51,361.62,98.91
415,CELL_005,198.63,0.248,0,6.03,420.09,45.36
415,CELL_006,259.67,0.325,0,4.92,385.79,50.2
416,CELL_000,715.74,0.895,0,0.1,243.68,148.52
416,CELL_001,753.94,0.942,0,35.44,439.9,73.45
416,CELL_002,603.59,0.754,0,17.25,495.33,81.98
416,CELL_003,732.33,0.915,0,23.95,491.03,79.11
416,CELL_004,424.05,0.53,0,17.28,297.37,83.5
416,CELL_005,486.33,0.608,0,2.47,363.57,34.39
416,CELL_006,503.51,0.629,0,32.15,353.52,34.6
417,CELL_000,659.29,0.824,0,0.56,420.32,61.78
417,CELL_001,683.24,0.854,0,7.45,445.75,126.12
417,CELL_002,497.93,0.622,0,20.73,409.44,92.38
417,CELL_003,576.91,0.721,0,30.33,239.25,36.69
417,CELL_004,436.66,0.546,0,3.2,255.62,46.33
417,CELL_005,252.24,0.315,0,4.54,235.27,60.28
417,CELL_006,696.71,0.871,0,6.21,433.42,69.11
418,CELL_000,355.92,0.445,0,6.64,498.5,83.71
418,CELL_001,444.18,0.555,0,22.94,407.2,84.12
418,CELL_002,158.62,0.198,0,16.11,362.5,26.57
418,CELL_003,318.02,0.398,0,19.3,236.5,33.95
418,CELL_004,670.06,0.838,0,18.79,386.61,163.37
418,CELL_005,695.63,0.87,0,6.92,274.15,145.76
418,CELL_006,50.0,0.143,1,23.97,214.69,8.74
419,CELL_000,243.0,0.304,0,25.67,333.73,45.46
419,CELL_001,395.8,0.495,0,12.18,240.98,73.23
419,CELL_002,567.49,0.709,0,21.47,283.02,107.71
419,CELL_003,561.86,0.702,0,0.05,480.06,124.1
419,CELL_004,587.31,0.734,0,34.92,328.16,97.65
419,CELL_005,736.77,0.921,0,10.28,401.99,152.48
419,CELL_006,523.94,0.655,0,37.94,233.03,91.41
420,CELL_000,624.43,0.781,0,6.38,210.23,112.25
420,CELL_001,317.22,0.397,0,29.82,370.83,58.96
420,CELL_002,464.06,0.58,0,15.89,464.21,90.87
420,CELL_003,312.33,0.39,0,16.42,375.41,48.64
420,CELL_004,473.6,0.592,0,1.63,448.93,116.01
420,CELL_005,124.9,0.156,0,38.12,245.74,14.04
420,CELL_006,302.02,0.378,0,21.09,278.08,34.39
421,CELL_000,483.51,0.604,0,4.25,388.63,71.52
421,CELL_001,641.01,0.801,0,15.79,311.22,87.38
421,CELL_002,720.81,0.901,0,18.89,375.76,100.72
421,CELL_003,608.67,0.761,0,9.46,434.44,119.13
421,CELL_004,211.99,0.265,0,3.84,214.46,27.53
421,CELL_005,409.16,0.511,0,31.67,328.43,41.91
421,CELL_006,249.71,0.312,0,5.19,458.15,20.98
422,CELL_000,655.47,0.819,0,21.99,356.25,74.11
422,CELL_001,586.09,0.733,0,25.93,315.78,144.19
422,CELL_002,753.76,0.942,0,24.21,307.8,166.62
422,CELL_003,419.02,0.524,0,8.08,410.64,58.62
422,CELL_004,500.03,0.625,0,37.21,312.59,112.84
422,CELL_005,117.6,0.147,0,3.15,382.57,12.27
422,CELL_006,192.1,0.24,0,1.04,375.05,12.13
423,CELL_000,369.3,0.462,0,24.7,249.47,63.91
423,CELL_001,720.92,0.901,0,34.39,411.9,73.24
423,CELL_002,448.58,0.561,0,6.72,284.14,74.04
423,CELL_003,250.72,0.313,0,27.79,278.92,18.6
423,CELL_004,178.1,0.223,0,28.34,478.5,19.38
423,CELL_005,489.98,0.612,0,39.51,274.48,116.19
423,CELL_006,154.57,0.193,0,35.48,321.65,28.29
424,CELL_000,256.91,0.321,0,29.19,274.85,49.63
424,CELL_001,616.72,0.771,0,23.11,445.41,150.67
424,CELL_002,223.23,0.279,0,20.99,353.47,38.01
424,CELL_003,257.4,0.322,0,26.09,390.44,61.3
424,CELL_004,637.27,0.797,0,17.44,483.93,55.27
424,CELL_005,685.49,0.857,0,26.2,240.12,75.13
424,CELL_006,191.95,0.24,0,34.62,210.62,41.56
425,CELL_000,358.36,0.448,0,8.34,302.28,48.07
425,CELL_001,167.06,0.209,0,32.32,456.71,40.71
425,CELL_002,560.26,0.7,0,34.92,293.02,77.77
425,CELL_003,703.51,0.879,0,13.15,359.8,90.95
425,CELL_004,594.37,0.743,0,1.19,497.71,74.34
425,CELL_005,594.95,0.744,0,9.19,211.4,95.4
425,CELL_006,368.86,0.461,0,0.44,293.03,37.69
426,CELL_000,50.0,0.114,1,34.2,429.6,11.95
426,CELL_001,566.21,0.708,0,37.22,301.95,125.28
426,CELL_002,244.75,0.306,0,35.03,269.23,41.03
426,CELL_003,501.93,0.627,0,33.46,226.0,95.41
426,CELL_004,332.26,0.415,0,36.95,215.31,63.78
426,CELL_005,570.35,0.713,0,10.7,486.72,78.98
426,CELL_006,335.91,0.42,0,5.63,343.5,76.3
427,CELL_000,668.4,0.836,0,7.5,372.51,68.53
427,CELL_001,709.37,0.887,0,33.89,452.13,149.78
427,CELL_002,327.63,0.41,0,37.93,488.15,34.13
427,CELL_003,200.65,0.251,0,13.88,392.81,38.39
427,CELL_004,282.1,0.353,0,14.57,206.85,62.74
427,CELL_005,569.61,0.712,0,38.32,234.1,65.91
427,CELL_006,452.07,0.565,0,12.07,249.88,93.53
428,CELL_000,288.79,0.361,0,16.45,443.46,29.14
428,CELL_001,437.96,0.547,0,39.17,348.53,108.62
428,CELL_002,358.04,0.448,0,28.74,411.73,51.13
428,CELL_003,608.92,0.761,0,8.08,356.74,99.44
428,CELL_004,639.62,0.8,0,33.8,443.52,43.26
428,CELL_005,432.41,0.541,0,16.9,462.2,55.51
428,CELL_006,207.5,0.259,0,10.16,355.11,38.67
429,CELL_000,299.54,0.374,0,34.16,347.64,71.62
429,CELL_001,161.45,0.202,0,6.16,281.83,23.92
429,CELL_002,265.6,0.332,0,8.59,489.24,38.47
429,CELL_003,383.68,0.48,0,6.83,376.03,74.9
429,CELL_004,514.5,0.643,0,27.37,482.92,123.66
429,CELL_005,703.22,0.879,0,26.05,486.75,124.4
429,CELL_006,326.65,0.408,0,38.58,238.26,61.8
430,CELL_000,50.0,0.103,1,23.78,378.33,17.06
430,CELL_001,444.54,0.556,0,32.9,200.68,82.46
430,CELL_002,181.39,0.227,0,16.17,421.58,34.77
430,CELL_003,656.54,0.821,0,3.42,293.27,68.46
430,CELL_004,525.41,0.657,0,36.52,421.35,93.26
430,CELL_005,443.03,0.554,0,30.89,201.88,33.38
430,CELL_006,706.8,0.883,0,17.16,222.25,123.53
431,CELL_000,670.69,0.838,0,34.76,382.69,156.9
431,CELL_001,668.53,0.836,0,34.83,362.88,61.36
431,CELL_002,497.3,0.622,0,8.88,288.7,38.03
431,CELL_003,270.63,0.338,0,2.76,477.79,34.64
431,CELL_004,566.36,0.708,0,23.78,378.85,93.05
431,CELL_005,499.69,0.625,0,22.81,479.47,50.93
431,CELL_006,123.48,0.154,0,32.5,230.33,8.04
432,CELL_000,500.79,0.626,0,28.94,385.14,90.01
432,CELL_001,283.03,0.354,0,26.6,318.92,63.6
432,CELL_002,594.58,0.743,0,31.28,319.47,123.27
432,CELL_003,724.91,0.906,0,7.41,408.54,68.99
432,CELL_004,472.82,0.591,0,14.54,210.91,70.1
432,CELL_005,116.96,0.146,0,15.26,494.05,21.61
432,CELL_006,142.67,0.178,0,11.94,482.3,19.79
433,CELL_000,475.45,0.594,0,36.0,452.62,76.12
433,CELL_001,249.47,0.312,0,0.21,365.47,58.42
433,CELL_002,528.11,0.66,0,4.47,234.0,51.96
433,CELL_003,703.73,0.88,0,3.79,414.94,143.59
433,CELL_004,137.85,0.172,0,37.72,320.44,10.75
433,CELL_005,433.12,0.541,0,2.66,435.47,75.78
433,CELL_006,702.36,0.878,0,24.57,407.82,134.05
434,CELL_000,417.27,0.522,0,4.52,470.01,59.28
434,CELL_001,614.73,0.768,0,25.31,469.64,91.49
434,CELL_002,220.49,0.276,0,39.23,279.05,24.88
434,CELL_003,461.21,0.577,0,1.97,456.93,71.85
434,CELL_004,535.57,0.669,0,7.17,485.15,117.52
434,CELL_005,458.79,0.573,0,36.83,242.91,101.66
434,CELL_006,433.06,0.541,0,25.67,389.15,85.02
435,CELL_000,382.22,0.478,0,10.65,468.21,43.32
435,CELL_001,167.08,0.209,0,11.94,303.54,19.6
435,CELL_002,556.68,0.696,0,6.52,450.69,102.58
435,CELL_003,604.29,0.755,0,19.35,328.11,149.84
435,CELL_004,154.87,0.194,0,19.71,205.12,17.33
435,CELL_005,658.58,0.823,0,20.47,310.97,114.16
435,CELL_006,400.77,0.501,0,16.58,486.49,75.51
436,CELL_000,539.49,0.674,0,7.58,296.55,37.48
436,CELL_001,734.21,0.918,0,12.76,439.21,73.48
436,CELL_002,712.3,0.89,0,12.93,372.46,100.16
436,CELL_003,273.38,0.342,0,32.06,445.44,30.71
436,CELL_004,88.76,0.111,0,28.17,338.22,10.63
436,CELL_005,487.22,0.609,0,15.62,375.66,113.41
436,CELL_006,752.29,0.94,0,15.16,435.78,153.09
437,CELL_000,436.77,0.546,0,36.3,300.27,80.62
437,CELL_001,298.21,0.373,0,8.41,311.84,22.11
437,CELL_002,576.69,0.721,0,22.83,219.76,59.85
437,CELL_003,102.69,0.128,0,27.54,224.4,23.09
437,CELL_004,448.02,0.56,0,22.67,333.07,49.47
437,CELL_005,108.37,0.135,0,19.91,376.0,9.53
437,CELL_006,342.61,0.428,0,5.6,482.85,47.22
438,CELL_000,385.74,0.482,0,13.23,482.57,59.76
438,CELL_001,320.55,0.401,0,8.24,426.52,50.75
438,CELL_002,122.03,0.153,0,17.39,304.29,26.09
438,CELL_003,126.91,0.159,0,10.14,361.68,26.96
438,CELL_004,271.92,0.34,0,16.5,412.52,33.62
438,CELL_005,446.45,0.558,0,5.98,435.45,79.87
438,CELL_006,167.3,0.209,0,34.58,413.43,23.0
439,CELL_000,657.26,0.822,0,24.44,286.69,57.81
439,CELL_001,50.0,0.147,1,2.6,445.85,13.64
439,CELL_002,318.64,0.398,0,23.4,308.25,47.3
439,CELL_003,610.22,0.763,0,20.62,347.49,108.2
439,CELL_004,582.41,0.728,0,9.6,294.64,132.52
439,CELL_005,603.3,0.754,0,8.07,202.08,90.24
439,CELL_006,671.91,0.84,0,15.15,287.97,67.97
440,CELL_000,367.67,0.46,0,32.2,378.42,76.18
440,CELL_001,323.45,0.404,0,13.51,349.66,59.3
440,CELL_002,122.25,0.153,0,35.9,447.84,23.58
440,CELL_003,406.42,0.508,0,1.6,429.86,36.9
440,CELL_004,423.52,0.529,0,4.06,220.46,32.57
440,CELL_005,227.27,0.284,0,10.86,294.32,36.82
440,CELL_006,738.67,0.923,0,12.48,261.68,141.94
441,CELL_000,516.56,0.646,0,21.02,219.09,107.2
441,CELL_001,235.35,0.294,0,6.69,334.66,34.05
441,CELL_002,361.31,0.452,0,35.39,453.43,80.13
441,CELL_003,145.26,0.182,0,37.71,225.43,27.71
441,CELL_004,114.27,0.143,0,37.04,454.85,27.37
441,CELL_005,641.72,0.802,0,36.24,454.27,115.11
441,CELL_006,314.56,0.393,0,26.39,438.4,22.32
442,CELL_000,193.95,0.242,0,4.51,424.7,35.86
442,CELL_001,307.13,0.384,0,4.96,370.54,64.58
442,CELL_002,229.61,0.287,0,23.15,319.43,34.8
442,CELL_003,724.73,0.906,0,16.07,444.67,143.53
442,CELL_004,341.76,0.427,0,32.76,217.67,60.67
442,CELL_005,168.93,0.211,0,1.71,398.41,35.35
442,CELL_006,709.16,0.886,0,11.65,371.08,119.18
443,CELL_000,107.72,0.135,0,36.1,380.01,22.77
443,CELL_001,477.72,0.597,0,12.28,219.38,80.72
443,CELL_002,393.8,0.492,0,10.8,388.43,69.94
443,CELL_003,731.85,0.915,0,11.88,226.73,138.83
443,CELL_004,272.75,0.341,0,0.59,442.57,63.69
443,CELL_005,350.38,0.438,0,21.79,278.81,82.55
443,CELL_006,619.03,0.774,0,10.47,255.99,129.6
444,CELL_000,254.49,0.318,0,3.52,321.33,42.92
444,CELL_001,555.69,0.695,0,17.45,434.21,89.35
444,CELL_002,612.27,0.765,0,34.23,367.31,147.24
444,CELL_003,583.46,0.729,0,11.84,359.49,100.55
444,CELL_004,383.7,0.48,0,27.12,340.03,24.52
444,CELL_005,195.25,0.244,0,10.9,388.82,25.91
444,CELL_006,367.61,0.46,0,24.37,297.16,56.25
445,CELL_000,163.9,0.205,0,13.05,310.98,24.13
445,CELL_001,113.63,0.142,0,23.75,370.37,27.97
445,CELL_002,585.48,0.732,0,16.69,411.93,145.53
445,CELL_003,428.76,0.536,0,22.07,210.72,39.0
445,CELL_004,426.28,0.533,0,8.75,412.98,28.23
445,CELL_005,591.65,0.74,0,5.08,404.84,120.26
445,CELL_006,353.88,0.442,0,30.53,466.31,43.54
446,CELL_000,556.32,0.695,0,31.68,392.06,57.64
446,CELL_001,84.82,0.106,0,33.28,360.58,16.24
446,CELL_002,109.09,0.136,0,4.3,367.91,24.15
446,CELL_003,651.79,0.815,0,0.2,435.85,77.65
446,CELL_004,514.96,0.644,0,35.54,427.95,115.0
446,CELL_005,681.28,0.852,0,14.23,229.69,75.28
446,CELL_006,379.68,0.475,0,37.47,244.11,61.0
447,CELL_000,548.02,0.685,0,36.16,329.4,37.28
447,CELL_001,360.74,0.451,0,10.78,217.28,82.1
447,CELL_002,684.99,0.856,0,37.91,348.23,119.72
447,CELL_003,441.68,0.552,0,15.79,219.39,82.11
447,CELL_004,123.93,0.155,0,23.21,456.63,15.61
447,CELL_005,741.92,0.927,0,23.35,283.04,52.9
447,CELL_006,703.83,0.88,0,23.88,284.39,48.01
448,CELL_000,608.89,0.761,0,7.14,385.83,46.41
448,CELL_001,511.27,0.639,0,9.6,453.09,73.63
448,CELL_002,491.12,0.614,0,11.32,409.85,54.15
448,CELL_003,314.43,0.393,0,5.17,455.2,57.61
448,CELL_004,235.39,0.294,0,32.62,293.48,28.2
448,CELL_005,569.49,0.712,0,30.69,460.66,119.81
448,CELL_006,475.25,0.594,0,37.41,394.89,64.27
449,CELL_000,680.43,0.851,0,32.29,257.82,125.76
449,CELL_001,207.05,0.259,0,8.06,344.41,38.31
449,CELL_002,244.83,0.306,0,4.89,360.84,34.29
449,CELL_003,557.97,0.697,0,28.25,417.29,125.1
449,CELL_004,121.43,0.152,0,20.32,347.96,14.52
449,CELL_005,431.21,0.539,0,2.7,371.02,27.18
449,CELL_006,405.44,0.507,0,20.0,235.62,46.78
450,CELL_000,758.09,0.948,0,6.09,475.57,58.52
450,CELL_001,127.28,0.159,0,14.8,343.47,31.38
450,CELL_002,231.18,0.289,0,6.39,368.68,43.87
450,CELL_003,601.47,0.752,0,9.46,335.04,64.47
450,CELL_004,542.95,0.679,0,16.26,485.01,108.52
450,CELL_005,271.5,0.339,0,39.2,211.6,28.85
450,CELL_006,394.5,0.493,0,1.15,463.78,31.96
451,CELL_000,631.64,0.79,0,28.4,420.76,95.59
451,CELL_001,651.97,0.815,0,30.23,213.36,54.24
451,CELL_002,258.55,0.323,0,26.51,331.34,28.01
451,CELL_003,172.8,0.216,0,16.98,263.32,40.26
451,CELL_004,657.94,0.822,0,7.73,430.69,159.9
451,CELL_005,151.24,0.189,0,39.74,298.1,32.89
451,CELL_006,309.64,0.387,0,17.05,203.54,68.99
452,CELL_000,481.55,0.602,0,13.88,240.02,88.06
452,CELL_001,633.81,0.792,0,38.14,351.99,60.15
452,CELL_002,303.37,0.379,0,37.49,430.01,22.45
452,CELL_003,719.08,0.899,0,13.17,368.65,136.84
452,CELL_004,346.12,0.433,0,25.12,203.82,22.38
452,CELL_005,428.86,0.536,0,24.39,274.81,78.26
452,CELL_006,337.34,0.422,0,29.04,327.0,54.83
453,CELL_000,665.7,0.832,0,33.9,368.99,48.72
453,CELL_001,488.64,0.611,0,1.91,272.63,99.36
453,CELL_002,688.17,0.86,0,25.09,401.23,104.71
453,CELL_003,631.62,0.79,0,13.86,336.57,152.34
453,CELL_004,677.03,0.846,0,16.21,412.34,150.8
453,CELL_005,566.37,0.708,0,35.66,296.64,56.42
453,CELL_006,732.81,0.916,0,23.33,244.57,136.08
454,CELL_000,229.28,0.287,0,36.63,312.91,32.26
454,CELL_001,494.01,0.618,0,34.51,320.41,106.74
454,CELL_002,658.36,0.823,0,32.62,403.72,45.01
454,CELL_003,410.13,0.513,0,20.24,442.05,40.67
454,CELL_004,299.0,0.374,0,9.28,458.61,65.09
454,CELL_005,579.43,0.724,0,25.94,348.92,136.79
454,CELL_006,349.52,0.437,0,8.79,222.41,34.7
455,CELL_000,757.32,0.947,0,17.66,485.86,175.91
455,CELL_001,225.08,0.281,0,34.71,230.69,42.16
455,CELL_002,431.02,0.539,0,25.33,396.02,76.7
455,CELL_003,727.83,0.91,0,28.59,471.52,136.37
455,CELL_004,218.22,0.273,0,7.14,467.13,39.42
455,CELL_005,706.57,0.883,0,21.64,428.33,55.67
455,CELL_006,492.84,0.616,0,24.57,473.07,88.63
456,CELL_000,359.88,0.45,0,25.35,272.52,84.48
456,CELL_001,336.29,0.42,0,5.9,409.58,82.15
456,CELL_002,466.59,0.583,0,38.4,360.11,34.26
456,CELL_003,628.08,0.785,0,27.28,269.96,71.64
456,CELL_004,492.36,0.615,0,19.8,223.49,99.19
456,CELL_005,469.77,0.587,0,0.22,282.48,71.8
456,CELL_006,493.86,0.617,0,37.16,316.94,91.04
457,CELL_000,442.56,0.553,0,0.55,475.01,89.79
457,CELL_001,569.08,0.711,0,15.15,348.69,71.09
457,CELL_002,216.56,0.271,0,13.01,336.38,42.57
457,CELL_003,400.05,0.5,0,20.3,470.15,84.5
457,CELL_004,111.81,0.14,0,13.39,414.61,13.63
457,CELL_005,507.44,0.634,0,31.33,206.06,76.68
457,CELL_006,96.27,0.12,0,9.05,478.04,9.61
458,CELL_000,704.5,0.881,0,1.14,297.07,110.36
458,CELL_001,391.18,0.489,0,35.03,409.01,55.98
458,CELL_002,488.27,0.61,0,13.55,299.88,112.14
458,CELL_003,353.34,0.442,0,13.18,266.59,87.53
458,CELL_004,604.99,0.756,0,8.91,264.92,123.26
458,CELL_005,269.75,0.337,0,28.24,445.54,35.18
458,CELL_006,358.77,0.448,0,32.71,412.99,44.14
459,CELL_000,349.46,0.437,0,9.71,341.43,64.02
459,CELL_001,101.2,0.127,0,37.6,313.61,6.5
459,CELL_002,506.51,0.633,0,14.72,356.8,41.22
459,CELL_003,712.99,0.891,0,34.0,265.35,55.96
459,CELL_004,107.92,0.135,0,22.25,426.92,14.84
459,CELL_005,305.19,0.381,0,12.5,459.23,57.88
459,CELL_006,185.99,0.232,0,21.11,435.59,44.89
460,CELL_000,446.6,0.558,0,11.9,225.16,80.47
460,CELL_001,545.29,0.682,0,10.54,409.79,81.95
460,CELL_002,515.3,0.644,0,1.63,443.05,113.98
460,CELL_003,200.26,0.25,0,26.21,307.66,16.75
460,CELL_004,388.45,0.486,0,13.09,482.79,48.93
460,CELL_005,189.83,0.237,0,3.82,280.99,12.47
460,CELL_006,629.22,0.787,0,13.06,286.02,98.56
461,CELL_000,220.96,0.276,0,32.12,433.87,30.69
461,CELL_001,107.21,0.134,0,10.8,271.53,25.33
461,CELL_002,474.66,0.593,0,34.17,418.6,45.43
461,CELL_003,556.65,0.696,0,8.9,437.16,72.19
461,CELL_004,218.27,0.273,0,38.26,233.96,50.66
461,CELL_005,50.0,0.109,1,36.78,390.68,21.26
461,CELL_006,579.29,0.724,0,13.96,352.96,45.77
462,CELL_000,444.37,0.555,0,9.48,204.85,92.57
462,CELL_001,621.74,0.777,0,17.71,478.1,96.24
462,CELL_002,288.22,0.36,0,1.64,366.64,59.14
462,CELL_003,203.85,0.255,0,25.96,341.21,21.41
462,CELL_004,451.01,0.564,0,35.14,250.06,83.89
462,CELL_005,733.66,0.917,0,5.0,204.49,66.9
462,CELL_006,179.01,0.224,0,8.12,388.61,11.67
463,CELL_000,420.39,0.525,0,38.88,483.06,58.43
463,CELL_001,367.92,0.46,0,2.49,373.37,35.81
463,CELL_002,238.72,0.298,0,32.49,341.56,44.71
463,CELL_003,483.3,0.604,0,27.38,309.79,48.62
463,CELL_004,190.3,0.238,0,32.94,231.37,27.58
463,CELL_005,313.93,0.392,0,4.78,322.82,72.72
463,CELL_006,356.87,0.446,0,16.54,230.86,64.01
464,CELL_000,232.03,0.29,0,33.82,461.99,27.6
464,CELL_001,552.33,0.69,0,14.83,275.22,63.93
464,CELL_002,323.7,0.405,0,34.01,216.2,26.99
464,CELL_003,370.58,0.463,0,17.57,343.08,27.4
464,CELL_004,696.94,0.871,0,6.36,379.75,77.22
464,CELL_005,609.69,0.762,0,26.44,330.81,103.1
464,CELL_006,286.4,0.358,0,7.04,420.97,52.43
465,CELL_000,99.86,0.125,0,3.9,467.04,8.96
465,CELL_001,373.07,0.466,0,13.53,297.96,92.63
465,CELL_002,514.33,0.643,0,12.87,241.27,91.12
465,CELL_003,441.66,0.552,0,25.57,279.97,95.64
465,CELL_004,174.08,0.218,0,38.58,425.7,20.34
465,CELL_005,740.54,0.926,0,10.48,360.11,181.86
465,CELL_006,703.05,0.879,0,25.91,268.93,145.81
466,CELL_000,567.98,0.71,0,31.96,241.32,78.62
466,CELL_001,267.33,0.334,0,1.1,452.96,57.48
466,CELL_002,516.65,0.646,0,20.54,327.66,86.21
466,CELL_003,396.35,0.495,0,3.26,252.78,49.11
466,CELL_004,729.46,0.912,0,24.22,357.9,146.09
466,CELL_005,287.47,0.359,0,14.68,387.33,40.69
466,CELL_006,665.6,0.832,0,20.54,424.47,109.15
467,CELL_000,270.58,0.338,0,1.75,374.89,46.99
467,CELL_001,728.25,0.91,0,27.47,294.43,151.34
467,CELL_002,491.3,0.614,0,9.1,304.51,115.1
467,CELL_003,84.23,0.105,0,12.85,330.18,5.95
467,CELL_004,573.51,0.717,0,25.2,297.44,103.11
467,CELL_005,587.47,0.734,0,14.9,433.15,48.88
467,CELL_006,532.96,0.666,0,25.61,259.71,60.71
468,CELL_000,445.7,0.557,0,11.09,343.85,53.39
468,CELL_001,518.39,0.648,0,27.78,481.89,99.03
468,CELL_002,252.45,0.316,0,35.92,365.21,48.27
468,CELL_003,108.13,0.135,0,32.49,342.76,26.84
468,CELL_004,553.99,0.692,0,15.57,253.08,62.57
468,CELL_005,259.89,0.325,0,10.15,251.18,50.98
468,CELL_006,177.79,0.222,0,38.35,461.11,23.37
469,CELL_000,286.33,0.358,0,14.55,335.37,42.22
469,CELL_001,487.66,0.61,0,25.98,434.38,68.91
469,CELL_002,268.5,0.336,0,12.92,490.12,36.77
469,CELL_003,657.17,0.821,0,27.2,362.62,94.44
469,CELL_004,226.49,0.283,0,10.62,415.48,16.79
469,CELL_005,128.64,0.161,0,21.76,480.55,15.3
469,CELL_006,381.37,0.477,0,1.63,268.14,68.25
470,CELL_000,302.21,0.378,0,15.92,414.28,69.82
470,CELL_001,367.55,0.459,0,7.92,212.31,61.58
470,CELL_002,461.28,0.577,0,15.04,307.23,47.48
470,CELL_003,188.67,0.236,0,36.44,321.5,35.57
470,CELL_004,133.52,0.167,0,8.42,291.7,27.04
470,CELL_005,486.18,0.608,0,14.15,409.37,85.49
470,CELL_006,714.41,0.893,0,11.63,321.08,85.33
471,CELL_000,261.45,0.327,0,13.74,373.38,28.61
471,CELL_001,721.16,0.901,0,17.84,297.73,140.59
471,CELL_002,677.76,0.847,0,24.81,473.87,162.63
471,CELL_003,106.44,0.133,0,12.06,357.43,9.56
471,CELL_004,262.82,0.329,0,28.27,352.95,23.83
471,CELL_005,275.13,0.344,0,19.9,326.65,64.59
471,CELL_006,96.39,0.12,0,6.0,469.99,20.06
472,CELL_000,50.0,0.134,1,35.94,484.49,15.41
472,CELL_001,169.22,0.212,0,2.63,271.52,33.41
472,CELL_002,674.18,0.843,0,5.54,305.94,154.83
472,CELL_003,542.24,0.678,0,20.53,480.36,83.68
472,CELL_004,632.61,0.791,0,5.69,476.89,150.72
472,CELL_005,554.42,0.693,0,26.41,209.59,47.9
472,CELL_006,409.58,0.512,0,2.83,365.52,84.68
473,CELL_000,697.29,0.872,0,7.02,458.85,80.86
473,CELL_001,256.19,0.32,0,12.36,205.98,56.36
473,CELL_002,563.39,0.704,0,19.83,465.01,139.49
473,CELL_003,305.57,0.382,0,11.91,451.2,59.02
473,CELL_004,443.48,0.554,0,18.94,233.91,53.23
473,CELL_005,415.2,0.519,0,26.55,396.68,41.43
473,CELL_006,620.26,0.775,0,5.5,282.37,107.69
474,CELL_000,656.5,0.821,0,5.37,283.18,127.4
474,CELL_001,177.7,0.222,0,36.33,243.99,11.18
474,CELL_002,676.37,0.845,0,12.35,242.59,102.66
474,CELL_003,447.68,0.56,0,26.12,288.18,35.44
474,CELL_004,593.83,0.742,0,28.31,277.66,119.56
474,CELL_005,137.72,0.172,0,39.58,269.67,24.78
474,CELL_006,322.36,0.403,0,2.27,443.29,20.95
475,CELL_000,50.0,0.107,1,38.15,419.0,10.31
475,CELL_001,583.69,0.73,0,21.83,458.75,42.66
475,CELL_002,491.4,0.614,0,38.96,266.72,46.26
475,CELL_003,236.44,0.296,0,2.02,458.65,27.07
475,CELL_004,181.14,0.226,0,21.93,366.69,22.95
475,CELL_005,738.25,0.923,0,14.34,472.21,113.99
475,CELL_006,296.05,0.37,0,8.63,295.22,51.08
476,CELL_000,409.22,0.512,0,6.99,410.0,39.7
476,CELL_001,354.64,0.443,0,13.15,205.7,34.84
476,CELL_002,331.36,0.414,0,6.69,224.83,56.08
476,CELL_003,600.6,0.751,0,31.44,355.91,77.43
476,CELL_004,144.42,0.181,0,1.88,346.31,32.11
476,CELL_005,561.4,0.702,0,18.3,214.2,48.22
476,CELL_006,517.36,0.647,0,28.52,459.22,80.6
477,CELL_000,673.1,0.841,0,21.78,228.58,149.53
477,CELL_001,133.58,0.167,0,19.56,383.14,19.93
477,CELL_002,177.8,0.222,0,21.62,331.43,42.52
477,CELL_003,600.22,0.75,0,24.58,498.94,52.06
477,CELL_004,100.71,0.126,0,32.08,343.36,15.21
477,CELL_005,306.22,0.383,0,5.94,224.02,73.59
477,CELL_006,251.05,0.314,0,10.43,332.22,48.44
478,CELL_000,512.49,0.641,0,16.27,413.91,32.77
478,CELL_001,636.19,0.795,0,25.62,453.07,85.38
478,CELL_002,624.52,0.781,0,2.26,283.64,89.32
478,CELL_003,657.52,0.822,0,17.5,303.29,148.24
478,CELL_004,338.37,0.423,0,34.89,483.93,36.39
478,CELL_005,507.39,0.634,0,30.72,368.4,91.61
478,CELL_006,609.54,0.762,0,34.39,411.44,103.77
479,CELL_000,260.81,0.326,0,36.4,372.97,37.89
479,CELL_001,397.44,0.497,0,11.47,350.27,61.13
479,CELL_002,101.4,0.127,0,16.72,378.01,13.14
479,CELL_003,427.82,0.535,0,24.19,425.72,59.15
479,CELL_004,692.99,0.866,0,14.51,283.65,68.03
479,CELL_005,146.23,0.183,0,28.56,473.89,13.41
479,CELL_006,234.05,0.293,0,17.78,305.31,15.06
480,CELL_000,129.5,0.162,0,7.28,495.15,13.15
480,CELL_001,431.14,0.539,0,26.75,441.91,80.52
480,CELL_002,194.0,0.242,0,21.6,295.25,29.21
480,CELL_003,327.13,0.409,0,15.22,394.39,63.44
480,CELL_004,743.71,0.93,0,23.29,461.23,120.69
480,CELL_005,596.73,0.746,0,39.75,436.53,127.47
480,CELL_006,670.67,0.838,0,12.93,447.11,76.72
481,CELL_000,111.04,0.139,0,17.48,324.41,17.47
481,CELL_001,419.25,0.524,0,13.79,257.89,59.56
481,CELL_002,174.03,0.218,0,2.49,457.85,28.13
481,CELL_003,222.13,0.278,0,21.42,455.65,54.61
481,CELL_004,221.86,0.277,0,17.37,457.76,39.1
481,CELL_005,617.39,0.772,0,9.1,305.32,150.23
481,CELL_006,694.04,0.868,0,33.13,479.19,82.05
482,CELL_000,189.87,0.237,0,28.12,333.4,37.53
482,CELL_001,662.09,0.828,0,13.0,432.63,156.59
482,CELL_002,413.36,0.517,0,5.38,297.56,30.11
482,CELL_003,89.65,0.112,0,28.87,379.62,20.38
482,CELL_004,451.67,0.565,0,39.8,350.38,39.17
482,CELL_005,121.82,0.152,0,37.23,354.63,23.51
482,CELL_006,195.04,0.244,0,19.07,343.44,35.95
483,CELL_000,88.87,0.111,0,38.72,321.57,18.66
483,CELL_001,307.16,0.384,0,14.9,394.03,45.14
483,CELL_002,507.2,0.634,0,4.93,384.19,67.29
483,CELL_003,523.1,0.654,0,30.42,372.13,123.06
483,CELL_004,266.43,0.333,0,29.63,459.47,58.02
483,CELL_005,50.0,0.118,1,22.73,401.56,17.4
483,CELL_006,189.35,0.237,0,37.69,440.71,46.02
484,CELL_000,336.12,0.42,0,8.0,397.95,75.87
484,CELL_001,447.33,0.559,0,39.81,425.07,28.47
484,CELL_002,330.3,0.413,0,3.55,332.67,47.08
484,CELL_003,666.83,0.834,0,23.45,497.86,149.21
484,CELL_004,275.22,0.344,0,23.17,495.43,33.87
484,CELL_005,394.58,0.493,0,19.03,228.39,91.86
484,CELL_006,109.82,0.137,0,29.71,453.73,18.62
485,CELL_000,405.36,0.507,0,38.36,479.3,86.36
485,CELL_001,547.99,0.685,0,15.58,305.17,50.58
485,CELL_002,756.25,0.945,0,15.65,437.64,69.58
485,CELL_003,437.63,0.547,0,14.47,484.28,88.97
485,CELL_004,50.0,0.149,1,1.93,234.01,10.15
485,CELL_005,468.57,0.586,0,30.91,278.6,35.36
485,CELL_006,213.91,0.267,0,18.98,226.42,52.78
486,CELL_000,257.55,0.322,0,30.91,467.05,38.49
486,CELL_001,373.85,0.467,0,12.5,386.07,79.96
486,CELL_002,192.79,0.241,0,1.66,489.76,34.34
486,CELL_003,194.68,0.243,0,8.44,468.12,25.95
486,CELL_004,690.77,0.863,0,30.77,322.37,76.86
486,CELL_005,118.21,0.148,0,15.59,375.13,9.53
486,CELL_006,213.64,0.267,0,37.85,219.88,37.64
487,CELL_000,698.47,0.873,0,23.95,436.95,100.87
487,CELL_001,492.65,0.616,0,35.85,361.69,36.26
487,CELL_002,668.61,0.836,0,31.57,305.82,72.4
487,CELL_003,486.17,0.608,0,33.84,210.97,104.54
487,CELL_004,105.36,0.132,0,4.77,278.92,21.63
487,CELL_005,200.19,0.25,0,5.83,448.38,25.87
487,CELL_006,543.49,0.679,0,39.03,224.52,49.45
488,CELL_000,309.48,0.387,0,33.91,313.1,48.31
488,CELL_001,481.74,0.602,0,2.92,218.2,83.53
488,CELL_002,497.39,0.622,0,37.48,466.4,85.4
488,CELL_003,378.6,0.473,0,6.59,473.93,67.6
488,CELL_004,162.02,0.203,0,2.91,327.77,19.51
488,CELL_005,390.95,0.489,0,37.1,381.67,67.2
488,CELL_006,190.37,0.238,0,33.24,293.49,16.76
489,CELL_000,442.05,0.553,0,29.29,467.23,33.35
489,CELL_001,692.06,0.865,0,17.71,450.87,44.38
489,CELL_002,98.98,0.124,0,39.41,368.97,11.75
489,CELL_003,697.86,0.872,0,30.26,449.7,169.84
489,CELL_004,548.68,0.686,0,12.38,286.95,129.86
489,CELL_005,203.42,0.254,0,31.47,402.41,27.77
489,CELL_006,447.11,0.559,0,26.78,261.13,60.96
490,CELL_000,558.93,0.699,0,27.84,268.08,63.3
490,CELL_001,758.54,0.948,0,18.17,246.25,144.07
490,CELL_002,147.13,0.184,0,31.61,460.46,25.8
490,CELL_003,556.5,0.696,0,16.17,342.78,98.44
490,CELL_004,264.48,0.331,0,27.25,364.19,37.75
490,CELL_005,580.69,0.726,0,28.5,374.69,116.17
490,CELL_006,442.14,0.553,0,30.89,353.28,65.82
491,CELL_000,521.38,0.652,0,26.98,331.16,71.72
491,CELL_001,492.84,0.616,0,31.3,417.75,93.64
491,CELL_002,561.02,0.701,0,6.81,311.53,50.78
491,CELL_003,752.71,0.941,0,37.17,281.75,59.83
491,CELL_004,391.23,0.489,0,32.74,343.38,89.84
491,CELL_005,455.18,0.569,0,20.36,391.53,34.37
491,CELL_006,633.91,0.792,0,30.59,487.5,132.37
492,CELL_000,447.51,0.559,0,9.46,343.98,86.12
492,CELL_001,177.59,0.222,0,1.77,338.25,35.13
492,CELL_002,253.45,0.317,0,33.42,445.18,46.11
492,CELL_003,412.86,0.516,0,4.71,339.67,46.0
492,CELL_004,416.67,0.521,0,27.71,338.42,45.17
492,CELL_005,285.01,0.356,0,29.08,253.82,51.41
492,CELL_006,574.51,0.718,0,19.08,257.14,126.74
493,CELL_000,558.75,0.698,0,24.3,485.07,127.47
493,CELL_001,250.77,0.313,0,26.77,448.43,42.4
493,CELL_002,121.49,0.152,0,31.35,234.65,25.64
493,CELL_003,603.58,0.754,0,28.39,297.34,55.78
493,CELL_004,637.72,0.797,0,13.37,491.02,119.71
493,CELL_005,198.14,0.248,0,30.78,238.82,47.1
493,CELL_006,160.63,0.201,0,36.23,256.95,20.31
494,CELL_000,711.01,0.889,0,21.14,321.15,162.3
494,CELL_001,373.54,0.467,0,36.6,463.4,82.9
494,CELL_002,483.51,0.604,0,39.9,436.6,46.79
494,CELL_003,528.08,0.66,0,7.78,238.35,85.6
494,CELL_004,370.18,0.463,0,12.87,278.07,52.14
494,CELL_005,586.92,0.734,0,16.79,269.64,96.06
494,CELL_006,570.56,0.713,0,0.33,327.56,93.64
495,CELL_000,518.44,0.648,0,17.58,427.45,121.53
495,CELL_001,581.84,0.727,0,21.47,431.4,53.26
495,CELL_002,252.68,0.316,0,17.42,296.57,25.31
495,CELL_003,160.88,0.201,0,17.24,276.53,11.34
495,CELL_004,176.32,0.22,0,26.51,492.03,24.36
495,CELL_005,692.64,0.866,0,3.03,274.96,101.97
495,CELL_006,412.94,0.516,0,11.85,488.05,89.11
496,CELL_000,360.53,0.451,0,12.89,258.17,60.04
496,CELL_001,410.36,0.513,0,8.78,463.73,49.09
496,CELL_002,322.19,0.403,0,6.9,351.66,44.4
496,CELL_003,140.03,0.175,0,39.46,300.02,15.84
496,CELL_004,347.46,0.434,0,0.46,304.09,42.0
496,CELL_005,356.94,0.446,0,23.48,435.19,48.59
496,CELL_006,112.44,0.141,0,6.25,346.09,9.71
497,CELL_000,531.57,0.664,0,12.85,274.35,54.36
497,CELL_001,408.68,0.511,0,11.64,479.39,58.2
497,CELL_002,743.51,0.929,0,15.81,435.55,90.76
497,CELL_003,132.42,0.166,0,35.53,223.13,24.27
497,CELL_004,295.0,0.369,0,19.54,336.89,31.26
497,CELL_005,412.54,0.516,0,19.26,330.58,101.46
497,CELL_006,714.0,0.893,0,18.65,387.81,168.37
498,CELL_000,94.37,0.118,0,30.37,394.11,14.51
498,CELL_001,341.81,0.427,0,34.25,480.21,69.79
498,CELL_002,469.17,0.586,0,17.0,476.26,86.5
498,CELL_003,733.73,0.917,0,22.63,436.02,149.88
498,CELL_004,372.58,0.466,0,0.57,294.67,91.48
498,CELL_005,135.4,0.169,0,38.09,260.71,16.65
498,CELL_006,93.04,0.116,0,25.75,478.18,13.98
499,CELL_000,571.44,0.714,0,29.86,219.46,106.49
499,CELL_001,480.71,0.601,0,14.89,406.34,40.8
499,CELL_002,576.35,0.72,0,33.38,282.6,108.15
499,CELL_003,136.72,0.171,0,5.01,280.81,26.07
499,CELL_004,141.76,0.177,0,0.1,449.82,15.07
499,CELL_005,682.62,0.853,0,28.96,317.4,42.99
499,CELL_006,627.3,0.784,0,31.73,330.87,98.69
