timestamp,ue_id,cell_id,x_m,y_m,velocity_mps,direction_deg,neighbor_cells,rsrp_dbm,handover_pending
0,UE_0000,CELL_003,556.19,346.95,36.29,142.93,"[""CELL_004"", ""CELL_005"", ""CELL_006""]",-107.07,0
5,UE_0000,CELL_003,553.29,349.14,36.29,142.93,"[""CELL_004"", ""CELL_005"", ""CELL_006""]",-94.44,0
10,UE_0000,CELL_003,550.4,351.33,36.29,142.93,"[""CELL_004"", ""CELL_005"", ""CELL_006""]",-84.37,1
15,UE_0000,CELL_003,547.5,353.51,36.29,142.93,"[""CELL_004"", ""CELL_005"", ""CELL_006""]",-95.33,0
20,UE_0000,CELL_003,544.61,355.7,36.29,142.93,"[""CELL_004"", ""CELL_005"", ""CELL_006""]",-84.83,0
25,UE_0000,CELL_003,541.71,357.89,36.29,142.93,"[""CELL_004"", ""CELL_005"", ""CELL_006""]",-105.78,0
30,UE_0000,CELL_003,538.82,360.07,36.29,142.93,"[""CELL_004"", ""CELL_005"", ""CELL_006""]",-98.77,0
35,UE_0000,CELL_003,535.92,362.26,36.29,142.93,"[""CELL_004"", ""CELL_005"", ""CELL_006""]",-77.68,0
40,UE_0000,CELL_003,533.03,364.45,36.29,142.93,"[""CELL_004"", ""CELL_005"", ""CELL_006""]",-81.43,0
45,UE_0000,CELL_003,530.13,366.63,36.29,142.93,"[""CELL_004"", ""CELL_005"", ""CELL_006""]",-89.18,0
50,UE_0000,CELL_003,527.24,368.82,36.29,142.93,"[""CELL_004"", ""CELL_005"", ""CELL_006""]",-106.28,0
55,UE_0000,CELL_003,524.34,371.01,36.29,142.93,"[""CELL_004"", ""CELL_005"", ""CELL_006""]",-77.92,0
60,UE_0000,CELL_003,521.44,373.2,36.29,142.93,"[""CELL_004"", ""CELL_005"", ""CELL_006""]",-84.8,0
65,UE_0000,CELL_003,518.55,375.38,36.29,142.93,"[""CELL_004"", ""CELL_005"", ""CELL_006""]",-80.32,0
70,UE_0000,CELL_003,515.65,377.57,36.29,142.93,"[""CELL_004"", ""CELL_005"", ""CELL_006""]",-86.45,0
75,UE_0000,CELL_003,512.76,379.76,36.29,142.93,"[""CELL_004"", ""CELL_005"", ""CELL_006""]",-92.65,0
80,UE_0000,CELL_003,509.86,381.94,36.29,142.93,"[""CELL_004"", ""CELL_005"", ""CELL_006""]",-93.24,0
85,UE_0000,CELL_003,506.97,384.13,36.29,142.93,"[""CELL_004"", ""CELL_005"", ""CELL_006""]",-76.9,0
90,UE_0000,CELL_003,504.07,386.32,36.29,142.93,"[""CELL_004"", ""CELL_005"", ""CELL_006""]",-99.77,0
95,UE_0000,CELL_003,501.18,388.51,36.29,142.93,"[""CELL_004"", ""CELL_005"", ""CELL_006""]",-86.38,0
100,UE_0000,CELL_003,498.28,390.69,36.29,142.93,"[""CELL_004"", ""CELL_005"", ""CELL_006""]",-92.66,0
105,UE_0000,CELL_003,495.39,392.88,36.29,142.93,"[""CELL_004"", ""CELL_005"", ""CELL_006""]",-92.77,0
110,UE_0000,CELL_003,492.49,395.07,36.29,142.93,"[""CELL_004"", ""CELL_005"", ""CELL_006""]",-100.06,0
115,UE_0000,CELL_003,489.6,397.25,36.29,142.93,"[""CELL_004"", ""CELL_005"", ""CELL_006""]",-91.46,0
120,UE_0000,CELL_003,486.7,399.44,36.29,142.93,"[""CELL_004"", ""CELL_005"", ""CELL_006""]",-78.47,0
125,UE_0000,CELL_003,483.8,401.63,36.29,142.93,"[""CELL_004"", ""CELL_005"", ""CELL_006""]",-80.06,0
130,UE_0000,CELL_003,480.91,403.81,36.29,142.93,"[""CELL_004"", ""CELL_005"", ""CELL_006""]",-90.19,1
135,UE_0000,CELL_003,478.01,406.0,36.29,142.93,"[""CELL_004"", ""CELL_005"", ""CELL_006""]",-101.66,0
140,UE_0000,CELL_003,475.12,408.19,36.29,142.93,"[""CELL_004"", ""CELL_005"", ""CELL_006""]",-100.78,0
145,UE_0000,CELL_003,472.22,410.38,36.29,142.93,"[""CELL_004"", ""CELL_005"", ""CELL_006""]",-103.56,0
150,UE_0000,CELL_003,469.33,412.56,36.29,142.93,"[""CELL_004"", ""CELL_005"", ""CELL_006""]",-85.04,0
155,UE_0000,CELL_003,466.43,414.75,36.29,142.93,"[""CELL_004"", ""CELL_005"", ""CELL_006""]",-120.77,0
160,UE_0000,CELL_003,463.54,416.94,36.29,142.93,"[""CELL_004"", ""CELL_005"", ""CELL_006""]",-70.49,0
165,UE_0000,CELL_003,460.64,419.12,36.29,142.93,"[""CELL_004"", ""CELL_005"", ""CELL_006""]",-110.23,0
170,UE_0000,CELL_003,457.75,421.31,36.29,142.93,"[""CELL_004"", ""CELL_005"", ""CELL_006""]",-77.77,0
175,UE_0000,CELL_003,454.85,423.5,36.29,142.93,"[""CELL_004"", ""CELL_005"", ""CELL_006""]",-93.76,1
180,UE_0000,CELL_003,451.96,425.69,36.29,142.93,"[""CELL_004"", ""CELL_005"", ""CELL_006""]",-94.21,0
185,UE_0000,CELL_003,449.06,427.87,36.29,142.93,"[""CELL_004"", ""CELL_005"", ""CELL_006""]",-96.87,0
190,UE_0000,CELL_003,446.17,430.06,36.29,142.93,"[""CELL_004"", ""CELL_005"", ""CELL_006""]",-88.4,0
195,UE_0000,CELL_003,443.27,432.25,36.29,142.93,"[""CELL_004"", ""CELL_005"", ""CELL_006""]",-95.54,0
200,UE_0000,CELL_003,440.37,434.43,36.29,142.93,"[""CELL_004"", ""CELL_005"", ""CELL_006""]",-113.74,1
205,UE_0000,CELL_003,437.48,436.62,36.29,142.93,"[""CELL_004"", ""CELL_005"", ""CELL_006""]",-95.91,0
210,UE_0000,CELL_003,434.58,438.81,36.29,142.93,"[""CELL_004"", ""CELL_005"", ""CELL_006""]",-107.09,1
215,UE_0000,CELL_003,431.69,440.99,36.29,142.93,"[""CELL_004"", ""CELL_005"", ""CELL_006""]",-104.45,0
220,UE_0000,CELL_003,428.79,443.18,36.29,142.93,"[""CELL_004"", ""CELL_005"", ""CELL_006""]",-89.45,0
225,UE_0000,CELL_003,425.9,445.37,36.29,142.93,"[""CELL_004"", ""CELL_005"", ""CELL_006""]",-86.14,0
230,UE_0000,CELL_003,423.0,447.56,36.29,142.93,"[""CELL_004"", ""CELL_005"", ""CELL_006""]",-94.44,0
235,UE_0000,CELL_003,420.11,449.74,36.29,142.93,"[""CELL_004"", ""CELL_005"", ""CELL_006""]",-88.19,0
240,UE_0000,CELL_003,417.21,451.93,36.29,142.93,"[""CELL_004"", ""CELL_005"", ""CELL_006""]",-96.94,0
245,UE_0000,CELL_003,414.32,454.12,36.29,142.93,"[""CELL_004"", ""CELL_005"", ""CELL_006""]",-87.24,0
250,UE_0000,CELL_003,411.42,456.3,36.29,142.93,"[""CELL_004"", ""CELL_005"", ""CELL_006""]",-96.26,0
255,UE_0000,CELL_003,408.53,458.49,36.29,142.93,"[""CELL_004"", ""CELL_005"", ""CELL_006""]",-79.3,0
260,UE_0000,CELL_003,405.63,460.68,36.29,142.93,"[""CELL_004"", ""CELL_005"", ""CELL_006""]",-97.38,0
265,UE_0000,CELL_003,402.73,462.87,36.29,142.93,"[""CELL_004"", ""CELL_005"", ""CELL_006""]",-104.77,0
270,UE_0000,CELL_003,399.84,465.05,36.29,142.93,"[""CELL_004"", ""CELL_005"", ""CELL_006""]",-97.88,0
275,UE_0000,CELL_003,396.94,467.24,36.29,142.93,"[""CELL_004"", ""CELL_005"", ""CELL_006""]",-82.09,0
280,UE_0000,CELL_003,394.05,469.43,36.29,142.93,"[""CELL_004"", ""CELL_005"", ""CELL_006""]",-87.49,0
285,UE_0000,CELL_003,391.15,471.61,36.29,142.93,"[""CELL_004"", ""CELL_005"", ""CELL_006""]",-101.93,0
290,UE_0000,CELL_003,388.26,473.8,36.29,142.93,"[""CELL_004"", ""CELL_005"", ""CELL_006""]",-93.89,0
295,UE_0000,CELL_003,385.36,475.99,36.29,142.93,"[""CELL_004"", ""CELL_005"", ""CELL_006""]",-99.73,0
300,UE_0000,CELL_003,382.47,478.18,36.29,142.93,"[""CELL_004"", ""CELL_005"", ""CELL_006""]",-101.61,0
305,UE_0000,CELL_003,379.57,480.36,36.29,142.93,"[""CELL_004"", ""CELL_005"", ""CELL_006""]",-90.27,0
310,UE_0000,CELL_003,376.68,482.55,36.29,142.93,"[""CELL_004"", ""CELL_005"", ""CELL_006""]",-96.78,0
315,UE_0000,CELL_003,373.78,484.74,36.29,142.93,"[""CELL_004"", ""CELL_005"", ""CELL_006""]",-103.76,0
320,UE_0000,CELL_003,370.89,486.92,36.29,142.93,"[""CELL_004"", ""CELL_005"", ""CELL_006""]",-84.43,0
325,UE_0000,CELL_003,367.99,489.11,36.29,142.93,"[""CELL_004"", ""CELL_005"", ""CELL_006""]",-104.21,0
330,UE_0000,CELL_003,365.1,491.3,36.29,142.93,"[""CELL_004"", ""CELL_005"", ""CELL_006""]",-96.81,0
335,UE_0000,CELL_003,362.2,493.48,36.29,142.93,"[""CELL_004"", ""CELL_005"", ""CELL_006""]",-87.63,1
340,UE_0000,CELL_003,359.3,495.67,36.29,142.93,"[""CELL_004"", ""CELL_005"", ""CELL_006""]",-97.08,0
345,UE_0000,CELL_003,356.41,497.86,36.29,142.93,"[""CELL_004"", ""CELL_005"", ""CELL_006""]",-97.16,0
350,UE_0000,CELL_003,353.51,500.05,36.29,142.93,"[""CELL_004"", ""CELL_005"", ""CELL_006""]",-89.08,0
355,UE_0000,CELL_003,350.62,502.23,36.29,142.93,"[""CELL_004"", ""CELL_005"", ""CELL_006""]",-94.74,0
360,UE_0000,CELL_003,347.72,504.42,36.29,142.93,"[""CELL_004"", ""CELL_005"", ""CELL_006""]",-100.83,1
365,UE_0000,CELL_002,344.83,506.61,36.29,142.93,"[""CELL_003"", ""CELL_004"", ""CELL_005""]",-74.05,0
370,UE_0000,CELL_002,341.93,508.79,36.29,142.93,"[""CELL_003"", ""CELL_004"", ""CELL_005""]",-90.89,0
375,UE_0000,CELL_002,339.04,510.98,36.29,142.93,"[""CELL_003"", ""CELL_004"", ""CELL_005""]",-88.07,0
380,UE_0000,CELL_002,336.14,513.17,36.29,142.93,"[""CELL_003"", ""CELL_004"", ""CELL_005""]",-95.98,0
385,UE_0000,CELL_002,333.25,515.36,36.29,142.93,"[""CELL_003"", ""CELL_004"", ""CELL_005""]",-75.75,0
390,UE_0000,CELL_002,330.35,517.54,36.29,142.93,"[""CELL_003"", ""CELL_004"", ""CELL_005""]",-108.99,0
395,UE_0000,CELL_002,327.46,519.73,27.91,52.65,"[""CELL_003"", ""CELL_004"", ""CELL_005""]",-90.68,0
400,UE_0000,CELL_002,329.15,521.95,27.91,52.65,"[""CELL_003"", ""CELL_004"", ""CELL_005""]",-81.28,0
405,UE_0000,CELL_002,330.84,524.17,27.91,52.65,"[""CELL_003"", ""CELL_004"", ""CELL_005""]",-76.4,0
410,UE_0000,CELL_002,332.53,526.38,27.91,52.65,"[""CELL_003"", ""CELL_004"", ""CELL_005""]",-93.05,0
415,UE_0000,CELL_002,334.23,528.6,27.91,52.65,"[""CELL_003"", ""CELL_004"", ""CELL_005""]",-82.78,0
420,UE_0000,CELL_002,335.92,530.82,27.91,52.65,"[""CELL_003"", ""CELL_004"", ""CELL_005""]",-101.84,0
425,UE_0000,CELL_002,337.61,533.04,27.91,52.65,"[""CELL_003"", ""CELL_004"", ""CELL_005""]",-88.51,0
430,UE_0000,CELL_002,339.31,535.26,27.91,52.65,"[""CELL_003"", ""CELL_004"", ""CELL_005""]",-88.21,0
435,UE_0000,CELL_002,341.0,537.48,27.91,52.65,"[""CELL_003"", ""CELL_004"", ""CELL_005""]",-96.07,0
440,UE_0000,CELL_002,342.69,539.69,27.91,52.65,"[""CELL_003"", ""CELL_004"", ""CELL_005""]",-98.61,0
445,UE_0000,CELL_002,344.38,541.91,27.91,52.65,"[""CELL_003"", ""CELL_004"", ""CELL_005""]",-109.9,0
450,UE_0000,CELL_002,346.08,544.13,27.91,52.65,"[""CELL_003"", ""CELL_004"", ""CELL_005""]",-106.28,0
455,UE_0000,CELL_002,347.77,546.35,27.91,52.65,"[""CELL_003"", ""CELL_004"", ""CELL_005""]",-87.66,0
460,UE_0000,CELL_002,349.46,548.57,27.91,52.65,"[""CELL_003"", ""CELL_004"", ""CELL_005""]",-96.48,0
465,UE_0000,CELL_002,351.16,550.79,27.91,52.65,"[""CELL_003"", ""CELL_004"", ""CELL_005""]",-84.67,0
470,UE_0000,CELL_002,352.85,553.01,27.91,52.65,"[""CELL_003"", ""CELL_004"", ""CELL_005""]",-92.13,0
475,UE_0000,CELL_002,354.54,555.22,27.91,52.65,"[""CELL_003"", ""CELL_004"", ""CELL_005""]",-93.67,0
480,UE_0000,CELL_002,356.23,557.44,27.91,52.65,"[""CELL_003"", ""CELL_004"", ""CELL_005""]",-86.63,0
485,UE_0000,CELL_002,357.93,559.66,27.91,52.65,"[""CELL_003"", ""CELL_004"", ""CELL_005""]",-98.59,0
490,UE_0000,CELL_002,359.62,561.88,27.91,52.65,"[""CELL_003"", ""CELL_004"", ""CELL_005""]",-98.03,1
495,UE_0000,CELL_002,361.31,564.1,27.91,52.65,"[""CELL_003"", ""CELL_004"", ""CELL_005""]",-103.04,0
0,UE_0001,CELL_005,12.45,349.75,16.11,160.02,"[""CELL_006"", ""CELL_000"", ""CELL_001""]",-95.79,0
5,UE_0001,CELL_005,10.94,350.3,16.11,160.02,"[""CELL_006"", ""CELL_000"", ""CELL_001""]",-95.31,0
10,UE_0001,CELL_005,9.42,350.85,16.11,160.02,"[""CELL_006"", ""CELL_000"", ""CELL_001""]",-84.66,0
15,UE_0001,CELL_005,7.91,351.4,16.11,160.02,"[""CELL_006"", ""CELL_000"", ""CELL_001""]",-107.93,0
20,UE_0001,CELL_005,6.39,351.95,16.11,160.02,"[""CELL_006"", ""CELL_000"", ""CELL_001""]",-83.46,0
25,UE_0001,CELL_005,4.88,352.5,16.11,160.02,"[""CELL_006"", ""CELL_000"", ""CELL_001""]",-110.33,0
30,UE_0001,CELL_005,3.36,353.05,16.11,160.02,"[""CELL_006"", ""CELL_000"", ""CELL_001""]",-81.58,0
35,UE_0001,CELL_005,1.85,353.6,16.11,160.02,"[""CELL_006"", ""CELL_000"", ""CELL_001""]",-87.69,0
40,UE_0001,CELL_005,0.34,354.15,16.11,160.02,"[""CELL_006"", ""CELL_000"", ""CELL_001""]",-106.28,0
45,UE_0001,CELL_005,-1.18,354.71,16.11,160.02,"[""CELL_006"", ""CELL_000"", ""CELL_001""]",-91.76,0
50,UE_0001,CELL_005,-2.69,355.26,16.11,160.02,"[""CELL_006"", ""CELL_000"", ""CELL_001""]",-96.47,0
55,UE_0001,CELL_005,-4.21,355.81,16.11,160.02,"[""CELL_006"", ""CELL_000"", ""CELL_001""]",-89.36,0
60,UE_0001,CELL_005,-5.72,356.36,16.11,160.02,"[""CELL_006"", ""CELL_000"", ""CELL_001""]",-99.47,0
65,UE_0001,CELL_005,-7.24,356.91,16.11,160.02,"[""CELL_006"", ""CELL_000"", ""CELL_001""]",-73.29,0
70,UE_0001,CELL_005,-8.75,357.46,16.11,160.02,"[""CELL_006"", ""CELL_000"", ""CELL_001""]",-96.75,0
75,UE_0001,CELL_005,-10.26,358.01,16.11,160.02,"[""CELL_006"", ""CELL_000"", ""CELL_001""]",-91.18,0
80,UE_0001,CELL_005,-11.78,358.56,16.11,160.02,"[""CELL_006"", ""CELL_000"", ""CELL_001""]",-109.12,0
85,UE_0001,CELL_005,-13.29,359.11,16.11,160.02,"[""CELL_006"", ""CELL_000"", ""CELL_001""]",-91.48,0
90,UE_0001,CELL_005,-14.81,359.66,16.11,160.02,"[""CELL_006"", ""CELL_000"", ""CELL_001""]",-88.8,0
95,UE_0001,CELL_005,-16.32,360.21,16.11,160.02,"[""CELL_006"", ""CELL_000"", ""CELL_001""]",-96.53,1
100,UE_0001,CELL_005,-17.84,360.76,16.11,160.02,"[""CELL_006"", ""CELL_000"", ""CELL_001""]",-99.06,0
105,UE_0001,CELL_005,-19.35,361.31,16.11,160.02,"[""CELL_006"", ""CELL_000"", ""CELL_001""]",-88.36,0
110,UE_0001,CELL_005,-20.86,361.86,16.11,160.02,"[""CELL_006"", ""CELL_000"", ""CELL_001""]",-96.11,0
115,UE_0001,CELL_005,-22.38,362.41,16.11,160.02,"[""CELL_006"", ""CELL_000"", ""CELL_001""]",-89.82,0
120,UE_0001,CELL_005,-23.89,362.96,16.11,160.02,"[""CELL_006"", ""CELL_000"", ""CELL_001""]",-88.54,0
125,UE_0001,CELL_005,-25.41,363.51,16.11,160.02,"[""CELL_006"", ""CELL_000"", ""CELL_001""]",-105.35,0
130,UE_0001,CELL_005,-26.92,364.07,16.11,160.02,"[""CELL_006"", ""CELL_000"", ""CELL_001""]",-105.13,0
135,UE_0001,CELL_005,-28.44,364.62,16.11,160.02,"[""CELL_006"", ""CELL_000"", ""CELL_001""]",-90.46,0
140,UE_0001,CELL_005,-29.95,365.17,16.11,160.02,"[""CELL_006"", ""CELL_000"", ""CELL_001""]",-85.82,0
145,UE_0001,CELL_005,-31.46,365.72,16.11,160.02,"[""CELL_006"", ""CELL_000"", ""CELL_001""]",-82.52,0
150,UE_0001,CELL_005,-32.98,366.27,16.11,160.02,"[""CELL_006"", ""CELL_000"", ""CELL_001""]",-89.44,0
155,UE_0001,CELL_005,-34.49,366.82,16.11,160.02,"[""CELL_006"", ""CELL_000"", ""CELL_001""]",-85.06,0
160,UE_0001,CELL_005,-36.01,367.37,16.11,160.02,"[""CELL_006"", ""CELL_000"", ""CELL_001""]",-114.25,0
165,UE_0001,CELL_005,-37.52,367.92,16.11,160.02,"[""CELL_006"", ""CELL_000"", ""CELL_001""]",-99.46,0
170,UE_0001,CELL_005,-39.04,368.47,16.11,160.02,"[""CELL_006"", ""CELL_000"", ""CELL_001""]",-84.7,0
175,UE_0001,CELL_005,-40.55,369.02,16.11,160.02,"[""CELL_006"", ""CELL_000"", ""CELL_001""]",-106.78,1
180,UE_0001,CELL_005,-42.06,369.57,16.11,160.02,"[""CELL_006"", ""CELL_000"", ""CELL_001""]",-93.43,0
185,UE_0001,CELL_005,-43.58,370.12,16.11,160.02,"[""CELL_006"", ""CELL_000"", ""CELL_001""]",-98.99,0
190,UE_0001,CELL_005,-45.09,370.67,16.11,160.02,"[""CELL_006"", ""CELL_000"", ""CELL_001""]",-98.3,0
195,UE_0001,CELL_005,-46.61,371.22,16.11,160.02,"[""CELL_006"", ""CELL_000"", ""CELL_001""]",-84.18,0
200,UE_0001,CELL_005,-48.12,371.77,16.11,160.02,"[""CELL_006"", ""CELL_000"", ""CELL_001""]",-85.52,0
205,UE_0001,CELL_005,-49.64,372.32,16.11,160.02,"[""CELL_006"", ""CELL_000"", ""CELL_001""]",-101.95,0
210,UE_0001,CELL_005,-51.15,372.87,16.11,160.02,"[""CELL_006"", ""CELL_000"", ""CELL_001""]",-95.14,0
215,UE_0001,CELL_005,-52.66,373.43,16.11,160.02,"[""CELL_006"", ""CELL_000"", ""CELL_001""]",-107.09,0
220,UE_0001,CELL_005,-54.18,373.98,16.11,160.02,"[""CELL_006"", ""CELL_000"", ""CELL_001""]",-92.07,0
225,UE_0001,CELL_005,-55.69,374.53,16.11,160.02,"[""CELL_006"", ""CELL_000"", ""CELL_001""]",-94.18,0
230,UE_0001,CELL_005,-57.21,375.08,16.11,160.02,"[""CELL_006"", ""CELL_000"", ""CELL_001""]",-97.88,0
235,UE_0001,CELL_005,-58.72,375.63,16.11,160.02,"[""CELL_006"", ""CELL_000"", ""CELL_001""]",-84.18,0
240,UE_0001,CELL_005,-60.24,376.18,16.11,160.02,"[""CELL_006"", ""CELL_000"", ""CELL_001""]",-82.73,0
245,UE_0001,CELL_005,-61.75,376.73,16.11,160.02,"[""CELL_006"", ""CELL_000"", ""CELL_001""]",-99.32,0
250,UE_0001,CELL_005,-63.27,377.28,16.11,160.02,"[""CELL_006"", ""CELL_000"", ""CELL_001""]",-90.78,0
255,UE_0001,CELL_005,-64.78,377.83,16.11,160.02,"[""CELL_006"", ""CELL_000"", ""CELL_001""]",-85.36,0
260,UE_0001,CELL_005,-66.29,378.38,16.11,160.02,"[""CELL_006"", ""CELL_000"", ""CELL_001""]",-98.49,0
265,UE_0001,CELL_005,-67.81,378.93,16.11,160.02,"[""CELL_006"", ""CELL_000"", ""CELL_001""]",-99.47,0
270,UE_0001,CELL_005,-69.32,379.48,16.11,160.02,"[""CELL_006"", ""CELL_000"", ""CELL_001""]",-107.98,0
275,UE_0001,CELL_005,-70.84,380.03,16.11,160.02,"[""CELL_006"", ""CELL_000"", ""CELL_001""]",-91.83,0
280,UE_0001,CELL_005,-72.35,380.58,16.11,160.02,"[""CELL_006"", ""CELL_000"", ""CELL_001""]",-90.66,1
285,UE_0001,CELL_005,-73.87,381.13,16.11,160.02,"[""CELL_006"", ""CELL_000"", ""CELL_001""]",-67.21,0
290,UE_0001,CELL_005,-75.38,381.68,16.11,160.02,"[""CELL_006"", ""CELL_000"", ""CELL_001""]",-74.5,0
295,UE_0001,CELL_005,-76.89,382.23,16.11,160.02,"[""CELL_006"", ""CELL_000"", ""CELL_001""]",-102.56,0
300,UE_0001,CELL_005,-78.41,382.78,16.11,160.02,"[""CELL_006"", ""CELL_000"", ""CELL_001""]",-91.57,0
305,UE_0001,CELL_006,-79.92,383.34,16.11,160.02,"[""CELL_000"", ""CELL_001"", ""CELL_002""]",-90.48,0
310,UE_0001,CELL_006,-81.44,383.89,16.11,160.02,"[""CELL_000"", ""CELL_001"", ""CELL_002""]",-80.33,0
315,UE_0001,CELL_006,-82.95,384.44,16.11,160.02,"[""CELL_000"", ""CELL_001"", ""CELL_002""]",-77.41,0
320,UE_0001,CELL_006,-84.47,384.99,16.11,160.02,"[""CELL_000"", ""CELL_001"", ""CELL_002""]",-88.68,0
325,UE_0001,CELL_006,-85.98,385.54,16.11,160.02,"[""CELL_000"", ""CELL_001"", ""CELL_002""]",-100.9,0
330,UE_0001,CELL_006,-87.49,386.09,16.11,160.02,"[""CELL_000"", ""CELL_001"", ""CELL_002""]",-84.89,0
335,UE_0001,CELL_006,-89.01,386.64,16.11,160.02,"[""CELL_000"", ""CELL_001"", ""CELL_002""]",-87.09,0
340,UE_0001,CELL_006,-90.52,387.19,16.11,160.02,"[""CELL_000"", ""CELL_001"", ""CELL_002""]",-96.44,0
345,UE_0001,CELL_006,-92.04,387.74,16.11,160.02,"[""CELL_000"", ""CELL_001"", ""CELL_002""]",-100.94,0
350,UE_0001,CELL_006,-93.55,388.29,16.11,160.02,"[""CELL_000"", ""CELL_001"", ""CELL_002""]",-92.07,0
355,UE_0001,CELL_006,-95.07,388.84,16.11,160.02,"[""CELL_000"", ""CELL_001"", ""CELL_002""]",-87.89,0
360,UE_0001,CELL_006,-96.58,389.39,16.11,160.02,"[""CELL_000"", ""CELL_001"", ""CELL_002""]",-72.8,0
365,UE_0001,CELL_006,-98.09,389.94,16.11,160.02,"[""CELL_000"", ""CELL_001"", ""CELL_002""]",-100.87,0
370,UE_0001,CELL_006,-99.61,390.49,16.11,160.02,"[""CELL_000"", ""CELL_001"", ""CELL_002""]",-90.57,0
375,UE_0001,CELL_006,-101.12,391.04,16.11,160.02,"[""CELL_000"", ""CELL_001"", ""CELL_002""]",-98.13,0
380,UE_0001,CELL_006,-102.64,391.59,16.11,160.02,"[""CELL_000"", ""CELL_001"", ""CELL_002""]",-101.99,0
385,UE_0001,CELL_006,-104.15,392.14,16.11,160.02,"[""CELL_000"", ""CELL_001"", ""CELL_002""]",-91.98,0
390,UE_0001,CELL_006,-105.67,392.7,16.11,160.02,"[""CELL_000"", ""CELL_001"", ""CELL_002""]",-98.7,0
395,UE_0001,CELL_006,-107.18,393.25,16.11,160.02,"[""CELL_000"", ""CELL_001"", ""CELL_002""]",-101.51,0
400,UE_0001,CELL_006,-108.69,393.8,16.11,160.02,"[""CELL_000"", ""CELL_001"", ""CELL_002""]",-103.86,0
405,UE_0001,CELL_006,-110.21,394.35,16.11,160.02,"[""CELL_000"", ""CELL_001"", ""CELL_002""]",-94.66,0
410,UE_0001,CELL_006,-111.72,394.9,16.11,160.02,"[""CELL_000"", ""CELL_001"", ""CELL_002""]",-95.94,0
415,UE_0001,CELL_006,-113.24,395.45,16.11,160.02,"[""CELL_000"", ""CELL_001"", ""CELL_002""]",-89.12,0
420,UE_0001,CELL_006,-114.75,396.0,16.11,160.02,"[""CELL_000"", ""CELL_001"", ""CELL_002""]",-85.91,1
425,UE_0001,CELL_006,-116.27,396.55,16.11,160.02,"[""CELL_000"", ""CELL_001"", ""CELL_002""]",-103.96,1
430,UE_0001,CELL_006,-117.78,397.1,16.11,160.02,"[""CELL_000"", ""CELL_001"", ""CELL_002""]",-92.61,0
435,UE_0001,CELL_006,-119.29,397.65,16.11,160.02,"[""CELL_000"", ""CELL_001"", ""CELL_002""]",-93.75,0
440,UE_0001,CELL_006,-120.81,398.2,16.11,160.02,"[""CELL_000"", ""CELL_001"", ""CELL_002""]",-115.11,0
445,UE_0001,CELL_006,-122.32,398.75,16.11,160.02,"[""CELL_000"", ""CELL_001"", ""CELL_002""]",-97.7,0
450,UE_0001,CELL_006,-123.84,399.3,16.11,160.02,"[""CELL_000"", ""CELL_001"", ""CELL_002""]",-78.13,0
455,UE_0001,CELL_006,-125.35,399.85,16.11,160.02,"[""CELL_000"", ""CELL_001"", ""CELL_002""]",-111.94,0
460,UE_0001,CELL_006,-126.87,400.4,16.11,160.02,"[""CELL_000"", ""CELL_001"", ""CELL_002""]",-84.19,0
465,UE_0001,CELL_006,-128.38,400.95,16.11,160.02,"[""CELL_000"", ""CELL_001"", ""CELL_002""]",-91.57,0
470,UE_0001,CELL_006,-129.9,401.5,16.11,160.02,"[""CELL_000"", ""CELL_001"", ""CELL_002""]",-90.91,0
475,UE_0001,CELL_006,-131.41,402.06,16.11,160.02,"[""CELL_000"", ""CELL_001"", ""CELL_002""]",-80.69,0
480,UE_0001,CELL_006,-132.92,402.61,16.11,160.02,"[""CELL_000"", ""CELL_001"", ""CELL_002""]",-97.79,0
485,UE_0001,CELL_006,-134.44,403.16,16.11,160.02,"[""CELL_000"", ""CELL_001"", ""CELL_002""]",-90.53,0
490,UE_0001,CELL_006,-135.95,403.71,16.11,160.02,"[""CELL_000"", ""CELL_001"", ""CELL_002""]",-109.15,1
495,UE_0001,CELL_006,-137.47,404.26,16.11,160.02,"[""CELL_000"", ""CELL_001"", ""CELL_002""]",-81.04,0
0,UE_0002,CELL_002,448.17,565.19,23.35,74.29,"[""CELL_003"", ""CELL_004"", ""CELL_005""]",-91.37,0
5,UE_0002,CELL_002,448.8,567.43,23.35,74.29,"[""CELL_003"", ""CELL_004"", ""CELL_005""]",-113.79,0
10,UE_0002,CELL_002,449.44,569.68,23.35,74.29,"[""CELL_003"", ""CELL_004"", ""CELL_005""]",-100.46,0
15,UE_0002,CELL_002,450.07,571.93,23.35,74.29,"[""CELL_003"", ""CELL_004"", ""CELL_005""]",-100.78,0
20,UE_0002,CELL_002,450.7,574.18,23.35,74.29,"[""CELL_003"", ""CELL_004"", ""CELL_005""]",-91.48,0
25,UE_0002,CELL_001,451.33,576.42,23.35,74.29,"[""CELL_002"", ""CELL_003"", ""CELL_004""]",-101.22,0
30,UE_0002,CELL_001,451.96,578.67,23.35,74.29,"[""CELL_002"", ""CELL_003"", ""CELL_004""]",-83.19,0
35,UE_0002,CELL_001,452.6,580.92,23.35,74.29,"[""CELL_002"", ""CELL_003"", ""CELL_004""]",-99.96,0
40,UE_0002,CELL_001,453.23,583.16,23.35,74.29,"[""CELL_002"", ""CELL_003"", ""CELL_004""]",-121.64,0
45,UE_0002,CELL_001,453.86,585.41,23.35,74.29,"[""CELL_002"", ""CELL_003"", ""CELL_004""]",-84.8,0
50,UE_0002,CELL_001,454.49,587.66,23.35,74.29,"[""CELL_002"", ""CELL_003"", ""CELL_004""]",-96.51,0
55,UE_0002,CELL_001,455.12,589.91,23.35,74.29,"[""CELL_002"", ""CELL_003"", ""CELL_004""]",-91.07,0
60,UE_0002,CELL_001,455.76,592.15,23.35,74.29,"[""CELL_002"", ""CELL_003"", ""CELL_004""]",-94.17,0
65,UE_0002,CELL_001,456.39,594.4,23.35,74.29,"[""CELL_002"", ""CELL_003"", ""CELL_004""]",-99.76,0
70,UE_0002,CELL_001,457.02,596.65,23.35,74.29,"[""CELL_002"", ""CELL_003"", ""CELL_004""]",-102.37,0
75,UE_0002,CELL_001,457.65,598.9,23.35,74.29,"[""CELL_002"", ""CELL_003"", ""CELL_004""]",-77.39,0
80,UE_0002,CELL_001,458.29,601.14,23.35,74.29,"[""CELL_002"", ""CELL_003"", ""CELL_004""]",-78.17,0
85,UE_0002,CELL_003,458.92,603.39,23.35,74.29,"[""CELL_004"", ""CELL_005"", ""CELL_006""]",-118.11,0
90,UE_0002,CELL_003,459.55,605.64,23.35,74.29,"[""CELL_004"", ""CELL_005"", ""CELL_006""]",-88.21,0
95,UE_0002,CELL_003,460.18,607.89,23.35,74.29,"[""CELL_004"", ""CELL_005"", ""CELL_006""]",-99.45,0
100,UE_0002,CELL_003,460.81,610.13,23.35,74.29,"[""CELL_004"", ""CELL_005"", ""CELL_006""]",-88.77,0
105,UE_0002,CELL_003,461.45,612.38,23.35,74.29,"[""CELL_004"", ""CELL_005"", ""CELL_006""]",-95.15,0
110,UE_0002,CELL_003,462.08,614.63,23.35,74.29,"[""CELL_004"", ""CELL_005"", ""CELL_006""]",-93.98,0
115,UE_0002,CELL_003,462.71,616.88,23.35,74.29,"[""CELL_004"", ""CELL_005"", ""CELL_006""]",-95.1,0
120,UE_0002,CELL_003,463.34,619.12,23.35,74.29,"[""CELL_004"", ""CELL_005"", ""CELL_006""]",-82.8,0
125,UE_0002,CELL_003,463.97,621.37,23.35,74.29,"[""CELL_004"", ""CELL_005"", ""CELL_006""]",-102.15,0
130,UE_0002,CELL_003,464.61,623.62,23.35,74.29,"[""CELL_004"", ""CELL_005"", ""CELL_006""]",-101.33,0
135,UE_0002,CELL_003,465.24,625.87,23.35,74.29,"[""CELL_004"", ""CELL_005"", ""CELL_006""]",-86.48,0
140,UE_0002,CELL_003,465.87,628.11,23.35,74.29,"[""CELL_004"", ""CELL_005"", ""CELL_006""]",-78.73,1
145,UE_0002,CELL_003,466.5,630.36,23.35,74.29,"[""CELL_004"", ""CELL_005"", ""CELL_006""]",-84.02,0
150,UE_0002,CELL_003,467.13,632.61,23.35,74.29,"[""CELL_004"", ""CELL_005"", ""CELL_006""]",-75.03,0
155,UE_0002,CELL_003,467.77,634.85,23.35,74.29,"[""CELL_004"", ""CELL_005"", ""CELL_006""]",-108.25,0
160,UE_0002,CELL_003,468.4,637.1,23.35,74.29,"[""CELL_004"", ""CELL_005"", ""CELL_006""]",-84.01,0
165,UE_0002,CELL_003,469.03,639.35,23.35,74.29,"[""CELL_004"", ""CELL_005"", ""CELL_006""]",-120.45,0
170,UE_0002,CELL_003,469.66,641.6,23.35,74.29,"[""CELL_004"", ""CELL_005"", ""CELL_006""]",-113.84,0
175,UE_0002,CELL_003,470.29,643.84,23.35,74.29,"[""CELL_004"", ""CELL_005"", ""CELL_006""]",-86.0,0
180,UE_0002,CELL_003,470.93,646.09,23.35,74.29,"[""CELL_004"", ""CELL_005"", ""CELL_006""]",-96.96,0
185,UE_0002,CELL_003,471.56,648.34,23.35,74.29,"[""CELL_004"", ""CELL_005"", ""CELL_006""]",-103.15,0
190,UE_0002,CELL_003,472.19,650.59,23.35,74.29,"[""CELL_004"", ""CELL_005"", ""CELL_006""]",-93.61,0
195,UE_0002,CELL_003,472.82,652.83,23.35,74.29,"[""CELL_004"", ""CELL_005"", ""CELL_006""]",-87.09,0
200,UE_0002,CELL_003,473.45,655.08,23.35,74.29,"[""CELL_004"", ""CELL_005"", ""CELL_006""]",-99.23,0
205,UE_0002,CELL_003,474.09,657.33,23.35,74.29,"[""CELL_004"", ""CELL_005"", ""CELL_006""]",-114.75,0
210,UE_0002,CELL_003,474.72,659.58,23.35,74.29,"[""CELL_004"", ""CELL_005"", ""CELL_006""]",-84.54,0
215,UE_0002,CELL_003,475.35,661.82,23.35,74.29,"[""CELL_004"", ""CELL_005"", ""CELL_006""]",-114.15,0
220,UE_0002,CELL_003,475.98,664.07,23.35,74.29,"[""CELL_004"", ""CELL_005"", ""CELL_006""]",-99.37,0
225,UE_0002,CELL_003,476.61,666.32,23.35,74.29,"[""CELL_004"", ""CELL_005"", ""CELL_006""]",-88.57,0
230,UE_0002,CELL_003,477.25,668.57,23.35,74.29,"[""CELL_004"", ""CELL_005"", ""CELL_006""]",-103.35,0
235,UE_0002,CELL_003,477.88,670.81,23.35,74.29,"[""CELL_004"", ""CELL_005"", ""CELL_006""]",-100.97,0
240,UE_0002,CELL_003,478.51,673.06,23.35,74.29,"[""CELL_004"", ""CELL_005"", ""CELL_006""]",-113.5,0
245,UE_0002,CELL_003,479.14,675.31,23.35,74.29,"[""CELL_004"", ""CELL_005"", ""CELL_006""]",-91.27,0
250,UE_0002,CELL_003,479.78,677.56,23.35,74.29,"[""CELL_004"", ""CELL_005"", ""CELL_006""]",-95.03,0
255,UE_0002,CELL_003,480.41,679.8,23.35,74.29,"[""CELL_004"", ""CELL_005"", ""CELL_006""]",-99.74,0
260,UE_0002,CELL_003,481.04,682.05,23.35,74.29,"[""CELL_004"", ""CELL_005"", ""CELL_006""]",-102.97,0
265,UE_0002,CELL_003,481.67,684.3,23.35,74.29,"[""CELL_004"", ""CELL_005"", ""CELL_006""]",-97.34,0
270,UE_0002,CELL_003,482.3,686.55,23.35,74.29,"[""CELL_004"", ""CELL_005"", ""CELL_006""]",-85.55,0
275,UE_0002,CELL_003,482.94,688.79,23.35,74.29,"[""CELL_004"", ""CELL_005"", ""CELL_006""]",-102.2,0
280,UE_0002,CELL_003,483.57,691.04,23.35,74.29,"[""CELL_004"", ""CELL_005"", ""CELL_006""]",-71.2,1
285,UE_0002,CELL_003,484.2,693.29,23.35,74.29,"[""CELL_004"", ""CELL_005"", ""CELL_006""]",-99.39,0
290,UE_0002,CELL_003,484.83,695.53,23.35,74.29,"[""CELL_004"", ""CELL_005"", ""CELL_006""]",-87.11,0
295,UE_0002,CELL_003,485.46,697.78,23.35,74.29,"[""CELL_004"", ""CELL_005"", ""CELL_006""]",-70.91,0
300,UE_0002,CELL_003,486.1,700.03,23.35,74.29,"[""CELL_004"", ""CELL_005"", ""CELL_006""]",-87.83,0
305,UE_0002,CELL_003,486.73,702.28,23.35,74.29,"[""CELL_004"", ""CELL_005"", ""CELL_006""]",-92.21,0
310,UE_0002,CELL_003,487.36,704.52,23.35,74.29,"[""CELL_004"", ""CELL_005"", ""CELL_006""]",-86.97,0
315,UE_0002,CELL_003,487.99,706.77,23.35,74.29,"[""CELL_004"", ""CELL_005"", ""CELL_006""]",-96.47,1
320,UE_0002,CELL_003,488.62,709.02,23.35,74.29,"[""CELL_004"", ""CELL_005"", ""CELL_006""]",-89.84,0
325,UE_0002,CELL_003,489.26,711.27,23.35,74.29,"[""CELL_004"", ""CELL_005"", ""CELL_006""]",-102.31,0
330,UE_0002,CELL_003,489.89,713.51,23.35,74.29,"[""CELL_004"", ""CELL_005"", ""CELL_006""]",-91.95,0
335,UE_0002,CELL_003,490.52,715.76,23.35,74.29,"[""CELL_004"", ""CELL_005"", ""CELL_006""]",-87.45,0
340,UE_0002,CELL_003,491.15,718.01,23.35,74.29,"[""CELL_004"", ""CELL_005"", ""CELL_006""]",-93.15,0
345,UE_0002,CELL_003,491.78,720.26,23.35,74.29,"[""CELL_004"", ""CELL_005"", ""CELL_006""]",-104.49,0
350,UE_0002,CELL_003,492.42,722.5,23.35,74.29,"[""CELL_004"", ""CELL_005"", ""CELL_006""]",-85.57,0
355,UE_0002,CELL_003,493.05,724.75,23.35,74.29,"[""CELL_004"", ""CELL_005"", ""CELL_006""]",-92.15,0
360,UE_0002,CELL_003,493.68,727.0,23.35,74.29,"[""CELL_004"", ""CELL_005"", ""CELL_006""]",-80.0,0
365,UE_0002,CELL_003,494.31,729.25,23.35,74.29,"[""CELL_004"", ""CELL_005"", ""CELL_006""]",-100.36,0
370,UE_0002,CELL_003,494.94,731.49,23.35,74.29,"[""CELL_004"", ""CELL_005"", ""CELL_006""]",-93.29,0
375,UE_0002,CELL_003,495.58,733.74,23.35,74.29,"[""CELL_004"", ""CELL_005"", ""CELL_006""]",-87.29,0
380,UE_0002,CELL_003,496.21,735.99,23.35,74.29,"[""CELL_004"", ""CELL_005"", ""CELL_006""]",-116.38,0
385,UE_0002,CELL_003,496.84,738.24,23.35,74.29,"[""CELL_004"", ""CELL_005"", ""CELL_006""]",-108.73,0
390,UE_0002,CELL_003,497.47,740.48,23.35,74.29,"[""CELL_004"", ""CELL_005"", ""CELL_006""]",-84.59,0
395,UE_0002,CELL_003,498.11,742.73,23.35,74.29,"[""CELL_004"", ""CELL_005"", ""CELL_006""]",-107.14,0
400,UE_0002,CELL_003,498.74,744.98,23.35,74.29,"[""CELL_004"", ""CELL_005"", ""CELL_006""]",-98.26,0
405,UE_0002,CELL_003,499.37,747.23,23.35,74.29,"[""CELL_004"", ""CELL_005"", ""CELL_006""]",-88.7,0
410,UE_0002,CELL_003,500.0,749.47,23.35,74.29,"[""CELL_004"", ""CELL_005"", ""CELL_006""]",-71.69,0
415,UE_0002,CELL_003,500.63,751.72,23.35,74.29,"[""CELL_004"", ""CELL_005"", ""CELL_006""]",-87.38,0
420,UE_0002,CELL_003,501.27,753.97,23.35,74.29,"[""CELL_004"", ""CELL_005"", ""CELL_006""]",-92.53,0
425,UE_0002,CELL_003,501.9,756.21,19.82,89.62,"[""CELL_004"", ""CELL_005"", ""CELL_006""]",-96.78,0
430,UE_0002,CELL_003,501.91,758.2,19.82,89.62,"[""CELL_004"", ""CELL_005"", ""CELL_006""]",-86.04,0
435,UE_0002,CELL_003,501.92,760.18,19.82,89.62,"[""CELL_004"", ""CELL_005"", ""CELL_006""]",-87.51,1
440,UE_0002,CELL_003,501.94,762.16,19.82,89.62,"[""CELL_004"", ""CELL_005"", ""CELL_006""]",-93.79,0
445,UE_0002,CELL_003,501.95,764.14,19.82,89.62,"[""CELL_004"", ""CELL_005"", ""CELL_006""]",-83.18,0
450,UE_0002,CELL_003,501.96,766.13,19.82,89.62,"[""CELL_004"", ""CELL_005"", ""CELL_006""]",-101.53,0
455,UE_0002,CELL_002,501.98,768.11,19.82,89.62,"[""CELL_003"", ""CELL_004"", ""CELL_005""]",-95.93,0
460,UE_0002,CELL_002,501.99,770.09,19.82,89.62,"[""CELL_003"", ""CELL_004"", ""CELL_005""]",-81.17,0
465,UE_0002,CELL_002,502.0,772.07,20.19,-81.59,"[""CELL_003"", ""CELL_004"", ""CELL_005""]",-98.61,0
470,UE_0002,CELL_002,502.3,770.07,22.34,-54.5,"[""CELL_003"", ""CELL_004"", ""CELL_005""]",-106.88,0
475,UE_0002,CELL_002,503.59,768.26,22.34,-54.5,"[""CELL_003"", ""CELL_004"", ""CELL_005""]",-79.56,0
480,UE_0002,CELL_002,504.89,766.44,22.34,-54.5,"[""CELL_003"", ""CELL_004"", ""CELL_005""]",-100.56,0
485,UE_0002,CELL_002,506.19,764.62,22.34,-54.5,"[""CELL_003"", ""CELL_004"", ""CELL_005""]",-82.68,0
490,UE_0002,CELL_002,507.49,762.8,22.34,-54.5,"[""CELL_003"", ""CELL_004"", ""CELL_005""]",-95.71,0
495,UE_0002,CELL_002,508.78,760.98,22.34,-54.5,"[""CELL_003"", ""CELL_004"", ""CELL_005""]",-88.07,0
0,UE_0003,CELL_005,818.46,515.33,6.68,-170.59,"[""CELL_006"", ""CELL_000"", ""CELL_001""]",-80.13,1
5,UE_0003,CELL_005,817.8,515.22,6.68,-170.59,"[""CELL_006"", ""CELL_000"", ""CELL_001""]",-99.01,0
10,UE_0003,CELL_005,817.14,515.11,6.68,-170.59,"[""CELL_006"", ""CELL_000"", ""CELL_001""]",-86.83,0
15,UE_0003,CELL_005,816.49,515.0,20.33,49.16,"[""CELL_006"", ""CELL_000"", ""CELL_001""]",-93.0,0
20,UE_0003,CELL_005,817.82,516.54,20.33,49.16,"[""CELL_006"", ""CELL_000"", ""CELL_001""]",-89.85,0
25,UE_0003,CELL_005,819.15,518.08,20.33,49.16,"[""CELL_006"", ""CELL_000"", ""CELL_001""]",-97.6,1
30,UE_0003,CELL_005,820.47,519.62,20.33,49.16,"[""CELL_006"", ""CELL_000"", ""CELL_001""]",-94.29,0
35,UE_0003,CELL_005,821.8,521.15,20.33,49.16,"[""CELL_006"", ""CELL_000"", ""CELL_001""]",-84.13,0
40,UE_0003,CELL_005,823.13,522.69,20.33,49.16,"[""CELL_006"", ""CELL_000"", ""CELL_001""]",-78.11,0
45,UE_0003,CELL_005,824.46,524.23,20.33,49.16,"[""CELL_006"", ""CELL_000"", ""CELL_001""]",-92.07,0
50,UE_0003,CELL_005,825.79,525.77,20.33,49.16,"[""CELL_006"", ""CELL_000"", ""CELL_001""]",-102.19,0
55,UE_0003,CELL_005,827.12,527.31,20.33,49.16,"[""CELL_006"", ""CELL_000"", ""CELL_001""]",-89.56,0
60,UE_0003,CELL_005,828.45,528.85,20.33,49.16,"[""CELL_006"", ""CELL_000"", ""CELL_001""]",-88.11,0
65,UE_0003,CELL_005,829.78,530.38,20.33,49.16,"[""CELL_006"", ""CELL_000"", ""CELL_001""]",-93.79,0
70,UE_0003,CELL_005,831.11,531.92,20.33,49.16,"[""CELL_006"", ""CELL_000"", ""CELL_001""]",-97.25,0
75,UE_0003,CELL_005,832.44,533.46,20.33,49.16,"[""CELL_006"", ""CELL_000"", ""CELL_001""]",-109.04,0
80,UE_0003,CELL_005,833.77,535.0,20.33,49.16,"[""CELL_006"", ""CELL_000"", ""CELL_001""]",-89.17,0
85,UE_0003,CELL_005,835.1,536.54,20.33,49.16,"[""CELL_006"", ""CELL_000"", ""CELL_001""]",-67.92,0
90,UE_0003,CELL_005,836.43,538.07,20.33,49.16,"[""CELL_006"", ""CELL_000"", ""CELL_001""]",-111.96,0
95,UE_0003,CELL_005,837.76,539.61,20.33,49.16,"[""CELL_006"", ""CELL_000"", ""CELL_001""]",-88.71,0
100,UE_0003,CELL_005,839.09,541.15,20.33,49.16,"[""CELL_006"", ""CELL_000"", ""CELL_001""]",-102.69,0
105,UE_0003,CELL_005,840.42,542.69,20.33,49.16,"[""CELL_006"", ""CELL_000"", ""CELL_001""]",-99.81,0
110,UE_0003,CELL_002,841.75,544.23,20.33,49.16,"[""CELL_003"", ""CELL_004"", ""CELL_005""]",-85.29,0
115,UE_0003,CELL_002,843.08,545.77,20.33,49.16,"[""CELL_003"", ""CELL_004"", ""CELL_005""]",-94.26,0
120,UE_0003,CELL_002,844.41,547.3,20.33,49.16,"[""CELL_003"", ""CELL_004"", ""CELL_005""]",-90.4,0
125,UE_0003,CELL_002,845.74,548.84,20.33,49.16,"[""CELL_003"", ""CELL_004"", ""CELL_005""]",-89.08,0
130,UE_0003,CELL_002,847.07,550.38,20.33,49.16,"[""CELL_003"", ""CELL_004"", ""CELL_005""]",-81.59,0
135,UE_0003,CELL_003,848.4,551.92,20.33,49.16,"[""CELL_004"", ""CELL_005"", ""CELL_006""]",-100.81,0
140,UE_0003,CELL_003,849.73,553.46,20.33,49.16,"[""CELL_004"", ""CELL_005"", ""CELL_006""]",-97.23,0
145,UE_0003,CELL_003,851.06,555.0,20.33,49.16,"[""CELL_004"", ""CELL_005"", ""CELL_006""]",-82.06,0
150,UE_0003,CELL_003,852.39,556.53,20.33,49.16,"[""CELL_004"", ""CELL_005"", ""CELL_006""]",-91.91,0
155,UE_0003,CELL_003,853.72,558.07,20.33,49.16,"[""CELL_004"", ""CELL_005"", ""CELL_006""]",-88.74,0
160,UE_0003,CELL_003,855.05,559.61,20.33,49.16,"[""CELL_004"", ""CELL_005"", ""CELL_006""]",-89.0,0
165,UE_0003,CELL_003,856.37,561.15,20.33,49.16,"[""CELL_004"", ""CELL_005"", ""CELL_006""]",-94.33,0
170,UE_0003,CELL_003,857.7,562.69,20.33,49.16,"[""CELL_004"", ""CELL_005"", ""CELL_006""]",-95.16,0
175,UE_0003,CELL_003,859.03,564.22,20.33,49.16,"[""CELL_004"", ""CELL_005"", ""CELL_006""]",-99.49,0
180,UE_0003,CELL_003,860.36,565.76,20.33,49.16,"[""CELL_004"", ""CELL_005"", ""CELL_006""]",-82.01,0
185,UE_0003,CELL_003,861.69,567.3,20.33,49.16,"[""CELL_004"", ""CELL_005"", ""CELL_006""]",-111.88,0
190,UE_0003,CELL_003,863.02,568.84,20.33,49.16,"[""CELL_004"", ""CELL_005"", ""CELL_006""]",-90.34,0
195,UE_0003,CELL_003,864.35,570.38,20.33,49.16,"[""CELL_004"", ""CELL_005"", ""CELL_006""]",-99.09,0
200,UE_0003,CELL_003,865.68,571.92,20.33,49.16,"[""CELL_004"", ""CELL_005"", ""CELL_006""]",-88.01,0
205,UE_0003,CELL_003,867.01,573.45,20.33,49.16,"[""CELL_004"", ""CELL_005"", ""CELL_006""]",-103.48,0
210,UE_0003,CELL_003,868.34,574.99,20.33,49.16,"[""CELL_004"", ""CELL_005"", ""CELL_006""]",-92.88,0
215,UE_0003,CELL_003,869.67,576.53,20.33,49.16,"[""CELL_004"", ""CELL_005"", ""CELL_006""]",-97.56,1
220,UE_0003,CELL_003,871.0,578.07,20.33,49.16,"[""CELL_004"", ""CELL_005"", ""CELL_006""]",-96.86,0
225,UE_0003,CELL_003,872.33,579.61,20.33,49.16,"[""CELL_004"", ""CELL_005"", ""CELL_006""]",-102.84,0
230,UE_0003,CELL_003,873.66,581.15,20.33,49.16,"[""CELL_004"", ""CELL_005"", ""CELL_006""]",-87.15,0
235,UE_0003,CELL_003,874.99,582.68,20.33,49.16,"[""CELL_004"", ""CELL_005"", ""CELL_006""]",-87.95,0
240,UE_0003,CELL_003,876.32,584.22,20.33,49.16,"[""CELL_004"", ""CELL_005"", ""CELL_006""]",-88.65,0
245,UE_0003,CELL_003,877.65,585.76,20.33,49.16,"[""CELL_004"", ""CELL_005"", ""CELL_006""]",-96.45,0
250,UE_0003,CELL_003,878.98,587.3,20.33,49.16,"[""CELL_004"", ""CELL_005"", ""CELL_006""]",-89.48,0
255,UE_0003,CELL_003,880.31,588.84,20.33,49.16,"[""CELL_004"", ""CELL_005"", ""CELL_006""]",-107.47,0
260,UE_0003,CELL_003,881.64,590.37,20.33,49.16,"[""CELL_004"", ""CELL_005"", ""CELL_006""]",-95.91,0
265,UE_0003,CELL_003,882.97,591.91,20.33,49.16,"[""CELL_004"", ""CELL_005"", ""CELL_006""]",-100.37,0
270,UE_0003,CELL_003,884.3,593.45,15.48,154.95,"[""CELL_004"", ""CELL_005"", ""CELL_006""]",-86.96,0
275,UE_0003,CELL_003,882.89,594.11,15.48,154.95,"[""CELL_004"", ""CELL_005"", ""CELL_006""]",-110.26,1
280,UE_0003,CELL_003,881.49,594.76,15.48,154.95,"[""CELL_004"", ""CELL_005"", ""CELL_006""]",-103.4,0
285,UE_0003,CELL_003,880.09,595.42,15.48,154.95,"[""CELL_004"", ""CELL_005"", ""CELL_006""]",-93.63,0
290,UE_0003,CELL_003,878.69,596.07,15.48,154.95,"[""CELL_004"", ""CELL_005"", ""CELL_006""]",-99.03,0
295,UE_0003,CELL_003,877.28,596.73,15.48,154.95,"[""CELL_004"", ""CELL_005"", ""CELL_006""]",-76.0,0
300,UE_0003,CELL_003,875.88,597.38,15.48,154.95,"[""CELL_004"", ""CELL_005"", ""CELL_006""]",-92.16,0
305,UE_0003,CELL_003,874.48,598.04,15.48,154.95,"[""CELL_004"", ""CELL_005"", ""CELL_006""]",-88.58,0
310,UE_0003,CELL_003,873.08,598.7,15.48,154.95,"[""CELL_004"", ""CELL_005"", ""CELL_006""]",-86.8,0
315,UE_0003,CELL_003,871.67,599.35,15.48,154.95,"[""CELL_004"", ""CELL_005"", ""CELL_006""]",-95.68,0
320,UE_0003,CELL_003,870.27,600.01,15.48,154.95,"[""CELL_004"", ""CELL_005"", ""CELL_006""]",-93.55,0
325,UE_0003,CELL_003,868.87,600.66,15.48,154.95,"[""CELL_004"", ""CELL_005"", ""CELL_006""]",-88.01,0
330,UE_0003,CELL_003,867.46,601.32,15.48,154.95,"[""CELL_004"", ""CELL_005"", ""CELL_006""]",-88.8,1
335,UE_0003,CELL_003,866.06,601.97,15.48,154.95,"[""CELL_004"", ""CELL_005"", ""CELL_006""]",-99.33,0
340,UE_0003,CELL_003,864.66,602.63,15.48,154.95,"[""CELL_004"", ""CELL_005"", ""CELL_006""]",-105.89,0
345,UE_0003,CELL_003,863.26,603.28,15.48,154.95,"[""CELL_004"", ""CELL_005"", ""CELL_006""]",-116.8,0
350,UE_0003,CELL_003,861.85,603.94,15.48,154.95,"[""CELL_004"", ""CELL_005"", ""CELL_006""]",-93.35,0
355,UE_0003,CELL_003,860.45,604.6,15.48,154.95,"[""CELL_004"", ""CELL_005"", ""CELL_006""]",-84.33,0
360,UE_0003,CELL_003,859.05,605.25,15.48,154.95,"[""CELL_004"", ""CELL_005"", ""CELL_006""]",-102.74,0
365,UE_0003,CELL_003,857.64,605.91,15.48,154.95,"[""CELL_004"", ""CELL_005"", ""CELL_006""]",-93.06,0
370,UE_0003,CELL_001,856.24,606.56,15.48,154.95,"[""CELL_002"", ""CELL_003"", ""CELL_004""]",-111.89,0
375,UE_0003,CELL_001,854.84,607.22,15.48,154.95,"[""CELL_002"", ""CELL_003"", ""CELL_004""]",-107.69,0
380,UE_0003,CELL_001,853.44,607.87,15.48,154.95,"[""CELL_002"", ""CELL_003"", ""CELL_004""]",-102.81,0
385,UE_0003,CELL_001,852.03,608.53,15.48,154.95,"[""CELL_002"", ""CELL_003"", ""CELL_004""]",-119.14,0
390,UE_0003,CELL_001,850.63,609.18,15.48,154.95,"[""CELL_002"", ""CELL_003"", ""CELL_004""]",-116.24,0
395,UE_0003,CELL_003,849.23,609.84,15.48,154.95,"[""CELL_004"", ""CELL_005"", ""CELL_006""]",-92.91,0
400,UE_0003,CELL_003,847.82,610.49,15.48,154.95,"[""CELL_004"", ""CELL_005"", ""CELL_006""]",-90.83,0
405,UE_0003,CELL_003,846.42,611.15,15.48,154.95,"[""CELL_004"", ""CELL_005"", ""CELL_006""]",-112.69,0
410,UE_0003,CELL_003,845.02,611.81,19.86,-35.79,"[""CELL_004"", ""CELL_005"", ""CELL_006""]",-91.19,0
415,UE_0003,CELL_003,846.63,610.64,19.86,-35.79,"[""CELL_004"", ""CELL_005"", ""CELL_006""]",-93.8,0
420,UE_0003,CELL_006,848.24,609.48,19.86,-35.79,"[""CELL_000"", ""CELL_001"", ""CELL_002""]",-92.71,0
425,UE_0003,CELL_006,849.85,608.32,19.86,-35.79,"[""CELL_000"", ""CELL_001"", ""CELL_002""]",-106.54,0
430,UE_0003,CELL_006,851.46,607.16,19.86,-35.79,"[""CELL_000"", ""CELL_001"", ""CELL_002""]",-113.48,0
435,UE_0003,CELL_006,853.07,606.0,19.86,-35.79,"[""CELL_000"", ""CELL_001"", ""CELL_002""]",-100.62,0
440,UE_0003,CELL_006,854.68,604.84,19.86,-35.79,"[""CELL_000"", ""CELL_001"", ""CELL_002""]",-81.36,0
445,UE_0003,CELL_006,856.3,603.67,19.86,-35.79,"[""CELL_000"", ""CELL_001"", ""CELL_002""]",-100.27,0
450,UE_0003,CELL_006,857.91,602.51,19.86,-35.79,"[""CELL_000"", ""CELL_001"", ""CELL_002""]",-89.22,0
455,UE_0003,CELL_006,859.52,601.35,19.86,-35.79,"[""CELL_000"", ""CELL_001"", ""CELL_002""]",-105.29,0
460,UE_0003,CELL_006,861.13,600.19,19.86,-35.79,"[""CELL_000"", ""CELL_001"", ""CELL_002""]",-100.46,0
465,UE_0003,CELL_006,862.74,599.03,19.86,-35.79,"[""CELL_000"", ""CELL_001"", ""CELL_002""]",-87.77,0
470,UE_0003,CELL_006,864.35,597.87,19.86,-35.79,"[""CELL_000"", ""CELL_001"", ""CELL_002""]",-97.59,0
475,UE_0003,CELL_006,865.96,596.71,19.86,-35.79,"[""CELL_000"", ""CELL_001"", ""CELL_002""]",-94.57,0
480,UE_0003,CELL_006,867.57,595.54,19.86,-35.79,"[""CELL_000"", ""CELL_001"", ""CELL_002""]",-93.3,0
485,UE_0003,CELL_000,869.18,594.38,19.86,-35.79,"[""CELL_001"", ""CELL_002"", ""CELL_003""]",-103.85,0
490,UE_0003,CELL_000,870.79,593.22,19.86,-35.79,"[""CELL_001"", ""CELL_002"", ""CELL_003""]",-103.2,1
495,UE_0003,CELL_000,872.4,592.06,19.86,-35.79,"[""CELL_001"", ""CELL_002"", ""CELL_003""]",-87.53,0
0,UE_0004,CELL_006,933.63,779.17,26.96,111.12,"[""CELL_000"", ""CELL_001"", ""CELL_002""]",-93.97,0
5,UE_0004,CELL_006,932.66,781.69,26.96,111.12,"[""CELL_000"", ""CELL_001"", ""CELL_002""]",-94.4,0
10,UE_0004,CELL_006,931.69,784.2,26.96,111.12,"[""CELL_000"", ""CELL_001"", ""CELL_002""]",-84.0,0
15,UE_0004,CELL_006,930.72,786.72,26.96,111.12,"[""CELL_000"", ""CELL_001"", ""CELL_002""]",-95.27,0
20,UE_0004,CELL_002,929.75,789.23,26.96,111.12,"[""CELL_003"", ""CELL_004"", ""CELL_005""]",-89.35,0
25,UE_0004,CELL_002,928.78,791.74,25.67,25.32,"[""CELL_003"", ""CELL_004"", ""CELL_005""]",-100.32,0
30,UE_0004,CELL_002,931.1,792.84,25.67,25.32,"[""CELL_003"", ""CELL_004"", ""CELL_005""]",-113.2,0
35,UE_0004,CELL_002,933.42,793.94,25.67,25.32,"[""CELL_003"", ""CELL_004"", ""CELL_005""]",-97.82,0
40,UE_0004,CELL_002,935.74,795.04,25.67,25.32,"[""CELL_003"", ""CELL_004"", ""CELL_005""]",-121.27,0
45,UE_0004,CELL_002,938.06,796.14,25.67,25.32,"[""CELL_003"", ""CELL_004"", ""CELL_005""]",-98.23,0
50,UE_0004,CELL_002,940.38,797.23,25.67,25.32,"[""CELL_003"", ""CELL_004"", ""CELL_005""]",-101.09,0
55,UE_0004,CELL_002,942.7,798.33,25.67,25.32,"[""CELL_003"", ""CELL_004"", ""CELL_005""]",-91.45,0
60,UE_0004,CELL_002,945.02,799.43,25.67,25.32,"[""CELL_003"", ""CELL_004"", ""CELL_005""]",-109.16,0
65,UE_0004,CELL_006,947.34,800.53,25.67,25.32,"[""CELL_000"", ""CELL_001"", ""CELL_002""]",-103.28,0
70,UE_0004,CELL_006,949.66,801.63,25.67,25.32,"[""CELL_000"", ""CELL_001"", ""CELL_002""]",-110.14,0
75,UE_0004,CELL_006,951.98,802.73,25.67,25.32,"[""CELL_000"", ""CELL_001"", ""CELL_002""]",-73.12,0
80,UE_0004,CELL_006,954.3,803.82,25.67,25.32,"[""CELL_000"", ""CELL_001"", ""CELL_002""]",-102.12,0
85,UE_0004,CELL_006,956.63,804.92,25.67,25.32,"[""CELL_000"", ""CELL_001"", ""CELL_002""]",-92.66,0
90,UE_0004,CELL_005,958.95,806.02,25.67,25.32,"[""CELL_006"", ""CELL_000"", ""CELL_001""]",-100.84,0
95,UE_0004,CELL_005,961.27,807.12,25.67,25.32,"[""CELL_006"", ""CELL_000"", ""CELL_001""]",-92.07,0
100,UE_0004,CELL_005,963.59,808.22,25.67,25.32,"[""CELL_006"", ""CELL_000"", ""CELL_001""]",-95.43,0
105,UE_0004,CELL_005,965.91,809.31,25.67,25.32,"[""CELL_006"", ""CELL_000"", ""CELL_001""]",-110.36,0
110,UE_0004,CELL_005,968.23,810.41,25.67,25.32,"[""CELL_006"", ""CELL_000"", ""CELL_001""]",-91.77,0
115,UE_0004,CELL_005,970.55,811.51,25.67,25.32,"[""CELL_006"", ""CELL_000"", ""CELL_001""]",-107.24,0
120,UE_0004,CELL_005,972.87,812.61,25.67,25.32,"[""CELL_006"", ""CELL_000"", ""CELL_001""]",-99.26,0
125,UE_0004,CELL_005,975.19,813.71,25.67,25.32,"[""CELL_006"", ""CELL_000"", ""CELL_001""]",-82.47,0
130,UE_0004,CELL_005,977.51,814.8,25.67,25.32,"[""CELL_006"", ""CELL_000"", ""CELL_001""]",-92.43,0
135,UE_0004,CELL_005,979.83,815.9,25.67,25.32,"[""CELL_006"", ""CELL_000"", ""CELL_001""]",-78.77,0
140,UE_0004,CELL_005,982.15,817.0,25.67,25.32,"[""CELL_006"", ""CELL_000"", ""CELL_001""]",-109.38,0
145,UE_0004,CELL_005,984.47,818.1,25.67,25.32,"[""CELL_006"", ""CELL_000"", ""CELL_001""]",-109.89,0
150,UE_0004,CELL_005,986.79,819.2,25.67,25.32,"[""CELL_006"", ""CELL_000"", ""CELL_001""]",-99.81,0
155,UE_0004,CELL_005,989.12,820.29,25.67,25.32,"[""CELL_006"", ""CELL_000"", ""CELL_001""]",-88.63,0
160,UE_0004,CELL_005,991.44,821.39,25.67,25.32,"[""CELL_006"", ""CELL_000"", ""CELL_001""]",-108.78,0
165,UE_0004,CELL_005,993.76,822.49,25.67,25.32,"[""CELL_006"", ""CELL_000"", ""CELL_001""]",-101.62,0
170,UE_0004,CELL_005,996.08,823.59,25.67,25.32,"[""CELL_006"", ""CELL_000"", ""CELL_001""]",-88.56,0
175,UE_0004,CELL_005,998.4,824.69,25.67,25.32,"[""CELL_006"", ""CELL_000"", ""CELL_001""]",-110.92,0
180,UE_0004,CELL_005,1000.72,825.78,25.67,25.32,"[""CELL_006"", ""CELL_000"", ""CELL_001""]",-107.2,0
185,UE_0004,CELL_005,1003.04,826.88,25.67,25.32,"[""CELL_006"", ""CELL_000"", ""CELL_001""]",-101.57,0
190,UE_0004,CELL_005,1005.36,827.98,25.67,25.32,"[""CELL_006"", ""CELL_000"", ""CELL_001""]",-79.65,0
195,UE_0004,CELL_005,1007.68,829.08,25.67,25.32,"[""CELL_006"", ""CELL_000"", ""CELL_001""]",-92.15,0
200,UE_0004,CELL_005,1010.0,830.18,25.67,25.32,"[""CELL_006"", ""CELL_000"", ""CELL_001""]",-119.78,0
205,UE_0004,CELL_005,1012.32,831.27,25.67,25.32,"[""CELL_006"", ""CELL_000"", ""CELL_001""]",-97.1,0
210,UE_0004,CELL_005,1014.64,832.37,25.67,25.32,"[""CELL_006"", ""CELL_000"", ""CELL_001""]",-91.0,0
215,UE_0004,CELL_005,1016.96,833.47,25.67,25.32,"[""CELL_006"", ""CELL_000"", ""CELL_001""]",-97.22,0
220,UE_0004,CELL_005,1019.28,834.57,25.67,25.32,"[""CELL_006"", ""CELL_000"", ""CELL_001""]",-90.51,0
225,UE_0004,CELL_005,1021.61,835.67,25.67,25.32,"[""CELL_006"", ""CELL_000"", ""CELL_001""]",-91.79,0
230,UE_0004,CELL_005,1023.93,836.76,25.67,25.32,"[""CELL_006"", ""CELL_000"", ""CELL_001""]",-98.04,0
235,UE_0004,CELL_005,1026.25,837.86,25.67,25.32,"[""CELL_006"", ""CELL_000"", ""CELL_001""]",-74.41,0
240,UE_0004,CELL_005,1028.57,838.96,25.67,25.32,"[""CELL_006"", ""CELL_000"", ""CELL_001""]",-91.16,0
245,UE_0004,CELL_005,1030.89,840.06,25.67,25.32,"[""CELL_006"", ""CELL_000"", ""CELL_001""]",-112.2,0
250,UE_0004,CELL_005,1033.21,841.16,25.67,25.32,"[""CELL_006"", ""CELL_000"", ""CELL_001""]",-106.06,0
255,UE_0004,CELL_005,1035.53,842.25,25.67,25.32,"[""CELL_006"", ""CELL_000"", ""CELL_001""]",-86.96,0
260,UE_0004,CELL_005,1037.85,843.35,25.67,25.32,"[""CELL_006"", ""CELL_000"", ""CELL_001""]",-88.4,0
265,UE_0004,CELL_005,1040.17,844.45,25.67,25.32,"[""CELL_006"", ""CELL_000"", ""CELL_001""]",-78.19,0
270,UE_0004,CELL_005,1042.49,845.55,25.67,25.32,"[""CELL_006"", ""CELL_000"", ""CELL_001""]",-76.0,0
275,UE_0004,CELL_005,1044.81,846.65,25.67,25.32,"[""CELL_006"", ""CELL_000"", ""CELL_001""]",-95.35,0
280,UE_0004,CELL_005,1047.13,847.75,25.67,25.32,"[""CELL_006"", ""CELL_000"", ""CELL_001""]",-91.95,0
285,UE_0004,CELL_005,1049.45,848.84,25.67,25.32,"[""CELL_006"", ""CELL_000"", ""CELL_001""]",-109.23,0
290,UE_0004,CELL_003,1051.77,849.94,25.67,25.32,"[""CELL_004"", ""CELL_005"", ""CELL_006""]",-96.46,1
295,UE_0004,CELL_003,1054.1,851.04,25.67,25.32,"[""CELL_004"", ""CELL_005"", ""CELL_006""]",-98.05,0
300,UE_0004,CELL_003,1056.42,852.14,25.67,25.32,"[""CELL_004"", ""CELL_005"", ""CELL_006""]",-95.27,0
305,UE_0004,CELL_003,1058.74,853.24,25.67,25.32,"[""CELL_004"", ""CELL_005"", ""CELL_006""]",-94.7,0
310,UE_0004,CELL_003,1061.06,854.33,25.67,25.32,"[""CELL_004"", ""CELL_005"", ""CELL_006""]",-83.36,0
315,UE_0004,CELL_003,1063.38,855.43,25.67,25.32,"[""CELL_004"", ""CELL_005"", ""CELL_006""]",-82.23,0
320,UE_0004,CELL_003,1065.7,856.53,25.67,25.32,"[""CELL_004"", ""CELL_005"", ""CELL_006""]",-110.31,0
325,UE_0004,CELL_005,1068.02,857.63,25.67,25.32,"[""CELL_006"", ""CELL_000"", ""CELL_001""]",-98.62,0
330,UE_0004,CELL_005,1070.34,858.73,25.67,25.32,"[""CELL_006"", ""CELL_000"", ""CELL_001""]",-85.91,0
335,UE_0004,CELL_005,1072.66,859.82,25.67,25.32,"[""CELL_006"", ""CELL_000"", ""CELL_001""]",-88.66,0
340,UE_0004,CELL_005,1074.98,860.92,25.67,25.32,"[""CELL_006"", ""CELL_000"", ""CELL_001""]",-109.91,0
345,UE_0004,CELL_005,1077.3,862.02,25.67,25.32,"[""CELL_006"", ""CELL_000"", ""CELL_001""]",-112.2,0
350,UE_0004,CELL_005,1079.62,863.12,25.67,25.32,"[""CELL_006"", ""CELL_000"", ""CELL_001""]",-104.57,0
355,UE_0004,CELL_005,1081.94,864.22,25.67,25.32,"[""CELL_006"", ""CELL_000"", ""CELL_001""]",-98.52,0
360,UE_0004,CELL_005,1084.26,865.31,25.67,25.32,"[""CELL_006"", ""CELL_000"", ""CELL_001""]",-102.6,0
365,UE_0004,CELL_005,1086.59,866.41,25.67,25.32,"[""CELL_006"", ""CELL_000"", ""CELL_001""]",-93.05,0
370,UE_0004,CELL_005,1088.91,867.51,25.67,25.32,"[""CELL_006"", ""CELL_000"", ""CELL_001""]",-101.7,0
375,UE_0004,CELL_005,1091.23,868.61,25.67,25.32,"[""CELL_006"", ""CELL_000"", ""CELL_001""]",-92.29,0
380,UE_0004,CELL_005,1093.55,869.71,25.67,25.32,"[""CELL_006"", ""CELL_000"", ""CELL_001""]",-97.44,1
385,UE_0004,CELL_005,1095.87,870.8,25.67,25.32,"[""CELL_006"", ""CELL_000"", ""CELL_001""]",-105.93,0
390,UE_0004,CELL_005,1098.19,871.9,25.67,25.32,"[""CELL_006"", ""CELL_000"", ""CELL_001""]",-90.36,0
395,UE_0004,CELL_005,1100.51,873.0,25.67,25.32,"[""CELL_006"", ""CELL_000"", ""CELL_001""]",-95.98,0
400,UE_0004,CELL_005,1102.83,874.1,25.67,25.32,"[""CELL_006"", ""CELL_000"", ""CELL_001""]",-110.27,0
405,UE_0004,CELL_005,1105.15,875.2,25.67,25.32,"[""CELL_006"", ""CELL_000"", ""CELL_001""]",-90.07,0
410,UE_0004,CELL_005,1107.47,876.29,25.67,25.32,"[""CELL_006"", ""CELL_000"", ""CELL_001""]",-86.18,0
415,UE_0004,CELL_005,1109.79,877.39,25.67,25.32,"[""CELL_006"", ""CELL_000"", ""CELL_001""]",-93.9,0
420,UE_0004,CELL_005,1112.11,878.49,25.67,25.32,"[""CELL_006"", ""CELL_000"", ""CELL_001""]",-101.05,0
425,UE_0004,CELL_005,1114.43,879.59,25.67,25.32,"[""CELL_006"", ""CELL_000"", ""CELL_001""]",-100.7,0
430,UE_0004,CELL_005,1116.75,880.69,25.67,25.32,"[""CELL_006"", ""CELL_000"", ""CELL_001""]",-85.06,0
435,UE_0004,CELL_005,1119.08,881.78,25.67,25.32,"[""CELL_006"", ""CELL_000"", ""CELL_001""]",-96.95,0
440,UE_0004,CELL_005,1121.4,882.88,25.67,25.32,"[""CELL_006"", ""CELL_000"", ""CELL_001""]",-76.93,0
445,UE_0004,CELL_005,1123.72,883.98,25.67,25.32,"[""CELL_006"", ""CELL_000"", ""CELL_001""]",-110.26,0
450,UE_0004,CELL_005,1126.04,885.08,25.67,25.32,"[""CELL_006"", ""CELL_000"", ""CELL_001""]",-94.0,0
455,UE_0004,CELL_005,1128.36,886.18,25.67,25.32,"[""CELL_006"", ""CELL_000"", ""CELL_001""]",-80.74,0
460,UE_0004,CELL_005,1130.68,887.27,25.67,25.32,"[""CELL_006"", ""CELL_000"", ""CELL_001""]",-105.4,0
465,UE_0004,CELL_006,1133.0,888.37,25.67,25.32,"[""CELL_000"", ""CELL_001"", ""CELL_002""]",-90.85,0
470,UE_0004,CELL_006,1135.32,889.47,25.67,25.32,"[""CELL_000"", ""CELL_001"", ""CELL_002""]",-95.65,0
475,UE_0004,CELL_006,1137.64,890.57,25.67,25.32,"[""CELL_000"", ""CELL_001"", ""CELL_002""]",-114.65,0
480,UE_0004,CELL_006,1139.96,891.67,25.67,25.32,"[""CELL_000"", ""CELL_001"", ""CELL_002""]",-115.09,0
485,UE_0004,CELL_006,1142.28,892.76,25.67,25.32,"[""CELL_000"", ""CELL_001"", ""CELL_002""]",-98.91,0
490,UE_0004,CELL_006,1144.6,893.86,25.67,25.32,"[""CELL_000"", ""CELL_001"", ""CELL_002""]",-95.23,1
495,UE_0004,CELL_006,1146.92,894.96,25.67,25.32,"[""CELL_000"", ""CELL_001"", ""CELL_002""]",-110.1,0
0,UE_0005,CELL_002,242.4,829.95,39.55,44.53,"[""CELL_003"", ""CELL_004"", ""CELL_005""]",-99.22,1
5,UE_0005,CELL_002,245.22,832.73,39.55,44.53,"[""CELL_003"", ""CELL_004"", ""CELL_005""]",-93.38,0
10,UE_0005,CELL_002,248.04,835.5,39.55,44.53,"[""CELL_003"", ""CELL_004"", ""CELL_005""]",-85.75,0
15,UE_0005,CELL_002,250.86,838.27,39.55,44.53,"[""CELL_003"", ""CELL_004"", ""CELL_005""]",-102.36,0
20,UE_0005,CELL_002,253.68,841.05,39.55,44.53,"[""CELL_003"", ""CELL_004"", ""CELL_005""]",-107.54,0
25,UE_0005,CELL_002,256.49,843.82,39.55,44.53,"[""CELL_003"", ""CELL_004"", ""CELL_005""]",-96.79,0
30,UE_0005,CELL_002,259.31,846.6,39.55,44.53,"[""CELL_003"", ""CELL_004"", ""CELL_005""]",-97.12,1
35,UE_0005,CELL_002,262.13,849.37,39.55,44.53,"[""CELL_003"", ""CELL_004"", ""CELL_005""]",-92.95,0
40,UE_0005,CELL_002,264.95,852.14,39.55,44.53,"[""CELL_003"", ""CELL_004"", ""CELL_005""]",-96.36,1
45,UE_0005,CELL_002,267.77,854.92,39.55,44.53,"[""CELL_003"", ""CELL_004"", ""CELL_005""]",-99.38,0
50,UE_0005,CELL_000,270.59,857.69,39.55,44.53,"[""CELL_001"", ""CELL_002"", ""CELL_003""]",-104.58,0
55,UE_0005,CELL_000,273.41,860.47,39.55,44.53,"[""CELL_001"", ""CELL_002"", ""CELL_003""]",-92.76,0
60,UE_0005,CELL_000,276.23,863.24,39.55,44.53,"[""CELL_001"", ""CELL_002"", ""CELL_003""]",-87.51,0
65,UE_0005,CELL_000,279.05,866.01,39.55,44.53,"[""CELL_001"", ""CELL_002"", ""CELL_003""]",-107.15,0
70,UE_0005,CELL_000,281.87,868.79,39.55,44.53,"[""CELL_001"", ""CELL_002"", ""CELL_003""]",-105.26,1
75,UE_0005,CELL_000,284.69,871.56,39.55,44.53,"[""CELL_001"", ""CELL_002"", ""CELL_003""]",-103.8,0
80,UE_0005,CELL_000,287.51,874.33,39.55,44.53,"[""CELL_001"", ""CELL_002"", ""CELL_003""]",-99.49,0
85,UE_0005,CELL_000,290.33,877.11,39.55,44.53,"[""CELL_001"", ""CELL_002"", ""CELL_003""]",-92.53,0
90,UE_0005,CELL_000,293.15,879.88,39.55,44.53,"[""CELL_001"", ""CELL_002"", ""CELL_003""]",-86.95,0
95,UE_0005,CELL_000,295.97,882.66,39.55,44.53,"[""CELL_001"", ""CELL_002"", ""CELL_003""]",-87.71,0
100,UE_0005,CELL_000,298.79,885.43,39.55,44.53,"[""CELL_001"", ""CELL_002"", ""CELL_003""]",-90.6,0
105,UE_0005,CELL_000,301.61,888.2,39.55,44.53,"[""CELL_001"", ""CELL_002"", ""CELL_003""]",-108.79,0
110,UE_0005,CELL_000,304.43,890.98,39.55,44.53,"[""CELL_001"", ""CELL_002"", ""CELL_003""]",-82.21,0
115,UE_0005,CELL_000,307.25,893.75,39.55,44.53,"[""CELL_001"", ""CELL_002"", ""CELL_003""]",-97.83,0
120,UE_0005,CELL_000,310.07,896.53,39.55,44.53,"[""CELL_001"", ""CELL_002"", ""CELL_003""]",-109.13,0
125,UE_0005,CELL_000,312.89,899.3,39.55,44.53,"[""CELL_001"", ""CELL_002"", ""CELL_003""]",-96.8,0
130,UE_0005,CELL_000,315.71,902.07,39.55,44.53,"[""CELL_001"", ""CELL_002"", ""CELL_003""]",-93.34,1
135,UE_0005,CELL_000,318.53,904.85,39.55,44.53,"[""CELL_001"", ""CELL_002"", ""CELL_003""]",-105.6,0
140,UE_0005,CELL_000,321.35,907.62,39.55,44.53,"[""CELL_001"", ""CELL_002"", ""CELL_003""]",-91.4,0
145,UE_0005,CELL_000,324.17,910.4,39.55,44.53,"[""CELL_001"", ""CELL_002"", ""CELL_003""]",-89.95,0
150,UE_0005,CELL_000,326.99,913.17,39.55,44.53,"[""CELL_001"", ""CELL_002"", ""CELL_003""]",-84.61,0
155,UE_0005,CELL_000,329.81,915.94,39.55,44.53,"[""CELL_001"", ""CELL_002"", ""CELL_003""]",-92.07,0
160,UE_0005,CELL_000,332.63,918.72,39.55,44.53,"[""CELL_001"", ""CELL_002"", ""CELL_003""]",-105.47,0
165,UE_0005,CELL_000,335.45,921.49,39.55,44.53,"[""CELL_001"", ""CELL_002"", ""CELL_003""]",-93.13,0
170,UE_0005,CELL_006,338.27,924.26,39.55,44.53,"[""CELL_000"", ""CELL_001"", ""CELL_002""]",-99.27,0
175,UE_0005,CELL_006,341.08,927.04,39.55,44.53,"[""CELL_000"", ""CELL_001"", ""CELL_002""]",-85.79,0
180,UE_0005,CELL_006,343.9,929.81,39.55,44.53,"[""CELL_000"", ""CELL_001"", ""CELL_002""]",-91.41,0
185,UE_0005,CELL_006,346.72,932.59,39.55,44.53,"[""CELL_000"", ""CELL_001"", ""CELL_002""]",-92.67,0
190,UE_0005,CELL_006,349.54,935.36,39.55,44.53,"[""CELL_000"", ""CELL_001"", ""CELL_002""]",-107.14,0
195,UE_0005,CELL_006,352.36,938.13,39.55,44.53,"[""CELL_000"", ""CELL_001"", ""CELL_002""]",-96.91,0
200,UE_0005,CELL_006,355.18,940.91,39.55,44.53,"[""CELL_000"", ""CELL_001"", ""CELL_002""]",-114.12,0
205,UE_0005,CELL_006,358.0,943.68,39.55,44.53,"[""CELL_000"", ""CELL_001"", ""CELL_002""]",-85.02,0
210,UE_0005,CELL_006,360.82,946.46,39.55,44.53,"[""CELL_000"", ""CELL_001"", ""CELL_002""]",-102.33,0
215,UE_0005,CELL_006,363.64,949.23,39.55,44.53,"[""CELL_000"", ""CELL_001"", ""CELL_002""]",-99.95,0
220,UE_0005,CELL_006,366.46,952.0,39.55,44.53,"[""CELL_000"", ""CELL_001"", ""CELL_002""]",-96.4,0
225,UE_0005,CELL_006,369.28,954.78,39.55,44.53,"[""CELL_000"", ""CELL_001"", ""CELL_002""]",-103.68,0
230,UE_0005,CELL_006,372.1,957.55,39.55,44.53,"[""CELL_000"", ""CELL_001"", ""CELL_002""]",-95.66,0
235,UE_0005,CELL_006,374.92,960.33,39.55,44.53,"[""CELL_000"", ""CELL_001"", ""CELL_002""]",-90.56,0
240,UE_0005,CELL_006,377.74,963.1,39.55,44.53,"[""CELL_000"", ""CELL_001"", ""CELL_002""]",-99.73,0
245,UE_0005,CELL_006,380.56,965.87,39.55,44.53,"[""CELL_000"", ""CELL_001"", ""CELL_002""]",-84.47,0
250,UE_0005,CELL_006,383.38,968.65,39.55,44.53,"[""CELL_000"", ""CELL_001"", ""CELL_002""]",-110.41,0
255,UE_0005,CELL_006,386.2,971.42,39.55,44.53,"[""CELL_000"", ""CELL_001"", ""CELL_002""]",-90.74,0
260,UE_0005,CELL_006,389.02,974.19,39.55,44.53,"[""CELL_000"", ""CELL_001"", ""CELL_002""]",-92.5,0
265,UE_0005,CELL_006,391.84,976.97,39.55,44.53,"[""CELL_000"", ""CELL_001"", ""CELL_002""]",-86.46,0
270,UE_0005,CELL_006,394.66,979.74,39.55,44.53,"[""CELL_000"", ""CELL_001"", ""CELL_002""]",-88.0,0
275,UE_0005,CELL_006,397.48,982.52,39.55,44.53,"[""CELL_000"", ""CELL_001"", ""CELL_002""]",-78.97,0
280,UE_0005,CELL_006,400.3,985.29,39.55,44.53,"[""CELL_000"", ""CELL_001"", ""CELL_002""]",-85.59,1
285,UE_0005,CELL_006,403.12,988.06,39.55,44.53,"[""CELL_000"", ""CELL_001"", ""CELL_002""]",-108.61,0
290,UE_0005,CELL_006,405.94,990.84,39.55,44.53,"[""CELL_000"", ""CELL_001"", ""CELL_002""]",-91.39,0
295,UE_0005,CELL_006,408.76,993.61,39.55,44.53,"[""CELL_000"", ""CELL_001"", ""CELL_002""]",-104.85,0
300,UE_0005,CELL_006,411.58,996.39,39.55,44.53,"[""CELL_000"", ""CELL_001"", ""CELL_002""]",-94.33,1
305,UE_0005,CELL_006,414.4,999.16,39.55,44.53,"[""CELL_000"", ""CELL_001"", ""CELL_002""]",-106.21,0
310,UE_0005,CELL_006,417.22,1001.93,39.55,44.53,"[""CELL_000"", ""CELL_001"", ""CELL_002""]",-95.92,0
315,UE_0005,CELL_006,420.04,1004.71,39.55,44.53,"[""CELL_000"", ""CELL_001"", ""CELL_002""]",-91.78,0
320,UE_0005,CELL_006,422.85,1007.48,39.55,44.53,"[""CELL_000"", ""CELL_001"", ""CELL_002""]",-101.49,0
325,UE_0005,CELL_006,425.67,1010.26,39.55,44.53,"[""CELL_000"", ""CELL_001"", ""CELL_002""]",-105.0,0
330,UE_0005,CELL_006,428.49,1013.03,39.55,44.53,"[""CELL_000"", ""CELL_001"", ""CELL_002""]",-89.62,0
335,UE_0005,CELL_006,431.31,1015.8,39.55,44.53,"[""CELL_000"", ""CELL_001"", ""CELL_002""]",-88.44,0
340,UE_0005,CELL_006,434.13,1018.58,39.55,44.53,"[""CELL_000"", ""CELL_001"", ""CELL_002""]",-101.43,0
345,UE_0005,CELL_006,436.95,1021.35,39.55,44.53,"[""CELL_000"", ""CELL_001"", ""CELL_002""]",-99.62,0
350,UE_0005,CELL_006,439.77,1024.12,39.55,44.53,"[""CELL_000"", ""CELL_001"", ""CELL_002""]",-87.43,0
355,UE_0005,CELL_006,442.59,1026.9,39.55,44.53,"[""CELL_000"", ""CELL_001"", ""CELL_002""]",-96.34,0
360,UE_0005,CELL_006,445.41,1029.67,39.55,44.53,"[""CELL_000"", ""CELL_001"", ""CELL_002""]",-89.92,0
365,UE_0005,CELL_006,448.23,1032.45,39.55,44.53,"[""CELL_000"", ""CELL_001"", ""CELL_002""]",-98.68,0
370,UE_0005,CELL_006,451.05,1035.22,39.55,44.53,"[""CELL_000"", ""CELL_001"", ""CELL_002""]",-93.5,0
375,UE_0005,CELL_006,453.87,1037.99,39.55,44.53,"[""CELL_000"", ""CELL_001"", ""CELL_002""]",-104.12,0
380,UE_0005,CELL_006,456.69,1040.77,39.55,44.53,"[""CELL_000"", ""CELL_001"", ""CELL_002""]",-95.47,0
385,UE_0005,CELL_006,459.51,1043.54,39.55,44.53,"[""CELL_000"", ""CELL_001"", ""CELL_002""]",-86.67,1
390,UE_0005,CELL_006,462.33,1046.32,39.55,44.53,"[""CELL_000"", ""CELL_001"", ""CELL_002""]",-83.05,0
395,UE_0005,CELL_006,465.15,1049.09,39.55,44.53,"[""CELL_000"", ""CELL_001"", ""CELL_002""]",-89.8,0
400,UE_0005,CELL_006,467.97,1051.86,39.55,44.53,"[""CELL_000"", ""CELL_001"", ""CELL_002""]",-79.3,1
405,UE_0005,CELL_006,470.79,1054.64,39.55,44.53,"[""CELL_000"", ""CELL_001"", ""CELL_002""]",-88.93,0
410,UE_0005,CELL_006,473.61,1057.41,39.55,44.53,"[""CELL_000"", ""CELL_001"", ""CELL_002""]",-91.83,0
415,UE_0005,CELL_006,476.43,1060.19,39.55,44.53,"[""CELL_000"", ""CELL_001"", ""CELL_002""]",-98.12,0
420,UE_0005,CELL_006,479.25,1062.96,39.55,44.53,"[""CELL_000"", ""CELL_001"", ""CELL_002""]",-101.12,0
425,UE_0005,CELL_006,482.07,1065.73,39.55,44.53,"[""CELL_000"", ""CELL_001"", ""CELL_002""]",-93.93,0
430,UE_0005,CELL_006,484.89,1068.51,39.55,44.53,"[""CELL_000"", ""CELL_001"", ""CELL_002""]",-90.25,0
435,UE_0005,CELL_006,487.71,1071.28,39.55,44.53,"[""CELL_000"", ""CELL_001"", ""CELL_002""]",-80.08,0
440,UE_0005,CELL_006,490.53,1074.05,39.55,44.53,"[""CELL_000"", ""CELL_001"", ""CELL_002""]",-93.28,0
445,UE_0005,CELL_006,493.35,1076.83,39.55,44.53,"[""CELL_000"", ""CELL_001"", ""CELL_002""]",-91.76,0
450,UE_0005,CELL_006,496.17,1079.6,39.55,44.53,"[""CELL_000"", ""CELL_001"", ""CELL_002""]",-88.94,0
455,UE_0005,CELL_006,498.99,1082.38,11.41,68.69,"[""CELL_000"", ""CELL_001"", ""CELL_002""]",-88.82,0
460,UE_0005,CELL_004,499.4,1083.44,11.41,68.69,"[""CELL_005"", ""CELL_006"", ""CELL_000""]",-94.88,0
465,UE_0005,CELL_004,499.81,1084.5,11.41,68.69,"[""CELL_005"", ""CELL_006"", ""CELL_000""]",-106.46,0
470,UE_0005,CELL_004,500.23,1085.57,11.41,68.69,"[""CELL_005"", ""CELL_006"", ""CELL_000""]",-92.41,0
475,UE_0005,CELL_004,500.64,1086.63,11.41,68.69,"[""CELL_005"", ""CELL_006"", ""CELL_000""]",-97.46,0
480,UE_0005,CELL_004,501.06,1087.69,11.41,68.69,"[""CELL_005"", ""CELL_006"", ""CELL_000""]",-96.72,0
485,UE_0005,CELL_004,501.47,1088.75,18.32,17.6,"[""CELL_005"", ""CELL_006"", ""CELL_000""]",-91.09,0
490,UE_0005,CELL_004,503.22,1089.31,18.32,17.6,"[""CELL_005"", ""CELL_006"", ""CELL_000""]",-74.64,0
495,UE_0005,CELL_001,504.97,1089.86,18.32,17.6,"[""CELL_002"", ""CELL_003"", ""CELL_004""]",-99.21,0
0,UE_0006,CELL_006,251.63,309.67,24.48,-38.2,"[""CELL_000"", ""CELL_001"", ""CELL_002""]",-91.28,0
5,UE_0006,CELL_006,253.55,308.15,24.48,-38.2,"[""CELL_000"", ""CELL_001"", ""CELL_002""]",-75.81,0
10,UE_0006,CELL_006,255.48,306.64,24.48,-38.2,"[""CELL_000"", ""CELL_001"", ""CELL_002""]",-89.89,0
15,UE_0006,CELL_006,257.4,305.13,24.48,-38.2,"[""CELL_000"", ""CELL_001"", ""CELL_002""]",-89.4,0
20,UE_0006,CELL_006,259.33,303.61,24.48,-38.2,"[""CELL_000"", ""CELL_001"", ""CELL_002""]",-75.2,0
25,UE_0006,CELL_006,261.25,302.1,24.48,-38.2,"[""CELL_000"", ""CELL_001"", ""CELL_002""]",-93.24,0
30,UE_0006,CELL_006,263.17,300.59,24.48,-38.2,"[""CELL_000"", ""CELL_001"", ""CELL_002""]",-83.47,0
35,UE_0006,CELL_006,265.1,299.07,24.48,-38.2,"[""CELL_000"", ""CELL_001"", ""CELL_002""]",-82.32,0
40,UE_0006,CELL_006,267.02,297.56,24.48,-38.2,"[""CELL_000"", ""CELL_001"", ""CELL_002""]",-81.62,0
45,UE_0006,CELL_006,268.94,296.04,24.48,-38.2,"[""CELL_000"", ""CELL_001"", ""CELL_002""]",-85.31,1
50,UE_0006,CELL_006,270.87,294.53,24.48,-38.2,"[""CELL_000"", ""CELL_001"", ""CELL_002""]",-121.77,0
55,UE_0006,CELL_006,272.79,293.02,24.48,-38.2,"[""CELL_000"", ""CELL_001"", ""CELL_002""]",-100.39,0
60,UE_0006,CELL_006,274.71,291.5,24.48,-38.2,"[""CELL_000"", ""CELL_001"", ""CELL_002""]",-94.5,0
65,UE_0006,CELL_006,276.64,289.99,24.48,-38.2,"[""CELL_000"", ""CELL_001"", ""CELL_002""]",-88.06,0
70,UE_0006,CELL_006,278.56,288.48,24.48,-38.2,"[""CELL_000"", ""CELL_001"", ""CELL_002""]",-82.11,0
75,UE_0006,CELL_006,280.48,286.96,24.48,-38.2,"[""CELL_000"", ""CELL_001"", ""CELL_002""]",-106.47,0
80,UE_0006,CELL_006,282.41,285.45,24.48,-38.2,"[""CELL_000"", ""CELL_001"", ""CELL_002""]",-86.0,0
85,UE_0006,CELL_006,284.33,283.93,24.48,-38.2,"[""CELL_000"", ""CELL_001"", ""CELL_002""]",-82.84,0
90,UE_0006,CELL_006,286.25,282.42,24.48,-38.2,"[""CELL_000"", ""CELL_001"", ""CELL_002""]",-99.27,0
95,UE_0006,CELL_006,288.18,280.91,24.48,-38.2,"[""CELL_000"", ""CELL_001"", ""CELL_002""]",-89.54,0
100,UE_0006,CELL_006,290.1,279.39,24.48,-38.2,"[""CELL_000"", ""CELL_001"", ""CELL_002""]",-88.02,0
105,UE_0006,CELL_006,292.02,277.88,24.48,-38.2,"[""CELL_000"", ""CELL_001"", ""CELL_002""]",-82.67,0
110,UE_0006,CELL_006,293.95,276.37,24.48,-38.2,"[""CELL_000"", ""CELL_001"", ""CELL_002""]",-80.24,0
115,UE_0006,CELL_000,295.87,274.85,24.48,-38.2,"[""CELL_001"", ""CELL_002"", ""CELL_003""]",-106.81,0
120,UE_0006,CELL_000,297.8,273.34,24.48,-38.2,"[""CELL_001"", ""CELL_002"", ""CELL_003""]",-106.89,0
125,UE_0006,CELL_000,299.72,271.82,24.48,-38.2,"[""CELL_001"", ""CELL_002"", ""CELL_003""]",-108.92,0
130,UE_0006,CELL_000,301.64,270.31,24.48,-38.2,"[""CELL_001"", ""CELL_002"", ""CELL_003""]",-107.96,0
135,UE_0006,CELL_000,303.57,268.8,24.48,-38.2,"[""CELL_001"", ""CELL_002"", ""CELL_003""]",-89.03,0
140,UE_0006,CELL_000,305.49,267.28,24.48,-38.2,"[""CELL_001"", ""CELL_002"", ""CELL_003""]",-97.01,0
145,UE_0006,CELL_000,307.41,265.77,24.48,-38.2,"[""CELL_001"", ""CELL_002"", ""CELL_003""]",-102.1,0
150,UE_0006,CELL_000,309.34,264.26,24.48,-38.2,"[""CELL_001"", ""CELL_002"", ""CELL_003""]",-98.14,0
155,UE_0006,CELL_000,311.26,262.74,24.48,-38.2,"[""CELL_001"", ""CELL_002"", ""CELL_003""]",-95.4,0
160,UE_0006,CELL_000,313.18,261.23,24.48,-38.2,"[""CELL_001"", ""CELL_002"", ""CELL_003""]",-99.53,0
165,UE_0006,CELL_000,315.11,259.71,24.48,-38.2,"[""CELL_001"", ""CELL_002"", ""CELL_003""]",-91.78,0
170,UE_0006,CELL_001,317.03,258.2,24.48,-38.2,"[""CELL_002"", ""CELL_003"", ""CELL_004""]",-78.47,0
175,UE_0006,CELL_001,318.95,256.69,24.48,-38.2,"[""CELL_002"", ""CELL_003"", ""CELL_004""]",-88.93,0
180,UE_0006,CELL_001,320.88,255.17,24.48,-38.2,"[""CELL_002"", ""CELL_003"", ""CELL_004""]",-96.67,0
185,UE_0006,CELL_001,322.8,253.66,24.48,-38.2,"[""CELL_002"", ""CELL_003"", ""CELL_004""]",-99.98,0
190,UE_0006,CELL_001,324.72,252.15,24.48,-38.2,"[""CELL_002"", ""CELL_003"", ""CELL_004""]",-91.63,0
195,UE_0006,CELL_001,326.65,250.63,24.48,-38.2,"[""CELL_002"", ""CELL_003"", ""CELL_004""]",-93.01,0
200,UE_0006,CELL_001,328.57,249.12,24.48,-38.2,"[""CELL_002"", ""CELL_003"", ""CELL_004""]",-86.5,0
205,UE_0006,CELL_001,330.49,247.6,24.48,-38.2,"[""CELL_002"", ""CELL_003"", ""CELL_004""]",-80.39,0
210,UE_0006,CELL_001,332.42,246.09,24.48,-38.2,"[""CELL_002"", ""CELL_003"", ""CELL_004""]",-99.4,0
215,UE_0006,CELL_001,334.34,244.58,24.48,-38.2,"[""CELL_002"", ""CELL_003"", ""CELL_004""]",-107.65,0
220,UE_0006,CELL_001,336.27,243.06,24.48,-38.2,"[""CELL_002"", ""CELL_003"", ""CELL_004""]",-99.39,0
225,UE_0006,CELL_001,338.19,241.55,24.48,-38.2,"[""CELL_002"", ""CELL_003"", ""CELL_004""]",-92.67,0
230,UE_0006,CELL_001,340.11,240.04,24.48,-38.2,"[""CELL_002"", ""CELL_003"", ""CELL_004""]",-87.92,0
235,UE_0006,CELL_001,342.04,238.52,24.48,-38.2,"[""CELL_002"", ""CELL_003"", ""CELL_004""]",-108.55,0
240,UE_0006,CELL_001,343.96,237.01,24.48,-38.2,"[""CELL_002"", ""CELL_003"", ""CELL_004""]",-84.95,0
245,UE_0006,CELL_001,345.88,235.49,24.48,-38.2,"[""CELL_002"", ""CELL_003"", ""CELL_004""]",-97.17,1
250,UE_0006,CELL_001,347.81,233.98,24.48,-38.2,"[""CELL_002"", ""CELL_003"", ""CELL_004""]",-86.0,1
255,UE_0006,CELL_001,349.73,232.47,24.48,-38.2,"[""CELL_002"", ""CELL_003"", ""CELL_004""]",-107.67,0
260,UE_0006,CELL_001,351.65,230.95,24.48,-38.2,"[""CELL_002"", ""CELL_003"", ""CELL_004""]",-113.01,0
265,UE_0006,CELL_001,353.58,229.44,24.48,-38.2,"[""CELL_002"", ""CELL_003"", ""CELL_004""]",-84.93,0
270,UE_0006,CELL_001,355.5,227.93,30.57,-74.84,"[""CELL_002"", ""CELL_003"", ""CELL_004""]",-87.97,0
275,UE_0006,CELL_001,356.3,224.97,30.57,-74.84,"[""CELL_002"", ""CELL_003"", ""CELL_004""]",-102.62,0
280,UE_0006,CELL_001,357.1,222.02,30.57,-74.84,"[""CELL_002"", ""CELL_003"", ""CELL_004""]",-81.5,0
285,UE_0006,CELL_001,357.9,219.07,30.57,-74.84,"[""CELL_002"", ""CELL_003"", ""CELL_004""]",-99.22,0
290,UE_0006,CELL_001,358.7,216.12,30.57,-74.84,"[""CELL_002"", ""CELL_003"", ""CELL_004""]",-110.47,0
295,UE_0006,CELL_001,359.5,213.17,30.57,-74.84,"[""CELL_002"", ""CELL_003"", ""CELL_004""]",-109.89,0
300,UE_0006,CELL_001,360.3,210.22,30.57,-74.84,"[""CELL_002"", ""CELL_003"", ""CELL_004""]",-95.25,0
305,UE_0006,CELL_001,361.1,207.27,30.57,-74.84,"[""CELL_002"", ""CELL_003"", ""CELL_004""]",-104.27,0
310,UE_0006,CELL_001,361.9,204.32,30.57,-74.84,"[""CELL_002"", ""CELL_003"", ""CELL_004""]",-84.63,0
315,UE_0006,CELL_001,362.69,201.37,30.57,-74.84,"[""CELL_002"", ""CELL_003"", ""CELL_004""]",-83.7,1
320,UE_0006,CELL_001,363.49,198.42,30.57,-74.84,"[""CELL_002"", ""CELL_003"", ""CELL_004""]",-94.94,0
325,UE_0006,CELL_001,364.29,195.47,30.57,-74.84,"[""CELL_002"", ""CELL_003"", ""CELL_004""]",-94.73,0
330,UE_0006,CELL_001,365.09,192.51,30.57,-74.84,"[""CELL_002"", ""CELL_003"", ""CELL_004""]",-90.3,0
335,UE_0006,CELL_001,365.89,189.56,30.57,-74.84,"[""CELL_002"", ""CELL_003"", ""CELL_004""]",-97.41,0
340,UE_0006,CELL_001,366.69,186.61,30.57,-74.84,"[""CELL_002"", ""CELL_003"", ""CELL_004""]",-87.49,0
345,UE_0006,CELL_001,367.49,183.66,30.57,-74.84,"[""CELL_002"", ""CELL_003"", ""CELL_004""]",-94.57,0
350,UE_0006,CELL_001,368.29,180.71,30.57,-74.84,"[""CELL_002"", ""CELL_003"", ""CELL_004""]",-81.74,0
355,UE_0006,CELL_001,369.09,177.76,30.57,-74.84,"[""CELL_002"", ""CELL_003"", ""CELL_004""]",-102.26,0
360,UE_0006,CELL_001,369.89,174.81,30.57,-74.84,"[""CELL_002"", ""CELL_003"", ""CELL_004""]",-101.65,0
365,UE_0006,CELL_000,370.69,171.86,30.57,-74.84,"[""CELL_001"", ""CELL_002"", ""CELL_003""]",-84.35,0
370,UE_0006,CELL_000,371.49,168.91,30.57,-74.84,"[""CELL_001"", ""CELL_002"", ""CELL_003""]",-67.67,0
375,UE_0006,CELL_000,372.29,165.96,30.57,-74.84,"[""CELL_001"", ""CELL_002"", ""CELL_003""]",-95.14,0
380,UE_0006,CELL_000,373.09,163.01,30.57,-74.84,"[""CELL_001"", ""CELL_002"", ""CELL_003""]",-90.28,0
385,UE_0006,CELL_000,373.89,160.06,30.57,-74.84,"[""CELL_001"", ""CELL_002"", ""CELL_003""]",-83.05,0
390,UE_0006,CELL_000,374.69,157.1,30.57,-74.84,"[""CELL_001"", ""CELL_002"", ""CELL_003""]",-90.62,0
395,UE_0006,CELL_000,375.48,154.15,30.57,-74.84,"[""CELL_001"", ""CELL_002"", ""CELL_003""]",-93.01,0
400,UE_0006,CELL_000,376.28,151.2,30.57,-74.84,"[""CELL_001"", ""CELL_002"", ""CELL_003""]",-99.55,0
405,UE_0006,CELL_000,377.08,148.25,30.57,-74.84,"[""CELL_001"", ""CELL_002"", ""CELL_003""]",-99.1,0
410,UE_0006,CELL_000,377.88,145.3,30.57,-74.84,"[""CELL_001"", ""CELL_002"", ""CELL_003""]",-87.26,0
415,UE_0006,CELL_000,378.68,142.35,30.57,-74.84,"[""CELL_001"", ""CELL_002"", ""CELL_003""]",-101.5,0
420,UE_0006,CELL_000,379.48,139.4,30.57,-74.84,"[""CELL_001"", ""CELL_002"", ""CELL_003""]",-100.88,0
425,UE_0006,CELL_000,380.28,136.45,30.57,-74.84,"[""CELL_001"", ""CELL_002"", ""CELL_003""]",-97.87,0
430,UE_0006,CELL_000,381.08,133.5,30.57,-74.84,"[""CELL_001"", ""CELL_002"", ""CELL_003""]",-80.96,0
435,UE_0006,CELL_000,381.88,130.55,30.57,-74.84,"[""CELL_001"", ""CELL_002"", ""CELL_003""]",-84.07,0
440,UE_0006,CELL_000,382.68,127.6,30.57,-74.84,"[""CELL_001"", ""CELL_002"", ""CELL_003""]",-91.35,0
445,UE_0006,CELL_000,383.48,124.64,30.57,-74.84,"[""CELL_001"", ""CELL_002"", ""CELL_003""]",-114.21,0
450,UE_0006,CELL_000,384.28,121.69,30.57,-74.84,"[""CELL_001"", ""CELL_002"", ""CELL_003""]",-106.53,0
455,UE_0006,CELL_000,385.08,118.74,30.57,-74.84,"[""CELL_001"", ""CELL_002"", ""CELL_003""]",-103.65,0
460,UE_0006,CELL_000,385.88,115.79,30.57,-74.84,"[""CELL_001"", ""CELL_002"", ""CELL_003""]",-110.59,0
465,UE_0006,CELL_000,386.68,112.84,30.57,-74.84,"[""CELL_001"", ""CELL_002"", ""CELL_003""]",-82.03,0
470,UE_0006,CELL_000,387.47,109.89,30.57,-74.84,"[""CELL_001"", ""CELL_002"", ""CELL_003""]",-93.51,0
475,UE_0006,CELL_000,388.27,106.94,30.57,-74.84,"[""CELL_001"", ""CELL_002"", ""CELL_003""]",-99.18,0
480,UE_0006,CELL_000,389.07,103.99,30.57,-74.84,"[""CELL_001"", ""CELL_002"", ""CELL_003""]",-88.9,0
485,UE_0006,CELL_000,389.87,101.04,30.57,-74.84,"[""CELL_001"", ""CELL_002"", ""CELL_003""]",-77.58,0
490,UE_0006,CELL_000,390.67,98.09,30.57,-74.84,"[""CELL_001"", ""CELL_002"", ""CELL_003""]",-102.45,0
495,UE_0006,CELL_000,391.47,95.14,30.57,-74.84,"[""CELL_001"", ""CELL_002"", ""CELL_003""]",-95.61,0
0,UE_0007,CELL_001,642.27,278.47,24.4,166.65,"[""CELL_002"", ""CELL_003"", ""CELL_004""]",-82.6,0
5,UE_0007,CELL_001,639.9,279.03,24.4,166.65,"[""CELL_002"", ""CELL_003"", ""CELL_004""]",-83.9,0
10,UE_0007,CELL_001,637.52,279.59,24.4,166.65,"[""CELL_002"", ""CELL_003"", ""CELL_004""]",-81.69,0
15,UE_0007,CELL_001,635.15,280.16,24.4,166.65,"[""CELL_002"", ""CELL_003"", ""CELL_004""]",-79.55,0
20,UE_0007,CELL_001,632.77,280.72,24.4,166.65,"[""CELL_002"", ""CELL_003"", ""CELL_004""]",-96.54,0
25,UE_0007,CELL_001,630.4,281.28,24.4,166.65,"[""CELL_002"", ""CELL_003"", ""CELL_004""]",-94.51,0
30,UE_0007,CELL_001,628.02,281.85,24.4,166.65,"[""CELL_002"", ""CELL_003"", ""CELL_004""]",-92.69,0
35,UE_0007,CELL_001,625.65,282.41,24.4,166.65,"[""CELL_002"", ""CELL_003"", ""CELL_004""]",-98.69,0
40,UE_0007,CELL_001,623.28,282.97,24.4,166.65,"[""CELL_002"", ""CELL_003"", ""CELL_004""]",-94.6,0
45,UE_0007,CELL_001,620.9,283.54,24.4,166.65,"[""CELL_002"", ""CELL_003"", ""CELL_004""]",-99.79,0
50,UE_0007,CELL_001,618.53,284.1,24.4,166.65,"[""CELL_002"", ""CELL_003"", ""CELL_004""]",-85.7,0
55,UE_0007,CELL_001,616.15,284.66,24.4,166.65,"[""CELL_002"", ""CELL_003"", ""CELL_004""]",-85.03,0
60,UE_0007,CELL_001,613.78,285.23,24.4,166.65,"[""CELL_002"", ""CELL_003"", ""CELL_004""]",-106.96,0
65,UE_0007,CELL_001,611.4,285.79,24.4,166.65,"[""CELL_002"", ""CELL_003"", ""CELL_004""]",-92.85,0
70,UE_0007,CELL_001,609.03,286.35,24.4,166.65,"[""CELL_002"", ""CELL_003"", ""CELL_004""]",-87.43,0
75,UE_0007,CELL_001,606.65,286.92,24.4,166.65,"[""CELL_002"", ""CELL_003"", ""CELL_004""]",-92.81,0
80,UE_0007,CELL_001,604.28,287.48,24.4,166.65,"[""CELL_002"", ""CELL_003"", ""CELL_004""]",-101.77,0
85,UE_0007,CELL_001,601.91,288.04,24.4,166.65,"[""CELL_002"", ""CELL_003"", ""CELL_004""]",-82.71,0
90,UE_0007,CELL_001,599.53,288.61,24.4,166.65,"[""CELL_002"", ""CELL_003"", ""CELL_004""]",-68.99,0
95,UE_0007,CELL_001,597.16,289.17,4.81,14.92,"[""CELL_002"", ""CELL_003"", ""CELL_004""]",-97.13,0
100,UE_0007,CELL_001,597.62,289.29,4.81,14.92,"[""CELL_002"", ""CELL_003"", ""CELL_004""]",-101.4,0
105,UE_0007,CELL_001,598.09,289.42,4.81,14.92,"[""CELL_002"", ""CELL_003"", ""CELL_004""]",-91.42,1
110,UE_0007,CELL_001,598.55,289.54,4.81,14.92,"[""CELL_002"", ""CELL_003"", ""CELL_004""]",-82.42,0
115,UE_0007,CELL_001,599.02,289.67,4.81,14.92,"[""CELL_002"", ""CELL_003"", ""CELL_004""]",-91.13,0
120,UE_0007,CELL_001,599.48,289.79,4.81,14.92,"[""CELL_002"", ""CELL_003"", ""CELL_004""]",-95.65,0
125,UE_0007,CELL_001,599.94,289.91,4.81,14.92,"[""CELL_002"", ""CELL_003"", ""CELL_004""]",-90.64,0
130,UE_0007,CELL_001,600.41,290.04,4.81,14.92,"[""CELL_002"", ""CELL_003"", ""CELL_004""]",-78.78,0
135,UE_0007,CELL_001,600.87,290.16,4.81,14.92,"[""CELL_002"", ""CELL_003"", ""CELL_004""]",-92.29,0
140,UE_0007,CELL_001,601.34,290.28,4.81,14.92,"[""CELL_002"", ""CELL_003"", ""CELL_004""]",-85.33,0
145,UE_0007,CELL_001,601.8,290.41,4.81,14.92,"[""CELL_002"", ""CELL_003"", ""CELL_004""]",-93.63,0
150,UE_0007,CELL_001,602.27,290.53,4.81,14.92,"[""CELL_002"", ""CELL_003"", ""CELL_004""]",-98.13,0
155,UE_0007,CELL_001,602.73,290.66,4.81,14.92,"[""CELL_002"", ""CELL_003"", ""CELL_004""]",-91.59,0
160,UE_0007,CELL_001,603.2,290.78,4.81,14.92,"[""CELL_002"", ""CELL_003"", ""CELL_004""]",-96.52,1
165,UE_0007,CELL_001,603.66,290.9,4.81,14.92,"[""CELL_002"", ""CELL_003"", ""CELL_004""]",-111.93,0
170,UE_0007,CELL_001,604.12,291.03,4.81,14.92,"[""CELL_002"", ""CELL_003"", ""CELL_004""]",-93.81,0
175,UE_0007,CELL_001,604.59,291.15,4.81,14.92,"[""CELL_002"", ""CELL_003"", ""CELL_004""]",-105.28,0
180,UE_0007,CELL_001,605.05,291.27,4.81,14.92,"[""CELL_002"", ""CELL_003"", ""CELL_004""]",-79.33,0
185,UE_0007,CELL_001,605.52,291.4,4.81,14.92,"[""CELL_002"", ""CELL_003"", ""CELL_004""]",-84.26,0
190,UE_0007,CELL_001,605.98,291.52,4.81,14.92,"[""CELL_002"", ""CELL_003"", ""CELL_004""]",-96.53,0
195,UE_0007,CELL_001,606.45,291.65,4.81,14.92,"[""CELL_002"", ""CELL_003"", ""CELL_004""]",-89.05,0
200,UE_0007,CELL_001,606.91,291.77,4.81,14.92,"[""CELL_002"", ""CELL_003"", ""CELL_004""]",-94.79,0
205,UE_0007,CELL_001,607.38,291.89,4.81,14.92,"[""CELL_002"", ""CELL_003"", ""CELL_004""]",-94.42,0
210,UE_0007,CELL_001,607.84,292.02,4.81,14.92,"[""CELL_002"", ""CELL_003"", ""CELL_004""]",-109.91,0
215,UE_0007,CELL_001,608.3,292.14,4.81,14.92,"[""CELL_002"", ""CELL_003"", ""CELL_004""]",-94.02,1
220,UE_0007,CELL_001,608.77,292.26,4.81,14.92,"[""CELL_002"", ""CELL_003"", ""CELL_004""]",-93.75,1
225,UE_0007,CELL_001,609.23,292.39,4.81,14.92,"[""CELL_002"", ""CELL_003"", ""CELL_004""]",-115.15,0
230,UE_0007,CELL_001,609.7,292.51,4.81,14.92,"[""CELL_002"", ""CELL_003"", ""CELL_004""]",-81.07,0
235,UE_0007,CELL_001,610.16,292.64,4.81,14.92,"[""CELL_002"", ""CELL_003"", ""CELL_004""]",-79.19,0
240,UE_0007,CELL_001,610.63,292.76,4.81,14.92,"[""CELL_002"", ""CELL_003"", ""CELL_004""]",-91.18,0
245,UE_0007,CELL_001,611.09,292.88,4.81,14.92,"[""CELL_002"", ""CELL_003"", ""CELL_004""]",-92.16,0
250,UE_0007,CELL_001,611.56,293.01,4.81,14.92,"[""CELL_002"", ""CELL_003"", ""CELL_004""]",-112.57,0
255,UE_0007,CELL_001,612.02,293.13,4.81,14.92,"[""CELL_002"", ""CELL_003"", ""CELL_004""]",-108.61,0
260,UE_0007,CELL_001,612.48,293.25,4.81,14.92,"[""CELL_002"", ""CELL_003"", ""CELL_004""]",-101.77,1
265,UE_0007,CELL_001,612.95,293.38,4.81,14.92,"[""CELL_002"", ""CELL_003"", ""CELL_004""]",-87.35,1
270,UE_0007,CELL_001,613.41,293.5,4.81,14.92,"[""CELL_002"", ""CELL_003"", ""CELL_004""]",-93.84,0
275,UE_0007,CELL_001,613.88,293.63,4.81,14.92,"[""CELL_002"", ""CELL_003"", ""CELL_004""]",-84.2,0
280,UE_0007,CELL_001,614.34,293.75,4.81,14.92,"[""CELL_002"", ""CELL_003"", ""CELL_004""]",-85.75,0
285,UE_0007,CELL_001,614.81,293.87,4.81,14.92,"[""CELL_002"", ""CELL_003"", ""CELL_004""]",-104.02,0
290,UE_0007,CELL_001,615.27,294.0,4.81,14.92,"[""CELL_002"", ""CELL_003"", ""CELL_004""]",-89.13,0
295,UE_0007,CELL_001,615.74,294.12,4.81,14.92,"[""CELL_002"", ""CELL_003"", ""CELL_004""]",-99.64,0
300,UE_0007,CELL_001,616.2,294.24,4.81,14.92,"[""CELL_002"", ""CELL_003"", ""CELL_004""]",-91.32,0
305,UE_0007,CELL_001,616.66,294.37,4.81,14.92,"[""CELL_002"", ""CELL_003"", ""CELL_004""]",-92.51,0
310,UE_0007,CELL_001,617.13,294.49,4.81,14.92,"[""CELL_002"", ""CELL_003"", ""CELL_004""]",-96.22,0
315,UE_0007,CELL_001,617.59,294.62,4.81,14.92,"[""CELL_002"", ""CELL_003"", ""CELL_004""]",-99.41,0
320,UE_0007,CELL_001,618.06,294.74,4.81,14.92,"[""CELL_002"", ""CELL_003"", ""CELL_004""]",-94.97,0
325,UE_0007,CELL_001,618.52,294.86,4.81,14.92,"[""CELL_002"", ""CELL_003"", ""CELL_004""]",-101.94,0
330,UE_0007,CELL_001,618.99,294.99,4.81,14.92,"[""CELL_002"", ""CELL_003"", ""CELL_004""]",-101.9,0
335,UE_0007,CELL_001,619.45,295.11,4.81,14.92,"[""CELL_002"", ""CELL_003"", ""CELL_004""]",-95.64,0
340,UE_0007,CELL_001,619.92,295.23,4.81,14.92,"[""CELL_002"", ""CELL_003"", ""CELL_004""]",-97.77,0
345,UE_0007,CELL_001,620.38,295.36,4.81,14.92,"[""CELL_002"", ""CELL_003"", ""CELL_004""]",-94.09,0
350,UE_0007,CELL_001,620.85,295.48,4.81,14.92,"[""CELL_002"", ""CELL_003"", ""CELL_004""]",-90.7,0
355,UE_0007,CELL_001,621.31,295.61,4.81,14.92,"[""CELL_002"", ""CELL_003"", ""CELL_004""]",-98.75,0
360,UE_0007,CELL_001,621.77,295.73,4.81,14.92,"[""CELL_002"", ""CELL_003"", ""CELL_004""]",-95.3,0
365,UE_0007,CELL_001,622.24,295.85,4.81,14.92,"[""CELL_002"", ""CELL_003"", ""CELL_004""]",-96.08,0
370,UE_0007,CELL_001,622.7,295.98,4.81,14.92,"[""CELL_002"", ""CELL_003"", ""CELL_004""]",-92.14,0
375,UE_0007,CELL_001,623.17,296.1,4.81,14.92,"[""CELL_002"", ""CELL_003"", ""CELL_004""]",-98.9,0
380,UE_0007,CELL_001,623.63,296.23,4.81,14.92,"[""CELL_002"", ""CELL_003"", ""CELL_004""]",-88.75,1
385,UE_0007,CELL_001,624.1,296.35,4.81,14.92,"[""CELL_002"", ""CELL_003"", ""CELL_004""]",-88.81,0
390,UE_0007,CELL_001,624.56,296.47,4.81,14.92,"[""CELL_002"", ""CELL_003"", ""CELL_004""]",-97.05,0
395,UE_0007,CELL_001,625.03,296.6,4.81,14.92,"[""CELL_002"", ""CELL_003"", ""CELL_004""]",-102.96,0
400,UE_0007,CELL_001,625.49,296.72,4.81,14.92,"[""CELL_002"", ""CELL_003"", ""CELL_004""]",-83.47,0
405,UE_0007,CELL_001,625.95,296.84,4.81,14.92,"[""CELL_002"", ""CELL_003"", ""CELL_004""]",-91.81,0
410,UE_0007,CELL_001,626.42,296.97,4.81,14.92,"[""CELL_002"", ""CELL_003"", ""CELL_004""]",-88.98,0
415,UE_0007,CELL_001,626.88,297.09,4.81,14.92,"[""CELL_002"", ""CELL_003"", ""CELL_004""]",-84.0,0
420,UE_0007,CELL_001,627.35,297.22,4.81,14.92,"[""CELL_002"", ""CELL_003"", ""CELL_004""]",-108.41,1
425,UE_0007,CELL_001,627.81,297.34,4.81,14.92,"[""CELL_002"", ""CELL_003"", ""CELL_004""]",-104.42,0
430,UE_0007,CELL_001,628.28,297.46,4.81,14.92,"[""CELL_002"", ""CELL_003"", ""CELL_004""]",-105.45,0
435,UE_0007,CELL_001,628.74,297.59,4.81,14.92,"[""CELL_002"", ""CELL_003"", ""CELL_004""]",-80.66,0
440,UE_0007,CELL_000,629.21,297.71,4.81,14.92,"[""CELL_001"", ""CELL_002"", ""CELL_003""]",-78.2,0
445,UE_0007,CELL_000,629.67,297.83,4.81,14.92,"[""CELL_001"", ""CELL_002"", ""CELL_003""]",-95.65,0
450,UE_0007,CELL_000,630.13,297.96,4.81,14.92,"[""CELL_001"", ""CELL_002"", ""CELL_003""]",-95.0,0
455,UE_0007,CELL_000,630.6,298.08,4.81,14.92,"[""CELL_001"", ""CELL_002"", ""CELL_003""]",-91.26,0
460,UE_0007,CELL_000,631.06,298.21,4.81,14.92,"[""CELL_001"", ""CELL_002"", ""CELL_003""]",-102.72,0
465,UE_0007,CELL_000,631.53,298.33,4.81,14.92,"[""CELL_001"", ""CELL_002"", ""CELL_003""]",-101.65,0
470,UE_0007,CELL_000,631.99,298.45,4.81,14.92,"[""CELL_001"", ""CELL_002"", ""CELL_003""]",-94.74,0
475,UE_0007,CELL_000,632.46,298.58,4.81,14.92,"[""CELL_001"", ""CELL_002"", ""CELL_003""]",-100.46,0
480,UE_0007,CELL_000,632.92,298.7,4.81,14.92,"[""CELL_001"", ""CELL_002"", ""CELL_003""]",-86.21,0
485,UE_0007,CELL_000,633.39,298.82,4.81,14.92,"[""CELL_001"", ""CELL_002"", ""CELL_003""]",-92.18,0
490,UE_0007,CELL_000,633.85,298.95,4.81,14.92,"[""CELL_001"", ""CELL_002"", ""CELL_003""]",-90.89,0
495,UE_0007,CELL_000,634.31,299.07,4.81,14.92,"[""CELL_001"", ""CELL_002"", ""CELL_003""]",-94.33,0
0,UE_0008,CELL_002,389.04,885.6,29.51,168.34,"[""CELL_003"", ""CELL_004"", ""CELL_005""]",-93.21,0
5,UE_0008,CELL_002,386.15,886.19,29.51,168.34,"[""CELL_003"", ""CELL_004"", ""CELL_005""]",-88.64,0
10,UE_0008,CELL_002,383.26,886.79,29.51,168.34,"[""CELL_003"", ""CELL_004"", ""CELL_005""]",-103.02,0
15,UE_0008,CELL_002,380.37,887.39,29.51,168.34,"[""CELL_003"", ""CELL_004"", ""CELL_005""]",-91.15,0
20,UE_0008,CELL_002,377.48,887.98,29.51,168.34,"[""CELL_003"", ""CELL_004"", ""CELL_005""]",-94.83,0
25,UE_0008,CELL_000,374.59,888.58,29.51,168.34,"[""CELL_001"", ""CELL_002"", ""CELL_003""]",-94.98,1
30,UE_0008,CELL_000,371.7,889.18,29.51,168.34,"[""CELL_001"", ""CELL_002"", ""CELL_003""]",-72.82,0
35,UE_0008,CELL_000,368.81,889.77,29.51,168.34,"[""CELL_001"", ""CELL_002"", ""CELL_003""]",-70.84,0
40,UE_0008,CELL_000,365.92,890.37,29.51,168.34,"[""CELL_001"", ""CELL_002"", ""CELL_003""]",-91.88,1
45,UE_0008,CELL_006,363.03,890.97,29.51,168.34,"[""CELL_000"", ""CELL_001"", ""CELL_002""]",-112.6,0
50,UE_0008,CELL_006,360.14,891.56,29.51,168.34,"[""CELL_000"", ""CELL_001"", ""CELL_002""]",-78.64,0
55,UE_0008,CELL_006,357.25,892.16,29.51,168.34,"[""CELL_000"", ""CELL_001"", ""CELL_002""]",-102.13,0
60,UE_0008,CELL_002,354.36,892.76,29.51,168.34,"[""CELL_003"", ""CELL_004"", ""CELL_005""]",-81.83,0
65,UE_0008,CELL_002,351.47,893.35,29.51,168.34,"[""CELL_003"", ""CELL_004"", ""CELL_005""]",-102.41,0
70,UE_0008,CELL_002,348.58,893.95,29.51,168.34,"[""CELL_003"", ""CELL_004"", ""CELL_005""]",-92.3,1
75,UE_0008,CELL_002,345.69,894.54,29.51,168.34,"[""CELL_003"", ""CELL_004"", ""CELL_005""]",-93.26,0
80,UE_0008,CELL_002,342.8,895.14,29.51,168.34,"[""CELL_003"", ""CELL_004"", ""CELL_005""]",-98.26,0
85,UE_0008,CELL_002,339.91,895.74,29.51,168.34,"[""CELL_003"", ""CELL_004"", ""CELL_005""]",-102.63,0
90,UE_0008,CELL_002,337.02,896.33,29.51,168.34,"[""CELL_003"", ""CELL_004"", ""CELL_005""]",-96.83,0
95,UE_0008,CELL_002,334.13,896.93,29.51,168.34,"[""CELL_003"", ""CELL_004"", ""CELL_005""]",-107.88,0
100,UE_0008,CELL_002,331.24,897.53,29.51,168.34,"[""CELL_003"", ""CELL_004"", ""CELL_005""]",-96.63,0
105,UE_0008,CELL_002,328.35,898.12,29.51,168.34,"[""CELL_003"", ""CELL_004"", ""CELL_005""]",-84.41,0
110,UE_0008,CELL_002,325.46,898.72,29.51,168.34,"[""CELL_003"", ""CELL_004"", ""CELL_005""]",-106.8,0
115,UE_0008,CELL_002,322.57,899.32,29.51,168.34,"[""CELL_003"", ""CELL_004"", ""CELL_005""]",-107.5,0
120,UE_0008,CELL_002,319.68,899.91,29.51,168.34,"[""CELL_003"", ""CELL_004"", ""CELL_005""]",-83.36,1
125,UE_0008,CELL_002,316.79,900.51,29.51,168.34,"[""CELL_003"", ""CELL_004"", ""CELL_005""]",-93.21,0
130,UE_0008,CELL_002,313.9,901.1,29.51,168.34,"[""CELL_003"", ""CELL_004"", ""CELL_005""]",-116.48,0
135,UE_0008,CELL_002,311.01,901.7,29.51,168.34,"[""CELL_003"", ""CELL_004"", ""CELL_005""]",-113.87,0
140,UE_0008,CELL_002,308.12,902.3,29.51,168.34,"[""CELL_003"", ""CELL_004"", ""CELL_005""]",-81.13,0
145,UE_0008,CELL_002,305.23,902.89,29.51,168.34,"[""CELL_003"", ""CELL_004"", ""CELL_005""]",-103.02,0
150,UE_0008,CELL_002,302.34,903.49,29.51,168.34,"[""CELL_003"", ""CELL_004"", ""CELL_005""]",-86.19,0
155,UE_0008,CELL_002,299.45,904.09,29.51,168.34,"[""CELL_003"", ""CELL_004"", ""CELL_005""]",-92.89,0
160,UE_0008,CELL_002,296.56,904.68,29.51,168.34,"[""CELL_003"", ""CELL_004"", ""CELL_005""]",-84.22,0
165,UE_0008,CELL_002,293.67,905.28,29.51,168.34,"[""CELL_003"", ""CELL_004"", ""CELL_005""]",-93.45,0
170,UE_0008,CELL_002,290.78,905.88,29.51,168.34,"[""CELL_003"", ""CELL_004"", ""CELL_005""]",-82.26,0
175,UE_0008,CELL_002,287.89,906.47,29.51,168.34,"[""CELL_003"", ""CELL_004"", ""CELL_005""]",-87.57,0
180,UE_0008,CELL_002,285.01,907.07,29.51,168.34,"[""CELL_003"", ""CELL_004"", ""CELL_005""]",-102.82,0
185,UE_0008,CELL_002,282.12,907.66,29.51,168.34,"[""CELL_003"", ""CELL_004"", ""CELL_005""]",-81.32,0
190,UE_0008,CELL_002,279.23,908.26,29.51,168.34,"[""CELL_003"", ""CELL_004"", ""CELL_005""]",-80.22,0
195,UE_0008,CELL_002,276.34,908.86,29.51,168.34,"[""CELL_003"", ""CELL_004"", ""CELL_005""]",-92.63,1
200,UE_0008,CELL_002,273.45,909.45,29.51,168.34,"[""CELL_003"", ""CELL_004"", ""CELL_005""]",-107.88,0
205,UE_0008,CELL_002,270.56,910.05,29.51,168.34,"[""CELL_003"", ""CELL_004"", ""CELL_005""]",-90.95,0
210,UE_0008,CELL_002,267.67,910.65,29.51,168.34,"[""CELL_003"", ""CELL_004"", ""CELL_005""]",-106.35,0
215,UE_0008,CELL_002,264.78,911.24,29.51,168.34,"[""CELL_003"", ""CELL_004"", ""CELL_005""]",-89.65,0
220,UE_0008,CELL_002,261.89,911.84,29.51,168.34,"[""CELL_003"", ""CELL_004"", ""CELL_005""]",-110.98,0
225,UE_0008,CELL_002,259.0,912.44,29.51,168.34,"[""CELL_003"", ""CELL_004"", ""CELL_005""]",-95.75,0
230,UE_0008,CELL_002,256.11,913.03,29.51,168.34,"[""CELL_003"", ""CELL_004"", ""CELL_005""]",-105.82,1
235,UE_0008,CELL_006,253.22,913.63,29.51,168.34,"[""CELL_000"", ""CELL_001"", ""CELL_002""]",-123.13,0
240,UE_0008,CELL_006,250.33,914.23,29.51,168.34,"[""CELL_000"", ""CELL_001"", ""CELL_002""]",-104.48,0
245,UE_0008,CELL_006,247.44,914.82,29.51,168.34,"[""CELL_000"", ""CELL_001"", ""CELL_002""]",-116.47,0
250,UE_0008,CELL_006,244.55,915.42,29.51,168.34,"[""CELL_000"", ""CELL_001"", ""CELL_002""]",-93.27,0
255,UE_0008,CELL_006,241.66,916.01,29.51,168.34,"[""CELL_000"", ""CELL_001"", ""CELL_002""]",-75.37,0
260,UE_0008,CELL_006,238.77,916.61,29.51,168.34,"[""CELL_000"", ""CELL_001"", ""CELL_002""]",-90.6,0
265,UE_0008,CELL_006,235.88,917.21,29.51,168.34,"[""CELL_000"", ""CELL_001"", ""CELL_002""]",-90.51,0
270,UE_0008,CELL_006,232.99,917.8,29.51,168.34,"[""CELL_000"", ""CELL_001"", ""CELL_002""]",-99.01,0
275,UE_0008,CELL_006,230.1,918.4,29.51,168.34,"[""CELL_000"", ""CELL_001"", ""CELL_002""]",-82.35,0
280,UE_0008,CELL_006,227.21,919.0,29.51,168.34,"[""CELL_000"", ""CELL_001"", ""CELL_002""]",-84.47,0
285,UE_0008,CELL_006,224.32,919.59,29.51,168.34,"[""CELL_000"", ""CELL_001"", ""CELL_002""]",-101.83,0
290,UE_0008,CELL_006,221.43,920.19,29.51,168.34,"[""CELL_000"", ""CELL_001"", ""CELL_002""]",-102.62,0
295,UE_0008,CELL_006,218.54,920.79,29.51,168.34,"[""CELL_000"", ""CELL_001"", ""CELL_002""]",-96.1,0
300,UE_0008,CELL_006,215.65,921.38,29.51,168.34,"[""CELL_000"", ""CELL_001"", ""CELL_002""]",-100.8,0
305,UE_0008,CELL_006,212.76,921.98,29.51,168.34,"[""CELL_000"", ""CELL_001"", ""CELL_002""]",-96.1,0
310,UE_0008,CELL_006,209.87,922.57,29.51,168.34,"[""CELL_000"", ""CELL_001"", ""CELL_002""]",-86.32,0
315,UE_0008,CELL_006,206.98,923.17,29.51,168.34,"[""CELL_000"", ""CELL_001"", ""CELL_002""]",-84.46,1
320,UE_0008,CELL_006,204.09,923.77,29.51,168.34,"[""CELL_000"", ""CELL_001"", ""CELL_002""]",-78.8,0
325,UE_0008,CELL_006,201.2,924.36,29.51,168.34,"[""CELL_000"", ""CELL_001"", ""CELL_002""]",-88.21,0
330,UE_0008,CELL_006,198.31,924.96,29.51,168.34,"[""CELL_000"", ""CELL_001"", ""CELL_002""]",-81.59,0
335,UE_0008,CELL_006,195.42,925.56,29.51,168.34,"[""CELL_000"", ""CELL_001"", ""CELL_002""]",-109.58,0
340,UE_0008,CELL_006,192.53,926.15,29.51,168.34,"[""CELL_000"", ""CELL_001"", ""CELL_002""]",-107.69,0
345,UE_0008,CELL_006,189.64,926.75,29.51,168.34,"[""CELL_000"", ""CELL_001"", ""CELL_002""]",-110.56,0
350,UE_0008,CELL_006,186.75,927.35,29.51,168.34,"[""CELL_000"", ""CELL_001"", ""CELL_002""]",-93.82,0
355,UE_0008,CELL_006,183.86,927.94,29.51,168.34,"[""CELL_000"", ""CELL_001"", ""CELL_002""]",-90.16,0
360,UE_0008,CELL_006,180.97,928.54,29.51,168.34,"[""CELL_000"", ""CELL_001"", ""CELL_002""]",-102.17,0
365,UE_0008,CELL_006,178.08,929.14,29.51,168.34,"[""CELL_000"", ""CELL_001"", ""CELL_002""]",-82.23,0
370,UE_0008,CELL_006,175.19,929.73,29.51,168.34,"[""CELL_000"", ""CELL_001"", ""CELL_002""]",-100.33,0
375,UE_0008,CELL_006,172.3,930.33,29.51,168.34,"[""CELL_000"", ""CELL_001"", ""CELL_002""]",-79.76,0
380,UE_0008,CELL_000,169.41,930.92,29.51,168.34,"[""CELL_001"", ""CELL_002"", ""CELL_003""]",-110.13,0
385,UE_0008,CELL_000,166.52,931.52,29.51,168.34,"[""CELL_001"", ""CELL_002"", ""CELL_003""]",-99.39,0
390,UE_0008,CELL_000,163.63,932.12,29.51,168.34,"[""CELL_001"", ""CELL_002"", ""CELL_003""]",-96.02,0
395,UE_0008,CELL_000,160.74,932.71,29.51,168.34,"[""CELL_001"", ""CELL_002"", ""CELL_003""]",-89.36,0
400,UE_0008,CELL_000,157.85,933.31,29.51,168.34,"[""CELL_001"", ""CELL_002"", ""CELL_003""]",-91.21,0
405,UE_0008,CELL_000,154.96,933.91,29.51,168.34,"[""CELL_001"", ""CELL_002"", ""CELL_003""]",-99.78,0
410,UE_0008,CELL_000,152.07,934.5,29.51,168.34,"[""CELL_001"", ""CELL_002"", ""CELL_003""]",-99.38,0
415,UE_0008,CELL_000,149.18,935.1,29.51,168.34,"[""CELL_001"", ""CELL_002"", ""CELL_003""]",-100.73,0
420,UE_0008,CELL_000,146.29,935.7,29.51,168.34,"[""CELL_001"", ""CELL_002"", ""CELL_003""]",-110.1,0
425,UE_0008,CELL_000,143.4,936.29,29.51,168.34,"[""CELL_001"", ""CELL_002"", ""CELL_003""]",-90.56,0
430,UE_0008,CELL_000,140.51,936.89,29.51,168.34,"[""CELL_001"", ""CELL_002"", ""CELL_003""]",-79.95,1
435,UE_0008,CELL_000,137.62,937.48,29.51,168.34,"[""CELL_001"", ""CELL_002"", ""CELL_003""]",-76.46,0
440,UE_0008,CELL_000,134.73,938.08,29.51,168.34,"[""CELL_001"", ""CELL_002"", ""CELL_003""]",-80.41,0
445,UE_0008,CELL_006,131.84,938.68,29.51,168.34,"[""CELL_000"", ""CELL_001"", ""CELL_002""]",-81.33,0
450,UE_0008,CELL_006,128.95,939.27,29.51,168.34,"[""CELL_000"", ""CELL_001"", ""CELL_002""]",-84.57,0
455,UE_0008,CELL_006,126.06,939.87,29.51,168.34,"[""CELL_000"", ""CELL_001"", ""CELL_002""]",-81.54,0
460,UE_0008,CELL_006,123.17,940.47,29.51,168.34,"[""CELL_000"", ""CELL_001"", ""CELL_002""]",-92.29,0
465,UE_0008,CELL_006,120.28,941.06,29.51,168.34,"[""CELL_000"", ""CELL_001"", ""CELL_002""]",-100.69,0
470,UE_0008,CELL_006,117.39,941.66,29.51,168.34,"[""CELL_000"", ""CELL_001"", ""CELL_002""]",-82.32,0
475,UE_0008,CELL_006,114.5,942.26,29.51,168.34,"[""CELL_000"", ""CELL_001"", ""CELL_002""]",-103.03,0
480,UE_0008,CELL_006,111.61,942.85,29.51,168.34,"[""CELL_000"", ""CELL_001"", ""CELL_002""]",-109.48,0
485,UE_0008,CELL_006,108.72,943.45,29.51,168.34,"[""CELL_000"", ""CELL_001"", ""CELL_002""]",-93.32,0
490,UE_0008,CELL_006,105.83,944.05,29.51,168.34,"[""CELL_000"", ""CELL_001"", ""CELL_002""]",-82.54,0
495,UE_0008,CELL_006,102.94,944.64,29.51,168.34,"[""CELL_000"", ""CELL_001"", ""CELL_002""]",-95.4,0
0,UE_0009,CELL_002,99.47,78.97,26.96,128.16,"[""CELL_003"", ""CELL_004"", ""CELL_005""]",-100.16,0
5,UE_0009,CELL_002,97.8,81.09,26.96,128.16,"[""CELL_003"", ""CELL_004"", ""CELL_005""]",-94.81,0
10,UE_0009,CELL_002,96.14,83.21,26.96,128.16,"[""CELL_003"", ""CELL_004"", ""CELL_005""]",-92.84,0
15,UE_0009,CELL_002,94.47,85.33,26.96,128.16,"[""CELL_003"", ""CELL_004"", ""CELL_005""]",-96.99,0
20,UE_0009,CELL_002,92.8,87.45,26.96,128.16,"[""CELL_003"", ""CELL_004"", ""CELL_005""]",-85.33,0
25,UE_0009,CELL_002,91.14,89.57,35.23,-47.51,"[""CELL_003"", ""CELL_004"", ""CELL_005""]",-110.84,0
30,UE_0009,CELL_002,93.52,86.97,35.23,-47.51,"[""CELL_003"", ""CELL_004"", ""CELL_005""]",-114.3,0
35,UE_0009,CELL_002,95.9,84.37,35.23,-47.51,"[""CELL_003"", ""CELL_004"", ""CELL_005""]",-86.87,0
40,UE_0009,CELL_002,98.28,81.77,35.23,-47.51,"[""CELL_003"", ""CELL_004"", ""CELL_005""]",-109.27,0
45,UE_0009,CELL_003,100.66,79.17,35.23,-47.51,"[""CELL_004"", ""CELL_005"", ""CELL_006""]",-110.82,0
50,UE_0009,CELL_003,103.03,76.58,35.23,-47.51,"[""CELL_004"", ""CELL_005"", ""CELL_006""]",-70.41,1
55,UE_0009,CELL_003,105.41,73.98,35.23,-47.51,"[""CELL_004"", ""CELL_005"", ""CELL_006""]",-107.07,0
60,UE_0009,CELL_003,107.79,71.38,35.23,-47.51,"[""CELL_004"", ""CELL_005"", ""CELL_006""]",-98.33,0
65,UE_0009,CELL_003,110.17,68.78,35.23,-47.51,"[""CELL_004"", ""CELL_005"", ""CELL_006""]",-94.03,0
70,UE_0009,CELL_003,112.55,66.19,35.23,-47.51,"[""CELL_004"", ""CELL_005"", ""CELL_006""]",-91.01,0
75,UE_0009,CELL_003,114.93,63.59,35.23,-47.51,"[""CELL_004"", ""CELL_005"", ""CELL_006""]",-103.38,0
80,UE_0009,CELL_003,117.31,60.99,35.23,-47.51,"[""CELL_004"", ""CELL_005"", ""CELL_006""]",-104.04,0
85,UE_0009,CELL_003,119.69,58.39,21.06,109.09,"[""CELL_004"", ""CELL_005"", ""CELL_006""]",-76.29,0
90,UE_0009,CELL_003,119.0,60.38,21.06,109.09,"[""CELL_004"", ""CELL_005"", ""CELL_006""]",-101.77,0
95,UE_0009,CELL_003,118.31,62.37,21.06,109.09,"[""CELL_004"", ""CELL_005"", ""CELL_006""]",-98.59,1
100,UE_0009,CELL_003,117.62,64.36,21.06,109.09,"[""CELL_004"", ""CELL_005"", ""CELL_006""]",-104.9,0
105,UE_0009,CELL_003,116.93,66.35,21.06,109.09,"[""CELL_004"", ""CELL_005"", ""CELL_006""]",-89.71,0
110,UE_0009,CELL_003,116.24,68.34,21.06,109.09,"[""CELL_004"", ""CELL_005"", ""CELL_006""]",-73.61,0
115,UE_0009,CELL_003,115.56,70.34,21.06,109.09,"[""CELL_004"", ""CELL_005"", ""CELL_006""]",-79.37,0
120,UE_0009,CELL_003,114.87,72.33,21.06,109.09,"[""CELL_004"", ""CELL_005"", ""CELL_006""]",-87.46,0
125,UE_0009,CELL_003,114.18,74.32,21.06,109.09,"[""CELL_004"", ""CELL_005"", ""CELL_006""]",-99.24,1
130,UE_0009,CELL_003,113.49,76.31,21.06,109.09,"[""CELL_004"", ""CELL_005"", ""CELL_006""]",-105.34,0
135,UE_0009,CELL_003,112.8,78.3,21.06,109.09,"[""CELL_004"", ""CELL_005"", ""CELL_006""]",-88.94,0
140,UE_0009,CELL_003,112.11,80.29,21.06,109.09,"[""CELL_004"", ""CELL_005"", ""CELL_006""]",-90.12,1
145,UE_0009,CELL_003,111.42,82.28,21.06,109.09,"[""CELL_004"", ""CELL_005"", ""CELL_006""]",-99.6,0
150,UE_0009,CELL_003,110.73,84.27,21.06,109.09,"[""CELL_004"", ""CELL_005"", ""CELL_006""]",-103.59,0
155,UE_0009,CELL_003,110.04,86.26,21.06,109.09,"[""CELL_004"", ""CELL_005"", ""CELL_006""]",-110.14,0
160,UE_0009,CELL_003,109.35,88.25,21.06,109.09,"[""CELL_004"", ""CELL_005"", ""CELL_006""]",-109.49,0
165,UE_0009,CELL_003,108.67,90.24,21.06,109.09,"[""CELL_004"", ""CELL_005"", ""CELL_006""]",-106.8,1
170,UE_0009,CELL_003,107.98,92.23,21.06,109.09,"[""CELL_004"", ""CELL_005"", ""CELL_006""]",-100.94,0
175,UE_0009,CELL_003,107.29,94.22,21.06,109.09,"[""CELL_004"", ""CELL_005"", ""CELL_006""]",-97.73,0
180,UE_0009,CELL_003,106.6,96.21,21.06,109.09,"[""CELL_004"", ""CELL_005"", ""CELL_006""]",-94.55,0
185,UE_0009,CELL_003,105.91,98.2,21.06,109.09,"[""CELL_004"", ""CELL_005"", ""CELL_006""]",-92.61,0
190,UE_0009,CELL_003,105.22,100.19,21.06,109.09,"[""CELL_004"", ""CELL_005"", ""CELL_006""]",-97.81,0
195,UE_0009,CELL_003,104.53,102.18,21.06,109.09,"[""CELL_004"", ""CELL_005"", ""CELL_006""]",-106.43,0
200,UE_0009,CELL_003,103.84,104.17,21.06,109.09,"[""CELL_004"", ""CELL_005"", ""CELL_006""]",-94.77,0
205,UE_0009,CELL_003,103.15,106.16,21.06,109.09,"[""CELL_004"", ""CELL_005"", ""CELL_006""]",-96.45,0
210,UE_0009,CELL_003,102.46,108.16,21.06,109.09,"[""CELL_004"", ""CELL_005"", ""CELL_006""]",-86.49,0
215,UE_0009,CELL_003,101.78,110.15,21.06,109.09,"[""CELL_004"", ""CELL_005"", ""CELL_006""]",-109.23,0
220,UE_0009,CELL_003,101.09,112.14,21.06,109.09,"[""CELL_004"", ""CELL_005"", ""CELL_006""]",-89.99,0
225,UE_0009,CELL_003,100.4,114.13,21.06,109.09,"[""CELL_004"", ""CELL_005"", ""CELL_006""]",-95.01,0
230,UE_0009,CELL_003,99.71,116.12,21.06,109.09,"[""CELL_004"", ""CELL_005"", ""CELL_006""]",-113.08,0
235,UE_0009,CELL_003,99.02,118.11,21.06,109.09,"[""CELL_004"", ""CELL_005"", ""CELL_006""]",-96.96,0
240,UE_0009,CELL_003,98.33,120.1,21.06,109.09,"[""CELL_004"", ""CELL_005"", ""CELL_006""]",-104.29,0
245,UE_0009,CELL_003,97.64,122.09,21.06,109.09,"[""CELL_004"", ""CELL_005"", ""CELL_006""]",-100.87,0
250,UE_0009,CELL_003,96.95,124.08,21.06,109.09,"[""CELL_004"", ""CELL_005"", ""CELL_006""]",-83.32,0
255,UE_0009,CELL_003,96.26,126.07,21.06,109.09,"[""CELL_004"", ""CELL_005"", ""CELL_006""]",-106.19,0
260,UE_0009,CELL_003,95.57,128.06,21.06,109.09,"[""CELL_004"", ""CELL_005"", ""CELL_006""]",-88.74,0
265,UE_0009,CELL_003,94.89,130.05,21.06,109.09,"[""CELL_004"", ""CELL_005"", ""CELL_006""]",-107.11,0
270,UE_0009,CELL_003,94.2,132.04,21.06,109.09,"[""CELL_004"", ""CELL_005"", ""CELL_006""]",-90.81,0
275,UE_0009,CELL_003,93.51,134.03,21.06,109.09,"[""CELL_004"", ""CELL_005"", ""CELL_006""]",-93.02,0
280,UE_0009,CELL_003,92.82,136.02,21.06,109.09,"[""CELL_004"", ""CELL_005"", ""CELL_006""]",-101.3,0
285,UE_0009,CELL_003,92.13,138.01,21.06,109.09,"[""CELL_004"", ""CELL_005"", ""CELL_006""]",-93.67,0
290,UE_0009,CELL_003,91.44,140.0,21.06,109.09,"[""CELL_004"", ""CELL_005"", ""CELL_006""]",-85.08,0
295,UE_0009,CELL_003,90.75,141.99,21.06,109.09,"[""CELL_004"", ""CELL_005"", ""CELL_006""]",-96.69,0
300,UE_0009,CELL_003,90.06,143.98,21.06,109.09,"[""CELL_004"", ""CELL_005"", ""CELL_006""]",-88.85,0
305,UE_0009,CELL_003,89.37,145.98,21.06,109.09,"[""CELL_004"", ""CELL_005"", ""CELL_006""]",-91.92,0
310,UE_0009,CELL_003,88.68,147.97,21.06,109.09,"[""CELL_004"", ""CELL_005"", ""CELL_006""]",-78.48,0
315,UE_0009,CELL_003,87.99,149.96,21.06,109.09,"[""CELL_004"", ""CELL_005"", ""CELL_006""]",-85.27,1
320,UE_0009,CELL_003,87.31,151.95,21.06,109.09,"[""CELL_004"", ""CELL_005"", ""CELL_006""]",-108.89,0
325,UE_0009,CELL_003,86.62,153.94,21.06,109.09,"[""CELL_004"", ""CELL_005"", ""CELL_006""]",-84.32,0
330,UE_0009,CELL_003,85.93,155.93,21.06,109.09,"[""CELL_004"", ""CELL_005"", ""CELL_006""]",-91.25,0
335,UE_0009,CELL_005,85.24,157.92,21.06,109.09,"[""CELL_006"", ""CELL_000"", ""CELL_001""]",-79.55,0
340,UE_0009,CELL_005,84.55,159.91,21.06,109.09,"[""CELL_006"", ""CELL_000"", ""CELL_001""]",-94.29,1
345,UE_0009,CELL_005,83.86,161.9,21.06,109.09,"[""CELL_006"", ""CELL_000"", ""CELL_001""]",-113.72,0
350,UE_0009,CELL_005,83.17,163.89,21.06,109.09,"[""CELL_006"", ""CELL_000"", ""CELL_001""]",-100.79,1
355,UE_0009,CELL_005,82.48,165.88,33.02,142.15,"[""CELL_006"", ""CELL_000"", ""CELL_001""]",-83.21,0
360,UE_0009,CELL_005,79.88,167.91,33.02,142.15,"[""CELL_006"", ""CELL_000"", ""CELL_001""]",-99.57,0
365,UE_0009,CELL_005,77.27,169.93,33.02,142.15,"[""CELL_006"", ""CELL_000"", ""CELL_001""]",-102.25,0
370,UE_0009,CELL_005,74.66,171.96,33.02,142.15,"[""CELL_006"", ""CELL_000"", ""CELL_001""]",-82.79,0
375,UE_0009,CELL_005,72.05,173.98,33.02,142.15,"[""CELL_006"", ""CELL_000"", ""CELL_001""]",-95.33,0
380,UE_0009,CELL_005,69.44,176.01,33.02,142.15,"[""CELL_006"", ""CELL_000"", ""CELL_001""]",-83.82,0
385,UE_0009,CELL_005,66.84,178.04,33.02,142.15,"[""CELL_006"", ""CELL_000"", ""CELL_001""]",-71.22,0
390,UE_0009,CELL_005,64.23,180.06,33.02,142.15,"[""CELL_006"", ""CELL_000"", ""CELL_001""]",-97.35,0
395,UE_0009,CELL_005,61.62,182.09,33.02,142.15,"[""CELL_006"", ""CELL_000"", ""CELL_001""]",-94.08,0
400,UE_0009,CELL_005,59.01,184.11,33.02,142.15,"[""CELL_006"", ""CELL_000"", ""CELL_001""]",-95.91,0
405,UE_0009,CELL_005,56.41,186.14,33.02,142.15,"[""CELL_006"", ""CELL_000"", ""CELL_001""]",-83.84,0
410,UE_0009,CELL_005,53.8,188.17,33.02,142.15,"[""CELL_006"", ""CELL_000"", ""CELL_001""]",-100.29,0
415,UE_0009,CELL_005,51.19,190.19,33.02,142.15,"[""CELL_006"", ""CELL_000"", ""CELL_001""]",-85.33,0
420,UE_0009,CELL_005,48.58,192.22,33.02,142.15,"[""CELL_006"", ""CELL_000"", ""CELL_001""]",-109.22,0
425,UE_0009,CELL_005,45.98,194.24,33.02,142.15,"[""CELL_006"", ""CELL_000"", ""CELL_001""]",-90.23,0
430,UE_0009,CELL_005,43.37,196.27,33.02,142.15,"[""CELL_006"", ""CELL_000"", ""CELL_001""]",-88.29,0
435,UE_0009,CELL_005,40.76,198.3,33.02,142.15,"[""CELL_006"", ""CELL_000"", ""CELL_001""]",-93.09,0
440,UE_0009,CELL_005,38.15,200.32,33.02,142.15,"[""CELL_006"", ""CELL_000"", ""CELL_001""]",-92.01,0
445,UE_0009,CELL_005,35.54,202.35,33.02,142.15,"[""CELL_006"", ""CELL_000"", ""CELL_001""]",-93.35,0
450,UE_0009,CELL_005,32.94,204.37,33.02,142.15,"[""CELL_006"", ""CELL_000"", ""CELL_001""]",-107.93,0
455,UE_0009,CELL_005,30.33,206.4,33.02,142.15,"[""CELL_006"", ""CELL_000"", ""CELL_001""]",-87.34,0
460,UE_0009,CELL_005,27.72,208.43,33.02,142.15,"[""CELL_006"", ""CELL_000"", ""CELL_001""]",-91.23,0
465,UE_0009,CELL_005,25.11,210.45,33.02,142.15,"[""CELL_006"", ""CELL_000"", ""CELL_001""]",-87.23,0
470,UE_0009,CELL_005,22.51,212.48,33.02,142.15,"[""CELL_006"", ""CELL_000"", ""CELL_001""]",-98.07,0
475,UE_0009,CELL_005,19.9,214.51,33.02,142.15,"[""CELL_006"", ""CELL_000"", ""CELL_001""]",-93.87,0
480,UE_0009,CELL_005,17.29,216.53,33.02,142.15,"[""CELL_006"", ""CELL_000"", ""CELL_001""]",-101.09,0
485,UE_0009,CELL_005,14.68,218.56,33.02,142.15,"[""CELL_006"", ""CELL_000"", ""CELL_001""]",-88.34,0
490,UE_0009,CELL_005,12.08,220.58,33.02,142.15,"[""CELL_006"", ""CELL_000"", ""CELL_001""]",-87.49,0
495,UE_0009,CELL_005,9.47,222.61,33.02,142.15,"[""CELL_006"", ""CELL_000"", ""CELL_001""]",-88.1,0
0,UE_0010,CELL_000,713.71,527.69,1.71,-30.55,"[""CELL_001"", ""CELL_002"", ""CELL_003""]",-89.19,0
5,UE_0010,CELL_000,713.85,527.61,1.71,-30.55,"[""CELL_001"", ""CELL_002"", ""CELL_003""]",-91.05,0
10,UE_0010,CELL_000,714.0,527.52,1.71,-30.55,"[""CELL_001"", ""CELL_002"", ""CELL_003""]",-112.63,0
15,UE_0010,CELL_000,714.15,527.43,1.71,-30.55,"[""CELL_001"", ""CELL_002"", ""CELL_003""]",-88.42,0
20,UE_0010,CELL_000,714.29,527.35,1.71,-30.55,"[""CELL_001"", ""CELL_002"", ""CELL_003""]",-119.26,0
25,UE_0010,CELL_000,714.44,527.26,1.71,-30.55,"[""CELL_001"", ""CELL_002"", ""CELL_003""]",-96.79,0
30,UE_0010,CELL_000,714.59,527.17,1.71,-30.55,"[""CELL_001"", ""CELL_002"", ""CELL_003""]",-94.46,0
35,UE_0010,CELL_000,714.74,527.09,1.71,-30.55,"[""CELL_001"", ""CELL_002"", ""CELL_003""]",-85.82,0
40,UE_0010,CELL_000,714.88,527.0,1.71,-30.55,"[""CELL_001"", ""CELL_002"", ""CELL_003""]",-81.74,0
45,UE_0010,CELL_000,715.03,526.91,1.71,-30.55,"[""CELL_001"", ""CELL_002"", ""CELL_003""]",-105.96,0
50,UE_0010,CELL_000,715.18,526.83,1.71,-30.55,"[""CELL_001"", ""CELL_002"", ""CELL_003""]",-110.24,1
55,UE_0010,CELL_000,715.32,526.74,1.71,-30.55,"[""CELL_001"", ""CELL_002"", ""CELL_003""]",-85.53,0
60,UE_0010,CELL_000,715.47,526.65,1.71,-30.55,"[""CELL_001"", ""CELL_002"", ""CELL_003""]",-90.6,0
65,UE_0010,CELL_000,715.62,526.56,1.71,-30.55,"[""CELL_001"", ""CELL_002"", ""CELL_003""]",-93.33,0
70,UE_0010,CELL_000,715.77,526.48,1.71,-30.55,"[""CELL_001"", ""CELL_002"", ""CELL_003""]",-102.27,0
75,UE_0010,CELL_000,715.91,526.39,1.71,-30.55,"[""CELL_001"", ""CELL_002"", ""CELL_003""]",-92.46,0
80,UE_0010,CELL_000,716.06,526.3,1.71,-30.55,"[""CELL_001"", ""CELL_002"", ""CELL_003""]",-102.17,0
85,UE_0010,CELL_000,716.21,526.22,1.71,-30.55,"[""CELL_001"", ""CELL_002"", ""CELL_003""]",-96.61,0
90,UE_0010,CELL_000,716.36,526.13,1.71,-30.55,"[""CELL_001"", ""CELL_002"", ""CELL_003""]",-95.43,0
95,UE_0010,CELL_000,716.5,526.04,1.71,-30.55,"[""CELL_001"", ""CELL_002"", ""CELL_003""]",-98.92,0
100,UE_0010,CELL_003,716.65,525.96,1.71,-30.55,"[""CELL_004"", ""CELL_005"", ""CELL_006""]",-82.19,0
105,UE_0010,CELL_003,716.8,525.87,1.71,-30.55,"[""CELL_004"", ""CELL_005"", ""CELL_006""]",-83.07,0
110,UE_0010,CELL_003,716.94,525.78,1.71,-30.55,"[""CELL_004"", ""CELL_005"", ""CELL_006""]",-83.19,0
115,UE_0010,CELL_003,717.09,525.7,1.71,-30.55,"[""CELL_004"", ""CELL_005"", ""CELL_006""]",-103.01,0
120,UE_0010,CELL_005,717.24,525.61,1.71,-30.55,"[""CELL_006"", ""CELL_000"", ""CELL_001""]",-91.54,0
125,UE_0010,CELL_005,717.39,525.52,1.71,-30.55,"[""CELL_006"", ""CELL_000"", ""CELL_001""]",-95.11,0
130,UE_0010,CELL_005,717.53,525.44,1.71,-30.55,"[""CELL_006"", ""CELL_000"", ""CELL_001""]",-91.32,0
135,UE_0010,CELL_005,717.68,525.35,1.71,-30.55,"[""CELL_006"", ""CELL_000"", ""CELL_001""]",-107.67,0
140,UE_0010,CELL_005,717.83,525.26,1.71,-30.55,"[""CELL_006"", ""CELL_000"", ""CELL_001""]",-91.45,0
145,UE_0010,CELL_005,717.97,525.17,1.71,-30.55,"[""CELL_006"", ""CELL_000"", ""CELL_001""]",-75.4,0
150,UE_0010,CELL_005,718.12,525.09,1.71,-30.55,"[""CELL_006"", ""CELL_000"", ""CELL_001""]",-83.8,0
155,UE_0010,CELL_005,718.27,525.0,1.71,-30.55,"[""CELL_006"", ""CELL_000"", ""CELL_001""]",-96.88,0
160,UE_0010,CELL_005,718.42,524.91,1.71,-30.55,"[""CELL_006"", ""CELL_000"", ""CELL_001""]",-81.79,0
165,UE_0010,CELL_005,718.56,524.83,1.71,-30.55,"[""CELL_006"", ""CELL_000"", ""CELL_001""]",-70.58,0
170,UE_0010,CELL_005,718.71,524.74,1.71,-30.55,"[""CELL_006"", ""CELL_000"", ""CELL_001""]",-90.09,0
175,UE_0010,CELL_005,718.86,524.65,1.71,-30.55,"[""CELL_006"", ""CELL_000"", ""CELL_001""]",-75.67,0
180,UE_0010,CELL_005,719.01,524.57,1.71,-30.55,"[""CELL_006"", ""CELL_000"", ""CELL_001""]",-77.36,0
185,UE_0010,CELL_005,719.15,524.48,1.71,-30.55,"[""CELL_006"", ""CELL_000"", ""CELL_001""]",-95.27,0
190,UE_0010,CELL_005,719.3,524.39,1.71,-30.55,"[""CELL_006"", ""CELL_000"", ""CELL_001""]",-101.85,0
195,UE_0010,CELL_005,719.45,524.31,1.71,-30.55,"[""CELL_006"", ""CELL_000"", ""CELL_001""]",-85.56,0
200,UE_0010,CELL_005,719.59,524.22,1.71,-30.55,"[""CELL_006"", ""CELL_000"", ""CELL_001""]",-83.11,0
205,UE_0010,CELL_005,719.74,524.13,1.71,-30.55,"[""CELL_006"", ""CELL_000"", ""CELL_001""]",-105.81,0
210,UE_0010,CELL_005,719.89,524.04,1.71,-30.55,"[""CELL_006"", ""CELL_000"", ""CELL_001""]",-105.19,0
215,UE_0010,CELL_005,720.04,523.96,1.71,-30.55,"[""CELL_006"", ""CELL_000"", ""CELL_001""]",-106.81,0
220,UE_0010,CELL_005,720.18,523.87,1.71,-30.55,"[""CELL_006"", ""CELL_000"", ""CELL_001""]",-97.0,0
225,UE_0010,CELL_005,720.33,523.78,1.71,-30.55,"[""CELL_006"", ""CELL_000"", ""CELL_001""]",-115.21,0
230,UE_0010,CELL_005,720.48,523.7,1.71,-30.55,"[""CELL_006"", ""CELL_000"", ""CELL_001""]",-78.64,0
235,UE_0010,CELL_005,720.62,523.61,1.71,-30.55,"[""CELL_006"", ""CELL_000"", ""CELL_001""]",-90.5,0
240,UE_0010,CELL_005,720.77,523.52,1.71,-30.55,"[""CELL_006"", ""CELL_000"", ""CELL_001""]",-95.9,1
245,UE_0010,CELL_005,720.92,523.44,1.71,-30.55,"[""CELL_006"", ""CELL_000"", ""CELL_001""]",-93.12,0
250,UE_0010,CELL_005,721.07,523.35,1.71,-30.55,"[""CELL_006"", ""CELL_000"", ""CELL_001""]",-105.78,0
255,UE_0010,CELL_005,721.21,523.26,1.71,-30.55,"[""CELL_006"", ""CELL_000"", ""CELL_001""]",-105.55,0
260,UE_0010,CELL_005,721.36,523.18,5.76,69.02,"[""CELL_006"", ""CELL_000"", ""CELL_001""]",-105.65,0
265,UE_0010,CELL_005,721.57,523.71,5.76,69.02,"[""CELL_006"", ""CELL_000"", ""CELL_001""]",-77.11,0
270,UE_0010,CELL_005,721.77,524.25,5.76,69.02,"[""CELL_006"", ""CELL_000"", ""CELL_001""]",-81.01,0
275,UE_0010,CELL_005,721.98,524.79,5.76,69.02,"[""CELL_006"", ""CELL_000"", ""CELL_001""]",-86.7,0
280,UE_0010,CELL_005,722.19,525.33,5.76,69.02,"[""CELL_006"", ""CELL_000"", ""CELL_001""]",-93.4,0
285,UE_0010,CELL_005,722.39,525.86,5.76,69.02,"[""CELL_006"", ""CELL_000"", ""CELL_001""]",-100.91,0
290,UE_0010,CELL_005,722.6,526.4,5.76,69.02,"[""CELL_006"", ""CELL_000"", ""CELL_001""]",-95.56,0
295,UE_0010,CELL_005,722.8,526.94,5.76,69.02,"[""CELL_006"", ""CELL_000"", ""CELL_001""]",-94.28,0
300,UE_0010,CELL_005,723.01,527.48,5.76,69.02,"[""CELL_006"", ""CELL_000"", ""CELL_001""]",-88.68,0
305,UE_0010,CELL_005,723.22,528.01,5.76,69.02,"[""CELL_006"", ""CELL_000"", ""CELL_001""]",-99.71,0
310,UE_0010,CELL_005,723.42,528.55,5.76,69.02,"[""CELL_006"", ""CELL_000"", ""CELL_001""]",-101.67,1
315,UE_0010,CELL_005,723.63,529.09,5.76,69.02,"[""CELL_006"", ""CELL_000"", ""CELL_001""]",-94.0,0
320,UE_0010,CELL_005,723.83,529.63,5.76,69.02,"[""CELL_006"", ""CELL_000"", ""CELL_001""]",-82.06,0
325,UE_0010,CELL_005,724.04,530.16,5.76,69.02,"[""CELL_006"", ""CELL_000"", ""CELL_001""]",-76.5,0
330,UE_0010,CELL_005,724.25,530.7,5.76,69.02,"[""CELL_006"", ""CELL_000"", ""CELL_001""]",-86.43,0
335,UE_0010,CELL_005,724.45,531.24,5.76,69.02,"[""CELL_006"", ""CELL_000"", ""CELL_001""]",-85.34,0
340,UE_0010,CELL_005,724.66,531.78,5.76,69.02,"[""CELL_006"", ""CELL_000"", ""CELL_001""]",-95.6,0
345,UE_0010,CELL_001,724.87,532.31,5.76,69.02,"[""CELL_002"", ""CELL_003"", ""CELL_004""]",-92.27,0
350,UE_0010,CELL_001,725.07,532.85,5.76,69.02,"[""CELL_002"", ""CELL_003"", ""CELL_004""]",-72.84,0
355,UE_0010,CELL_001,725.28,533.39,5.76,69.02,"[""CELL_002"", ""CELL_003"", ""CELL_004""]",-96.7,0
360,UE_0010,CELL_001,725.48,533.93,5.76,69.02,"[""CELL_002"", ""CELL_003"", ""CELL_004""]",-106.84,0
365,UE_0010,CELL_001,725.69,534.46,5.76,69.02,"[""CELL_002"", ""CELL_003"", ""CELL_004""]",-92.67,0
370,UE_0010,CELL_001,725.9,535.0,5.76,69.02,"[""CELL_002"", ""CELL_003"", ""CELL_004""]",-93.95,0
375,UE_0010,CELL_001,726.1,535.54,5.76,69.02,"[""CELL_002"", ""CELL_003"", ""CELL_004""]",-87.05,1
380,UE_0010,CELL_001,726.31,536.08,5.76,69.02,"[""CELL_002"", ""CELL_003"", ""CELL_004""]",-91.56,0
385,UE_0010,CELL_001,726.51,536.61,5.76,69.02,"[""CELL_002"", ""CELL_003"", ""CELL_004""]",-95.46,0
390,UE_0010,CELL_001,726.72,537.15,5.76,69.02,"[""CELL_002"", ""CELL_003"", ""CELL_004""]",-108.72,0
395,UE_0010,CELL_001,726.93,537.69,5.76,69.02,"[""CELL_002"", ""CELL_003"", ""CELL_004""]",-92.1,1
400,UE_0010,CELL_001,727.13,538.23,5.76,69.02,"[""CELL_002"", ""CELL_003"", ""CELL_004""]",-86.1,0
405,UE_0010,CELL_001,727.34,538.76,5.76,69.02,"[""CELL_002"", ""CELL_003"", ""CELL_004""]",-86.74,0
410,UE_0010,CELL_001,727.55,539.3,5.76,69.02,"[""CELL_002"", ""CELL_003"", ""CELL_004""]",-112.65,0
415,UE_0010,CELL_001,727.75,539.84,5.76,69.02,"[""CELL_002"", ""CELL_003"", ""CELL_004""]",-103.49,0
420,UE_0010,CELL_001,727.96,540.38,5.76,69.02,"[""CELL_002"", ""CELL_003"", ""CELL_004""]",-96.22,0
425,UE_0010,CELL_004,728.16,540.91,5.76,69.02,"[""CELL_005"", ""CELL_006"", ""CELL_000""]",-79.05,0
430,UE_0010,CELL_004,728.37,541.45,5.76,69.02,"[""CELL_005"", ""CELL_006"", ""CELL_000""]",-105.56,0
435,UE_0010,CELL_004,728.58,541.99,5.76,69.02,"[""CELL_005"", ""CELL_006"", ""CELL_000""]",-98.43,0
440,UE_0010,CELL_004,728.78,542.53,5.76,69.02,"[""CELL_005"", ""CELL_006"", ""CELL_000""]",-96.23,0
445,UE_0010,CELL_004,728.99,543.06,5.76,69.02,"[""CELL_005"", ""CELL_006"", ""CELL_000""]",-86.3,0
450,UE_0010,CELL_004,729.19,543.6,5.76,69.02,"[""CELL_005"", ""CELL_006"", ""CELL_000""]",-103.05,0
455,UE_0010,CELL_004,729.4,544.14,5.76,69.02,"[""CELL_005"", ""CELL_006"", ""CELL_000""]",-85.37,0
460,UE_0010,CELL_004,729.61,544.68,5.76,69.02,"[""CELL_005"", ""CELL_006"", ""CELL_000""]",-94.2,0
465,UE_0010,CELL_004,729.81,545.21,5.76,69.02,"[""CELL_005"", ""CELL_006"", ""CELL_000""]",-104.92,0
470,UE_0010,CELL_004,730.02,545.75,5.76,69.02,"[""CELL_005"", ""CELL_006"", ""CELL_000""]",-104.64,0
475,UE_0010,CELL_004,730.23,546.29,5.76,69.02,"[""CELL_005"", ""CELL_006"", ""CELL_000""]",-90.24,0
480,UE_0010,CELL_004,730.43,546.83,5.76,69.02,"[""CELL_005"", ""CELL_006"", ""CELL_000""]",-82.54,0
485,UE_0010,CELL_004,730.64,547.36,5.76,69.02,"[""CELL_005"", ""CELL_006"", ""CELL_000""]",-84.71,1
490,UE_0010,CELL_004,730.84,547.9,5.76,69.02,"[""CELL_005"", ""CELL_006"", ""CELL_000""]",-114.07,1
495,UE_0010,CELL_004,731.05,548.44,5.76,69.02,"[""CELL_005"", ""CELL_006"", ""CELL_000""]",-92.74,0
0,UE_0011,CELL_003,60.33,900.76,19.73,122.12,"[""CELL_004"", ""CELL_005"", ""CELL_006""]",-82.48,0
5,UE_0011,CELL_003,59.28,902.43,19.73,122.12,"[""CELL_004"", ""CELL_005"", ""CELL_006""]",-112.6,0
10,UE_0011,CELL_003,58.23,904.1,19.73,122.12,"[""CELL_004"", ""CELL_005"", ""CELL_006""]",-95.97,0
15,UE_0011,CELL_003,57.18,905.77,19.73,122.12,"[""CELL_004"", ""CELL_005"", ""CELL_006""]",-106.9,0
20,UE_0011,CELL_003,56.13,907.44,19.73,122.12,"[""CELL_004"", ""CELL_005"", ""CELL_006""]",-94.01,0
25,UE_0011,CELL_003,55.09,909.11,35.93,-42.16,"[""CELL_004"", ""CELL_005"", ""CELL_006""]",-103.82,0
30,UE_0011,CELL_003,57.75,906.7,35.93,-42.16,"[""CELL_004"", ""CELL_005"", ""CELL_006""]",-103.82,0
35,UE_0011,CELL_003,60.41,904.29,35.93,-42.16,"[""CELL_004"", ""CELL_005"", ""CELL_006""]",-111.89,0
40,UE_0011,CELL_003,63.07,901.88,35.93,-42.16,"[""CELL_004"", ""CELL_005"", ""CELL_006""]",-102.09,0
45,UE_0011,CELL_003,65.74,899.46,35.93,-42.16,"[""CELL_004"", ""CELL_005"", ""CELL_006""]",-96.86,0
50,UE_0011,CELL_003,68.4,897.05,35.93,-42.16,"[""CELL_004"", ""CELL_005"", ""CELL_006""]",-91.13,0
55,UE_0011,CELL_003,71.06,894.64,35.93,-42.16,"[""CELL_004"", ""CELL_005"", ""CELL_006""]",-90.74,0
60,UE_0011,CELL_003,73.73,892.23,35.93,-42.16,"[""CELL_004"", ""CELL_005"", ""CELL_006""]",-107.03,0
65,UE_0011,CELL_003,76.39,889.82,35.93,-42.16,"[""CELL_004"", ""CELL_005"", ""CELL_006""]",-92.63,0
70,UE_0011,CELL_003,79.05,887.4,35.93,-42.16,"[""CELL_004"", ""CELL_005"", ""CELL_006""]",-85.63,0
75,UE_0011,CELL_003,81.72,884.99,35.93,-42.16,"[""CELL_004"", ""CELL_005"", ""CELL_006""]",-74.32,0
80,UE_0011,CELL_003,84.38,882.58,35.93,-42.16,"[""CELL_004"", ""CELL_005"", ""CELL_006""]",-106.32,0
85,UE_0011,CELL_003,87.04,880.17,35.93,-42.16,"[""CELL_004"", ""CELL_005"", ""CELL_006""]",-92.81,0
90,UE_0011,CELL_003,89.71,877.76,35.93,-42.16,"[""CELL_004"", ""CELL_005"", ""CELL_006""]",-95.8,0
95,UE_0011,CELL_003,92.37,875.35,35.93,-42.16,"[""CELL_004"", ""CELL_005"", ""CELL_006""]",-83.28,0
100,UE_0011,CELL_003,95.03,872.93,35.93,-42.16,"[""CELL_004"", ""CELL_005"", ""CELL_006""]",-93.09,0
105,UE_0011,CELL_003,97.7,870.52,35.93,-42.16,"[""CELL_004"", ""CELL_005"", ""CELL_006""]",-84.22,0
110,UE_0011,CELL_006,100.36,868.11,35.93,-42.16,"[""CELL_000"", ""CELL_001"", ""CELL_002""]",-99.16,0
115,UE_0011,CELL_006,103.02,865.7,35.93,-42.16,"[""CELL_000"", ""CELL_001"", ""CELL_002""]",-98.1,0
120,UE_0011,CELL_006,105.69,863.29,35.93,-42.16,"[""CELL_000"", ""CELL_001"", ""CELL_002""]",-115.12,0
125,UE_0011,CELL_006,108.35,860.87,35.93,-42.16,"[""CELL_000"", ""CELL_001"", ""CELL_002""]",-90.46,0
130,UE_0011,CELL_006,111.01,858.46,35.93,-42.16,"[""CELL_000"", ""CELL_001"", ""CELL_002""]",-107.6,0
135,UE_0011,CELL_006,113.68,856.05,35.93,-42.16,"[""CELL_000"", ""CELL_001"", ""CELL_002""]",-95.73,0
140,UE_0011,CELL_006,116.34,853.64,35.93,-42.16,"[""CELL_000"", ""CELL_001"", ""CELL_002""]",-92.19,0
145,UE_0011,CELL_006,119.0,851.23,35.93,-42.16,"[""CELL_000"", ""CELL_001"", ""CELL_002""]",-83.5,0
150,UE_0011,CELL_006,121.67,848.81,35.93,-42.16,"[""CELL_000"", ""CELL_001"", ""CELL_002""]",-90.91,0
155,UE_0011,CELL_006,124.33,846.4,35.93,-42.16,"[""CELL_000"", ""CELL_001"", ""CELL_002""]",-90.46,0
160,UE_0011,CELL_006,126.99,843.99,35.93,-42.16,"[""CELL_000"", ""CELL_001"", ""CELL_002""]",-101.14,0
165,UE_0011,CELL_006,129.66,841.58,35.93,-42.16,"[""CELL_000"", ""CELL_001"", ""CELL_002""]",-79.69,0
170,UE_0011,CELL_006,132.32,839.17,35.93,-42.16,"[""CELL_000"", ""CELL_001"", ""CELL_002""]",-85.44,0
175,UE_0011,CELL_006,134.98,836.76,35.93,-42.16,"[""CELL_000"", ""CELL_001"", ""CELL_002""]",-107.44,0
180,UE_0011,CELL_006,137.65,834.34,35.93,-42.16,"[""CELL_000"", ""CELL_001"", ""CELL_002""]",-95.8,0
185,UE_0011,CELL_006,140.31,831.93,35.93,-42.16,"[""CELL_000"", ""CELL_001"", ""CELL_002""]",-122.12,0
190,UE_0011,CELL_006,142.97,829.52,35.93,-42.16,"[""CELL_000"", ""CELL_001"", ""CELL_002""]",-101.59,1
195,UE_0011,CELL_006,145.64,827.11,35.93,-42.16,"[""CELL_000"", ""CELL_001"", ""CELL_002""]",-86.95,0
200,UE_0011,CELL_006,148.3,824.7,35.93,-42.16,"[""CELL_000"", ""CELL_001"", ""CELL_002""]",-99.41,0
205,UE_0011,CELL_006,150.96,822.28,35.93,-42.16,"[""CELL_000"", ""CELL_001"", ""CELL_002""]",-88.68,0
210,UE_0011,CELL_006,153.63,819.87,35.93,-42.16,"[""CELL_000"", ""CELL_001"", ""CELL_002""]",-104.58,0
215,UE_0011,CELL_006,156.29,817.46,35.93,-42.16,"[""CELL_000"", ""CELL_001"", ""CELL_002""]",-88.28,0
220,UE_0011,CELL_006,158.95,815.05,35.93,-42.16,"[""CELL_000"", ""CELL_001"", ""CELL_002""]",-85.77,0
225,UE_0011,CELL_006,161.62,812.64,35.93,-42.16,"[""CELL_000"", ""CELL_001"", ""CELL_002""]",-88.73,0
230,UE_0011,CELL_006,164.28,810.22,35.93,-42.16,"[""CELL_000"", ""CELL_001"", ""CELL_002""]",-102.5,0
235,UE_0011,CELL_006,166.94,807.81,35.93,-42.16,"[""CELL_000"", ""CELL_001"", ""CELL_002""]",-88.01,0
240,UE_0011,CELL_006,169.61,805.4,35.93,-42.16,"[""CELL_000"", ""CELL_001"", ""CELL_002""]",-104.95,0
245,UE_0011,CELL_005,172.27,802.99,35.93,-42.16,"[""CELL_006"", ""CELL_000"", ""CELL_001""]",-90.9,0
250,UE_0011,CELL_005,174.93,800.58,35.93,-42.16,"[""CELL_006"", ""CELL_000"", ""CELL_001""]",-99.21,0
255,UE_0011,CELL_005,177.6,798.17,35.93,-42.16,"[""CELL_006"", ""CELL_000"", ""CELL_001""]",-101.6,0
260,UE_0011,CELL_005,180.26,795.75,35.93,-42.16,"[""CELL_006"", ""CELL_000"", ""CELL_001""]",-107.15,0
265,UE_0011,CELL_005,182.92,793.34,35.93,-42.16,"[""CELL_006"", ""CELL_000"", ""CELL_001""]",-102.43,0
270,UE_0011,CELL_005,185.59,790.93,35.93,-42.16,"[""CELL_006"", ""CELL_000"", ""CELL_001""]",-94.91,0
275,UE_0011,CELL_005,188.25,788.52,35.93,-42.16,"[""CELL_006"", ""CELL_000"", ""CELL_001""]",-106.82,0
280,UE_0011,CELL_005,190.91,786.11,35.93,-42.16,"[""CELL_006"", ""CELL_000"", ""CELL_001""]",-93.62,0
285,UE_0011,CELL_005,193.58,783.69,35.93,-42.16,"[""CELL_006"", ""CELL_000"", ""CELL_001""]",-92.76,0
290,UE_0011,CELL_005,196.24,781.28,35.93,-42.16,"[""CELL_006"", ""CELL_000"", ""CELL_001""]",-95.33,0
295,UE_0011,CELL_005,198.9,778.87,35.93,-42.16,"[""CELL_006"", ""CELL_000"", ""CELL_001""]",-92.64,0
300,UE_0011,CELL_005,201.57,776.46,35.93,-42.16,"[""CELL_006"", ""CELL_000"", ""CELL_001""]",-93.06,0
305,UE_0011,CELL_005,204.23,774.05,35.93,-42.16,"[""CELL_006"", ""CELL_000"", ""CELL_001""]",-98.81,0
310,UE_0011,CELL_005,206.89,771.63,35.93,-42.16,"[""CELL_006"", ""CELL_000"", ""CELL_001""]",-94.39,0
315,UE_0011,CELL_005,209.56,769.22,35.93,-42.16,"[""CELL_006"", ""CELL_000"", ""CELL_001""]",-96.05,0
320,UE_0011,CELL_005,212.22,766.81,35.93,-42.16,"[""CELL_006"", ""CELL_000"", ""CELL_001""]",-87.6,0
325,UE_0011,CELL_005,214.88,764.4,35.93,-42.16,"[""CELL_006"", ""CELL_000"", ""CELL_001""]",-95.56,0
330,UE_0011,CELL_005,217.55,761.99,35.93,-42.16,"[""CELL_006"", ""CELL_000"", ""CELL_001""]",-82.07,0
335,UE_0011,CELL_005,220.21,759.58,35.93,-42.16,"[""CELL_006"", ""CELL_000"", ""CELL_001""]",-83.58,0
340,UE_0011,CELL_005,222.87,757.16,35.93,-42.16,"[""CELL_006"", ""CELL_000"", ""CELL_001""]",-106.03,1
345,UE_0011,CELL_005,225.54,754.75,35.93,-42.16,"[""CELL_006"", ""CELL_000"", ""CELL_001""]",-98.41,0
350,UE_0011,CELL_005,228.2,752.34,35.93,-42.16,"[""CELL_006"", ""CELL_000"", ""CELL_001""]",-102.84,1
355,UE_0011,CELL_005,230.86,749.93,35.93,-42.16,"[""CELL_006"", ""CELL_000"", ""CELL_001""]",-85.54,0
360,UE_0011,CELL_005,233.53,747.52,35.93,-42.16,"[""CELL_006"", ""CELL_000"", ""CELL_001""]",-84.34,0
365,UE_0011,CELL_005,236.19,745.1,35.93,-42.16,"[""CELL_006"", ""CELL_000"", ""CELL_001""]",-94.25,0
370,UE_0011,CELL_005,238.85,742.69,35.93,-42.16,"[""CELL_006"", ""CELL_000"", ""CELL_001""]",-111.08,0
375,UE_0011,CELL_005,241.52,740.28,35.93,-42.16,"[""CELL_006"", ""CELL_000"", ""CELL_001""]",-102.95,0
380,UE_0011,CELL_005,244.18,737.87,35.93,-42.16,"[""CELL_006"", ""CELL_000"", ""CELL_001""]",-101.14,0
385,UE_0011,CELL_005,246.84,735.46,35.93,-42.16,"[""CELL_006"", ""CELL_000"", ""CELL_001""]",-114.09,0
390,UE_0011,CELL_005,249.51,733.04,35.93,-42.16,"[""CELL_006"", ""CELL_000"", ""CELL_001""]",-86.05,0
395,UE_0011,CELL_005,252.17,730.63,35.93,-42.16,"[""CELL_006"", ""CELL_000"", ""CELL_001""]",-107.85,0
400,UE_0011,CELL_005,254.83,728.22,35.93,-42.16,"[""CELL_006"", ""CELL_000"", ""CELL_001""]",-81.48,1
405,UE_0011,CELL_005,257.5,725.81,35.93,-42.16,"[""CELL_006"", ""CELL_000"", ""CELL_001""]",-90.82,0
410,UE_0011,CELL_005,260.16,723.4,35.93,-42.16,"[""CELL_006"", ""CELL_000"", ""CELL_001""]",-93.55,1
415,UE_0011,CELL_005,262.82,720.99,35.93,-42.16,"[""CELL_006"", ""CELL_000"", ""CELL_001""]",-83.03,0
420,UE_0011,CELL_005,265.48,718.57,35.93,-42.16,"[""CELL_006"", ""CELL_000"", ""CELL_001""]",-88.78,0
425,UE_0011,CELL_005,268.15,716.16,35.93,-42.16,"[""CELL_006"", ""CELL_000"", ""CELL_001""]",-86.33,0
430,UE_0011,CELL_005,270.81,713.75,35.93,-42.16,"[""CELL_006"", ""CELL_000"", ""CELL_001""]",-86.68,0
435,UE_0011,CELL_005,273.47,711.34,35.93,-42.16,"[""CELL_006"", ""CELL_000"", ""CELL_001""]",-87.68,0
440,UE_0011,CELL_005,276.14,708.93,35.93,-42.16,"[""CELL_006"", ""CELL_000"", ""CELL_001""]",-102.45,0
445,UE_0011,CELL_005,278.8,706.51,35.93,-42.16,"[""CELL_006"", ""CELL_000"", ""CELL_001""]",-96.64,0
450,UE_0011,CELL_005,281.46,704.1,35.93,-42.16,"[""CELL_006"", ""CELL_000"", ""CELL_001""]",-86.61,0
455,UE_0011,CELL_005,284.13,701.69,35.93,-42.16,"[""CELL_006"", ""CELL_000"", ""CELL_001""]",-91.76,0
460,UE_0011,CELL_005,286.79,699.28,35.93,-42.16,"[""CELL_006"", ""CELL_000"", ""CELL_001""]",-83.77,0
465,UE_0011,CELL_005,289.45,696.87,35.93,-42.16,"[""CELL_006"", ""CELL_000"", ""CELL_001""]",-95.18,0
470,UE_0011,CELL_005,292.12,694.45,35.93,-42.16,"[""CELL_006"", ""CELL_000"", ""CELL_001""]",-87.79,0
475,UE_0011,CELL_005,294.78,692.04,35.93,-42.16,"[""CELL_006"", ""CELL_000"", ""CELL_001""]",-99.84,0
480,UE_0011,CELL_005,297.44,689.63,35.93,-42.16,"[""CELL_006"", ""CELL_000"", ""CELL_001""]",-99.06,0
485,UE_0011,CELL_005,300.11,687.22,35.93,-42.16,"[""CELL_006"", ""CELL_000"", ""CELL_001""]",-82.39,0
490,UE_0011,CELL_005,302.77,684.81,35.93,-42.16,"[""CELL_006"", ""CELL_000"", ""CELL_001""]",-96.35,0
495,UE_0011,CELL_005,305.43,682.4,35.93,-42.16,"[""CELL_006"", ""CELL_000"", ""CELL_001""]",-96.71,0
0,UE_0012,CELL_005,290.78,209.55,35.24,126.6,"[""CELL_006"", ""CELL_000"", ""CELL_001""]",-80.05,0
5,UE_0012,CELL_005,288.67,212.38,35.24,126.6,"[""CELL_006"", ""CELL_000"", ""CELL_001""]",-95.44,0
10,UE_0012,CELL_005,286.57,215.21,35.24,126.6,"[""CELL_006"", ""CELL_000"", ""CELL_001""]",-98.58,0
15,UE_0012,CELL_005,284.47,218.04,35.24,126.6,"[""CELL_006"", ""CELL_000"", ""CELL_001""]",-98.66,0
20,UE_0012,CELL_005,282.37,220.87,35.24,126.6,"[""CELL_006"", ""CELL_000"", ""CELL_001""]",-88.76,0
25,UE_0012,CELL_005,280.27,223.7,35.24,126.6,"[""CELL_006"", ""CELL_000"", ""CELL_001""]",-110.21,0
30,UE_0012,CELL_005,278.17,226.53,35.24,126.6,"[""CELL_006"", ""CELL_000"", ""CELL_001""]",-93.26,0
35,UE_0012,CELL_005,276.07,229.36,35.24,126.6,"[""CELL_006"", ""CELL_000"", ""CELL_001""]",-103.49,0
40,UE_0012,CELL_005,273.97,232.19,35.24,126.6,"[""CELL_006"", ""CELL_000"", ""CELL_001""]",-91.49,0
45,UE_0012,CELL_005,271.87,235.02,35.24,126.6,"[""CELL_006"", ""CELL_000"", ""CELL_001""]",-99.02,0
50,UE_0012,CELL_005,269.76,237.84,35.24,126.6,"[""CELL_006"", ""CELL_000"", ""CELL_001""]",-87.55,0
55,UE_0012,CELL_005,267.66,240.67,35.24,126.6,"[""CELL_006"", ""CELL_000"", ""CELL_001""]",-103.56,0
60,UE_0012,CELL_005,265.56,243.5,35.24,126.6,"[""CELL_006"", ""CELL_000"", ""CELL_001""]",-80.03,0
65,UE_0012,CELL_005,263.46,246.33,35.24,126.6,"[""CELL_006"", ""CELL_000"", ""CELL_001""]",-83.06,0
70,UE_0012,CELL_005,261.36,249.16,35.24,126.6,"[""CELL_006"", ""CELL_000"", ""CELL_001""]",-116.45,0
75,UE_0012,CELL_005,259.26,251.99,35.24,126.6,"[""CELL_006"", ""CELL_000"", ""CELL_001""]",-107.51,0
80,UE_0012,CELL_005,257.16,254.82,35.24,126.6,"[""CELL_006"", ""CELL_000"", ""CELL_001""]",-98.98,0
85,UE_0012,CELL_005,255.06,257.65,35.24,126.6,"[""CELL_006"", ""CELL_000"", ""CELL_001""]",-85.13,0
90,UE_0012,CELL_005,252.96,260.48,35.24,126.6,"[""CELL_006"", ""CELL_000"", ""CELL_001""]",-112.02,0
95,UE_0012,CELL_005,250.86,263.3,35.24,126.6,"[""CELL_006"", ""CELL_000"", ""CELL_001""]",-103.64,0
100,UE_0012,CELL_005,248.75,266.13,35.24,126.6,"[""CELL_006"", ""CELL_000"", ""CELL_001""]",-84.7,0
105,UE_0012,CELL_005,246.65,268.96,35.24,126.6,"[""CELL_006"", ""CELL_000"", ""CELL_001""]",-89.71,0
110,UE_0012,CELL_005,244.55,271.79,35.24,126.6,"[""CELL_006"", ""CELL_000"", ""CELL_001""]",-100.59,0
115,UE_0012,CELL_005,242.45,274.62,35.24,126.6,"[""CELL_006"", ""CELL_000"", ""CELL_001""]",-110.84,0
120,UE_0012,CELL_005,240.35,277.45,35.24,126.6,"[""CELL_006"", ""CELL_000"", ""CELL_001""]",-89.88,0
125,UE_0012,CELL_005,238.25,280.28,35.24,126.6,"[""CELL_006"", ""CELL_000"", ""CELL_001""]",-93.96,0
130,UE_0012,CELL_005,236.15,283.11,35.24,126.6,"[""CELL_006"", ""CELL_000"", ""CELL_001""]",-104.26,0
135,UE_0012,CELL_005,234.05,285.94,35.24,126.6,"[""CELL_006"", ""CELL_000"", ""CELL_001""]",-99.38,0
140,UE_0012,CELL_005,231.95,288.77,35.24,126.6,"[""CELL_006"", ""CELL_000"", ""CELL_001""]",-106.25,0
145,UE_0012,CELL_005,229.84,291.59,35.24,126.6,"[""CELL_006"", ""CELL_000"", ""CELL_001""]",-84.73,0
150,UE_0012,CELL_005,227.74,294.42,35.24,126.6,"[""CELL_006"", ""CELL_000"", ""CELL_001""]",-82.01,0
155,UE_0012,CELL_005,225.64,297.25,35.24,126.6,"[""CELL_006"", ""CELL_000"", ""CELL_001""]",-107.36,0
160,UE_0012,CELL_005,223.54,300.08,35.24,126.6,"[""CELL_006"", ""CELL_000"", ""CELL_001""]",-89.52,0
165,UE_0012,CELL_005,221.44,302.91,35.24,126.6,"[""CELL_006"", ""CELL_000"", ""CELL_001""]",-92.48,0
170,UE_0012,CELL_005,219.34,305.74,35.24,126.6,"[""CELL_006"", ""CELL_000"", ""CELL_001""]",-82.52,0
175,UE_0012,CELL_005,217.24,308.57,35.24,126.6,"[""CELL_006"", ""CELL_000"", ""CELL_001""]",-87.4,0
180,UE_0012,CELL_005,215.14,311.4,35.24,126.6,"[""CELL_006"", ""CELL_000"", ""CELL_001""]",-80.08,0
185,UE_0012,CELL_005,213.04,314.23,35.24,126.6,"[""CELL_006"", ""CELL_000"", ""CELL_001""]",-100.57,0
190,UE_0012,CELL_005,210.93,317.06,35.24,126.6,"[""CELL_006"", ""CELL_000"", ""CELL_001""]",-99.3,0
195,UE_0012,CELL_005,208.83,319.88,35.24,126.6,"[""CELL_006"", ""CELL_000"", ""CELL_001""]",-114.84,0
200,UE_0012,CELL_005,206.73,322.71,35.24,126.6,"[""CELL_006"", ""CELL_000"", ""CELL_001""]",-86.63,0
205,UE_0012,CELL_005,204.63,325.54,35.24,126.6,"[""CELL_006"", ""CELL_000"", ""CELL_001""]",-110.35,1
210,UE_0012,CELL_005,202.53,328.37,35.24,126.6,"[""CELL_006"", ""CELL_000"", ""CELL_001""]",-89.15,0
215,UE_0012,CELL_005,200.43,331.2,35.24,126.6,"[""CELL_006"", ""CELL_000"", ""CELL_001""]",-90.38,0
220,UE_0012,CELL_005,198.33,334.03,35.24,126.6,"[""CELL_006"", ""CELL_000"", ""CELL_001""]",-80.46,0
225,UE_0012,CELL_005,196.23,336.86,35.24,126.6,"[""CELL_006"", ""CELL_000"", ""CELL_001""]",-94.1,0
230,UE_0012,CELL_005,194.13,339.69,35.24,126.6,"[""CELL_006"", ""CELL_000"", ""CELL_001""]",-108.44,0
235,UE_0012,CELL_004,192.03,342.52,35.24,126.6,"[""CELL_005"", ""CELL_006"", ""CELL_000""]",-95.9,0
240,UE_0012,CELL_004,189.92,345.34,35.24,126.6,"[""CELL_005"", ""CELL_006"", ""CELL_000""]",-85.87,0
245,UE_0012,CELL_004,187.82,348.17,35.24,126.6,"[""CELL_005"", ""CELL_006"", ""CELL_000""]",-120.08,0
250,UE_0012,CELL_004,185.72,351.0,35.24,126.6,"[""CELL_005"", ""CELL_006"", ""CELL_000""]",-95.08,0
255,UE_0012,CELL_004,183.62,353.83,35.24,126.6,"[""CELL_005"", ""CELL_006"", ""CELL_000""]",-93.72,0
260,UE_0012,CELL_004,181.52,356.66,35.24,126.6,"[""CELL_005"", ""CELL_006"", ""CELL_000""]",-86.5,0
265,UE_0012,CELL_004,179.42,359.49,35.24,126.6,"[""CELL_005"", ""CELL_006"", ""CELL_000""]",-108.92,0
270,UE_0012,CELL_004,177.32,362.32,35.24,126.6,"[""CELL_005"", ""CELL_006"", ""CELL_000""]",-74.17,0
275,UE_0012,CELL_004,175.22,365.15,35.24,126.6,"[""CELL_005"", ""CELL_006"", ""CELL_000""]",-105.65,0
280,UE_0012,CELL_004,173.12,367.98,33.55,-47.14,"[""CELL_005"", ""CELL_006"", ""CELL_000""]",-74.84,0
285,UE_0012,CELL_004,175.4,365.52,33.55,-47.14,"[""CELL_005"", ""CELL_006"", ""CELL_000""]",-88.88,0
290,UE_0012,CELL_004,177.68,363.06,12.85,87.89,"[""CELL_005"", ""CELL_006"", ""CELL_000""]",-76.72,0
295,UE_0012,CELL_004,177.73,364.34,12.85,87.89,"[""CELL_005"", ""CELL_006"", ""CELL_000""]",-96.71,0
300,UE_0012,CELL_004,177.77,365.63,12.85,87.89,"[""CELL_005"", ""CELL_006"", ""CELL_000""]",-104.58,0
305,UE_0012,CELL_004,177.82,366.91,12.85,87.89,"[""CELL_005"", ""CELL_006"", ""CELL_000""]",-103.33,0
310,UE_0012,CELL_000,177.87,368.2,11.97,-146.99,"[""CELL_001"", ""CELL_002"", ""CELL_003""]",-108.36,0
315,UE_0012,CELL_000,176.87,367.54,11.97,-146.99,"[""CELL_001"", ""CELL_002"", ""CELL_003""]",-62.95,0
320,UE_0012,CELL_000,175.86,366.89,11.97,-146.99,"[""CELL_001"", ""CELL_002"", ""CELL_003""]",-92.74,0
325,UE_0012,CELL_000,174.86,366.24,11.97,-146.99,"[""CELL_001"", ""CELL_002"", ""CELL_003""]",-83.03,0
330,UE_0012,CELL_000,173.85,365.59,11.97,-146.99,"[""CELL_001"", ""CELL_002"", ""CELL_003""]",-93.35,0
335,UE_0012,CELL_000,172.85,364.93,11.97,-146.99,"[""CELL_001"", ""CELL_002"", ""CELL_003""]",-87.65,0
340,UE_0012,CELL_000,171.85,364.28,11.97,-146.99,"[""CELL_001"", ""CELL_002"", ""CELL_003""]",-91.56,0
345,UE_0012,CELL_000,170.84,363.63,11.97,-146.99,"[""CELL_001"", ""CELL_002"", ""CELL_003""]",-81.13,0
350,UE_0012,CELL_000,169.84,362.98,11.97,-146.99,"[""CELL_001"", ""CELL_002"", ""CELL_003""]",-91.26,0
355,UE_0012,CELL_000,168.84,362.33,11.97,-146.99,"[""CELL_001"", ""CELL_002"", ""CELL_003""]",-93.03,0
360,UE_0012,CELL_000,167.83,361.67,11.97,-146.99,"[""CELL_001"", ""CELL_002"", ""CELL_003""]",-96.56,0
365,UE_0012,CELL_000,166.83,361.02,11.97,-146.99,"[""CELL_001"", ""CELL_002"", ""CELL_003""]",-95.9,0
370,UE_0012,CELL_000,165.82,360.37,11.97,-146.99,"[""CELL_001"", ""CELL_002"", ""CELL_003""]",-81.88,0
375,UE_0012,CELL_000,164.82,359.72,11.97,-146.99,"[""CELL_001"", ""CELL_002"", ""CELL_003""]",-100.69,0
380,UE_0012,CELL_000,163.82,359.07,11.97,-146.99,"[""CELL_001"", ""CELL_002"", ""CELL_003""]",-112.26,0
385,UE_0012,CELL_000,162.81,358.41,11.97,-146.99,"[""CELL_001"", ""CELL_002"", ""CELL_003""]",-91.54,0
390,UE_0012,CELL_000,161.81,357.76,11.97,-146.99,"[""CELL_001"", ""CELL_002"", ""CELL_003""]",-98.35,0
395,UE_0012,CELL_000,160.8,357.11,11.97,-146.99,"[""CELL_001"", ""CELL_002"", ""CELL_003""]",-90.72,0
400,UE_0012,CELL_000,159.8,356.46,11.97,-146.99,"[""CELL_001"", ""CELL_002"", ""CELL_003""]",-63.99,0
405,UE_0012,CELL_000,158.8,355.81,11.97,-146.99,"[""CELL_001"", ""CELL_002"", ""CELL_003""]",-91.74,0
410,UE_0012,CELL_000,157.79,355.15,11.97,-146.99,"[""CELL_001"", ""CELL_002"", ""CELL_003""]",-86.73,0
415,UE_0012,CELL_000,156.79,354.5,11.97,-146.99,"[""CELL_001"", ""CELL_002"", ""CELL_003""]",-107.79,0
420,UE_0012,CELL_000,155.79,353.85,11.97,-146.99,"[""CELL_001"", ""CELL_002"", ""CELL_003""]",-98.56,0
425,UE_0012,CELL_000,154.78,353.2,11.97,-146.99,"[""CELL_001"", ""CELL_002"", ""CELL_003""]",-78.23,0
430,UE_0012,CELL_000,153.78,352.54,11.97,-146.99,"[""CELL_001"", ""CELL_002"", ""CELL_003""]",-101.02,0
435,UE_0012,CELL_000,152.77,351.89,11.97,-146.99,"[""CELL_001"", ""CELL_002"", ""CELL_003""]",-107.58,0
440,UE_0012,CELL_000,151.77,351.24,11.97,-146.99,"[""CELL_001"", ""CELL_002"", ""CELL_003""]",-110.42,0
445,UE_0012,CELL_000,150.77,350.59,11.97,-146.99,"[""CELL_001"", ""CELL_002"", ""CELL_003""]",-100.68,0
450,UE_0012,CELL_000,149.76,349.94,11.97,-146.99,"[""CELL_001"", ""CELL_002"", ""CELL_003""]",-84.73,0
455,UE_0012,CELL_000,148.76,349.28,11.97,-146.99,"[""CELL_001"", ""CELL_002"", ""CELL_003""]",-85.33,0
460,UE_0012,CELL_000,147.75,348.63,11.97,-146.99,"[""CELL_001"", ""CELL_002"", ""CELL_003""]",-105.7,0
465,UE_0012,CELL_000,146.75,347.98,11.97,-146.99,"[""CELL_001"", ""CELL_002"", ""CELL_003""]",-86.39,0
470,UE_0012,CELL_000,145.75,347.33,11.97,-146.99,"[""CELL_001"", ""CELL_002"", ""CELL_003""]",-99.15,0
475,UE_0012,CELL_003,144.74,346.68,11.97,-146.99,"[""CELL_004"", ""CELL_005"", ""CELL_006""]",-92.66,0
480,UE_0012,CELL_003,143.74,346.02,11.97,-146.99,"[""CELL_004"", ""CELL_005"", ""CELL_006""]",-103.85,0
485,UE_0012,CELL_003,142.74,345.37,11.97,-146.99,"[""CELL_004"", ""CELL_005"", ""CELL_006""]",-102.56,0
490,UE_0012,CELL_003,141.73,344.72,11.97,-146.99,"[""CELL_004"", ""CELL_005"", ""CELL_006""]",-90.75,0
495,UE_0012,CELL_003,140.73,344.07,11.97,-146.99,"[""CELL_004"", ""CELL_005"", ""CELL_006""]",-102.72,0
0,UE_0013,CELL_004,352.31,16.81,23.37,-140.25,"[""CELL_005"", ""CELL_006"", ""CELL_000""]",-71.24,0
5,UE_0013,CELL_004,350.51,15.31,23.37,-140.25,"[""CELL_005"", ""CELL_006"", ""CELL_000""]",-88.39,0
10,UE_0013,CELL_004,348.72,13.82,23.37,-140.25,"[""CELL_005"", ""CELL_006"", ""CELL_000""]",-82.61,1
15,UE_0013,CELL_004,346.92,12.32,23.37,-140.25,"[""CELL_005"", ""CELL_006"", ""CELL_000""]",-83.84,0
20,UE_0013,CELL_004,345.12,10.83,23.37,-140.25,"[""CELL_005"", ""CELL_006"", ""CELL_000""]",-89.06,0
25,UE_0013,CELL_004,343.32,9.33,23.37,-140.25,"[""CELL_005"", ""CELL_006"", ""CELL_000""]",-88.81,0
30,UE_0013,CELL_004,341.53,7.84,23.37,-140.25,"[""CELL_005"", ""CELL_006"", ""CELL_000""]",-88.91,0
35,UE_0013,CELL_004,339.73,6.34,23.37,-140.25,"[""CELL_005"", ""CELL_006"", ""CELL_000""]",-87.58,0
40,UE_0013,CELL_004,337.93,4.85,23.37,-140.25,"[""CELL_005"", ""CELL_006"", ""CELL_000""]",-98.79,0
45,UE_0013,CELL_004,336.14,3.35,23.37,-140.25,"[""CELL_005"", ""CELL_006"", ""CELL_000""]",-85.03,0
50,UE_0013,CELL_004,334.34,1.86,23.37,-140.25,"[""CELL_005"", ""CELL_006"", ""CELL_000""]",-107.89,0
55,UE_0013,CELL_004,332.54,0.36,23.37,-140.25,"[""CELL_005"", ""CELL_006"", ""CELL_000""]",-85.23,0
60,UE_0013,CELL_004,330.75,-1.13,23.37,-140.25,"[""CELL_005"", ""CELL_006"", ""CELL_000""]",-73.46,0
65,UE_0013,CELL_004,328.95,-2.62,23.37,-140.25,"[""CELL_005"", ""CELL_006"", ""CELL_000""]",-90.32,0
70,UE_0013,CELL_004,327.15,-4.12,23.37,-140.25,"[""CELL_005"", ""CELL_006"", ""CELL_000""]",-91.02,0
75,UE_0013,CELL_004,325.35,-5.61,23.37,-140.25,"[""CELL_005"", ""CELL_006"", ""CELL_000""]",-93.39,0
80,UE_0013,CELL_004,323.56,-7.11,23.37,-140.25,"[""CELL_005"", ""CELL_006"", ""CELL_000""]",-110.88,0
85,UE_0013,CELL_004,321.76,-8.6,23.37,-140.25,"[""CELL_005"", ""CELL_006"", ""CELL_000""]",-97.71,0
90,UE_0013,CELL_004,319.96,-10.1,23.37,-140.25,"[""CELL_005"", ""CELL_006"", ""CELL_000""]",-89.87,0
95,UE_0013,CELL_004,318.17,-11.59,23.37,-140.25,"[""CELL_005"", ""CELL_006"", ""CELL_000""]",-106.23,0
100,UE_0013,CELL_004,316.37,-13.09,23.37,-140.25,"[""CELL_005"", ""CELL_006"", ""CELL_000""]",-95.83,0
105,UE_0013,CELL_004,314.57,-14.58,23.37,-140.25,"[""CELL_005"", ""CELL_006"", ""CELL_000""]",-91.6,0
110,UE_0013,CELL_004,312.78,-16.08,23.37,-140.25,"[""CELL_005"", ""CELL_006"", ""CELL_000""]",-112.01,0
115,UE_0013,CELL_004,310.98,-17.57,23.37,-140.25,"[""CELL_005"", ""CELL_006"", ""CELL_000""]",-97.97,0
120,UE_0013,CELL_004,309.18,-19.07,23.37,-140.25,"[""CELL_005"", ""CELL_006"", ""CELL_000""]",-87.39,0
125,UE_0013,CELL_004,307.39,-20.56,23.37,-140.25,"[""CELL_005"", ""CELL_006"", ""CELL_000""]",-102.69,0
130,UE_0013,CELL_004,305.59,-22.05,23.37,-140.25,"[""CELL_005"", ""CELL_006"", ""CELL_000""]",-99.03,0
135,UE_0013,CELL_004,303.79,-23.55,23.37,-140.25,"[""CELL_005"", ""CELL_006"", ""CELL_000""]",-86.88,0
140,UE_0013,CELL_004,301.99,-25.04,23.37,-140.25,"[""CELL_005"", ""CELL_006"", ""CELL_000""]",-95.89,0
145,UE_0013,CELL_004,300.2,-26.54,23.37,-140.25,"[""CELL_005"", ""CELL_006"", ""CELL_000""]",-84.28,0
150,UE_0013,CELL_004,298.4,-28.03,23.37,-140.25,"[""CELL_005"", ""CELL_006"", ""CELL_000""]",-79.56,0
155,UE_0013,CELL_004,296.6,-29.53,23.37,-140.25,"[""CELL_005"", ""CELL_006"", ""CELL_000""]",-101.43,0
160,UE_0013,CELL_004,294.81,-31.02,23.37,-140.25,"[""CELL_005"", ""CELL_006"", ""CELL_000""]",-85.64,0
165,UE_0013,CELL_004,293.01,-32.52,23.37,-140.25,"[""CELL_005"", ""CELL_006"", ""CELL_000""]",-105.36,0
170,UE_0013,CELL_004,291.21,-34.01,23.37,-140.25,"[""CELL_005"", ""CELL_006"", ""CELL_000""]",-98.33,0
175,UE_0013,CELL_004,289.42,-35.51,23.37,-140.25,"[""CELL_005"", ""CELL_006"", ""CELL_000""]",-95.64,0
180,UE_0013,CELL_004,287.62,-37.0,23.37,-140.25,"[""CELL_005"", ""CELL_006"", ""CELL_000""]",-83.04,0
185,UE_0013,CELL_004,285.82,-38.49,23.37,-140.25,"[""CELL_005"", ""CELL_006"", ""CELL_000""]",-95.24,0
190,UE_0013,CELL_004,284.02,-39.99,23.37,-140.25,"[""CELL_005"", ""CELL_006"", ""CELL_000""]",-106.42,0
195,UE_0013,CELL_004,282.23,-41.48,23.37,-140.25,"[""CELL_005"", ""CELL_006"", ""CELL_000""]",-87.36,1
200,UE_0013,CELL_005,280.43,-42.98,23.37,-140.25,"[""CELL_006"", ""CELL_000"", ""CELL_001""]",-96.26,0
205,UE_0013,CELL_005,278.63,-44.47,23.37,-140.25,"[""CELL_006"", ""CELL_000"", ""CELL_001""]",-120.25,0
210,UE_0013,CELL_005,276.84,-45.97,23.37,-140.25,"[""CELL_006"", ""CELL_000"", ""CELL_001""]",-95.11,1
215,UE_0013,CELL_005,275.04,-47.46,23.37,-140.25,"[""CELL_006"", ""CELL_000"", ""CELL_001""]",-80.58,0
220,UE_0013,CELL_005,273.24,-48.96,23.37,-140.25,"[""CELL_006"", ""CELL_000"", ""CELL_001""]",-94.77,0
225,UE_0013,CELL_005,271.45,-50.45,23.37,-140.25,"[""CELL_006"", ""CELL_000"", ""CELL_001""]",-104.17,0
230,UE_0013,CELL_005,269.65,-51.95,23.37,-140.25,"[""CELL_006"", ""CELL_000"", ""CELL_001""]",-96.23,0
235,UE_0013,CELL_005,267.85,-53.44,23.37,-140.25,"[""CELL_006"", ""CELL_000"", ""CELL_001""]",-86.51,0
240,UE_0013,CELL_005,266.05,-54.94,23.37,-140.25,"[""CELL_006"", ""CELL_000"", ""CELL_001""]",-92.69,0
245,UE_0013,CELL_005,264.26,-56.43,23.37,-140.25,"[""CELL_006"", ""CELL_000"", ""CELL_001""]",-87.85,0
250,UE_0013,CELL_005,262.46,-57.92,23.37,-140.25,"[""CELL_006"", ""CELL_000"", ""CELL_001""]",-85.83,0
255,UE_0013,CELL_005,260.66,-59.42,23.37,-140.25,"[""CELL_006"", ""CELL_000"", ""CELL_001""]",-74.76,0
260,UE_0013,CELL_005,258.87,-60.91,23.37,-140.25,"[""CELL_006"", ""CELL_000"", ""CELL_001""]",-116.89,0
265,UE_0013,CELL_005,257.07,-62.41,23.37,-140.25,"[""CELL_006"", ""CELL_000"", ""CELL_001""]",-87.39,0
270,UE_0013,CELL_005,255.27,-63.9,23.37,-140.25,"[""CELL_006"", ""CELL_000"", ""CELL_001""]",-84.04,0
275,UE_0013,CELL_005,253.48,-65.4,23.37,-140.25,"[""CELL_006"", ""CELL_000"", ""CELL_001""]",-86.24,0
280,UE_0013,CELL_005,251.68,-66.89,23.37,-140.25,"[""CELL_006"", ""CELL_000"", ""CELL_001""]",-106.28,0
285,UE_0013,CELL_005,249.88,-68.39,23.37,-140.25,"[""CELL_006"", ""CELL_000"", ""CELL_001""]",-118.43,0
290,UE_0013,CELL_005,248.08,-69.88,23.37,-140.25,"[""CELL_006"", ""CELL_000"", ""CELL_001""]",-97.84,0
295,UE_0013,CELL_005,246.29,-71.38,23.37,-140.25,"[""CELL_006"", ""CELL_000"", ""CELL_001""]",-76.18,0
300,UE_0013,CELL_005,244.49,-72.87,23.37,-140.25,"[""CELL_006"", ""CELL_000"", ""CELL_001""]",-86.25,0
305,UE_0013,CELL_005,242.69,-74.36,23.37,-140.25,"[""CELL_006"", ""CELL_000"", ""CELL_001""]",-95.88,1
310,UE_0013,CELL_005,240.9,-75.86,23.37,-140.25,"[""CELL_006"", ""CELL_000"", ""CELL_001""]",-96.37,0
315,UE_0013,CELL_005,239.1,-77.35,23.37,-140.25,"[""CELL_006"", ""CELL_000"", ""CELL_001""]",-80.69,0
320,UE_0013,CELL_005,237.3,-78.85,23.37,-140.25,"[""CELL_006"", ""CELL_000"", ""CELL_001""]",-109.9,0
325,UE_0013,CELL_002,235.51,-80.34,23.37,-140.25,"[""CELL_003"", ""CELL_004"", ""CELL_005""]",-96.21,0
330,UE_0013,CELL_002,233.71,-81.84,23.37,-140.25,"[""CELL_003"", ""CELL_004"", ""CELL_005""]",-98.0,0
335,UE_0013,CELL_002,231.91,-83.33,23.37,-140.25,"[""CELL_003"", ""CELL_004"", ""CELL_005""]",-94.4,0
340,UE_0013,CELL_002,230.12,-84.83,23.37,-140.25,"[""CELL_003"", ""CELL_004"", ""CELL_005""]",-92.28,0
345,UE_0013,CELL_002,228.32,-86.32,23.37,-140.25,"[""CELL_003"", ""CELL_004"", ""CELL_005""]",-101.78,0
350,UE_0013,CELL_002,226.52,-87.82,23.37,-140.25,"[""CELL_003"", ""CELL_004"", ""CELL_005""]",-99.92,0
355,UE_0013,CELL_002,224.72,-89.31,23.37,-140.25,"[""CELL_003"", ""CELL_004"", ""CELL_005""]",-91.63,0
360,UE_0013,CELL_002,222.93,-90.81,23.37,-140.25,"[""CELL_003"", ""CELL_004"", ""CELL_005""]",-109.85,0
365,UE_0013,CELL_002,221.13,-92.3,23.37,-140.25,"[""CELL_003"", ""CELL_004"", ""CELL_005""]",-96.44,0
370,UE_0013,CELL_002,219.33,-93.79,23.37,-140.25,"[""CELL_003"", ""CELL_004"", ""CELL_005""]",-92.49,1
375,UE_0013,CELL_002,217.54,-95.29,23.37,-140.25,"[""CELL_003"", ""CELL_004"", ""CELL_005""]",-69.12,0
380,UE_0013,CELL_002,215.74,-96.78,23.37,-140.25,"[""CELL_003"", ""CELL_004"", ""CELL_005""]",-89.26,0
385,UE_0013,CELL_002,213.94,-98.28,23.37,-140.25,"[""CELL_003"", ""CELL_004"", ""CELL_005""]",-108.97,0
390,UE_0013,CELL_002,212.15,-99.77,23.37,-140.25,"[""CELL_003"", ""CELL_004"", ""CELL_005""]",-82.85,0
395,UE_0013,CELL_002,210.35,-101.27,23.37,-140.25,"[""CELL_003"", ""CELL_004"", ""CELL_005""]",-85.46,0
400,UE_0013,CELL_002,208.55,-102.76,23.37,-140.25,"[""CELL_003"", ""CELL_004"", ""CELL_005""]",-102.34,0
405,UE_0013,CELL_002,206.75,-104.26,23.37,-140.25,"[""CELL_003"", ""CELL_004"", ""CELL_005""]",-110.68,0
410,UE_0013,CELL_002,204.96,-105.75,23.37,-140.25,"[""CELL_003"", ""CELL_004"", ""CELL_005""]",-88.31,0
415,UE_0013,CELL_002,203.16,-107.25,23.37,-140.25,"[""CELL_003"", ""CELL_004"", ""CELL_005""]",-100.99,0
420,UE_0013,CELL_002,201.36,-108.74,23.37,-140.25,"[""CELL_003"", ""CELL_004"", ""CELL_005""]",-91.05,0
425,UE_0013,CELL_002,199.57,-110.24,23.37,-140.25,"[""CELL_003"", ""CELL_004"", ""CELL_005""]",-90.64,0
430,UE_0013,CELL_002,197.77,-111.73,23.37,-140.25,"[""CELL_003"", ""CELL_004"", ""CELL_005""]",-93.2,0
435,UE_0013,CELL_002,195.97,-113.22,23.37,-140.25,"[""CELL_003"", ""CELL_004"", ""CELL_005""]",-103.97,0
440,UE_0013,CELL_002,194.18,-114.72,23.37,-140.25,"[""CELL_003"", ""CELL_004"", ""CELL_005""]",-90.16,0
445,UE_0013,CELL_002,192.38,-116.21,23.37,-140.25,"[""CELL_003"", ""CELL_004"", ""CELL_005""]",-100.23,1
450,UE_0013,CELL_002,190.58,-117.71,23.37,-140.25,"[""CELL_003"", ""CELL_004"", ""CELL_005""]",-91.75,0
455,UE_0013,CELL_002,188.78,-119.2,23.37,-140.25,"[""CELL_003"", ""CELL_004"", ""CELL_005""]",-100.06,0
460,UE_0013,CELL_002,186.99,-120.7,23.37,-140.25,"[""CELL_003"", ""CELL_004"", ""CELL_005""]",-98.66,0
465,UE_0013,CELL_002,185.19,-122.19,23.37,-140.25,"[""CELL_003"", ""CELL_004"", ""CELL_005""]",-115.93,0
470,UE_0013,CELL_002,183.39,-123.69,23.37,-140.25,"[""CELL_003"", ""CELL_004"", ""CELL_005""]",-76.89,0
475,UE_0013,CELL_002,181.6,-125.18,23.37,-140.25,"[""CELL_003"", ""CELL_004"", ""CELL_005""]",-118.24,0
480,UE_0013,CELL_002,179.8,-126.68,23.37,-140.25,"[""CELL_003"", ""CELL_004"", ""CELL_005""]",-93.15,0
485,UE_0013,CELL_002,178.0,-128.17,23.37,-140.25,"[""CELL_003"", ""CELL_004"", ""CELL_005""]",-93.88,0
490,UE_0013,CELL_002,176.21,-129.66,23.37,-140.25,"[""CELL_003"", ""CELL_004"", ""CELL_005""]",-88.04,0
495,UE_0013,CELL_002,174.41,-131.16,23.37,-140.25,"[""CELL_003"", ""CELL_004"", ""CELL_005""]",-79.03,0
0,UE_0014,CELL_003,195.72,29.96,2.34,170.22,"[""CELL_004"", ""CELL_005"", ""CELL_006""]",-93.83,0
5,UE_0014,CELL_003,195.49,30.0,2.34,170.22,"[""CELL_004"", ""CELL_005"", ""CELL_006""]",-103.09,0
10,UE_0014,CELL_003,195.25,30.04,2.34,170.22,"[""CELL_004"", ""CELL_005"", ""CELL_006""]",-115.89,0
15,UE_0014,CELL_003,195.02,30.08,2.34,170.22,"[""CELL_004"", ""CELL_005"", ""CELL_006""]",-76.67,0
20,UE_0014,CELL_003,194.79,30.12,2.34,170.22,"[""CELL_004"", ""CELL_005"", ""CELL_006""]",-100.26,0
25,UE_0014,CELL_003,194.56,30.16,2.34,170.22,"[""CELL_004"", ""CELL_005"", ""CELL_006""]",-91.28,0
30,UE_0014,CELL_003,194.33,30.2,2.34,170.22,"[""CELL_004"", ""CELL_005"", ""CELL_006""]",-83.94,0
35,UE_0014,CELL_003,194.1,30.24,2.34,170.22,"[""CELL_004"", ""CELL_005"", ""CELL_006""]",-119.12,0
40,UE_0014,CELL_003,193.87,30.28,2.34,170.22,"[""CELL_004"", ""CELL_005"", ""CELL_006""]",-111.75,0
45,UE_0014,CELL_003,193.64,30.32,2.34,170.22,"[""CELL_004"", ""CELL_005"", ""CELL_006""]",-92.72,0
50,UE_0014,CELL_003,193.41,30.36,2.34,170.22,"[""CELL_004"", ""CELL_005"", ""CELL_006""]",-101.9,0
55,UE_0014,CELL_003,193.18,30.4,2.34,170.22,"[""CELL_004"", ""CELL_005"", ""CELL_006""]",-106.81,0
60,UE_0014,CELL_006,192.94,30.44,2.34,170.22,"[""CELL_000"", ""CELL_001"", ""CELL_002""]",-102.32,0
65,UE_0014,CELL_006,192.71,30.48,2.34,170.22,"[""CELL_000"", ""CELL_001"", ""CELL_002""]",-93.43,0
70,UE_0014,CELL_006,192.48,30.52,2.34,170.22,"[""CELL_000"", ""CELL_001"", ""CELL_002""]",-65.29,0
75,UE_0014,CELL_006,192.25,30.56,2.34,170.22,"[""CELL_000"", ""CELL_001"", ""CELL_002""]",-94.68,0
80,UE_0014,CELL_006,192.02,30.6,2.34,170.22,"[""CELL_000"", ""CELL_001"", ""CELL_002""]",-112.4,0
85,UE_0014,CELL_002,191.79,30.64,2.34,170.22,"[""CELL_003"", ""CELL_004"", ""CELL_005""]",-100.56,0
90,UE_0014,CELL_000,191.56,30.68,2.34,170.22,"[""CELL_001"", ""CELL_002"", ""CELL_003""]",-85.31,0
95,UE_0014,CELL_000,191.33,30.72,18.17,-14.71,"[""CELL_001"", ""CELL_002"", ""CELL_003""]",-101.2,0
100,UE_0014,CELL_000,193.08,30.25,18.17,-14.71,"[""CELL_001"", ""CELL_002"", ""CELL_003""]",-90.56,0
105,UE_0014,CELL_000,194.84,29.79,18.17,-14.71,"[""CELL_001"", ""CELL_002"", ""CELL_003""]",-85.61,0
110,UE_0014,CELL_000,196.6,29.33,18.17,-14.71,"[""CELL_001"", ""CELL_002"", ""CELL_003""]",-89.64,0
115,UE_0014,CELL_000,198.36,28.87,18.17,-14.71,"[""CELL_001"", ""CELL_002"", ""CELL_003""]",-113.89,0
120,UE_0014,CELL_000,200.11,28.41,18.17,-14.71,"[""CELL_001"", ""CELL_002"", ""CELL_003""]",-72.61,1
125,UE_0014,CELL_000,201.87,27.95,18.17,-14.71,"[""CELL_001"", ""CELL_002"", ""CELL_003""]",-105.0,0
130,UE_0014,CELL_000,203.63,27.49,18.17,-14.71,"[""CELL_001"", ""CELL_002"", ""CELL_003""]",-96.01,1
135,UE_0014,CELL_000,205.38,27.03,18.17,-14.71,"[""CELL_001"", ""CELL_002"", ""CELL_003""]",-108.32,1
140,UE_0014,CELL_000,207.14,26.57,21.4,44.47,"[""CELL_001"", ""CELL_002"", ""CELL_003""]",-92.04,0
145,UE_0014,CELL_000,208.67,28.06,21.4,44.47,"[""CELL_001"", ""CELL_002"", ""CELL_003""]",-105.43,0
150,UE_0014,CELL_000,210.2,29.56,21.4,44.47,"[""CELL_001"", ""CELL_002"", ""CELL_003""]",-101.21,0
155,UE_0014,CELL_000,211.72,31.06,21.4,44.47,"[""CELL_001"", ""CELL_002"", ""CELL_003""]",-117.46,0
160,UE_0014,CELL_000,213.25,32.56,21.4,44.47,"[""CELL_001"", ""CELL_002"", ""CELL_003""]",-96.3,0
165,UE_0014,CELL_000,214.78,34.06,21.4,44.47,"[""CELL_001"", ""CELL_002"", ""CELL_003""]",-94.44,0
170,UE_0014,CELL_000,216.31,35.56,21.4,44.47,"[""CELL_001"", ""CELL_002"", ""CELL_003""]",-93.54,0
175,UE_0014,CELL_000,217.84,37.06,21.4,44.47,"[""CELL_001"", ""CELL_002"", ""CELL_003""]",-95.56,0
180,UE_0014,CELL_000,219.36,38.56,21.4,44.47,"[""CELL_001"", ""CELL_002"", ""CELL_003""]",-84.49,0
185,UE_0014,CELL_000,220.89,40.06,21.4,44.47,"[""CELL_001"", ""CELL_002"", ""CELL_003""]",-80.65,0
190,UE_0014,CELL_000,222.42,41.56,21.4,44.47,"[""CELL_001"", ""CELL_002"", ""CELL_003""]",-90.98,0
195,UE_0014,CELL_000,223.95,43.06,21.4,44.47,"[""CELL_001"", ""CELL_002"", ""CELL_003""]",-80.87,0
200,UE_0014,CELL_000,225.47,44.56,21.4,44.47,"[""CELL_001"", ""CELL_002"", ""CELL_003""]",-101.36,0
205,UE_0014,CELL_000,227.0,46.06,21.4,44.47,"[""CELL_001"", ""CELL_002"", ""CELL_003""]",-76.09,0
210,UE_0014,CELL_000,228.53,47.56,21.4,44.47,"[""CELL_001"", ""CELL_002"", ""CELL_003""]",-85.83,0
215,UE_0014,CELL_000,230.06,49.06,21.4,44.47,"[""CELL_001"", ""CELL_002"", ""CELL_003""]",-84.88,0
220,UE_0014,CELL_000,231.58,50.56,21.4,44.47,"[""CELL_001"", ""CELL_002"", ""CELL_003""]",-93.62,0
225,UE_0014,CELL_000,233.11,52.05,21.4,44.47,"[""CELL_001"", ""CELL_002"", ""CELL_003""]",-92.61,1
230,UE_0014,CELL_000,234.64,53.55,21.4,44.47,"[""CELL_001"", ""CELL_002"", ""CELL_003""]",-91.14,0
235,UE_0014,CELL_000,236.17,55.05,21.4,44.47,"[""CELL_001"", ""CELL_002"", ""CELL_003""]",-80.6,0
240,UE_0014,CELL_000,237.69,56.55,21.4,44.47,"[""CELL_001"", ""CELL_002"", ""CELL_003""]",-87.18,0
245,UE_0014,CELL_000,239.22,58.05,21.4,44.47,"[""CELL_001"", ""CELL_002"", ""CELL_003""]",-100.2,0
250,UE_0014,CELL_000,240.75,59.55,21.4,44.47,"[""CELL_001"", ""CELL_002"", ""CELL_003""]",-102.43,0
255,UE_0014,CELL_000,242.28,61.05,21.4,44.47,"[""CELL_001"", ""CELL_002"", ""CELL_003""]",-83.05,0
260,UE_0014,CELL_000,243.8,62.55,21.4,44.47,"[""CELL_001"", ""CELL_002"", ""CELL_003""]",-105.6,0
265,UE_0014,CELL_000,245.33,64.05,21.4,44.47,"[""CELL_001"", ""CELL_002"", ""CELL_003""]",-99.0,0
270,UE_0014,CELL_000,246.86,65.55,21.4,44.47,"[""CELL_001"", ""CELL_002"", ""CELL_003""]",-103.82,0
275,UE_0014,CELL_000,248.39,67.05,21.4,44.47,"[""CELL_001"", ""CELL_002"", ""CELL_003""]",-97.59,0
280,UE_0014,CELL_000,249.91,68.55,21.4,44.47,"[""CELL_001"", ""CELL_002"", ""CELL_003""]",-103.48,0
285,UE_0014,CELL_000,251.44,70.05,21.4,44.47,"[""CELL_001"", ""CELL_002"", ""CELL_003""]",-113.59,0
290,UE_0014,CELL_000,252.97,71.55,21.4,44.47,"[""CELL_001"", ""CELL_002"", ""CELL_003""]",-105.28,0
295,UE_0014,CELL_000,254.5,73.05,21.4,44.47,"[""CELL_001"", ""CELL_002"", ""CELL_003""]",-84.72,0
300,UE_0014,CELL_000,256.03,74.55,21.4,44.47,"[""CELL_001"", ""CELL_002"", ""CELL_003""]",-87.81,0
305,UE_0014,CELL_000,257.55,76.04,21.4,44.47,"[""CELL_001"", ""CELL_002"", ""CELL_003""]",-89.33,0
310,UE_0014,CELL_000,259.08,77.54,21.4,44.47,"[""CELL_001"", ""CELL_002"", ""CELL_003""]",-96.55,0
315,UE_0014,CELL_000,260.61,79.04,21.4,44.47,"[""CELL_001"", ""CELL_002"", ""CELL_003""]",-82.35,0
320,UE_0014,CELL_000,262.14,80.54,21.4,44.47,"[""CELL_001"", ""CELL_002"", ""CELL_003""]",-99.67,0
325,UE_0014,CELL_000,263.66,82.04,21.4,44.47,"[""CELL_001"", ""CELL_002"", ""CELL_003""]",-72.7,0
330,UE_0014,CELL_000,265.19,83.54,21.4,44.47,"[""CELL_001"", ""CELL_002"", ""CELL_003""]",-91.88,0
335,UE_0014,CELL_000,266.72,85.04,21.4,44.47,"[""CELL_001"", ""CELL_002"", ""CELL_003""]",-101.31,0
340,UE_0014,CELL_000,268.25,86.54,21.4,44.47,"[""CELL_001"", ""CELL_002"", ""CELL_003""]",-87.49,0
345,UE_0014,CELL_000,269.77,88.04,21.4,44.47,"[""CELL_001"", ""CELL_002"", ""CELL_003""]",-90.02,0
350,UE_0014,CELL_000,271.3,89.54,21.4,44.47,"[""CELL_001"", ""CELL_002"", ""CELL_003""]",-95.31,0
355,UE_0014,CELL_000,272.83,91.04,21.4,44.47,"[""CELL_001"", ""CELL_002"", ""CELL_003""]",-98.99,0
360,UE_0014,CELL_000,274.36,92.54,21.4,44.47,"[""CELL_001"", ""CELL_002"", ""CELL_003""]",-85.07,0
365,UE_0014,CELL_000,275.88,94.04,21.4,44.47,"[""CELL_001"", ""CELL_002"", ""CELL_003""]",-89.39,0
370,UE_0014,CELL_000,277.41,95.54,21.4,44.47,"[""CELL_001"", ""CELL_002"", ""CELL_003""]",-98.52,0
375,UE_0014,CELL_000,278.94,97.04,21.4,44.47,"[""CELL_001"", ""CELL_002"", ""CELL_003""]",-100.27,0
380,UE_0014,CELL_000,280.47,98.53,21.4,44.47,"[""CELL_001"", ""CELL_002"", ""CELL_003""]",-100.64,0
385,UE_0014,CELL_000,281.99,100.03,21.4,44.47,"[""CELL_001"", ""CELL_002"", ""CELL_003""]",-90.68,1
390,UE_0014,CELL_000,283.52,101.53,21.4,44.47,"[""CELL_001"", ""CELL_002"", ""CELL_003""]",-95.43,0
395,UE_0014,CELL_000,285.05,103.03,21.4,44.47,"[""CELL_001"", ""CELL_002"", ""CELL_003""]",-105.36,0
400,UE_0014,CELL_000,286.58,104.53,21.4,44.47,"[""CELL_001"", ""CELL_002"", ""CELL_003""]",-103.72,0
405,UE_0014,CELL_000,288.1,106.03,12.7,74.42,"[""CELL_001"", ""CELL_002"", ""CELL_003""]",-74.89,0
410,UE_0014,CELL_000,288.45,107.25,12.7,74.42,"[""CELL_001"", ""CELL_002"", ""CELL_003""]",-113.08,0
415,UE_0014,CELL_000,288.79,108.48,12.7,74.42,"[""CELL_001"", ""CELL_002"", ""CELL_003""]",-94.79,0
420,UE_0014,CELL_000,289.13,109.7,12.7,74.42,"[""CELL_001"", ""CELL_002"", ""CELL_003""]",-103.43,0
425,UE_0014,CELL_000,289.47,110.92,12.7,74.42,"[""CELL_001"", ""CELL_002"", ""CELL_003""]",-94.31,0
430,UE_0014,CELL_000,289.81,112.15,12.7,74.42,"[""CELL_001"", ""CELL_002"", ""CELL_003""]",-109.75,0
435,UE_0014,CELL_000,290.15,113.37,12.7,74.42,"[""CELL_001"", ""CELL_002"", ""CELL_003""]",-93.51,0
440,UE_0014,CELL_000,290.49,114.59,12.7,74.42,"[""CELL_001"", ""CELL_002"", ""CELL_003""]",-102.32,0
445,UE_0014,CELL_000,290.83,115.82,12.7,74.42,"[""CELL_001"", ""CELL_002"", ""CELL_003""]",-117.6,0
450,UE_0014,CELL_000,291.17,117.04,12.7,74.42,"[""CELL_001"", ""CELL_002"", ""CELL_003""]",-94.97,0
455,UE_0014,CELL_000,291.52,118.26,12.7,74.42,"[""CELL_001"", ""CELL_002"", ""CELL_003""]",-114.37,0
460,UE_0014,CELL_000,291.86,119.49,12.7,74.42,"[""CELL_001"", ""CELL_002"", ""CELL_003""]",-102.38,0
465,UE_0014,CELL_000,292.2,120.71,12.7,74.42,"[""CELL_001"", ""CELL_002"", ""CELL_003""]",-101.75,0
470,UE_0014,CELL_000,292.54,121.93,12.7,74.42,"[""CELL_001"", ""CELL_002"", ""CELL_003""]",-97.2,0
475,UE_0014,CELL_000,292.88,123.16,9.95,145.65,"[""CELL_001"", ""CELL_002"", ""CELL_003""]",-101.26,0
480,UE_0014,CELL_000,292.06,123.72,9.95,145.65,"[""CELL_001"", ""CELL_002"", ""CELL_003""]",-106.82,0
485,UE_0014,CELL_000,291.24,124.28,9.95,145.65,"[""CELL_001"", ""CELL_002"", ""CELL_003""]",-110.45,0
490,UE_0014,CELL_000,290.42,124.84,9.95,145.65,"[""CELL_001"", ""CELL_002"", ""CELL_003""]",-88.3,0
495,UE_0014,CELL_000,289.6,125.4,9.95,145.65,"[""CELL_001"", ""CELL_002"", ""CELL_003""]",-96.73,0
0,UE_0015,CELL_002,620.51,974.85,26.21,-148.12,"[""CELL_003"", ""CELL_004"", ""CELL_005""]",-101.1,0
5,UE_0015,CELL_002,618.28,973.47,30.74,-112.61,"[""CELL_003"", ""CELL_004"", ""CELL_005""]",-94.84,0
10,UE_0015,CELL_002,617.1,970.63,30.74,-112.61,"[""CELL_003"", ""CELL_004"", ""CELL_005""]",-80.85,1
15,UE_0015,CELL_002,615.92,967.79,30.74,-112.61,"[""CELL_003"", ""CELL_004"", ""CELL_005""]",-100.42,0
20,UE_0015,CELL_002,614.73,964.96,30.74,-112.61,"[""CELL_003"", ""CELL_004"", ""CELL_005""]",-97.17,0
25,UE_0015,CELL_005,613.55,962.12,30.74,-112.61,"[""CELL_006"", ""CELL_000"", ""CELL_001""]",-95.91,0
30,UE_0015,CELL_005,612.37,959.28,30.74,-112.61,"[""CELL_006"", ""CELL_000"", ""CELL_001""]",-101.52,0
35,UE_0015,CELL_005,611.19,956.44,30.74,-112.61,"[""CELL_006"", ""CELL_000"", ""CELL_001""]",-86.37,0
40,UE_0015,CELL_005,610.01,953.61,30.74,-112.61,"[""CELL_006"", ""CELL_000"", ""CELL_001""]",-90.62,0
45,UE_0015,CELL_005,608.83,950.77,30.74,-112.61,"[""CELL_006"", ""CELL_000"", ""CELL_001""]",-90.92,0
50,UE_0015,CELL_005,607.64,947.93,30.74,-112.61,"[""CELL_006"", ""CELL_000"", ""CELL_001""]",-88.73,0
55,UE_0015,CELL_005,606.46,945.09,30.74,-112.61,"[""CELL_006"", ""CELL_000"", ""CELL_001""]",-81.78,0
60,UE_0015,CELL_005,605.28,942.26,27.54,57.83,"[""CELL_006"", ""CELL_000"", ""CELL_001""]",-95.49,0
65,UE_0015,CELL_005,606.75,944.59,27.54,57.83,"[""CELL_006"", ""CELL_000"", ""CELL_001""]",-99.47,0
70,UE_0015,CELL_005,608.21,946.92,27.54,57.83,"[""CELL_006"", ""CELL_000"", ""CELL_001""]",-109.32,0
75,UE_0015,CELL_005,609.68,949.25,27.54,57.83,"[""CELL_006"", ""CELL_000"", ""CELL_001""]",-94.34,0
80,UE_0015,CELL_005,611.15,951.58,27.54,57.83,"[""CELL_006"", ""CELL_000"", ""CELL_001""]",-89.77,0
85,UE_0015,CELL_005,612.61,953.91,27.54,57.83,"[""CELL_006"", ""CELL_000"", ""CELL_001""]",-91.06,0
90,UE_0015,CELL_005,614.08,956.24,27.54,57.83,"[""CELL_006"", ""CELL_000"", ""CELL_001""]",-89.99,0
95,UE_0015,CELL_005,615.55,958.57,27.54,57.83,"[""CELL_006"", ""CELL_000"", ""CELL_001""]",-96.85,0
100,UE_0015,CELL_005,617.01,960.91,27.54,57.83,"[""CELL_006"", ""CELL_000"", ""CELL_001""]",-95.47,0
105,UE_0015,CELL_005,618.48,963.24,27.54,57.83,"[""CELL_006"", ""CELL_000"", ""CELL_001""]",-99.37,1
110,UE_0015,CELL_005,619.94,965.57,27.54,57.83,"[""CELL_006"", ""CELL_000"", ""CELL_001""]",-82.84,0
115,UE_0015,CELL_005,621.41,967.9,27.54,57.83,"[""CELL_006"", ""CELL_000"", ""CELL_001""]",-107.37,0
120,UE_0015,CELL_005,622.88,970.23,27.54,57.83,"[""CELL_006"", ""CELL_000"", ""CELL_001""]",-95.11,0
125,UE_0015,CELL_005,624.34,972.56,27.54,57.83,"[""CELL_006"", ""CELL_000"", ""CELL_001""]",-85.3,0
130,UE_0015,CELL_005,625.81,974.89,27.54,57.83,"[""CELL_006"", ""CELL_000"", ""CELL_001""]",-106.16,0
135,UE_0015,CELL_005,627.28,977.22,27.54,57.83,"[""CELL_006"", ""CELL_000"", ""CELL_001""]",-98.29,0
140,UE_0015,CELL_005,628.74,979.55,27.54,57.83,"[""CELL_006"", ""CELL_000"", ""CELL_001""]",-87.19,0
145,UE_0015,CELL_005,630.21,981.89,27.54,57.83,"[""CELL_006"", ""CELL_000"", ""CELL_001""]",-78.48,1
150,UE_0015,CELL_005,631.68,984.22,27.54,57.83,"[""CELL_006"", ""CELL_000"", ""CELL_001""]",-93.5,0
155,UE_0015,CELL_005,633.14,986.55,27.54,57.83,"[""CELL_006"", ""CELL_000"", ""CELL_001""]",-110.33,0
160,UE_0015,CELL_005,634.61,988.88,27.54,57.83,"[""CELL_006"", ""CELL_000"", ""CELL_001""]",-111.82,0
165,UE_0015,CELL_005,636.08,991.21,27.54,57.83,"[""CELL_006"", ""CELL_000"", ""CELL_001""]",-111.49,0
170,UE_0015,CELL_005,637.54,993.54,27.54,57.83,"[""CELL_006"", ""CELL_000"", ""CELL_001""]",-82.98,0
175,UE_0015,CELL_005,639.01,995.87,27.54,57.83,"[""CELL_006"", ""CELL_000"", ""CELL_001""]",-109.98,0
180,UE_0015,CELL_005,640.48,998.2,27.54,57.83,"[""CELL_006"", ""CELL_000"", ""CELL_001""]",-89.18,0
185,UE_0015,CELL_005,641.94,1000.54,27.54,57.83,"[""CELL_006"", ""CELL_000"", ""CELL_001""]",-96.86,0
190,UE_0015,CELL_005,643.41,1002.87,27.54,57.83,"[""CELL_006"", ""CELL_000"", ""CELL_001""]",-90.79,0
195,UE_0015,CELL_005,644.87,1005.2,27.54,57.83,"[""CELL_006"", ""CELL_000"", ""CELL_001""]",-90.82,0
200,UE_0015,CELL_005,646.34,1007.53,27.54,57.83,"[""CELL_006"", ""CELL_000"", ""CELL_001""]",-89.44,0
205,UE_0015,CELL_005,647.81,1009.86,27.54,57.83,"[""CELL_006"", ""CELL_000"", ""CELL_001""]",-107.02,0
210,UE_0015,CELL_005,649.27,1012.19,27.54,57.83,"[""CELL_006"", ""CELL_000"", ""CELL_001""]",-102.24,0
215,UE_0015,CELL_005,650.74,1014.52,27.54,57.83,"[""CELL_006"", ""CELL_000"", ""CELL_001""]",-74.81,0
220,UE_0015,CELL_005,652.21,1016.85,27.54,57.83,"[""CELL_006"", ""CELL_000"", ""CELL_001""]",-97.63,1
225,UE_0015,CELL_005,653.67,1019.18,27.54,57.83,"[""CELL_006"", ""CELL_000"", ""CELL_001""]",-93.38,0
230,UE_0015,CELL_005,655.14,1021.52,27.54,57.83,"[""CELL_006"", ""CELL_000"", ""CELL_001""]",-87.91,0
235,UE_0015,CELL_005,656.61,1023.85,27.54,57.83,"[""CELL_006"", ""CELL_000"", ""CELL_001""]",-91.8,0
240,UE_0015,CELL_005,658.07,1026.18,27.54,57.83,"[""CELL_006"", ""CELL_000"", ""CELL_001""]",-93.49,0
245,UE_0015,CELL_005,659.54,1028.51,27.54,57.83,"[""CELL_006"", ""CELL_000"", ""CELL_001""]",-86.82,0
250,UE_0015,CELL_005,661.01,1030.84,27.54,57.83,"[""CELL_006"", ""CELL_000"", ""CELL_001""]",-100.54,0
255,UE_0015,CELL_005,662.47,1033.17,27.54,57.83,"[""CELL_006"", ""CELL_000"", ""CELL_001""]",-86.46,0
260,UE_0015,CELL_005,663.94,1035.5,27.54,57.83,"[""CELL_006"", ""CELL_000"", ""CELL_001""]",-119.3,1
265,UE_0015,CELL_005,665.4,1037.83,27.54,57.83,"[""CELL_006"", ""CELL_000"", ""CELL_001""]",-83.39,0
270,UE_0015,CELL_005,666.87,1040.17,27.54,57.83,"[""CELL_006"", ""CELL_000"", ""CELL_001""]",-98.43,0
275,UE_0015,CELL_005,668.34,1042.5,27.54,57.83,"[""CELL_006"", ""CELL_000"", ""CELL_001""]",-86.94,0
280,UE_0015,CELL_005,669.8,1044.83,27.54,57.83,"[""CELL_006"", ""CELL_000"", ""CELL_001""]",-67.74,0
285,UE_0015,CELL_005,671.27,1047.16,27.54,57.83,"[""CELL_006"", ""CELL_000"", ""CELL_001""]",-90.72,0
290,UE_0015,CELL_005,672.74,1049.49,27.54,57.83,"[""CELL_006"", ""CELL_000"", ""CELL_001""]",-92.64,0
295,UE_0015,CELL_005,674.2,1051.82,27.54,57.83,"[""CELL_006"", ""CELL_000"", ""CELL_001""]",-94.36,0
300,UE_0015,CELL_005,675.67,1054.15,27.54,57.83,"[""CELL_006"", ""CELL_000"", ""CELL_001""]",-84.78,0
305,UE_0015,CELL_005,677.14,1056.48,27.54,57.83,"[""CELL_006"", ""CELL_000"", ""CELL_001""]",-102.29,0
310,UE_0015,CELL_005,678.6,1058.81,27.54,57.83,"[""CELL_006"", ""CELL_000"", ""CELL_001""]",-99.5,0
315,UE_0015,CELL_005,680.07,1061.15,27.54,57.83,"[""CELL_006"", ""CELL_000"", ""CELL_001""]",-91.0,0
320,UE_0015,CELL_005,681.54,1063.48,27.54,57.83,"[""CELL_006"", ""CELL_000"", ""CELL_001""]",-100.59,0
325,UE_0015,CELL_005,683.0,1065.81,27.54,57.83,"[""CELL_006"", ""CELL_000"", ""CELL_001""]",-66.68,0
330,UE_0015,CELL_005,684.47,1068.14,34.82,55.61,"[""CELL_006"", ""CELL_000"", ""CELL_001""]",-86.65,0
335,UE_0015,CELL_005,686.44,1071.01,34.82,55.61,"[""CELL_006"", ""CELL_000"", ""CELL_001""]",-97.57,0
340,UE_0015,CELL_005,688.4,1073.89,34.82,55.61,"[""CELL_006"", ""CELL_000"", ""CELL_001""]",-117.98,1
345,UE_0015,CELL_005,690.37,1076.76,34.82,55.61,"[""CELL_006"", ""CELL_000"", ""CELL_001""]",-73.83,0
350,UE_0015,CELL_005,692.33,1079.63,34.82,55.61,"[""CELL_006"", ""CELL_000"", ""CELL_001""]",-99.49,0
355,UE_0015,CELL_005,694.3,1082.51,34.82,55.61,"[""CELL_006"", ""CELL_000"", ""CELL_001""]",-88.48,0
360,UE_0015,CELL_005,696.27,1085.38,34.82,55.61,"[""CELL_006"", ""CELL_000"", ""CELL_001""]",-103.71,0
365,UE_0015,CELL_005,698.23,1088.25,34.82,55.61,"[""CELL_006"", ""CELL_000"", ""CELL_001""]",-97.41,0
370,UE_0015,CELL_005,700.2,1091.13,34.82,55.61,"[""CELL_006"", ""CELL_000"", ""CELL_001""]",-96.35,0
375,UE_0015,CELL_005,702.17,1094.0,34.82,55.61,"[""CELL_006"", ""CELL_000"", ""CELL_001""]",-100.84,0
380,UE_0015,CELL_005,704.13,1096.87,34.82,55.61,"[""CELL_006"", ""CELL_000"", ""CELL_001""]",-89.71,0
385,UE_0015,CELL_000,706.1,1099.75,34.82,55.61,"[""CELL_001"", ""CELL_002"", ""CELL_003""]",-117.07,0
390,UE_0015,CELL_000,708.07,1102.62,34.82,55.61,"[""CELL_001"", ""CELL_002"", ""CELL_003""]",-93.64,0
395,UE_0015,CELL_000,710.03,1105.5,34.82,55.61,"[""CELL_001"", ""CELL_002"", ""CELL_003""]",-95.12,0
400,UE_0015,CELL_000,712.0,1108.37,34.82,55.61,"[""CELL_001"", ""CELL_002"", ""CELL_003""]",-101.15,0
405,UE_0015,CELL_000,713.97,1111.24,34.82,55.61,"[""CELL_001"", ""CELL_002"", ""CELL_003""]",-99.17,0
410,UE_0015,CELL_000,715.93,1114.12,34.82,55.61,"[""CELL_001"", ""CELL_002"", ""CELL_003""]",-92.14,0
415,UE_0015,CELL_000,717.9,1116.99,34.82,55.61,"[""CELL_001"", ""CELL_002"", ""CELL_003""]",-80.09,0
420,UE_0015,CELL_000,719.87,1119.86,34.82,55.61,"[""CELL_001"", ""CELL_002"", ""CELL_003""]",-105.32,0
425,UE_0015,CELL_000,721.83,1122.74,34.82,55.61,"[""CELL_001"", ""CELL_002"", ""CELL_003""]",-80.03,0
430,UE_0015,CELL_000,723.8,1125.61,34.82,55.61,"[""CELL_001"", ""CELL_002"", ""CELL_003""]",-97.95,0
435,UE_0015,CELL_000,725.77,1128.48,29.95,152.82,"[""CELL_001"", ""CELL_002"", ""CELL_003""]",-107.79,0
440,UE_0015,CELL_000,723.1,1129.85,29.95,152.82,"[""CELL_001"", ""CELL_002"", ""CELL_003""]",-100.17,0
445,UE_0015,CELL_000,720.44,1131.22,29.95,152.82,"[""CELL_001"", ""CELL_002"", ""CELL_003""]",-104.87,0
450,UE_0015,CELL_000,717.77,1132.59,29.95,152.82,"[""CELL_001"", ""CELL_002"", ""CELL_003""]",-80.44,1
455,UE_0015,CELL_000,715.11,1133.95,29.95,152.82,"[""CELL_001"", ""CELL_002"", ""CELL_003""]",-101.36,0
460,UE_0015,CELL_000,712.45,1135.32,29.95,152.82,"[""CELL_001"", ""CELL_002"", ""CELL_003""]",-88.81,0
465,UE_0015,CELL_000,709.78,1136.69,29.95,152.82,"[""CELL_001"", ""CELL_002"", ""CELL_003""]",-72.0,0
470,UE_0015,CELL_000,707.12,1138.06,29.95,152.82,"[""CELL_001"", ""CELL_002"", ""CELL_003""]",-80.12,0
475,UE_0015,CELL_000,704.46,1139.43,29.95,152.82,"[""CELL_001"", ""CELL_002"", ""CELL_003""]",-106.35,0
480,UE_0015,CELL_000,701.79,1140.79,29.95,152.82,"[""CELL_001"", ""CELL_002"", ""CELL_003""]",-89.55,0
485,UE_0015,CELL_000,699.13,1142.16,29.95,152.82,"[""CELL_001"", ""CELL_002"", ""CELL_003""]",-98.73,0
490,UE_0015,CELL_000,696.46,1143.53,29.95,152.82,"[""CELL_001"", ""CELL_002"", ""CELL_003""]",-92.14,0
495,UE_0015,CELL_000,693.8,1144.9,29.95,152.82,"[""CELL_001"", ""CELL_002"", ""CELL_003""]",-104.57,0
0,UE_0016,CELL_003,722.38,191.88,19.28,176.39,"[""CELL_004"", ""CELL_005"", ""CELL_006""]",-86.35,0
5,UE_0016,CELL_003,720.46,192.0,19.28,176.39,"[""CELL_004"", ""CELL_005"", ""CELL_006""]",-96.28,0
10,UE_0016,CELL_003,718.53,192.12,19.28,176.39,"[""CELL_004"", ""CELL_005"", ""CELL_006""]",-104.75,0
15,UE_0016,CELL_003,716.61,192.24,20.77,179.81,"[""CELL_004"", ""CELL_005"", ""CELL_006""]",-104.14,0
20,UE_0016,CELL_003,714.53,192.25,20.77,179.81,"[""CELL_004"", ""CELL_005"", ""CELL_006""]",-92.87,0
25,UE_0016,CELL_003,712.46,192.26,20.77,179.81,"[""CELL_004"", ""CELL_005"", ""CELL_006""]",-84.8,0
30,UE_0016,CELL_003,710.38,192.26,20.77,179.81,"[""CELL_004"", ""CELL_005"", ""CELL_006""]",-96.71,0
35,UE_0016,CELL_003,708.3,192.27,20.77,179.81,"[""CELL_004"", ""CELL_005"", ""CELL_006""]",-100.71,0
40,UE_0016,CELL_003,706.22,192.28,20.77,179.81,"[""CELL_004"", ""CELL_005"", ""CELL_006""]",-106.19,0
45,UE_0016,CELL_003,704.15,192.28,20.77,179.81,"[""CELL_004"", ""CELL_005"", ""CELL_006""]",-116.85,0
50,UE_0016,CELL_000,702.07,192.29,20.77,179.81,"[""CELL_001"", ""CELL_002"", ""CELL_003""]",-96.9,1
55,UE_0016,CELL_000,699.99,192.3,20.77,179.81,"[""CELL_001"", ""CELL_002"", ""CELL_003""]",-110.91,0
60,UE_0016,CELL_000,697.91,192.3,20.77,179.81,"[""CELL_001"", ""CELL_002"", ""CELL_003""]",-97.69,0
65,UE_0016,CELL_000,695.84,192.31,20.77,179.81,"[""CELL_001"", ""CELL_002"", ""CELL_003""]",-105.29,0
70,UE_0016,CELL_000,693.76,192.32,20.77,179.81,"[""CELL_001"", ""CELL_002"", ""CELL_003""]",-105.58,0
75,UE_0016,CELL_000,691.68,192.32,20.77,179.81,"[""CELL_001"", ""CELL_002"", ""CELL_003""]",-94.55,0
80,UE_0016,CELL_000,689.61,192.33,20.77,179.81,"[""CELL_001"", ""CELL_002"", ""CELL_003""]",-87.15,0
85,UE_0016,CELL_006,687.53,192.34,20.77,179.81,"[""CELL_000"", ""CELL_001"", ""CELL_002""]",-95.32,0
90,UE_0016,CELL_006,685.45,192.34,20.77,179.81,"[""CELL_000"", ""CELL_001"", ""CELL_002""]",-109.67,0
95,UE_0016,CELL_006,683.37,192.35,20.77,179.81,"[""CELL_000"", ""CELL_001"", ""CELL_002""]",-92.07,0
100,UE_0016,CELL_006,681.3,192.36,20.77,179.81,"[""CELL_000"", ""CELL_001"", ""CELL_002""]",-100.47,0
105,UE_0016,CELL_006,679.22,192.36,20.77,179.81,"[""CELL_000"", ""CELL_001"", ""CELL_002""]",-76.35,0
110,UE_0016,CELL_006,677.14,192.37,20.77,179.81,"[""CELL_000"", ""CELL_001"", ""CELL_002""]",-100.25,0
115,UE_0016,CELL_006,675.06,192.38,20.77,179.81,"[""CELL_000"", ""CELL_001"", ""CELL_002""]",-85.07,0
120,UE_0016,CELL_006,672.99,192.38,20.77,179.81,"[""CELL_000"", ""CELL_001"", ""CELL_002""]",-91.37,0
125,UE_0016,CELL_006,670.91,192.39,20.77,179.81,"[""CELL_000"", ""CELL_001"", ""CELL_002""]",-87.22,0
130,UE_0016,CELL_006,668.83,192.4,20.77,179.81,"[""CELL_000"", ""CELL_001"", ""CELL_002""]",-95.87,0
135,UE_0016,CELL_006,666.75,192.4,20.77,179.81,"[""CELL_000"", ""CELL_001"", ""CELL_002""]",-110.19,0
140,UE_0016,CELL_006,664.68,192.41,20.77,179.81,"[""CELL_000"", ""CELL_001"", ""CELL_002""]",-90.0,0
145,UE_0016,CELL_006,662.6,192.42,20.77,179.81,"[""CELL_000"", ""CELL_001"", ""CELL_002""]",-79.65,0
150,UE_0016,CELL_006,660.52,192.42,20.77,179.81,"[""CELL_000"", ""CELL_001"", ""CELL_002""]",-109.86,0
155,UE_0016,CELL_006,658.45,192.43,20.77,179.81,"[""CELL_000"", ""CELL_001"", ""CELL_002""]",-93.28,0
160,UE_0016,CELL_006,656.37,192.44,20.77,179.81,"[""CELL_000"", ""CELL_001"", ""CELL_002""]",-96.39,0
165,UE_0016,CELL_006,654.29,192.44,10.2,133.69,"[""CELL_000"", ""CELL_001"", ""CELL_002""]",-92.31,0
170,UE_0016,CELL_006,653.59,193.18,10.2,133.69,"[""CELL_000"", ""CELL_001"", ""CELL_002""]",-100.1,0
175,UE_0016,CELL_006,652.88,193.92,10.2,133.69,"[""CELL_000"", ""CELL_001"", ""CELL_002""]",-92.47,0
180,UE_0016,CELL_006,652.18,194.66,10.2,133.69,"[""CELL_000"", ""CELL_001"", ""CELL_002""]",-92.3,0
185,UE_0016,CELL_006,651.47,195.39,10.2,133.69,"[""CELL_000"", ""CELL_001"", ""CELL_002""]",-104.86,0
190,UE_0016,CELL_006,650.77,196.13,10.2,133.69,"[""CELL_000"", ""CELL_001"", ""CELL_002""]",-102.73,0
195,UE_0016,CELL_006,650.06,196.87,10.2,133.69,"[""CELL_000"", ""CELL_001"", ""CELL_002""]",-88.5,0
200,UE_0016,CELL_006,649.36,197.61,10.2,133.69,"[""CELL_000"", ""CELL_001"", ""CELL_002""]",-85.9,0
205,UE_0016,CELL_006,648.66,198.34,10.2,133.69,"[""CELL_000"", ""CELL_001"", ""CELL_002""]",-83.74,0
210,UE_0016,CELL_006,647.95,199.08,10.2,133.69,"[""CELL_000"", ""CELL_001"", ""CELL_002""]",-96.43,0
215,UE_0016,CELL_006,647.25,199.82,10.2,133.69,"[""CELL_000"", ""CELL_001"", ""CELL_002""]",-104.7,0
220,UE_0016,CELL_006,646.54,200.55,10.2,133.69,"[""CELL_000"", ""CELL_001"", ""CELL_002""]",-98.43,0
225,UE_0016,CELL_006,645.84,201.29,10.2,133.69,"[""CELL_000"", ""CELL_001"", ""CELL_002""]",-102.23,0
230,UE_0016,CELL_006,645.13,202.03,10.2,133.69,"[""CELL_000"", ""CELL_001"", ""CELL_002""]",-80.19,0
235,UE_0016,CELL_006,644.43,202.77,10.2,133.69,"[""CELL_000"", ""CELL_001"", ""CELL_002""]",-101.26,0
240,UE_0016,CELL_006,643.72,203.5,10.2,133.69,"[""CELL_000"", ""CELL_001"", ""CELL_002""]",-86.47,0
245,UE_0016,CELL_006,643.02,204.24,10.2,133.69,"[""CELL_000"", ""CELL_001"", ""CELL_002""]",-105.39,0
250,UE_0016,CELL_006,642.32,204.98,10.2,133.69,"[""CELL_000"", ""CELL_001"", ""CELL_002""]",-102.9,0
255,UE_0016,CELL_006,641.61,205.72,10.2,133.69,"[""CELL_000"", ""CELL_001"", ""CELL_002""]",-92.35,0
260,UE_0016,CELL_006,640.91,206.45,10.2,133.69,"[""CELL_000"", ""CELL_001"", ""CELL_002""]",-91.08,0
265,UE_0016,CELL_006,640.2,207.19,10.2,133.69,"[""CELL_000"", ""CELL_001"", ""CELL_002""]",-94.56,0
270,UE_0016,CELL_006,639.5,207.93,10.2,133.69,"[""CELL_000"", ""CELL_001"", ""CELL_002""]",-84.19,0
275,UE_0016,CELL_006,638.79,208.67,10.2,133.69,"[""CELL_000"", ""CELL_001"", ""CELL_002""]",-98.34,0
280,UE_0016,CELL_006,638.09,209.4,10.2,133.69,"[""CELL_000"", ""CELL_001"", ""CELL_002""]",-113.08,0
285,UE_0016,CELL_006,637.38,210.14,10.2,133.69,"[""CELL_000"", ""CELL_001"", ""CELL_002""]",-98.48,1
290,UE_0016,CELL_006,636.68,210.88,10.2,133.69,"[""CELL_000"", ""CELL_001"", ""CELL_002""]",-102.75,0
295,UE_0016,CELL_006,635.98,211.61,10.2,133.69,"[""CELL_000"", ""CELL_001"", ""CELL_002""]",-86.68,0
300,UE_0016,CELL_001,635.27,212.35,26.56,8.83,"[""CELL_002"", ""CELL_003"", ""CELL_004""]",-86.08,0
305,UE_0016,CELL_001,637.9,212.76,26.56,8.83,"[""CELL_002"", ""CELL_003"", ""CELL_004""]",-93.8,0
310,UE_0016,CELL_001,640.52,213.17,26.56,8.83,"[""CELL_002"", ""CELL_003"", ""CELL_004""]",-93.76,0
315,UE_0016,CELL_001,643.15,213.57,26.56,8.83,"[""CELL_002"", ""CELL_003"", ""CELL_004""]",-91.72,0
320,UE_0016,CELL_001,645.77,213.98,26.56,8.83,"[""CELL_002"", ""CELL_003"", ""CELL_004""]",-103.71,0
325,UE_0016,CELL_001,648.4,214.39,26.56,8.83,"[""CELL_002"", ""CELL_003"", ""CELL_004""]",-102.85,0
330,UE_0016,CELL_001,651.02,214.8,26.56,8.83,"[""CELL_002"", ""CELL_003"", ""CELL_004""]",-79.26,0
335,UE_0016,CELL_001,653.65,215.21,26.56,8.83,"[""CELL_002"", ""CELL_003"", ""CELL_004""]",-82.01,0
340,UE_0016,CELL_001,656.27,215.61,26.56,8.83,"[""CELL_002"", ""CELL_003"", ""CELL_004""]",-126.23,0
345,UE_0016,CELL_001,658.9,216.02,26.56,8.83,"[""CELL_002"", ""CELL_003"", ""CELL_004""]",-97.2,0
350,UE_0016,CELL_001,661.52,216.43,26.56,8.83,"[""CELL_002"", ""CELL_003"", ""CELL_004""]",-89.92,1
355,UE_0016,CELL_001,664.14,216.84,26.56,8.83,"[""CELL_002"", ""CELL_003"", ""CELL_004""]",-91.81,0
360,UE_0016,CELL_001,666.77,217.24,17.41,-116.09,"[""CELL_002"", ""CELL_003"", ""CELL_004""]",-97.63,0
365,UE_0016,CELL_001,666.0,215.68,17.41,-116.09,"[""CELL_002"", ""CELL_003"", ""CELL_004""]",-89.6,0
370,UE_0016,CELL_001,665.24,214.12,17.41,-116.09,"[""CELL_002"", ""CELL_003"", ""CELL_004""]",-95.47,0
375,UE_0016,CELL_001,664.47,212.55,17.41,-116.09,"[""CELL_002"", ""CELL_003"", ""CELL_004""]",-76.63,0
380,UE_0016,CELL_001,663.71,210.99,17.41,-116.09,"[""CELL_002"", ""CELL_003"", ""CELL_004""]",-99.77,0
385,UE_0016,CELL_001,662.94,209.42,17.41,-116.09,"[""CELL_002"", ""CELL_003"", ""CELL_004""]",-94.33,0
390,UE_0016,CELL_001,662.17,207.86,17.41,-116.09,"[""CELL_002"", ""CELL_003"", ""CELL_004""]",-103.63,0
395,UE_0016,CELL_001,661.41,206.3,17.41,-116.09,"[""CELL_002"", ""CELL_003"", ""CELL_004""]",-96.9,0
400,UE_0016,CELL_001,660.64,204.73,17.41,-116.09,"[""CELL_002"", ""CELL_003"", ""CELL_004""]",-89.68,0
405,UE_0016,CELL_001,659.88,203.17,17.41,-116.09,"[""CELL_002"", ""CELL_003"", ""CELL_004""]",-100.3,0
410,UE_0016,CELL_001,659.11,201.6,17.41,-116.09,"[""CELL_002"", ""CELL_003"", ""CELL_004""]",-102.5,0
415,UE_0016,CELL_001,658.34,200.04,17.41,-116.09,"[""CELL_002"", ""CELL_003"", ""CELL_004""]",-87.62,0
420,UE_0016,CELL_001,657.58,198.48,17.41,-116.09,"[""CELL_002"", ""CELL_003"", ""CELL_004""]",-94.77,0
425,UE_0016,CELL_001,656.81,196.91,17.41,-116.09,"[""CELL_002"", ""CELL_003"", ""CELL_004""]",-106.04,0
430,UE_0016,CELL_001,656.05,195.35,17.41,-116.09,"[""CELL_002"", ""CELL_003"", ""CELL_004""]",-94.45,0
435,UE_0016,CELL_001,655.28,193.79,17.41,-116.09,"[""CELL_002"", ""CELL_003"", ""CELL_004""]",-108.61,0
440,UE_0016,CELL_001,654.52,192.22,17.73,126.91,"[""CELL_002"", ""CELL_003"", ""CELL_004""]",-98.29,0
445,UE_0016,CELL_001,653.45,193.64,17.73,126.91,"[""CELL_002"", ""CELL_003"", ""CELL_004""]",-109.0,0
450,UE_0016,CELL_001,652.39,195.06,17.73,126.91,"[""CELL_002"", ""CELL_003"", ""CELL_004""]",-100.81,0
455,UE_0016,CELL_001,651.32,196.47,17.73,126.91,"[""CELL_002"", ""CELL_003"", ""CELL_004""]",-112.04,0
460,UE_0016,CELL_001,650.26,197.89,17.73,126.91,"[""CELL_002"", ""CELL_003"", ""CELL_004""]",-78.96,0
465,UE_0016,CELL_001,649.19,199.31,17.73,126.91,"[""CELL_002"", ""CELL_003"", ""CELL_004""]",-109.1,0
470,UE_0016,CELL_001,648.13,200.73,17.73,126.91,"[""CELL_002"", ""CELL_003"", ""CELL_004""]",-86.06,0
475,UE_0016,CELL_001,647.06,202.14,31.14,73.47,"[""CELL_002"", ""CELL_003"", ""CELL_004""]",-95.22,0
480,UE_0016,CELL_001,647.95,205.13,31.14,73.47,"[""CELL_002"", ""CELL_003"", ""CELL_004""]",-93.54,1
485,UE_0016,CELL_001,648.83,208.11,31.14,73.47,"[""CELL_002"", ""CELL_003"", ""CELL_004""]",-91.86,0
490,UE_0016,CELL_001,649.72,211.1,31.14,73.47,"[""CELL_002"", ""CELL_003"", ""CELL_004""]",-94.57,0
495,UE_0016,CELL_001,650.61,214.09,22.65,-54.53,"[""CELL_002"", ""CELL_003"", ""CELL_004""]",-82.94,0
0,UE_0017,CELL_003,708.7,933.21,22.69,-15.87,"[""CELL_004"", ""CELL_005"", ""CELL_006""]",-116.01,0
5,UE_0017,CELL_003,710.88,932.59,22.69,-15.87,"[""CELL_004"", ""CELL_005"", ""CELL_006""]",-84.62,0
10,UE_0017,CELL_003,713.06,931.97,22.69,-15.87,"[""CELL_004"", ""CELL_005"", ""CELL_006""]",-87.28,0
15,UE_0017,CELL_003,715.25,931.35,22.69,-15.87,"[""CELL_004"", ""CELL_005"", ""CELL_006""]",-81.14,0
20,UE_0017,CELL_003,717.43,930.73,22.69,-15.87,"[""CELL_004"", ""CELL_005"", ""CELL_006""]",-97.21,1
25,UE_0017,CELL_003,719.61,930.11,22.69,-15.87,"[""CELL_004"", ""CELL_005"", ""CELL_006""]",-105.11,1
30,UE_0017,CELL_003,721.79,929.49,22.69,-15.87,"[""CELL_004"", ""CELL_005"", ""CELL_006""]",-105.24,0
35,UE_0017,CELL_003,723.97,928.87,22.69,-15.87,"[""CELL_004"", ""CELL_005"", ""CELL_006""]",-100.23,0
40,UE_0017,CELL_003,726.16,928.25,22.69,-15.87,"[""CELL_004"", ""CELL_005"", ""CELL_006""]",-110.25,0
45,UE_0017,CELL_003,728.34,927.63,22.69,-15.87,"[""CELL_004"", ""CELL_005"", ""CELL_006""]",-84.44,0
50,UE_0017,CELL_003,730.52,927.01,22.69,-15.87,"[""CELL_004"", ""CELL_005"", ""CELL_006""]",-102.97,1
55,UE_0017,CELL_003,732.7,926.39,22.69,-15.87,"[""CELL_004"", ""CELL_005"", ""CELL_006""]",-89.61,0
60,UE_0017,CELL_003,734.89,925.77,22.69,-15.87,"[""CELL_004"", ""CELL_005"", ""CELL_006""]",-87.12,0
65,UE_0017,CELL_003,737.07,925.15,22.69,-15.87,"[""CELL_004"", ""CELL_005"", ""CELL_006""]",-86.77,0
70,UE_0017,CELL_003,739.25,924.53,22.69,-15.87,"[""CELL_004"", ""CELL_005"", ""CELL_006""]",-98.96,0
75,UE_0017,CELL_003,741.43,923.91,22.69,-15.87,"[""CELL_004"", ""CELL_005"", ""CELL_006""]",-90.97,1
80,UE_0017,CELL_003,743.61,923.29,22.69,-15.87,"[""CELL_004"", ""CELL_005"", ""CELL_006""]",-90.52,0
85,UE_0017,CELL_003,745.8,922.67,22.69,-15.87,"[""CELL_004"", ""CELL_005"", ""CELL_006""]",-89.39,0
90,UE_0017,CELL_003,747.98,922.05,22.69,-15.87,"[""CELL_004"", ""CELL_005"", ""CELL_006""]",-117.07,0
95,UE_0017,CELL_003,750.16,921.43,22.69,-15.87,"[""CELL_004"", ""CELL_005"", ""CELL_006""]",-105.15,1
100,UE_0017,CELL_003,752.34,920.81,22.69,-15.87,"[""CELL_004"", ""CELL_005"", ""CELL_006""]",-90.96,0
105,UE_0017,CELL_003,754.52,920.19,22.69,-15.87,"[""CELL_004"", ""CELL_005"", ""CELL_006""]",-94.27,0
110,UE_0017,CELL_003,756.71,919.57,22.69,-15.87,"[""CELL_004"", ""CELL_005"", ""CELL_006""]",-106.23,0
115,UE_0017,CELL_003,758.89,918.95,22.69,-15.87,"[""CELL_004"", ""CELL_005"", ""CELL_006""]",-94.53,0
120,UE_0017,CELL_003,761.07,918.33,22.69,-15.87,"[""CELL_004"", ""CELL_005"", ""CELL_006""]",-93.09,0
125,UE_0017,CELL_003,763.25,917.71,22.69,-15.87,"[""CELL_004"", ""CELL_005"", ""CELL_006""]",-94.95,0
130,UE_0017,CELL_003,765.44,917.09,22.69,-15.87,"[""CELL_004"", ""CELL_005"", ""CELL_006""]",-80.0,0
135,UE_0017,CELL_003,767.62,916.47,22.69,-15.87,"[""CELL_004"", ""CELL_005"", ""CELL_006""]",-105.21,0
140,UE_0017,CELL_003,769.8,915.85,22.69,-15.87,"[""CELL_004"", ""CELL_005"", ""CELL_006""]",-90.98,0
145,UE_0017,CELL_003,771.98,915.23,22.69,-15.87,"[""CELL_004"", ""CELL_005"", ""CELL_006""]",-107.85,1
150,UE_0017,CELL_003,774.16,914.6,22.69,-15.87,"[""CELL_004"", ""CELL_005"", ""CELL_006""]",-120.48,0
155,UE_0017,CELL_003,776.35,913.98,22.69,-15.87,"[""CELL_004"", ""CELL_005"", ""CELL_006""]",-103.65,0
160,UE_0017,CELL_003,778.53,913.36,22.69,-15.87,"[""CELL_004"", ""CELL_005"", ""CELL_006""]",-103.56,0
165,UE_0017,CELL_003,780.71,912.74,22.69,-15.87,"[""CELL_004"", ""CELL_005"", ""CELL_006""]",-102.08,0
170,UE_0017,CELL_003,782.89,912.12,22.69,-15.87,"[""CELL_004"", ""CELL_005"", ""CELL_006""]",-95.46,0
175,UE_0017,CELL_003,785.07,911.5,22.69,-15.87,"[""CELL_004"", ""CELL_005"", ""CELL_006""]",-88.94,0
180,UE_0017,CELL_003,787.26,910.88,22.69,-15.87,"[""CELL_004"", ""CELL_005"", ""CELL_006""]",-101.42,0
185,UE_0017,CELL_003,789.44,910.26,22.69,-15.87,"[""CELL_004"", ""CELL_005"", ""CELL_006""]",-103.76,0
190,UE_0017,CELL_003,791.62,909.64,22.69,-15.87,"[""CELL_004"", ""CELL_005"", ""CELL_006""]",-102.62,0
195,UE_0017,CELL_003,793.8,909.02,22.69,-15.87,"[""CELL_004"", ""CELL_005"", ""CELL_006""]",-102.36,0
200,UE_0017,CELL_003,795.98,908.4,22.69,-15.87,"[""CELL_004"", ""CELL_005"", ""CELL_006""]",-112.8,0
205,UE_0017,CELL_003,798.17,907.78,22.69,-15.87,"[""CELL_004"", ""CELL_005"", ""CELL_006""]",-105.43,0
210,UE_0017,CELL_002,800.35,907.16,22.69,-15.87,"[""CELL_003"", ""CELL_004"", ""CELL_005""]",-108.79,0
215,UE_0017,CELL_002,802.53,906.54,22.69,-15.87,"[""CELL_003"", ""CELL_004"", ""CELL_005""]",-94.02,0
220,UE_0017,CELL_002,804.71,905.92,22.69,-15.87,"[""CELL_003"", ""CELL_004"", ""CELL_005""]",-101.07,0
225,UE_0017,CELL_002,806.9,905.3,22.69,-15.87,"[""CELL_003"", ""CELL_004"", ""CELL_005""]",-79.97,0
230,UE_0017,CELL_002,809.08,904.68,22.69,-15.87,"[""CELL_003"", ""CELL_004"", ""CELL_005""]",-88.37,0
235,UE_0017,CELL_002,811.26,904.06,22.69,-15.87,"[""CELL_003"", ""CELL_004"", ""CELL_005""]",-106.29,0
240,UE_0017,CELL_002,813.44,903.44,22.69,-15.87,"[""CELL_003"", ""CELL_004"", ""CELL_005""]",-96.23,0
245,UE_0017,CELL_002,815.62,902.82,22.69,-15.87,"[""CELL_003"", ""CELL_004"", ""CELL_005""]",-88.47,0
250,UE_0017,CELL_002,817.81,902.2,22.69,-15.87,"[""CELL_003"", ""CELL_004"", ""CELL_005""]",-94.27,1
255,UE_0017,CELL_005,819.99,901.58,22.69,-15.87,"[""CELL_006"", ""CELL_000"", ""CELL_001""]",-106.01,0
260,UE_0017,CELL_005,822.17,900.96,22.69,-15.87,"[""CELL_006"", ""CELL_000"", ""CELL_001""]",-97.43,0
265,UE_0017,CELL_005,824.35,900.34,22.69,-15.87,"[""CELL_006"", ""CELL_000"", ""CELL_001""]",-102.72,0
270,UE_0017,CELL_005,826.53,899.72,22.69,-15.87,"[""CELL_006"", ""CELL_000"", ""CELL_001""]",-104.94,0
275,UE_0017,CELL_005,828.72,899.1,22.69,-15.87,"[""CELL_006"", ""CELL_000"", ""CELL_001""]",-97.37,0
280,UE_0017,CELL_005,830.9,898.48,22.69,-15.87,"[""CELL_006"", ""CELL_000"", ""CELL_001""]",-88.34,0
285,UE_0017,CELL_005,833.08,897.86,22.69,-15.87,"[""CELL_006"", ""CELL_000"", ""CELL_001""]",-95.77,0
290,UE_0017,CELL_005,835.26,897.24,22.69,-15.87,"[""CELL_006"", ""CELL_000"", ""CELL_001""]",-90.02,0
295,UE_0017,CELL_005,837.44,896.62,22.69,-15.87,"[""CELL_006"", ""CELL_000"", ""CELL_001""]",-81.64,0
300,UE_0017,CELL_005,839.63,896.0,22.69,-15.87,"[""CELL_006"", ""CELL_000"", ""CELL_001""]",-95.17,0
305,UE_0017,CELL_005,841.81,895.38,22.69,-15.87,"[""CELL_006"", ""CELL_000"", ""CELL_001""]",-99.11,0
310,UE_0017,CELL_005,843.99,894.76,22.69,-15.87,"[""CELL_006"", ""CELL_000"", ""CELL_001""]",-84.27,0
315,UE_0017,CELL_005,846.17,894.14,22.69,-15.87,"[""CELL_006"", ""CELL_000"", ""CELL_001""]",-90.29,0
320,UE_0017,CELL_005,848.36,893.52,22.69,-15.87,"[""CELL_006"", ""CELL_000"", ""CELL_001""]",-89.23,0
325,UE_0017,CELL_005,850.54,892.9,22.69,-15.87,"[""CELL_006"", ""CELL_000"", ""CELL_001""]",-99.47,0
330,UE_0017,CELL_005,852.72,892.28,22.69,-15.87,"[""CELL_006"", ""CELL_000"", ""CELL_001""]",-93.14,1
335,UE_0017,CELL_005,854.9,891.66,22.69,-15.87,"[""CELL_006"", ""CELL_000"", ""CELL_001""]",-104.19,0
340,UE_0017,CELL_005,857.08,891.04,22.69,-15.87,"[""CELL_006"", ""CELL_000"", ""CELL_001""]",-92.63,0
345,UE_0017,CELL_005,859.27,890.42,22.69,-15.87,"[""CELL_006"", ""CELL_000"", ""CELL_001""]",-90.26,1
350,UE_0017,CELL_005,861.45,889.79,22.69,-15.87,"[""CELL_006"", ""CELL_000"", ""CELL_001""]",-97.48,0
355,UE_0017,CELL_005,863.63,889.17,22.69,-15.87,"[""CELL_006"", ""CELL_000"", ""CELL_001""]",-108.3,0
360,UE_0017,CELL_005,865.81,888.55,22.69,-15.87,"[""CELL_006"", ""CELL_000"", ""CELL_001""]",-89.8,0
365,UE_0017,CELL_005,867.99,887.93,22.69,-15.87,"[""CELL_006"", ""CELL_000"", ""CELL_001""]",-84.25,0
370,UE_0017,CELL_005,870.18,887.31,22.69,-15.87,"[""CELL_006"", ""CELL_000"", ""CELL_001""]",-97.86,0
375,UE_0017,CELL_005,872.36,886.69,22.69,-15.87,"[""CELL_006"", ""CELL_000"", ""CELL_001""]",-72.97,0
380,UE_0017,CELL_005,874.54,886.07,22.69,-15.87,"[""CELL_006"", ""CELL_000"", ""CELL_001""]",-83.95,0
385,UE_0017,CELL_005,876.72,885.45,22.69,-15.87,"[""CELL_006"", ""CELL_000"", ""CELL_001""]",-105.95,1
390,UE_0017,CELL_005,878.9,884.83,22.69,-15.87,"[""CELL_006"", ""CELL_000"", ""CELL_001""]",-84.43,0
395,UE_0017,CELL_005,881.09,884.21,22.69,-15.87,"[""CELL_006"", ""CELL_000"", ""CELL_001""]",-92.6,0
400,UE_0017,CELL_005,883.27,883.59,22.69,-15.87,"[""CELL_006"", ""CELL_000"", ""CELL_001""]",-96.6,0
405,UE_0017,CELL_005,885.45,882.97,22.69,-15.87,"[""CELL_006"", ""CELL_000"", ""CELL_001""]",-97.9,0
410,UE_0017,CELL_005,887.63,882.35,22.69,-15.87,"[""CELL_006"", ""CELL_000"", ""CELL_001""]",-98.01,1
415,UE_0017,CELL_005,889.82,881.73,22.69,-15.87,"[""CELL_006"", ""CELL_000"", ""CELL_001""]",-93.8,0
420,UE_0017,CELL_005,892.0,881.11,22.69,-15.87,"[""CELL_006"", ""CELL_000"", ""CELL_001""]",-97.04,0
425,UE_0017,CELL_005,894.18,880.49,22.69,-15.87,"[""CELL_006"", ""CELL_000"", ""CELL_001""]",-95.91,0
430,UE_0017,CELL_005,896.36,879.87,22.69,-15.87,"[""CELL_006"", ""CELL_000"", ""CELL_001""]",-95.8,0
435,UE_0017,CELL_005,898.54,879.25,22.69,-15.87,"[""CELL_006"", ""CELL_000"", ""CELL_001""]",-111.83,0
440,UE_0017,CELL_005,900.73,878.63,22.69,-15.87,"[""CELL_006"", ""CELL_000"", ""CELL_001""]",-95.46,0
445,UE_0017,CELL_005,902.91,878.01,22.69,-15.87,"[""CELL_006"", ""CELL_000"", ""CELL_001""]",-95.25,0
450,UE_0017,CELL_005,905.09,877.39,22.69,-15.87,"[""CELL_006"", ""CELL_000"", ""CELL_001""]",-86.32,0
455,UE_0017,CELL_005,907.27,876.77,22.69,-15.87,"[""CELL_006"", ""CELL_000"", ""CELL_001""]",-93.64,0
460,UE_0017,CELL_005,909.45,876.15,22.69,-15.87,"[""CELL_006"", ""CELL_000"", ""CELL_001""]",-102.61,0
465,UE_0017,CELL_005,911.64,875.53,22.69,-15.87,"[""CELL_006"", ""CELL_000"", ""CELL_001""]",-88.29,0
470,UE_0017,CELL_005,913.82,874.91,22.69,-15.87,"[""CELL_006"", ""CELL_000"", ""CELL_001""]",-94.76,1
475,UE_0017,CELL_005,916.0,874.29,22.69,-15.87,"[""CELL_006"", ""CELL_000"", ""CELL_001""]",-97.01,0
480,UE_0017,CELL_005,918.18,873.67,22.69,-15.87,"[""CELL_006"", ""CELL_000"", ""CELL_001""]",-113.11,0
485,UE_0017,CELL_005,920.36,873.05,22.69,-15.87,"[""CELL_006"", ""CELL_000"", ""CELL_001""]",-104.26,0
490,UE_0017,CELL_005,922.55,872.43,22.69,-15.87,"[""CELL_006"", ""CELL_000"", ""CELL_001""]",-104.96,1
495,UE_0017,CELL_005,924.73,871.81,22.69,-15.87,"[""CELL_006"", ""CELL_000"", ""CELL_001""]",-111.51,0
0,UE_0018,CELL_005,433.45,561.6,12.17,-104.6,"[""CELL_006"", ""CELL_000"", ""CELL_001""]",-95.13,0
5,UE_0018,CELL_005,433.15,560.42,12.17,-104.6,"[""CELL_006"", ""CELL_000"", ""CELL_001""]",-80.73,0
10,UE_0018,CELL_005,432.84,559.24,12.17,-104.6,"[""CELL_006"", ""CELL_000"", ""CELL_001""]",-107.01,0
15,UE_0018,CELL_005,432.53,558.06,12.17,-104.6,"[""CELL_006"", ""CELL_000"", ""CELL_001""]",-89.44,0
20,UE_0018,CELL_005,432.23,556.89,12.17,-104.6,"[""CELL_006"", ""CELL_000"", ""CELL_001""]",-106.19,0
25,UE_0018,CELL_005,431.92,555.71,12.17,-104.6,"[""CELL_006"", ""CELL_000"", ""CELL_001""]",-83.81,0
30,UE_0018,CELL_005,431.61,554.53,12.17,-104.6,"[""CELL_006"", ""CELL_000"", ""CELL_001""]",-80.4,0
35,UE_0018,CELL_005,431.3,553.35,12.17,-104.6,"[""CELL_006"", ""CELL_000"", ""CELL_001""]",-86.82,0
40,UE_0018,CELL_005,431.0,552.17,12.17,-104.6,"[""CELL_006"", ""CELL_000"", ""CELL_001""]",-88.32,0
45,UE_0018,CELL_005,430.69,551.0,12.17,-104.6,"[""CELL_006"", ""CELL_000"", ""CELL_001""]",-100.82,0
50,UE_0018,CELL_005,430.38,549.82,12.17,-104.6,"[""CELL_006"", ""CELL_000"", ""CELL_001""]",-69.07,0
55,UE_0018,CELL_005,430.08,548.64,12.17,-104.6,"[""CELL_006"", ""CELL_000"", ""CELL_001""]",-109.28,1
60,UE_0018,CELL_005,429.77,547.46,12.17,-104.6,"[""CELL_006"", ""CELL_000"", ""CELL_001""]",-104.26,0
65,UE_0018,CELL_005,429.46,546.28,12.17,-104.6,"[""CELL_006"", ""CELL_000"", ""CELL_001""]",-110.79,0
70,UE_0018,CELL_005,429.16,545.11,12.17,-104.6,"[""CELL_006"", ""CELL_000"", ""CELL_001""]",-89.26,0
75,UE_0018,CELL_005,428.85,543.93,12.17,-104.6,"[""CELL_006"", ""CELL_000"", ""CELL_001""]",-106.61,0
80,UE_0018,CELL_005,428.54,542.75,12.17,-104.6,"[""CELL_006"", ""CELL_000"", ""CELL_001""]",-91.36,0
85,UE_0018,CELL_005,428.24,541.57,12.17,-104.6,"[""CELL_006"", ""CELL_000"", ""CELL_001""]",-83.37,0
90,UE_0018,CELL_005,427.93,540.39,12.17,-104.6,"[""CELL_006"", ""CELL_000"", ""CELL_001""]",-91.59,0
95,UE_0018,CELL_005,427.62,539.22,12.17,-104.6,"[""CELL_006"", ""CELL_000"", ""CELL_001""]",-78.16,0
100,UE_0018,CELL_005,427.31,538.04,12.17,-104.6,"[""CELL_006"", ""CELL_000"", ""CELL_001""]",-104.5,0
105,UE_0018,CELL_005,427.01,536.86,12.17,-104.6,"[""CELL_006"", ""CELL_000"", ""CELL_001""]",-86.64,0
110,UE_0018,CELL_005,426.7,535.68,12.17,-104.6,"[""CELL_006"", ""CELL_000"", ""CELL_001""]",-106.08,0
115,UE_0018,CELL_005,426.39,534.5,12.17,-104.6,"[""CELL_006"", ""CELL_000"", ""CELL_001""]",-86.93,0
120,UE_0018,CELL_005,426.09,533.33,12.17,-104.6,"[""CELL_006"", ""CELL_000"", ""CELL_001""]",-87.96,0
125,UE_0018,CELL_005,425.78,532.15,12.17,-104.6,"[""CELL_006"", ""CELL_000"", ""CELL_001""]",-86.48,0
130,UE_0018,CELL_005,425.47,530.97,12.17,-104.6,"[""CELL_006"", ""CELL_000"", ""CELL_001""]",-96.84,0
135,UE_0018,CELL_005,425.17,529.79,12.17,-104.6,"[""CELL_006"", ""CELL_000"", ""CELL_001""]",-80.73,0
140,UE_0018,CELL_005,424.86,528.61,12.17,-104.6,"[""CELL_006"", ""CELL_000"", ""CELL_001""]",-102.91,0
145,UE_0018,CELL_005,424.55,527.44,12.17,-104.6,"[""CELL_006"", ""CELL_000"", ""CELL_001""]",-103.04,0
150,UE_0018,CELL_005,424.25,526.26,12.17,-104.6,"[""CELL_006"", ""CELL_000"", ""CELL_001""]",-109.05,0
155,UE_0018,CELL_005,423.94,525.08,12.17,-104.6,"[""CELL_006"", ""CELL_000"", ""CELL_001""]",-91.78,0
160,UE_0018,CELL_005,423.63,523.9,12.17,-104.6,"[""CELL_006"", ""CELL_000"", ""CELL_001""]",-79.12,0
165,UE_0018,CELL_005,423.32,522.72,12.17,-104.6,"[""CELL_006"", ""CELL_000"", ""CELL_001""]",-83.74,0
170,UE_0018,CELL_005,423.02,521.55,12.17,-104.6,"[""CELL_006"", ""CELL_000"", ""CELL_001""]",-107.78,0
175,UE_0018,CELL_005,422.71,520.37,12.17,-104.6,"[""CELL_006"", ""CELL_000"", ""CELL_001""]",-91.89,0
180,UE_0018,CELL_005,422.4,519.19,12.17,-104.6,"[""CELL_006"", ""CELL_000"", ""CELL_001""]",-102.93,0
185,UE_0018,CELL_005,422.1,518.01,12.17,-104.6,"[""CELL_006"", ""CELL_000"", ""CELL_001""]",-93.39,1
190,UE_0018,CELL_005,421.79,516.84,12.17,-104.6,"[""CELL_006"", ""CELL_000"", ""CELL_001""]",-103.37,0
195,UE_0018,CELL_005,421.48,515.66,12.17,-104.6,"[""CELL_006"", ""CELL_000"", ""CELL_001""]",-101.6,0
200,UE_0018,CELL_005,421.18,514.48,12.17,-104.6,"[""CELL_006"", ""CELL_000"", ""CELL_001""]",-91.18,0
205,UE_0018,CELL_005,420.87,513.3,12.17,-104.6,"[""CELL_006"", ""CELL_000"", ""CELL_001""]",-77.77,0
210,UE_0018,CELL_005,420.56,512.12,12.17,-104.6,"[""CELL_006"", ""CELL_000"", ""CELL_001""]",-104.57,0
215,UE_0018,CELL_005,420.25,510.95,12.17,-104.6,"[""CELL_006"", ""CELL_000"", ""CELL_001""]",-105.98,0
220,UE_0018,CELL_005,419.95,509.77,12.17,-104.6,"[""CELL_006"", ""CELL_000"", ""CELL_001""]",-93.92,0
225,UE_0018,CELL_005,419.64,508.59,12.17,-104.6,"[""CELL_006"", ""CELL_000"", ""CELL_001""]",-97.7,0
230,UE_0018,CELL_005,419.33,507.41,12.17,-104.6,"[""CELL_006"", ""CELL_000"", ""CELL_001""]",-91.5,0
235,UE_0018,CELL_006,419.03,506.23,12.17,-104.6,"[""CELL_000"", ""CELL_001"", ""CELL_002""]",-96.78,0
240,UE_0018,CELL_006,418.72,505.06,12.17,-104.6,"[""CELL_000"", ""CELL_001"", ""CELL_002""]",-93.66,0
245,UE_0018,CELL_006,418.41,503.88,12.17,-104.6,"[""CELL_000"", ""CELL_001"", ""CELL_002""]",-103.7,0
250,UE_0018,CELL_006,418.11,502.7,12.17,-104.6,"[""CELL_000"", ""CELL_001"", ""CELL_002""]",-117.14,0
255,UE_0018,CELL_006,417.8,501.52,12.17,-104.6,"[""CELL_000"", ""CELL_001"", ""CELL_002""]",-83.72,0
260,UE_0018,CELL_006,417.49,500.34,12.17,-104.6,"[""CELL_000"", ""CELL_001"", ""CELL_002""]",-110.73,0
265,UE_0018,CELL_006,417.19,499.17,12.17,-104.6,"[""CELL_000"", ""CELL_001"", ""CELL_002""]",-124.13,0
270,UE_0018,CELL_006,416.88,497.99,12.17,-104.6,"[""CELL_000"", ""CELL_001"", ""CELL_002""]",-112.78,0
275,UE_0018,CELL_006,416.57,496.81,12.17,-104.6,"[""CELL_000"", ""CELL_001"", ""CELL_002""]",-110.09,0
280,UE_0018,CELL_006,416.26,495.63,12.17,-104.6,"[""CELL_000"", ""CELL_001"", ""CELL_002""]",-96.76,0
285,UE_0018,CELL_006,415.96,494.45,12.17,-104.6,"[""CELL_000"", ""CELL_001"", ""CELL_002""]",-83.16,0
290,UE_0018,CELL_006,415.65,493.28,12.17,-104.6,"[""CELL_000"", ""CELL_001"", ""CELL_002""]",-105.1,0
295,UE_0018,CELL_006,415.34,492.1,12.17,-104.6,"[""CELL_000"", ""CELL_001"", ""CELL_002""]",-105.13,0
300,UE_0018,CELL_006,415.04,490.92,12.17,-104.6,"[""CELL_000"", ""CELL_001"", ""CELL_002""]",-107.08,0
305,UE_0018,CELL_006,414.73,489.74,12.17,-104.6,"[""CELL_000"", ""CELL_001"", ""CELL_002""]",-81.11,1
310,UE_0018,CELL_006,414.42,488.56,12.17,-104.6,"[""CELL_000"", ""CELL_001"", ""CELL_002""]",-100.96,0
315,UE_0018,CELL_006,414.12,487.39,12.17,-104.6,"[""CELL_000"", ""CELL_001"", ""CELL_002""]",-97.41,0
320,UE_0018,CELL_006,413.81,486.21,12.17,-104.6,"[""CELL_000"", ""CELL_001"", ""CELL_002""]",-96.47,0
325,UE_0018,CELL_006,413.5,485.03,12.17,-104.6,"[""CELL_000"", ""CELL_001"", ""CELL_002""]",-104.35,1
330,UE_0018,CELL_006,413.2,483.85,12.17,-104.6,"[""CELL_000"", ""CELL_001"", ""CELL_002""]",-102.81,0
335,UE_0018,CELL_006,412.89,482.67,12.17,-104.6,"[""CELL_000"", ""CELL_001"", ""CELL_002""]",-85.41,0
340,UE_0018,CELL_006,412.58,481.5,12.17,-104.6,"[""CELL_000"", ""CELL_001"", ""CELL_002""]",-119.82,0
345,UE_0018,CELL_006,412.27,480.32,12.17,-104.6,"[""CELL_000"", ""CELL_001"", ""CELL_002""]",-81.29,0
350,UE_0018,CELL_006,411.97,479.14,12.17,-104.6,"[""CELL_000"", ""CELL_001"", ""CELL_002""]",-100.95,0
355,UE_0018,CELL_006,411.66,477.96,12.17,-104.6,"[""CELL_000"", ""CELL_001"", ""CELL_002""]",-92.75,0
360,UE_0018,CELL_006,411.35,476.78,12.17,-104.6,"[""CELL_000"", ""CELL_001"", ""CELL_002""]",-83.86,0
365,UE_0018,CELL_006,411.05,475.61,12.17,-104.6,"[""CELL_000"", ""CELL_001"", ""CELL_002""]",-91.25,0
370,UE_0018,CELL_006,410.74,474.43,12.17,-104.6,"[""CELL_000"", ""CELL_001"", ""CELL_002""]",-110.65,0
375,UE_0018,CELL_006,410.43,473.25,12.17,-104.6,"[""CELL_000"", ""CELL_001"", ""CELL_002""]",-91.8,0
380,UE_0018,CELL_002,410.13,472.07,12.17,-104.6,"[""CELL_003"", ""CELL_004"", ""CELL_005""]",-84.8,0
385,UE_0018,CELL_002,409.82,470.89,12.17,-104.6,"[""CELL_003"", ""CELL_004"", ""CELL_005""]",-97.08,0
390,UE_0018,CELL_002,409.51,469.72,12.17,-104.6,"[""CELL_003"", ""CELL_004"", ""CELL_005""]",-101.8,0
395,UE_0018,CELL_002,409.21,468.54,12.17,-104.6,"[""CELL_003"", ""CELL_004"", ""CELL_005""]",-82.82,0
400,UE_0018,CELL_002,408.9,467.36,12.17,-104.6,"[""CELL_003"", ""CELL_004"", ""CELL_005""]",-93.71,0
405,UE_0018,CELL_002,408.59,466.18,12.17,-104.6,"[""CELL_003"", ""CELL_004"", ""CELL_005""]",-86.84,0
410,UE_0018,CELL_002,408.28,465.01,12.17,-104.6,"[""CELL_003"", ""CELL_004"", ""CELL_005""]",-88.41,0
415,UE_0018,CELL_002,407.98,463.83,12.17,-104.6,"[""CELL_003"", ""CELL_004"", ""CELL_005""]",-93.52,0
420,UE_0018,CELL_002,407.67,462.65,12.17,-104.6,"[""CELL_003"", ""CELL_004"", ""CELL_005""]",-87.05,0
425,UE_0018,CELL_002,407.36,461.47,12.17,-104.6,"[""CELL_003"", ""CELL_004"", ""CELL_005""]",-91.5,0
430,UE_0018,CELL_002,407.06,460.29,12.17,-104.6,"[""CELL_003"", ""CELL_004"", ""CELL_005""]",-109.89,0
435,UE_0018,CELL_002,406.75,459.12,12.17,-104.6,"[""CELL_003"", ""CELL_004"", ""CELL_005""]",-102.16,0
440,UE_0018,CELL_002,406.44,457.94,12.17,-104.6,"[""CELL_003"", ""CELL_004"", ""CELL_005""]",-89.01,0
445,UE_0018,CELL_002,406.14,456.76,12.17,-104.6,"[""CELL_003"", ""CELL_004"", ""CELL_005""]",-91.19,0
450,UE_0018,CELL_002,405.83,455.58,12.17,-104.6,"[""CELL_003"", ""CELL_004"", ""CELL_005""]",-85.45,0
455,UE_0018,CELL_002,405.52,454.4,12.17,-104.6,"[""CELL_003"", ""CELL_004"", ""CELL_005""]",-98.58,0
460,UE_0018,CELL_002,405.21,453.23,12.17,-104.6,"[""CELL_003"", ""CELL_004"", ""CELL_005""]",-99.99,0
465,UE_0018,CELL_002,404.91,452.05,12.17,-104.6,"[""CELL_003"", ""CELL_004"", ""CELL_005""]",-84.04,0
470,UE_0018,CELL_002,404.6,450.87,12.17,-104.6,"[""CELL_003"", ""CELL_004"", ""CELL_005""]",-93.62,0
475,UE_0018,CELL_002,404.29,449.69,12.17,-104.6,"[""CELL_003"", ""CELL_004"", ""CELL_005""]",-103.34,0
480,UE_0018,CELL_002,403.99,448.51,12.17,-104.6,"[""CELL_003"", ""CELL_004"", ""CELL_005""]",-111.51,0
485,UE_0018,CELL_002,403.68,447.34,12.17,-104.6,"[""CELL_003"", ""CELL_004"", ""CELL_005""]",-105.64,0
490,UE_0018,CELL_002,403.37,446.16,12.17,-104.6,"[""CELL_003"", ""CELL_004"", ""CELL_005""]",-98.96,0
495,UE_0018,CELL_002,403.07,444.98,12.17,-104.6,"[""CELL_003"", ""CELL_004"", ""CELL_005""]",-84.53,0
0,UE_0019,CELL_004,157.5,354.41,15.38,-14.06,"[""CELL_005"", ""CELL_006"", ""CELL_000""]",-108.67,0
5,UE_0019,CELL_004,158.99,354.04,15.38,-14.06,"[""CELL_005"", ""CELL_006"", ""CELL_000""]",-88.78,0
10,UE_0019,CELL_004,160.49,353.67,15.38,-14.06,"[""CELL_005"", ""CELL_006"", ""CELL_000""]",-100.99,0
15,UE_0019,CELL_004,161.98,353.29,15.38,-14.06,"[""CELL_005"", ""CELL_006"", ""CELL_000""]",-93.3,0
20,UE_0019,CELL_004,163.47,352.92,15.38,-14.06,"[""CELL_005"", ""CELL_006"", ""CELL_000""]",-94.89,0
25,UE_0019,CELL_004,164.96,352.55,19.99,-67.15,"[""CELL_005"", ""CELL_006"", ""CELL_000""]",-110.62,0
30,UE_0019,CELL_004,165.74,350.7,19.99,-67.15,"[""CELL_005"", ""CELL_006"", ""CELL_000""]",-103.65,0
35,UE_0019,CELL_004,166.52,348.86,19.99,-67.15,"[""CELL_005"", ""CELL_006"", ""CELL_000""]",-91.55,0
40,UE_0019,CELL_004,167.29,347.02,19.99,-67.15,"[""CELL_005"", ""CELL_006"", ""CELL_000""]",-59.69,0
45,UE_0019,CELL_004,168.07,345.18,19.99,-67.15,"[""CELL_005"", ""CELL_006"", ""CELL_000""]",-94.65,0
50,UE_0019,CELL_004,168.84,343.34,19.99,-67.15,"[""CELL_005"", ""CELL_006"", ""CELL_000""]",-83.68,1
55,UE_0019,CELL_004,169.62,341.49,19.99,-67.15,"[""CELL_005"", ""CELL_006"", ""CELL_000""]",-75.48,0
60,UE_0019,CELL_004,170.4,339.65,19.99,-67.15,"[""CELL_005"", ""CELL_006"", ""CELL_000""]",-79.7,0
65,UE_0019,CELL_004,171.17,337.81,19.99,-67.15,"[""CELL_005"", ""CELL_006"", ""CELL_000""]",-94.52,0
70,UE_0019,CELL_004,171.95,335.97,19.99,-67.15,"[""CELL_005"", ""CELL_006"", ""CELL_000""]",-101.2,0
75,UE_0019,CELL_004,172.73,334.12,19.99,-67.15,"[""CELL_005"", ""CELL_006"", ""CELL_000""]",-89.75,0
80,UE_0019,CELL_004,173.5,332.28,19.99,-67.15,"[""CELL_005"", ""CELL_006"", ""CELL_000""]",-81.78,0
85,UE_0019,CELL_004,174.28,330.44,19.99,-67.15,"[""CELL_005"", ""CELL_006"", ""CELL_000""]",-107.21,0
90,UE_0019,CELL_004,175.05,328.6,19.99,-67.15,"[""CELL_005"", ""CELL_006"", ""CELL_000""]",-85.03,0
95,UE_0019,CELL_004,175.83,326.76,19.99,-67.15,"[""CELL_005"", ""CELL_006"", ""CELL_000""]",-75.06,0
100,UE_0019,CELL_004,176.61,324.91,19.99,-67.15,"[""CELL_005"", ""CELL_006"", ""CELL_000""]",-107.41,0
105,UE_0019,CELL_004,177.38,323.07,19.99,-67.15,"[""CELL_005"", ""CELL_006"", ""CELL_000""]",-98.88,0
110,UE_0019,CELL_004,178.16,321.23,19.99,-67.15,"[""CELL_005"", ""CELL_006"", ""CELL_000""]",-95.03,0
115,UE_0019,CELL_004,178.93,319.39,19.99,-67.15,"[""CELL_005"", ""CELL_006"", ""CELL_000""]",-87.3,0
120,UE_0019,CELL_004,179.71,317.54,19.99,-67.15,"[""CELL_005"", ""CELL_006"", ""CELL_000""]",-85.24,0
125,UE_0019,CELL_004,180.49,315.7,19.99,-67.15,"[""CELL_005"", ""CELL_006"", ""CELL_000""]",-86.17,0
130,UE_0019,CELL_004,181.26,313.86,19.99,-67.15,"[""CELL_005"", ""CELL_006"", ""CELL_000""]",-116.28,0
135,UE_0019,CELL_004,182.04,312.02,19.99,-67.15,"[""CELL_005"", ""CELL_006"", ""CELL_000""]",-96.55,0
140,UE_0019,CELL_002,182.82,310.18,19.99,-67.15,"[""CELL_003"", ""CELL_004"", ""CELL_005""]",-105.08,0
145,UE_0019,CELL_002,183.59,308.33,19.99,-67.15,"[""CELL_003"", ""CELL_004"", ""CELL_005""]",-73.4,0
150,UE_0019,CELL_002,184.37,306.49,19.99,-67.15,"[""CELL_003"", ""CELL_004"", ""CELL_005""]",-104.09,0
155,UE_0019,CELL_002,185.14,304.65,19.99,-67.15,"[""CELL_003"", ""CELL_004"", ""CELL_005""]",-121.01,0
160,UE_0019,CELL_000,185.92,302.81,19.99,-67.15,"[""CELL_001"", ""CELL_002"", ""CELL_003""]",-80.47,0
165,UE_0019,CELL_000,186.7,300.97,19.99,-67.15,"[""CELL_001"", ""CELL_002"", ""CELL_003""]",-105.41,0
170,UE_0019,CELL_000,187.47,299.12,19.99,-67.15,"[""CELL_001"", ""CELL_002"", ""CELL_003""]",-102.85,0
175,UE_0019,CELL_000,188.25,297.28,19.99,-67.15,"[""CELL_001"", ""CELL_002"", ""CELL_003""]",-92.11,0
180,UE_0019,CELL_000,189.03,295.44,19.99,-67.15,"[""CELL_001"", ""CELL_002"", ""CELL_003""]",-89.37,0
185,UE_0019,CELL_000,189.8,293.6,19.99,-67.15,"[""CELL_001"", ""CELL_002"", ""CELL_003""]",-90.32,1
190,UE_0019,CELL_000,190.58,291.75,19.99,-67.15,"[""CELL_001"", ""CELL_002"", ""CELL_003""]",-76.94,0
195,UE_0019,CELL_000,191.35,289.91,19.99,-67.15,"[""CELL_001"", ""CELL_002"", ""CELL_003""]",-83.76,0
200,UE_0019,CELL_000,192.13,288.07,19.99,-67.15,"[""CELL_001"", ""CELL_002"", ""CELL_003""]",-93.05,0
205,UE_0019,CELL_000,192.91,286.23,19.99,-67.15,"[""CELL_001"", ""CELL_002"", ""CELL_003""]",-107.64,0
210,UE_0019,CELL_000,193.68,284.39,19.99,-67.15,"[""CELL_001"", ""CELL_002"", ""CELL_003""]",-105.48,0
215,UE_0019,CELL_000,194.46,282.54,19.99,-67.15,"[""CELL_001"", ""CELL_002"", ""CELL_003""]",-77.56,0
220,UE_0019,CELL_000,195.24,280.7,19.99,-67.15,"[""CELL_001"", ""CELL_002"", ""CELL_003""]",-95.78,0
225,UE_0019,CELL_000,196.01,278.86,19.99,-67.15,"[""CELL_001"", ""CELL_002"", ""CELL_003""]",-88.97,0
230,UE_0019,CELL_000,196.79,277.02,19.99,-67.15,"[""CELL_001"", ""CELL_002"", ""CELL_003""]",-105.12,0
235,UE_0019,CELL_000,197.56,275.18,19.99,-67.15,"[""CELL_001"", ""CELL_002"", ""CELL_003""]",-102.22,0
240,UE_0019,CELL_000,198.34,273.33,19.99,-67.15,"[""CELL_001"", ""CELL_002"", ""CELL_003""]",-94.08,0
245,UE_0019,CELL_000,199.12,271.49,19.99,-67.15,"[""CELL_001"", ""CELL_002"", ""CELL_003""]",-112.69,0
250,UE_0019,CELL_000,199.89,269.65,19.99,-67.15,"[""CELL_001"", ""CELL_002"", ""CELL_003""]",-96.69,0
255,UE_0019,CELL_000,200.67,267.81,19.99,-67.15,"[""CELL_001"", ""CELL_002"", ""CELL_003""]",-104.36,0
260,UE_0019,CELL_000,201.45,265.96,19.99,-67.15,"[""CELL_001"", ""CELL_002"", ""CELL_003""]",-99.86,0
265,UE_0019,CELL_000,202.22,264.12,19.99,-67.15,"[""CELL_001"", ""CELL_002"", ""CELL_003""]",-89.86,0
270,UE_0019,CELL_000,203.0,262.28,19.99,-67.15,"[""CELL_001"", ""CELL_002"", ""CELL_003""]",-100.89,0
275,UE_0019,CELL_000,203.77,260.44,18.9,106.07,"[""CELL_001"", ""CELL_002"", ""CELL_003""]",-122.98,0
280,UE_0019,CELL_000,203.25,262.25,18.9,106.07,"[""CELL_001"", ""CELL_002"", ""CELL_003""]",-109.61,0
285,UE_0019,CELL_000,202.73,264.07,18.9,106.07,"[""CELL_001"", ""CELL_002"", ""CELL_003""]",-93.13,0
290,UE_0019,CELL_000,202.21,265.89,18.9,106.07,"[""CELL_001"", ""CELL_002"", ""CELL_003""]",-97.32,0
295,UE_0019,CELL_000,201.68,267.7,18.9,106.07,"[""CELL_001"", ""CELL_002"", ""CELL_003""]",-85.19,0
300,UE_0019,CELL_000,201.16,269.52,18.9,106.07,"[""CELL_001"", ""CELL_002"", ""CELL_003""]",-98.56,1
305,UE_0019,CELL_000,200.64,271.33,18.9,106.07,"[""CELL_001"", ""CELL_002"", ""CELL_003""]",-111.84,0
310,UE_0019,CELL_000,200.11,273.15,18.9,106.07,"[""CELL_001"", ""CELL_002"", ""CELL_003""]",-118.7,0
315,UE_0019,CELL_000,199.59,274.97,18.9,106.07,"[""CELL_001"", ""CELL_002"", ""CELL_003""]",-100.1,0
320,UE_0019,CELL_000,199.07,276.78,18.9,106.07,"[""CELL_001"", ""CELL_002"", ""CELL_003""]",-81.95,0
325,UE_0019,CELL_000,198.54,278.6,34.23,-51.02,"[""CELL_001"", ""CELL_002"", ""CELL_003""]",-86.9,0
330,UE_0019,CELL_000,200.7,275.94,34.23,-51.02,"[""CELL_001"", ""CELL_002"", ""CELL_003""]",-91.5,0
335,UE_0019,CELL_000,202.85,273.28,34.23,-51.02,"[""CELL_001"", ""CELL_002"", ""CELL_003""]",-96.95,0
340,UE_0019,CELL_000,205.0,270.62,34.23,-51.02,"[""CELL_001"", ""CELL_002"", ""CELL_003""]",-79.31,0
345,UE_0019,CELL_000,207.16,267.95,34.23,-51.02,"[""CELL_001"", ""CELL_002"", ""CELL_003""]",-92.0,0
350,UE_0019,CELL_000,209.31,265.29,34.23,-51.02,"[""CELL_001"", ""CELL_002"", ""CELL_003""]",-91.12,0
355,UE_0019,CELL_000,211.47,262.63,34.23,-51.02,"[""CELL_001"", ""CELL_002"", ""CELL_003""]",-96.61,0
360,UE_0019,CELL_000,213.62,259.97,34.23,-51.02,"[""CELL_001"", ""CELL_002"", ""CELL_003""]",-88.72,0
365,UE_0019,CELL_000,215.77,257.31,34.23,-51.02,"[""CELL_001"", ""CELL_002"", ""CELL_003""]",-102.11,0
370,UE_0019,CELL_000,217.93,254.65,34.23,-51.02,"[""CELL_001"", ""CELL_002"", ""CELL_003""]",-100.99,0
375,UE_0019,CELL_000,220.08,251.99,34.23,-51.02,"[""CELL_001"", ""CELL_002"", ""CELL_003""]",-91.04,0
380,UE_0019,CELL_000,222.23,249.33,34.23,-51.02,"[""CELL_001"", ""CELL_002"", ""CELL_003""]",-114.13,0
385,UE_0019,CELL_000,224.39,246.66,34.23,-51.02,"[""CELL_001"", ""CELL_002"", ""CELL_003""]",-71.28,0
390,UE_0019,CELL_000,226.54,244.0,34.23,-51.02,"[""CELL_001"", ""CELL_002"", ""CELL_003""]",-83.48,0
395,UE_0019,CELL_000,228.69,241.34,34.23,-51.02,"[""CELL_001"", ""CELL_002"", ""CELL_003""]",-89.23,0
400,UE_0019,CELL_000,230.85,238.68,34.23,-51.02,"[""CELL_001"", ""CELL_002"", ""CELL_003""]",-118.2,0
405,UE_0019,CELL_000,233.0,236.02,34.23,-51.02,"[""CELL_001"", ""CELL_002"", ""CELL_003""]",-75.41,1
410,UE_0019,CELL_000,235.15,233.36,34.23,-51.02,"[""CELL_001"", ""CELL_002"", ""CELL_003""]",-98.73,0
415,UE_0019,CELL_000,237.31,230.7,34.23,-51.02,"[""CELL_001"", ""CELL_002"", ""CELL_003""]",-103.06,0
420,UE_0019,CELL_000,239.46,228.04,34.23,-51.02,"[""CELL_001"", ""CELL_002"", ""CELL_003""]",-97.66,0
425,UE_0019,CELL_000,241.61,225.37,34.23,-51.02,"[""CELL_001"", ""CELL_002"", ""CELL_003""]",-94.43,0
430,UE_0019,CELL_000,243.77,222.71,34.23,-51.02,"[""CELL_001"", ""CELL_002"", ""CELL_003""]",-93.61,0
435,UE_0019,CELL_000,245.92,220.05,34.23,-51.02,"[""CELL_001"", ""CELL_002"", ""CELL_003""]",-72.54,0
440,UE_0019,CELL_000,248.08,217.39,34.23,-51.02,"[""CELL_001"", ""CELL_002"", ""CELL_003""]",-89.38,0
445,UE_0019,CELL_000,250.23,214.73,34.23,-51.02,"[""CELL_001"", ""CELL_002"", ""CELL_003""]",-86.54,0
450,UE_0019,CELL_000,252.38,212.07,34.23,-51.02,"[""CELL_001"", ""CELL_002"", ""CELL_003""]",-99.01,0
455,UE_0019,CELL_000,254.54,209.41,34.23,-51.02,"[""CELL_001"", ""CELL_002"", ""CELL_003""]",-112.8,0
460,UE_0019,CELL_000,256.69,206.75,34.23,-51.02,"[""CELL_001"", ""CELL_002"", ""CELL_003""]",-87.31,0
465,UE_0019,CELL_000,258.84,204.08,34.23,-51.02,"[""CELL_001"", ""CELL_002"", ""CELL_003""]",-100.04,0
470,UE_0019,CELL_000,261.0,201.42,34.23,-51.02,"[""CELL_001"", ""CELL_002"", ""CELL_003""]",-95.37,0
475,UE_0019,CELL_000,263.15,198.76,34.23,-51.02,"[""CELL_001"", ""CELL_002"", ""CELL_003""]",-97.74,0
480,UE_0019,CELL_000,265.3,196.1,34.23,-51.02,"[""CELL_001"", ""CELL_002"", ""CELL_003""]",-96.15,0
485,UE_0019,CELL_000,267.46,193.44,34.23,-51.02,"[""CELL_001"", ""CELL_002"", ""CELL_003""]",-115.77,0
490,UE_0019,CELL_000,269.61,190.78,34.23,-51.02,"[""CELL_001"", ""CELL_002"", ""CELL_003""]",-94.3,0
495,UE_0019,CELL_000,271.76,188.12,34.23,-51.02,"[""CELL_001"", ""CELL_002"", ""CELL_003""]",-97.79,0
0,UE_0020,CELL_004,973.23,287.76,30.2,82.14,"[""CELL_005"", ""CELL_006"", ""CELL_000""]",-98.69,0
5,UE_0020,CELL_004,973.64,290.75,30.2,82.14,"[""CELL_005"", ""CELL_006"", ""CELL_000""]",-76.27,0
10,UE_0020,CELL_004,974.06,293.74,30.2,82.14,"[""CELL_005"", ""CELL_006"", ""CELL_000""]",-99.8,0
15,UE_0020,CELL_004,974.47,296.74,30.2,82.14,"[""CELL_005"", ""CELL_006"", ""CELL_000""]",-90.56,0
20,UE_0020,CELL_004,974.88,299.73,30.2,82.14,"[""CELL_005"", ""CELL_006"", ""CELL_000""]",-96.3,0
25,UE_0020,CELL_004,975.3,302.72,30.2,82.14,"[""CELL_005"", ""CELL_006"", ""CELL_000""]",-93.13,0
30,UE_0020,CELL_004,975.71,305.71,30.2,82.14,"[""CELL_005"", ""CELL_006"", ""CELL_000""]",-103.77,0
35,UE_0020,CELL_004,976.12,308.7,30.2,82.14,"[""CELL_005"", ""CELL_006"", ""CELL_000""]",-96.34,0
40,UE_0020,CELL_004,976.54,311.69,30.2,82.14,"[""CELL_005"", ""CELL_006"", ""CELL_000""]",-105.77,0
45,UE_0020,CELL_004,976.95,314.68,30.2,82.14,"[""CELL_005"", ""CELL_006"", ""CELL_000""]",-102.86,0
50,UE_0020,CELL_004,977.36,317.67,30.2,82.14,"[""CELL_005"", ""CELL_006"", ""CELL_000""]",-97.87,0
55,UE_0020,CELL_004,977.77,320.67,30.2,82.14,"[""CELL_005"", ""CELL_006"", ""CELL_000""]",-88.15,0
60,UE_0020,CELL_004,978.19,323.66,30.2,82.14,"[""CELL_005"", ""CELL_006"", ""CELL_000""]",-75.82,0
65,UE_0020,CELL_004,978.6,326.65,30.2,82.14,"[""CELL_005"", ""CELL_006"", ""CELL_000""]",-102.39,1
70,UE_0020,CELL_004,979.01,329.64,30.2,82.14,"[""CELL_005"", ""CELL_006"", ""CELL_000""]",-100.45,0
75,UE_0020,CELL_004,979.43,332.63,30.2,82.14,"[""CELL_005"", ""CELL_006"", ""CELL_000""]",-77.72,0
80,UE_0020,CELL_004,979.84,335.62,30.2,82.14,"[""CELL_005"", ""CELL_006"", ""CELL_000""]",-96.8,0
85,UE_0020,CELL_004,980.25,338.61,30.2,82.14,"[""CELL_005"", ""CELL_006"", ""CELL_000""]",-83.11,0
90,UE_0020,CELL_004,980.67,341.6,30.2,82.14,"[""CELL_005"", ""CELL_006"", ""CELL_000""]",-101.86,0
95,UE_0020,CELL_004,981.08,344.6,30.2,82.14,"[""CELL_005"", ""CELL_006"", ""CELL_000""]",-89.79,0
100,UE_0020,CELL_004,981.49,347.59,30.2,82.14,"[""CELL_005"", ""CELL_006"", ""CELL_000""]",-89.6,0
105,UE_0020,CELL_004,981.91,350.58,30.2,82.14,"[""CELL_005"", ""CELL_006"", ""CELL_000""]",-86.21,0
110,UE_0020,CELL_004,982.32,353.57,30.2,82.14,"[""CELL_005"", ""CELL_006"", ""CELL_000""]",-97.16,0
115,UE_0020,CELL_004,982.73,356.56,30.2,82.14,"[""CELL_005"", ""CELL_006"", ""CELL_000""]",-76.62,0
120,UE_0020,CELL_004,983.15,359.55,30.2,82.14,"[""CELL_005"", ""CELL_006"", ""CELL_000""]",-72.34,0
125,UE_0020,CELL_004,983.56,362.54,30.2,82.14,"[""CELL_005"", ""CELL_006"", ""CELL_000""]",-89.58,0
130,UE_0020,CELL_004,983.97,365.53,30.2,82.14,"[""CELL_005"", ""CELL_006"", ""CELL_000""]",-75.75,0
135,UE_0020,CELL_004,984.39,368.52,30.2,82.14,"[""CELL_005"", ""CELL_006"", ""CELL_000""]",-86.09,0
140,UE_0020,CELL_004,984.8,371.52,30.2,82.14,"[""CELL_005"", ""CELL_006"", ""CELL_000""]",-105.07,0
145,UE_0020,CELL_004,985.21,374.51,30.2,82.14,"[""CELL_005"", ""CELL_006"", ""CELL_000""]",-86.86,0
150,UE_0020,CELL_004,985.63,377.5,30.2,82.14,"[""CELL_005"", ""CELL_006"", ""CELL_000""]",-86.07,1
155,UE_0020,CELL_004,986.04,380.49,30.2,82.14,"[""CELL_005"", ""CELL_006"", ""CELL_000""]",-98.28,0
160,UE_0020,CELL_004,986.45,383.48,30.2,82.14,"[""CELL_005"", ""CELL_006"", ""CELL_000""]",-84.78,0
165,UE_0020,CELL_004,986.86,386.47,30.2,82.14,"[""CELL_005"", ""CELL_006"", ""CELL_000""]",-93.76,0
170,UE_0020,CELL_004,987.28,389.46,30.2,82.14,"[""CELL_005"", ""CELL_006"", ""CELL_000""]",-80.8,0
175,UE_0020,CELL_004,987.69,392.45,30.2,82.14,"[""CELL_005"", ""CELL_006"", ""CELL_000""]",-87.46,0
180,UE_0020,CELL_004,988.1,395.45,30.2,82.14,"[""CELL_005"", ""CELL_006"", ""CELL_000""]",-94.62,0
185,UE_0020,CELL_004,988.52,398.44,30.2,82.14,"[""CELL_005"", ""CELL_006"", ""CELL_000""]",-91.27,0
190,UE_0020,CELL_004,988.93,401.43,30.2,82.14,"[""CELL_005"", ""CELL_006"", ""CELL_000""]",-71.72,1
195,UE_0020,CELL_004,989.34,404.42,30.2,82.14,"[""CELL_005"", ""CELL_006"", ""CELL_000""]",-103.61,0
200,UE_0020,CELL_004,989.76,407.41,30.2,82.14,"[""CELL_005"", ""CELL_006"", ""CELL_000""]",-89.0,0
205,UE_0020,CELL_004,990.17,410.4,30.2,82.14,"[""CELL_005"", ""CELL_006"", ""CELL_000""]",-103.79,0
210,UE_0020,CELL_005,990.58,413.39,30.2,82.14,"[""CELL_006"", ""CELL_000"", ""CELL_001""]",-107.28,0
215,UE_0020,CELL_005,991.0,416.38,30.2,82.14,"[""CELL_006"", ""CELL_000"", ""CELL_001""]",-76.68,0
220,UE_0020,CELL_005,991.41,419.38,30.2,82.14,"[""CELL_006"", ""CELL_000"", ""CELL_001""]",-79.27,0
225,UE_0020,CELL_005,991.82,422.37,30.2,82.14,"[""CELL_006"", ""CELL_000"", ""CELL_001""]",-91.41,0
230,UE_0020,CELL_005,992.24,425.36,30.2,82.14,"[""CELL_006"", ""CELL_000"", ""CELL_001""]",-95.27,0
235,UE_0020,CELL_003,992.65,428.35,30.2,82.14,"[""CELL_004"", ""CELL_005"", ""CELL_006""]",-90.41,0
240,UE_0020,CELL_003,993.06,431.34,30.2,82.14,"[""CELL_004"", ""CELL_005"", ""CELL_006""]",-135.9,0
245,UE_0020,CELL_003,993.48,434.33,30.2,82.14,"[""CELL_004"", ""CELL_005"", ""CELL_006""]",-91.23,0
250,UE_0020,CELL_003,993.89,437.32,30.2,82.14,"[""CELL_004"", ""CELL_005"", ""CELL_006""]",-83.07,0
255,UE_0020,CELL_003,994.3,440.31,30.2,82.14,"[""CELL_004"", ""CELL_005"", ""CELL_006""]",-96.95,0
260,UE_0020,CELL_003,994.72,443.3,30.2,82.14,"[""CELL_004"", ""CELL_005"", ""CELL_006""]",-98.7,0
265,UE_0020,CELL_003,995.13,446.3,30.2,82.14,"[""CELL_004"", ""CELL_005"", ""CELL_006""]",-91.08,1
270,UE_0020,CELL_003,995.54,449.29,30.2,82.14,"[""CELL_004"", ""CELL_005"", ""CELL_006""]",-101.0,0
275,UE_0020,CELL_003,995.95,452.28,30.2,82.14,"[""CELL_004"", ""CELL_005"", ""CELL_006""]",-85.76,0
280,UE_0020,CELL_003,996.37,455.27,30.2,82.14,"[""CELL_004"", ""CELL_005"", ""CELL_006""]",-72.41,0
285,UE_0020,CELL_003,996.78,458.26,30.2,82.14,"[""CELL_004"", ""CELL_005"", ""CELL_006""]",-102.84,0
290,UE_0020,CELL_003,997.19,461.25,30.2,82.14,"[""CELL_004"", ""CELL_005"", ""CELL_006""]",-82.28,0
295,UE_0020,CELL_003,997.61,464.24,30.2,82.14,"[""CELL_004"", ""CELL_005"", ""CELL_006""]",-83.2,0
300,UE_0020,CELL_003,998.02,467.23,30.2,82.14,"[""CELL_004"", ""CELL_005"", ""CELL_006""]",-74.07,0
305,UE_0020,CELL_003,998.43,470.23,30.2,82.14,"[""CELL_004"", ""CELL_005"", ""CELL_006""]",-72.25,0
310,UE_0020,CELL_003,998.85,473.22,30.2,82.14,"[""CELL_004"", ""CELL_005"", ""CELL_006""]",-83.26,0
315,UE_0020,CELL_003,999.26,476.21,30.2,82.14,"[""CELL_004"", ""CELL_005"", ""CELL_006""]",-104.77,0
320,UE_0020,CELL_003,999.67,479.2,30.2,82.14,"[""CELL_004"", ""CELL_005"", ""CELL_006""]",-91.88,0
325,UE_0020,CELL_003,1000.09,482.19,30.2,82.14,"[""CELL_004"", ""CELL_005"", ""CELL_006""]",-88.06,0
330,UE_0020,CELL_003,1000.5,485.18,30.2,82.14,"[""CELL_004"", ""CELL_005"", ""CELL_006""]",-113.99,0
335,UE_0020,CELL_003,1000.91,488.17,30.2,82.14,"[""CELL_004"", ""CELL_005"", ""CELL_006""]",-79.4,0
340,UE_0020,CELL_003,1001.33,491.16,30.2,82.14,"[""CELL_004"", ""CELL_005"", ""CELL_006""]",-95.11,0
345,UE_0020,CELL_003,1001.74,494.15,30.2,82.14,"[""CELL_004"", ""CELL_005"", ""CELL_006""]",-89.05,1
350,UE_0020,CELL_003,1002.15,497.15,30.2,82.14,"[""CELL_004"", ""CELL_005"", ""CELL_006""]",-103.44,0
355,UE_0020,CELL_003,1002.57,500.14,30.2,82.14,"[""CELL_004"", ""CELL_005"", ""CELL_006""]",-101.87,0
360,UE_0020,CELL_003,1002.98,503.13,30.2,82.14,"[""CELL_004"", ""CELL_005"", ""CELL_006""]",-79.43,0
365,UE_0020,CELL_003,1003.39,506.12,30.2,82.14,"[""CELL_004"", ""CELL_005"", ""CELL_006""]",-92.12,0
370,UE_0020,CELL_003,1003.81,509.11,30.2,82.14,"[""CELL_004"", ""CELL_005"", ""CELL_006""]",-92.04,0
375,UE_0020,CELL_003,1004.22,512.1,30.2,82.14,"[""CELL_004"", ""CELL_005"", ""CELL_006""]",-109.59,0
380,UE_0020,CELL_003,1004.63,515.09,30.2,82.14,"[""CELL_004"", ""CELL_005"", ""CELL_006""]",-93.23,0
385,UE_0020,CELL_003,1005.04,518.08,30.2,82.14,"[""CELL_004"", ""CELL_005"", ""CELL_006""]",-100.66,0
390,UE_0020,CELL_003,1005.46,521.08,30.2,82.14,"[""CELL_004"", ""CELL_005"", ""CELL_006""]",-98.05,0
395,UE_0020,CELL_003,1005.87,524.07,30.2,82.14,"[""CELL_004"", ""CELL_005"", ""CELL_006""]",-101.64,0
400,UE_0020,CELL_003,1006.28,527.06,30.2,82.14,"[""CELL_004"", ""CELL_005"", ""CELL_006""]",-88.89,1
405,UE_0020,CELL_003,1006.7,530.05,30.2,82.14,"[""CELL_004"", ""CELL_005"", ""CELL_006""]",-69.09,0
410,UE_0020,CELL_003,1007.11,533.04,30.2,82.14,"[""CELL_004"", ""CELL_005"", ""CELL_006""]",-88.32,0
415,UE_0020,CELL_003,1007.52,536.03,30.2,82.14,"[""CELL_004"", ""CELL_005"", ""CELL_006""]",-105.0,0
420,UE_0020,CELL_003,1007.94,539.02,30.2,82.14,"[""CELL_004"", ""CELL_005"", ""CELL_006""]",-111.58,0
425,UE_0020,CELL_003,1008.35,542.01,30.2,82.14,"[""CELL_004"", ""CELL_005"", ""CELL_006""]",-92.77,0
430,UE_0020,CELL_003,1008.76,545.01,30.2,82.14,"[""CELL_004"", ""CELL_005"", ""CELL_006""]",-97.36,0
435,UE_0020,CELL_003,1009.18,548.0,30.2,82.14,"[""CELL_004"", ""CELL_005"", ""CELL_006""]",-107.07,0
440,UE_0020,CELL_003,1009.59,550.99,30.2,82.14,"[""CELL_004"", ""CELL_005"", ""CELL_006""]",-98.95,0
445,UE_0020,CELL_003,1010.0,553.98,30.2,82.14,"[""CELL_004"", ""CELL_005"", ""CELL_006""]",-99.38,0
450,UE_0020,CELL_003,1010.42,556.97,30.2,82.14,"[""CELL_004"", ""CELL_005"", ""CELL_006""]",-107.01,0
455,UE_0020,CELL_003,1010.83,559.96,30.2,82.14,"[""CELL_004"", ""CELL_005"", ""CELL_006""]",-86.72,0
460,UE_0020,CELL_003,1011.24,562.95,30.2,82.14,"[""CELL_004"", ""CELL_005"", ""CELL_006""]",-104.97,0
465,UE_0020,CELL_003,1011.66,565.94,30.2,82.14,"[""CELL_004"", ""CELL_005"", ""CELL_006""]",-102.84,0
470,UE_0020,CELL_003,1012.07,568.93,30.2,82.14,"[""CELL_004"", ""CELL_005"", ""CELL_006""]",-112.74,0
475,UE_0020,CELL_003,1012.48,571.93,30.2,82.14,"[""CELL_004"", ""CELL_005"", ""CELL_006""]",-84.97,0
480,UE_0020,CELL_003,1012.9,574.92,30.2,82.14,"[""CELL_004"", ""CELL_005"", ""CELL_006""]",-82.59,0
485,UE_0020,CELL_003,1013.31,577.91,30.2,82.14,"[""CELL_004"", ""CELL_005"", ""CELL_006""]",-97.64,0
490,UE_0020,CELL_003,1013.72,580.9,30.2,82.14,"[""CELL_004"", ""CELL_005"", ""CELL_006""]",-95.6,0
495,UE_0020,CELL_003,1014.13,583.89,30.2,82.14,"[""CELL_004"", ""CELL_005"", ""CELL_006""]",-102.79,0
0,UE_0021,CELL_004,25.41,620.95,24.07,123.78,"[""CELL_005"", ""CELL_006"", ""CELL_000""]",-93.93,0
5,UE_0021,CELL_004,24.07,622.95,24.07,123.78,"[""CELL_005"", ""CELL_006"", ""CELL_000""]",-90.94,0
10,UE_0021,CELL_004,22.74,624.96,24.07,123.78,"[""CELL_005"", ""CELL_006"", ""CELL_000""]",-86.32,0
15,UE_0021,CELL_004,21.4,626.96,24.07,123.78,"[""CELL_005"", ""CELL_006"", ""CELL_000""]",-73.02,0
20,UE_0021,CELL_004,20.06,628.96,24.07,123.78,"[""CELL_005"", ""CELL_006"", ""CELL_000""]",-93.9,0
25,UE_0021,CELL_004,18.72,630.96,24.07,123.78,"[""CELL_005"", ""CELL_006"", ""CELL_000""]",-97.81,0
30,UE_0021,CELL_004,17.38,632.96,24.07,123.78,"[""CELL_005"", ""CELL_006"", ""CELL_000""]",-115.11,1
35,UE_0021,CELL_004,16.04,634.96,24.07,123.78,"[""CELL_005"", ""CELL_006"", ""CELL_000""]",-97.39,1
40,UE_0021,CELL_004,14.71,636.96,24.07,123.78,"[""CELL_005"", ""CELL_006"", ""CELL_000""]",-102.06,0
45,UE_0021,CELL_004,13.37,638.96,24.07,123.78,"[""CELL_005"", ""CELL_006"", ""CELL_000""]",-100.32,0
50,UE_0021,CELL_004,12.03,640.96,24.07,123.78,"[""CELL_005"", ""CELL_006"", ""CELL_000""]",-107.99,0
55,UE_0021,CELL_004,10.69,642.96,24.07,123.78,"[""CELL_005"", ""CELL_006"", ""CELL_000""]",-104.28,0
60,UE_0021,CELL_004,9.35,644.97,24.07,123.78,"[""CELL_005"", ""CELL_006"", ""CELL_000""]",-90.02,0
65,UE_0021,CELL_004,8.01,646.97,24.07,123.78,"[""CELL_005"", ""CELL_006"", ""CELL_000""]",-94.07,0
70,UE_0021,CELL_004,6.68,648.97,24.07,123.78,"[""CELL_005"", ""CELL_006"", ""CELL_000""]",-97.9,0
75,UE_0021,CELL_004,5.34,650.97,24.07,123.78,"[""CELL_005"", ""CELL_006"", ""CELL_000""]",-101.44,0
80,UE_0021,CELL_004,4.0,652.97,24.07,123.78,"[""CELL_005"", ""CELL_006"", ""CELL_000""]",-122.84,0
85,UE_0021,CELL_004,2.66,654.97,24.07,123.78,"[""CELL_005"", ""CELL_006"", ""CELL_000""]",-89.03,0
90,UE_0021,CELL_004,1.32,656.97,24.07,123.78,"[""CELL_005"", ""CELL_006"", ""CELL_000""]",-82.21,0
95,UE_0021,CELL_004,-0.02,658.97,24.07,123.78,"[""CELL_005"", ""CELL_006"", ""CELL_000""]",-89.04,0
100,UE_0021,CELL_004,-1.36,660.97,24.07,123.78,"[""CELL_005"", ""CELL_006"", ""CELL_000""]",-87.29,0
105,UE_0021,CELL_004,-2.69,662.97,24.07,123.78,"[""CELL_005"", ""CELL_006"", ""CELL_000""]",-88.77,0
110,UE_0021,CELL_004,-4.03,664.98,24.07,123.78,"[""CELL_005"", ""CELL_006"", ""CELL_000""]",-102.51,0
115,UE_0021,CELL_004,-5.37,666.98,24.07,123.78,"[""CELL_005"", ""CELL_006"", ""CELL_000""]",-90.57,0
120,UE_0021,CELL_004,-6.71,668.98,24.07,123.78,"[""CELL_005"", ""CELL_006"", ""CELL_000""]",-108.76,0
125,UE_0021,CELL_004,-8.05,670.98,24.07,123.78,"[""CELL_005"", ""CELL_006"", ""CELL_000""]",-100.88,0
130,UE_0021,CELL_004,-9.39,672.98,26.43,97.94,"[""CELL_005"", ""CELL_006"", ""CELL_000""]",-86.32,1
135,UE_0021,CELL_004,-9.75,675.6,26.43,97.94,"[""CELL_005"", ""CELL_006"", ""CELL_000""]",-87.96,0
140,UE_0021,CELL_001,-10.12,678.22,26.43,97.94,"[""CELL_002"", ""CELL_003"", ""CELL_004""]",-105.02,1
145,UE_0021,CELL_001,-10.48,680.83,26.43,97.94,"[""CELL_002"", ""CELL_003"", ""CELL_004""]",-81.88,0
150,UE_0021,CELL_003,-10.85,683.45,26.43,97.94,"[""CELL_004"", ""CELL_005"", ""CELL_006""]",-99.83,0
155,UE_0021,CELL_003,-11.21,686.07,26.43,97.94,"[""CELL_004"", ""CELL_005"", ""CELL_006""]",-94.95,0
160,UE_0021,CELL_003,-11.58,688.69,26.43,97.94,"[""CELL_004"", ""CELL_005"", ""CELL_006""]",-93.78,0
165,UE_0021,CELL_003,-11.94,691.3,26.43,97.94,"[""CELL_004"", ""CELL_005"", ""CELL_006""]",-99.02,0
170,UE_0021,CELL_003,-12.31,693.92,26.43,97.94,"[""CELL_004"", ""CELL_005"", ""CELL_006""]",-90.54,0
175,UE_0021,CELL_003,-12.67,696.54,26.43,97.94,"[""CELL_004"", ""CELL_005"", ""CELL_006""]",-87.61,0
180,UE_0021,CELL_003,-13.04,699.16,26.43,97.94,"[""CELL_004"", ""CELL_005"", ""CELL_006""]",-84.16,0
185,UE_0021,CELL_003,-13.4,701.78,26.43,97.94,"[""CELL_004"", ""CELL_005"", ""CELL_006""]",-87.13,0
190,UE_0021,CELL_003,-13.77,704.39,26.43,97.94,"[""CELL_004"", ""CELL_005"", ""CELL_006""]",-109.38,0
195,UE_0021,CELL_003,-14.13,707.01,26.43,97.94,"[""CELL_004"", ""CELL_005"", ""CELL_006""]",-98.87,0
200,UE_0021,CELL_003,-14.5,709.63,26.43,97.94,"[""CELL_004"", ""CELL_005"", ""CELL_006""]",-97.52,0
205,UE_0021,CELL_003,-14.86,712.25,26.43,97.94,"[""CELL_004"", ""CELL_005"", ""CELL_006""]",-88.08,0
210,UE_0021,CELL_003,-15.23,714.86,26.43,97.94,"[""CELL_004"", ""CELL_005"", ""CELL_006""]",-97.6,0
215,UE_0021,CELL_003,-15.59,717.48,26.43,97.94,"[""CELL_004"", ""CELL_005"", ""CELL_006""]",-92.68,0
220,UE_0021,CELL_003,-15.96,720.1,26.43,97.94,"[""CELL_004"", ""CELL_005"", ""CELL_006""]",-82.24,0
225,UE_0021,CELL_003,-16.32,722.72,26.43,97.94,"[""CELL_004"", ""CELL_005"", ""CELL_006""]",-94.62,0
230,UE_0021,CELL_003,-16.69,725.34,26.43,97.94,"[""CELL_004"", ""CELL_005"", ""CELL_006""]",-91.26,0
235,UE_0021,CELL_003,-17.05,727.95,26.43,97.94,"[""CELL_004"", ""CELL_005"", ""CELL_006""]",-83.1,0
240,UE_0021,CELL_003,-17.42,730.57,26.43,97.94,"[""CELL_004"", ""CELL_005"", ""CELL_006""]",-80.42,0
245,UE_0021,CELL_003,-17.78,733.19,26.43,97.94,"[""CELL_004"", ""CELL_005"", ""CELL_006""]",-125.58,0
250,UE_0021,CELL_003,-18.15,735.81,26.43,97.94,"[""CELL_004"", ""CELL_005"", ""CELL_006""]",-100.11,0
255,UE_0021,CELL_003,-18.51,738.42,26.43,97.94,"[""CELL_004"", ""CELL_005"", ""CELL_006""]",-102.48,0
260,UE_0021,CELL_003,-18.88,741.04,26.43,97.94,"[""CELL_004"", ""CELL_005"", ""CELL_006""]",-89.98,0
265,UE_0021,CELL_003,-19.24,743.66,26.43,97.94,"[""CELL_004"", ""CELL_005"", ""CELL_006""]",-102.59,1
270,UE_0021,CELL_002,-19.61,746.28,26.43,97.94,"[""CELL_003"", ""CELL_004"", ""CELL_005""]",-92.92,0
275,UE_0021,CELL_002,-19.97,748.9,26.43,97.94,"[""CELL_003"", ""CELL_004"", ""CELL_005""]",-94.15,0
280,UE_0021,CELL_002,-20.34,751.51,26.43,97.94,"[""CELL_003"", ""CELL_004"", ""CELL_005""]",-100.21,0
285,UE_0021,CELL_002,-20.7,754.13,26.43,97.94,"[""CELL_003"", ""CELL_004"", ""CELL_005""]",-87.65,0
290,UE_0021,CELL_002,-21.07,756.75,26.43,97.94,"[""CELL_003"", ""CELL_004"", ""CELL_005""]",-85.73,0
295,UE_0021,CELL_002,-21.43,759.37,26.43,97.94,"[""CELL_003"", ""CELL_004"", ""CELL_005""]",-95.31,0
300,UE_0021,CELL_002,-21.8,761.98,26.43,97.94,"[""CELL_003"", ""CELL_004"", ""CELL_005""]",-89.41,0
305,UE_0021,CELL_002,-22.16,764.6,26.43,97.94,"[""CELL_003"", ""CELL_004"", ""CELL_005""]",-88.5,0
310,UE_0021,CELL_002,-22.53,767.22,26.43,97.94,"[""CELL_003"", ""CELL_004"", ""CELL_005""]",-91.87,0
315,UE_0021,CELL_002,-22.89,769.84,26.43,97.94,"[""CELL_003"", ""CELL_004"", ""CELL_005""]",-98.57,0
320,UE_0021,CELL_002,-23.26,772.46,26.43,97.94,"[""CELL_003"", ""CELL_004"", ""CELL_005""]",-100.57,0
325,UE_0021,CELL_002,-23.62,775.07,22.05,-41.55,"[""CELL_003"", ""CELL_004"", ""CELL_005""]",-81.07,0
330,UE_0021,CELL_002,-21.97,773.61,22.05,-41.55,"[""CELL_003"", ""CELL_004"", ""CELL_005""]",-101.53,0
335,UE_0021,CELL_002,-20.32,772.15,22.05,-41.55,"[""CELL_003"", ""CELL_004"", ""CELL_005""]",-101.37,0
340,UE_0021,CELL_002,-18.67,770.69,22.05,-41.55,"[""CELL_003"", ""CELL_004"", ""CELL_005""]",-102.57,0
345,UE_0021,CELL_002,-17.02,769.23,22.05,-41.55,"[""CELL_003"", ""CELL_004"", ""CELL_005""]",-74.17,0
350,UE_0021,CELL_002,-15.37,767.76,22.05,-41.55,"[""CELL_003"", ""CELL_004"", ""CELL_005""]",-65.7,1
355,UE_0021,CELL_002,-13.72,766.3,22.05,-41.55,"[""CELL_003"", ""CELL_004"", ""CELL_005""]",-86.44,0
360,UE_0021,CELL_002,-12.07,764.84,22.05,-41.55,"[""CELL_003"", ""CELL_004"", ""CELL_005""]",-79.86,0
365,UE_0021,CELL_002,-10.42,763.38,22.05,-41.55,"[""CELL_003"", ""CELL_004"", ""CELL_005""]",-101.88,0
370,UE_0021,CELL_002,-8.77,761.91,22.05,-41.55,"[""CELL_003"", ""CELL_004"", ""CELL_005""]",-76.88,0
375,UE_0021,CELL_002,-7.12,760.45,22.05,-41.55,"[""CELL_003"", ""CELL_004"", ""CELL_005""]",-103.44,0
380,UE_0021,CELL_002,-5.47,758.99,22.05,-41.55,"[""CELL_003"", ""CELL_004"", ""CELL_005""]",-92.3,1
385,UE_0021,CELL_002,-3.82,757.53,22.05,-41.55,"[""CELL_003"", ""CELL_004"", ""CELL_005""]",-102.93,0
390,UE_0021,CELL_002,-2.17,756.07,22.05,-41.55,"[""CELL_003"", ""CELL_004"", ""CELL_005""]",-80.7,1
395,UE_0021,CELL_002,-0.52,754.6,22.05,-41.55,"[""CELL_003"", ""CELL_004"", ""CELL_005""]",-100.72,0
400,UE_0021,CELL_002,1.13,753.14,22.05,-41.55,"[""CELL_003"", ""CELL_004"", ""CELL_005""]",-101.26,0
405,UE_0021,CELL_002,2.78,751.68,22.05,-41.55,"[""CELL_003"", ""CELL_004"", ""CELL_005""]",-71.45,0
410,UE_0021,CELL_002,4.43,750.22,22.05,-41.55,"[""CELL_003"", ""CELL_004"", ""CELL_005""]",-92.09,0
415,UE_0021,CELL_002,6.08,748.75,22.05,-41.55,"[""CELL_003"", ""CELL_004"", ""CELL_005""]",-102.42,0
420,UE_0021,CELL_002,7.73,747.29,22.05,-41.55,"[""CELL_003"", ""CELL_004"", ""CELL_005""]",-72.59,0
425,UE_0021,CELL_002,9.38,745.83,22.05,-41.55,"[""CELL_003"", ""CELL_004"", ""CELL_005""]",-117.55,0
430,UE_0021,CELL_002,11.03,744.37,22.05,-41.55,"[""CELL_003"", ""CELL_004"", ""CELL_005""]",-113.73,0
435,UE_0021,CELL_002,12.68,742.91,22.05,-41.55,"[""CELL_003"", ""CELL_004"", ""CELL_005""]",-93.77,0
440,UE_0021,CELL_002,14.33,741.44,22.05,-41.55,"[""CELL_003"", ""CELL_004"", ""CELL_005""]",-109.86,0
445,UE_0021,CELL_002,15.98,739.98,22.05,-41.55,"[""CELL_003"", ""CELL_004"", ""CELL_005""]",-88.04,0
450,UE_0021,CELL_002,17.63,738.52,22.05,-41.55,"[""CELL_003"", ""CELL_004"", ""CELL_005""]",-84.69,0
455,UE_0021,CELL_002,19.28,737.06,22.05,-41.55,"[""CELL_003"", ""CELL_004"", ""CELL_005""]",-84.52,0
460,UE_0021,CELL_002,20.93,735.6,22.05,-41.55,"[""CELL_003"", ""CELL_004"", ""CELL_005""]",-88.09,0
465,UE_0021,CELL_002,22.58,734.13,22.05,-41.55,"[""CELL_003"", ""CELL_004"", ""CELL_005""]",-75.0,0
470,UE_0021,CELL_002,24.23,732.67,22.05,-41.55,"[""CELL_003"", ""CELL_004"", ""CELL_005""]",-97.67,0
475,UE_0021,CELL_002,25.88,731.21,22.05,-41.55,"[""CELL_003"", ""CELL_004"", ""CELL_005""]",-94.69,0
480,UE_0021,CELL_002,27.53,729.75,22.05,-41.55,"[""CELL_003"", ""CELL_004"", ""CELL_005""]",-88.99,0
485,UE_0021,CELL_002,29.18,728.28,22.05,-41.55,"[""CELL_003"", ""CELL_004"", ""CELL_005""]",-107.35,0
490,UE_0021,CELL_002,30.83,726.82,22.05,-41.55,"[""CELL_003"", ""CELL_004"", ""CELL_005""]",-96.51,0
495,UE_0021,CELL_002,32.48,725.36,22.05,-41.55,"[""CELL_003"", ""CELL_004"", ""CELL_005""]",-96.26,0
0,UE_0022,CELL_003,271.79,531.65,28.9,81.43,"[""CELL_004"", ""CELL_005"", ""CELL_006""]",-89.3,0
5,UE_0022,CELL_003,272.22,534.5,28.9,81.43,"[""CELL_004"", ""CELL_005"", ""CELL_006""]",-107.54,0
10,UE_0022,CELL_003,272.65,537.36,28.9,81.43,"[""CELL_004"", ""CELL_005"", ""CELL_006""]",-98.22,0
15,UE_0022,CELL_003,273.08,540.22,28.9,81.43,"[""CELL_004"", ""CELL_005"", ""CELL_006""]",-113.68,0
20,UE_0022,CELL_003,273.51,543.08,28.9,81.43,"[""CELL_004"", ""CELL_005"", ""CELL_006""]",-100.74,0
25,UE_0022,CELL_003,273.94,545.93,28.9,81.43,"[""CELL_004"", ""CELL_005"", ""CELL_006""]",-110.68,0
30,UE_0022,CELL_003,274.37,548.79,28.9,81.43,"[""CELL_004"", ""CELL_005"", ""CELL_006""]",-93.49,0
35,UE_0022,CELL_003,274.8,551.65,28.9,81.43,"[""CELL_004"", ""CELL_005"", ""CELL_006""]",-98.85,0
40,UE_0022,CELL_003,275.23,554.51,28.9,81.43,"[""CELL_004"", ""CELL_005"", ""CELL_006""]",-96.38,0
45,UE_0022,CELL_003,275.66,557.36,28.9,81.43,"[""CELL_004"", ""CELL_005"", ""CELL_006""]",-104.31,0
50,UE_0022,CELL_003,276.1,560.22,28.9,81.43,"[""CELL_004"", ""CELL_005"", ""CELL_006""]",-98.67,0
55,UE_0022,CELL_003,276.53,563.08,28.9,81.43,"[""CELL_004"", ""CELL_005"", ""CELL_006""]",-98.23,0
60,UE_0022,CELL_003,276.96,565.94,28.9,81.43,"[""CELL_004"", ""CELL_005"", ""CELL_006""]",-99.88,0
65,UE_0022,CELL_003,277.39,568.79,28.9,81.43,"[""CELL_004"", ""CELL_005"", ""CELL_006""]",-92.79,0
70,UE_0022,CELL_003,277.82,571.65,28.9,81.43,"[""CELL_004"", ""CELL_005"", ""CELL_006""]",-87.66,0
75,UE_0022,CELL_003,278.25,574.51,28.9,81.43,"[""CELL_004"", ""CELL_005"", ""CELL_006""]",-86.51,0
80,UE_0022,CELL_005,278.68,577.37,28.9,81.43,"[""CELL_006"", ""CELL_000"", ""CELL_001""]",-88.78,0
85,UE_0022,CELL_005,279.11,580.23,28.9,81.43,"[""CELL_006"", ""CELL_000"", ""CELL_001""]",-91.56,0
90,UE_0022,CELL_005,279.54,583.08,28.9,81.43,"[""CELL_006"", ""CELL_000"", ""CELL_001""]",-91.03,0
95,UE_0022,CELL_005,279.97,585.94,28.9,81.43,"[""CELL_006"", ""CELL_000"", ""CELL_001""]",-88.72,0
100,UE_0022,CELL_005,280.4,588.8,28.9,81.43,"[""CELL_006"", ""CELL_000"", ""CELL_001""]",-84.66,1
105,UE_0022,CELL_005,280.83,591.66,28.9,81.43,"[""CELL_006"", ""CELL_000"", ""CELL_001""]",-101.33,0
110,UE_0022,CELL_005,281.27,594.51,28.9,81.43,"[""CELL_006"", ""CELL_000"", ""CELL_001""]",-95.87,0
115,UE_0022,CELL_005,281.7,597.37,28.9,81.43,"[""CELL_006"", ""CELL_000"", ""CELL_001""]",-99.21,0
120,UE_0022,CELL_005,282.13,600.23,28.9,81.43,"[""CELL_006"", ""CELL_000"", ""CELL_001""]",-88.64,0
125,UE_0022,CELL_005,282.56,603.09,28.9,81.43,"[""CELL_006"", ""CELL_000"", ""CELL_001""]",-102.63,0
130,UE_0022,CELL_005,282.99,605.94,28.9,81.43,"[""CELL_006"", ""CELL_000"", ""CELL_001""]",-104.59,0
135,UE_0022,CELL_005,283.42,608.8,28.9,81.43,"[""CELL_006"", ""CELL_000"", ""CELL_001""]",-96.44,0
140,UE_0022,CELL_002,283.85,611.66,28.9,81.43,"[""CELL_003"", ""CELL_004"", ""CELL_005""]",-86.34,0
145,UE_0022,CELL_002,284.28,614.52,28.9,81.43,"[""CELL_003"", ""CELL_004"", ""CELL_005""]",-103.58,0
150,UE_0022,CELL_002,284.71,617.37,28.9,81.43,"[""CELL_003"", ""CELL_004"", ""CELL_005""]",-97.58,0
155,UE_0022,CELL_002,285.14,620.23,28.9,81.43,"[""CELL_003"", ""CELL_004"", ""CELL_005""]",-105.56,0
160,UE_0022,CELL_002,285.57,623.09,28.9,81.43,"[""CELL_003"", ""CELL_004"", ""CELL_005""]",-101.61,0
165,UE_0022,CELL_004,286.0,625.95,28.9,81.43,"[""CELL_005"", ""CELL_006"", ""CELL_000""]",-103.54,0
170,UE_0022,CELL_004,286.44,628.81,28.9,81.43,"[""CELL_005"", ""CELL_006"", ""CELL_000""]",-96.5,0
175,UE_0022,CELL_004,286.87,631.66,28.9,81.43,"[""CELL_005"", ""CELL_006"", ""CELL_000""]",-92.8,0
180,UE_0022,CELL_004,287.3,634.52,28.9,81.43,"[""CELL_005"", ""CELL_006"", ""CELL_000""]",-84.63,0
185,UE_0022,CELL_004,287.73,637.38,28.9,81.43,"[""CELL_005"", ""CELL_006"", ""CELL_000""]",-100.29,0
190,UE_0022,CELL_004,288.16,640.24,28.9,81.43,"[""CELL_005"", ""CELL_006"", ""CELL_000""]",-113.16,0
195,UE_0022,CELL_004,288.59,643.09,28.9,81.43,"[""CELL_005"", ""CELL_006"", ""CELL_000""]",-86.16,0
200,UE_0022,CELL_004,289.02,645.95,28.9,81.43,"[""CELL_005"", ""CELL_006"", ""CELL_000""]",-101.93,0
205,UE_0022,CELL_004,289.45,648.81,28.9,81.43,"[""CELL_005"", ""CELL_006"", ""CELL_000""]",-96.74,0
210,UE_0022,CELL_004,289.88,651.67,28.9,81.43,"[""CELL_005"", ""CELL_006"", ""CELL_000""]",-113.8,0
215,UE_0022,CELL_004,290.31,654.52,28.9,81.43,"[""CELL_005"", ""CELL_006"", ""CELL_000""]",-91.16,0
220,UE_0022,CELL_004,290.74,657.38,28.9,81.43,"[""CELL_005"", ""CELL_006"", ""CELL_000""]",-84.47,0
225,UE_0022,CELL_004,291.17,660.24,28.9,81.43,"[""CELL_005"", ""CELL_006"", ""CELL_000""]",-104.47,0
230,UE_0022,CELL_004,291.61,663.1,28.9,81.43,"[""CELL_005"", ""CELL_006"", ""CELL_000""]",-71.0,0
235,UE_0022,CELL_004,292.04,665.95,28.9,81.43,"[""CELL_005"", ""CELL_006"", ""CELL_000""]",-86.47,0
240,UE_0022,CELL_004,292.47,668.81,28.9,81.43,"[""CELL_005"", ""CELL_006"", ""CELL_000""]",-92.29,0
245,UE_0022,CELL_004,292.9,671.67,28.9,81.43,"[""CELL_005"", ""CELL_006"", ""CELL_000""]",-109.47,0
250,UE_0022,CELL_004,293.33,674.53,28.9,81.43,"[""CELL_005"", ""CELL_006"", ""CELL_000""]",-109.43,0
255,UE_0022,CELL_004,293.76,677.39,28.9,81.43,"[""CELL_005"", ""CELL_006"", ""CELL_000""]",-79.21,0
260,UE_0022,CELL_004,294.19,680.24,28.9,81.43,"[""CELL_005"", ""CELL_006"", ""CELL_000""]",-94.09,0
265,UE_0022,CELL_004,294.62,683.1,28.9,81.43,"[""CELL_005"", ""CELL_006"", ""CELL_000""]",-105.45,0
270,UE_0022,CELL_004,295.05,685.96,28.9,81.43,"[""CELL_005"", ""CELL_006"", ""CELL_000""]",-88.02,0
275,UE_0022,CELL_004,295.48,688.82,28.9,81.43,"[""CELL_005"", ""CELL_006"", ""CELL_000""]",-93.83,0
280,UE_0022,CELL_004,295.91,691.67,5.92,97.33,"[""CELL_005"", ""CELL_006"", ""CELL_000""]",-90.24,0
285,UE_0022,CELL_004,295.84,692.26,5.92,97.33,"[""CELL_005"", ""CELL_006"", ""CELL_000""]",-91.13,0
290,UE_0022,CELL_004,295.76,692.85,5.92,97.33,"[""CELL_005"", ""CELL_006"", ""CELL_000""]",-85.43,0
295,UE_0022,CELL_004,295.69,693.44,5.92,97.33,"[""CELL_005"", ""CELL_006"", ""CELL_000""]",-93.7,0
300,UE_0022,CELL_004,295.61,694.02,5.92,97.33,"[""CELL_005"", ""CELL_006"", ""CELL_000""]",-107.02,0
305,UE_0022,CELL_004,295.54,694.61,5.92,97.33,"[""CELL_005"", ""CELL_006"", ""CELL_000""]",-104.05,1
310,UE_0022,CELL_004,295.46,695.2,5.92,97.33,"[""CELL_005"", ""CELL_006"", ""CELL_000""]",-96.83,0
315,UE_0022,CELL_004,295.38,695.78,5.92,97.33,"[""CELL_005"", ""CELL_006"", ""CELL_000""]",-86.97,0
320,UE_0022,CELL_004,295.31,696.37,5.92,97.33,"[""CELL_005"", ""CELL_006"", ""CELL_000""]",-109.7,0
325,UE_0022,CELL_004,295.23,696.96,5.92,97.33,"[""CELL_005"", ""CELL_006"", ""CELL_000""]",-72.45,0
330,UE_0022,CELL_001,295.16,697.55,5.92,97.33,"[""CELL_002"", ""CELL_003"", ""CELL_004""]",-103.14,0
335,UE_0022,CELL_001,295.08,698.13,5.92,97.33,"[""CELL_002"", ""CELL_003"", ""CELL_004""]",-91.78,0
340,UE_0022,CELL_001,295.01,698.72,5.92,97.33,"[""CELL_002"", ""CELL_003"", ""CELL_004""]",-117.93,0
345,UE_0022,CELL_001,294.93,699.31,5.92,97.33,"[""CELL_002"", ""CELL_003"", ""CELL_004""]",-98.88,0
350,UE_0022,CELL_001,294.86,699.89,5.92,97.33,"[""CELL_002"", ""CELL_003"", ""CELL_004""]",-102.2,1
355,UE_0022,CELL_001,294.78,700.48,5.92,97.33,"[""CELL_002"", ""CELL_003"", ""CELL_004""]",-81.8,0
360,UE_0022,CELL_001,294.71,701.07,5.92,97.33,"[""CELL_002"", ""CELL_003"", ""CELL_004""]",-93.76,0
365,UE_0022,CELL_001,294.63,701.66,5.92,97.33,"[""CELL_002"", ""CELL_003"", ""CELL_004""]",-106.97,0
370,UE_0022,CELL_001,294.55,702.24,5.92,97.33,"[""CELL_002"", ""CELL_003"", ""CELL_004""]",-79.8,0
375,UE_0022,CELL_001,294.48,702.83,5.92,97.33,"[""CELL_002"", ""CELL_003"", ""CELL_004""]",-84.62,0
380,UE_0022,CELL_001,294.4,703.42,5.92,97.33,"[""CELL_002"", ""CELL_003"", ""CELL_004""]",-86.12,0
385,UE_0022,CELL_001,294.33,704.0,5.92,97.33,"[""CELL_002"", ""CELL_003"", ""CELL_004""]",-81.33,0
390,UE_0022,CELL_001,294.25,704.59,5.92,97.33,"[""CELL_002"", ""CELL_003"", ""CELL_004""]",-68.81,0
395,UE_0022,CELL_001,294.18,705.18,5.92,97.33,"[""CELL_002"", ""CELL_003"", ""CELL_004""]",-86.52,0
400,UE_0022,CELL_005,294.1,705.77,5.92,97.33,"[""CELL_006"", ""CELL_000"", ""CELL_001""]",-83.43,0
405,UE_0022,CELL_005,294.03,706.35,5.92,97.33,"[""CELL_006"", ""CELL_000"", ""CELL_001""]",-86.31,0
410,UE_0022,CELL_005,293.95,706.94,5.92,97.33,"[""CELL_006"", ""CELL_000"", ""CELL_001""]",-90.88,0
415,UE_0022,CELL_005,293.87,707.53,5.92,97.33,"[""CELL_006"", ""CELL_000"", ""CELL_001""]",-104.6,0
420,UE_0022,CELL_005,293.8,708.11,5.92,97.33,"[""CELL_006"", ""CELL_000"", ""CELL_001""]",-93.39,0
425,UE_0022,CELL_005,293.72,708.7,5.92,97.33,"[""CELL_006"", ""CELL_000"", ""CELL_001""]",-99.64,0
430,UE_0022,CELL_005,293.65,709.29,5.92,97.33,"[""CELL_006"", ""CELL_000"", ""CELL_001""]",-94.05,0
435,UE_0022,CELL_005,293.57,709.88,5.92,97.33,"[""CELL_006"", ""CELL_000"", ""CELL_001""]",-85.01,0
440,UE_0022,CELL_005,293.5,710.46,5.92,97.33,"[""CELL_006"", ""CELL_000"", ""CELL_001""]",-77.54,0
445,UE_0022,CELL_005,293.42,711.05,5.92,97.33,"[""CELL_006"", ""CELL_000"", ""CELL_001""]",-89.74,0
450,UE_0022,CELL_005,293.35,711.64,5.92,97.33,"[""CELL_006"", ""CELL_000"", ""CELL_001""]",-91.69,0
455,UE_0022,CELL_001,293.27,712.22,5.92,97.33,"[""CELL_002"", ""CELL_003"", ""CELL_004""]",-81.25,0
460,UE_0022,CELL_001,293.2,712.81,5.92,97.33,"[""CELL_002"", ""CELL_003"", ""CELL_004""]",-103.21,1
465,UE_0022,CELL_001,293.12,713.4,5.92,97.33,"[""CELL_002"", ""CELL_003"", ""CELL_004""]",-85.97,0
470,UE_0022,CELL_001,293.04,713.99,5.92,97.33,"[""CELL_002"", ""CELL_003"", ""CELL_004""]",-90.49,0
475,UE_0022,CELL_001,292.97,714.57,5.92,97.33,"[""CELL_002"", ""CELL_003"", ""CELL_004""]",-93.35,0
480,UE_0022,CELL_001,292.89,715.16,5.92,97.33,"[""CELL_002"", ""CELL_003"", ""CELL_004""]",-101.22,0
485,UE_0022,CELL_001,292.82,715.75,5.92,97.33,"[""CELL_002"", ""CELL_003"", ""CELL_004""]",-95.44,0
490,UE_0022,CELL_001,292.74,716.34,5.92,97.33,"[""CELL_002"", ""CELL_003"", ""CELL_004""]",-87.4,0
495,UE_0022,CELL_001,292.67,716.92,5.92,97.33,"[""CELL_002"", ""CELL_003"", ""CELL_004""]",-96.58,0
0,UE_0023,CELL_003,884.79,801.72,28.89,27.7,"[""CELL_004"", ""CELL_005"", ""CELL_006""]",-87.8,0
5,UE_0023,CELL_003,887.35,803.06,28.89,27.7,"[""CELL_004"", ""CELL_005"", ""CELL_006""]",-90.62,0
10,UE_0023,CELL_003,889.91,804.4,23.87,-49.54,"[""CELL_004"", ""CELL_005"", ""CELL_006""]",-93.06,0
15,UE_0023,CELL_003,891.46,802.59,23.87,-49.54,"[""CELL_004"", ""CELL_005"", ""CELL_006""]",-102.21,0
20,UE_0023,CELL_003,893.01,800.77,23.87,-49.54,"[""CELL_004"", ""CELL_005"", ""CELL_006""]",-92.31,0
25,UE_0023,CELL_003,894.55,798.95,23.87,-49.54,"[""CELL_004"", ""CELL_005"", ""CELL_006""]",-99.86,0
30,UE_0023,CELL_003,896.1,797.14,23.87,-49.54,"[""CELL_004"", ""CELL_005"", ""CELL_006""]",-98.48,0
35,UE_0023,CELL_003,897.65,795.32,23.87,-49.54,"[""CELL_004"", ""CELL_005"", ""CELL_006""]",-97.05,0
40,UE_0023,CELL_003,899.2,793.51,23.87,-49.54,"[""CELL_004"", ""CELL_005"", ""CELL_006""]",-90.53,0
45,UE_0023,CELL_003,900.75,791.69,23.87,-49.54,"[""CELL_004"", ""CELL_005"", ""CELL_006""]",-87.92,0
50,UE_0023,CELL_003,902.3,789.87,23.87,-49.54,"[""CELL_004"", ""CELL_005"", ""CELL_006""]",-101.15,0
55,UE_0023,CELL_003,903.85,788.06,23.87,-49.54,"[""CELL_004"", ""CELL_005"", ""CELL_006""]",-108.75,0
60,UE_0023,CELL_003,905.4,786.24,23.87,-49.54,"[""CELL_004"", ""CELL_005"", ""CELL_006""]",-80.82,0
65,UE_0023,CELL_003,906.94,784.42,23.87,-49.54,"[""CELL_004"", ""CELL_005"", ""CELL_006""]",-95.14,0
70,UE_0023,CELL_003,908.49,782.61,23.87,-49.54,"[""CELL_004"", ""CELL_005"", ""CELL_006""]",-98.67,0
75,UE_0023,CELL_003,910.04,780.79,23.87,-49.54,"[""CELL_004"", ""CELL_005"", ""CELL_006""]",-80.22,0
80,UE_0023,CELL_003,911.59,778.98,23.87,-49.54,"[""CELL_004"", ""CELL_005"", ""CELL_006""]",-111.19,0
85,UE_0023,CELL_003,913.14,777.16,23.87,-49.54,"[""CELL_004"", ""CELL_005"", ""CELL_006""]",-108.53,0
90,UE_0023,CELL_003,914.69,775.34,23.87,-49.54,"[""CELL_004"", ""CELL_005"", ""CELL_006""]",-104.35,0
95,UE_0023,CELL_003,916.24,773.53,23.87,-49.54,"[""CELL_004"", ""CELL_005"", ""CELL_006""]",-84.48,1
100,UE_0023,CELL_000,917.79,771.71,23.87,-49.54,"[""CELL_001"", ""CELL_002"", ""CELL_003""]",-99.19,0
105,UE_0023,CELL_000,919.33,769.9,23.87,-49.54,"[""CELL_001"", ""CELL_002"", ""CELL_003""]",-103.8,0
110,UE_0023,CELL_003,920.88,768.08,23.87,-49.54,"[""CELL_004"", ""CELL_005"", ""CELL_006""]",-91.64,0
115,UE_0023,CELL_003,922.43,766.26,23.87,-49.54,"[""CELL_004"", ""CELL_005"", ""CELL_006""]",-112.01,0
120,UE_0023,CELL_003,923.98,764.45,23.87,-49.54,"[""CELL_004"", ""CELL_005"", ""CELL_006""]",-95.94,0
125,UE_0023,CELL_003,925.53,762.63,23.87,-49.54,"[""CELL_004"", ""CELL_005"", ""CELL_006""]",-85.41,0
130,UE_0023,CELL_003,927.08,760.81,23.87,-49.54,"[""CELL_004"", ""CELL_005"", ""CELL_006""]",-96.31,0
135,UE_0023,CELL_006,928.63,759.0,23.87,-49.54,"[""CELL_000"", ""CELL_001"", ""CELL_002""]",-105.04,0
140,UE_0023,CELL_006,930.18,757.18,23.87,-49.54,"[""CELL_000"", ""CELL_001"", ""CELL_002""]",-105.86,0
145,UE_0023,CELL_006,931.72,755.37,23.87,-49.54,"[""CELL_000"", ""CELL_001"", ""CELL_002""]",-71.39,0
150,UE_0023,CELL_006,933.27,753.55,23.87,-49.54,"[""CELL_000"", ""CELL_001"", ""CELL_002""]",-103.2,0
155,UE_0023,CELL_006,934.82,751.73,23.87,-49.54,"[""CELL_000"", ""CELL_001"", ""CELL_002""]",-91.17,0
160,UE_0023,CELL_006,936.37,749.92,23.87,-49.54,"[""CELL_000"", ""CELL_001"", ""CELL_002""]",-84.82,0
165,UE_0023,CELL_006,937.92,748.1,23.87,-49.54,"[""CELL_000"", ""CELL_001"", ""CELL_002""]",-107.2,0
170,UE_0023,CELL_006,939.47,746.28,23.87,-49.54,"[""CELL_000"", ""CELL_001"", ""CELL_002""]",-114.24,0
175,UE_0023,CELL_006,941.02,744.47,23.87,-49.54,"[""CELL_000"", ""CELL_001"", ""CELL_002""]",-89.19,0
180,UE_0023,CELL_006,942.57,742.65,23.87,-49.54,"[""CELL_000"", ""CELL_001"", ""CELL_002""]",-87.69,0
185,UE_0023,CELL_006,944.11,740.84,23.87,-49.54,"[""CELL_000"", ""CELL_001"", ""CELL_002""]",-100.36,0
190,UE_0023,CELL_006,945.66,739.02,23.87,-49.54,"[""CELL_000"", ""CELL_001"", ""CELL_002""]",-92.4,0
195,UE_0023,CELL_006,947.21,737.2,23.87,-49.54,"[""CELL_000"", ""CELL_001"", ""CELL_002""]",-95.84,0
200,UE_0023,CELL_006,948.76,735.39,23.87,-49.54,"[""CELL_000"", ""CELL_001"", ""CELL_002""]",-90.71,0
205,UE_0023,CELL_006,950.31,733.57,23.87,-49.54,"[""CELL_000"", ""CELL_001"", ""CELL_002""]",-102.77,0
210,UE_0023,CELL_006,951.86,731.76,23.87,-49.54,"[""CELL_000"", ""CELL_001"", ""CELL_002""]",-93.94,0
215,UE_0023,CELL_006,953.41,729.94,23.87,-49.54,"[""CELL_000"", ""CELL_001"", ""CELL_002""]",-81.99,0
220,UE_0023,CELL_006,954.96,728.12,23.87,-49.54,"[""CELL_000"", ""CELL_001"", ""CELL_002""]",-113.02,0
225,UE_0023,CELL_006,956.5,726.31,23.87,-49.54,"[""CELL_000"", ""CELL_001"", ""CELL_002""]",-91.67,0
230,UE_0023,CELL_006,958.05,724.49,23.87,-49.54,"[""CELL_000"", ""CELL_001"", ""CELL_002""]",-104.91,0
235,UE_0023,CELL_006,959.6,722.67,23.87,-49.54,"[""CELL_000"", ""CELL_001"", ""CELL_002""]",-90.45,0
240,UE_0023,CELL_006,961.15,720.86,23.87,-49.54,"[""CELL_000"", ""CELL_001"", ""CELL_002""]",-93.7,0
245,UE_0023,CELL_006,962.7,719.04,23.87,-49.54,"[""CELL_000"", ""CELL_001"", ""CELL_002""]",-91.21,0
250,UE_0023,CELL_006,964.25,717.23,23.87,-49.54,"[""CELL_000"", ""CELL_001"", ""CELL_002""]",-115.26,0
255,UE_0023,CELL_006,965.8,715.41,23.87,-49.54,"[""CELL_000"", ""CELL_001"", ""CELL_002""]",-83.79,0
260,UE_0023,CELL_006,967.35,713.59,23.87,-49.54,"[""CELL_000"", ""CELL_001"", ""CELL_002""]",-101.35,0
265,UE_0023,CELL_006,968.9,711.78,23.87,-49.54,"[""CELL_000"", ""CELL_001"", ""CELL_002""]",-96.71,0
270,UE_0023,CELL_006,970.44,709.96,23.87,-49.54,"[""CELL_000"", ""CELL_001"", ""CELL_002""]",-98.0,0
275,UE_0023,CELL_006,971.99,708.14,23.87,-49.54,"[""CELL_000"", ""CELL_001"", ""CELL_002""]",-85.17,0
280,UE_0023,CELL_006,973.54,706.33,23.87,-49.54,"[""CELL_000"", ""CELL_001"", ""CELL_002""]",-99.08,0
285,UE_0023,CELL_006,975.09,704.51,23.87,-49.54,"[""CELL_000"", ""CELL_001"", ""CELL_002""]",-90.42,0
290,UE_0023,CELL_006,976.64,702.7,23.87,-49.54,"[""CELL_000"", ""CELL_001"", ""CELL_002""]",-99.07,0
295,UE_0023,CELL_006,978.19,700.88,23.87,-49.54,"[""CELL_000"", ""CELL_001"", ""CELL_002""]",-92.8,0
300,UE_0023,CELL_006,979.74,699.06,23.87,-49.54,"[""CELL_000"", ""CELL_001"", ""CELL_002""]",-75.75,0
305,UE_0023,CELL_006,981.29,697.25,23.87,-49.54,"[""CELL_000"", ""CELL_001"", ""CELL_002""]",-106.26,0
310,UE_0023,CELL_006,982.83,695.43,23.87,-49.54,"[""CELL_000"", ""CELL_001"", ""CELL_002""]",-113.35,0
315,UE_0023,CELL_006,984.38,693.61,23.87,-49.54,"[""CELL_000"", ""CELL_001"", ""CELL_002""]",-103.59,0
320,UE_0023,CELL_006,985.93,691.8,23.87,-49.54,"[""CELL_000"", ""CELL_001"", ""CELL_002""]",-88.74,0
325,UE_0023,CELL_006,987.48,689.98,23.87,-49.54,"[""CELL_000"", ""CELL_001"", ""CELL_002""]",-105.25,0
330,UE_0023,CELL_006,989.03,688.17,23.87,-49.54,"[""CELL_000"", ""CELL_001"", ""CELL_002""]",-92.57,0
335,UE_0023,CELL_006,990.58,686.35,23.87,-49.54,"[""CELL_000"", ""CELL_001"", ""CELL_002""]",-102.14,0
340,UE_0023,CELL_006,992.13,684.53,23.87,-49.54,"[""CELL_000"", ""CELL_001"", ""CELL_002""]",-102.35,0
345,UE_0023,CELL_006,993.68,682.72,23.87,-49.54,"[""CELL_000"", ""CELL_001"", ""CELL_002""]",-98.78,0
350,UE_0023,CELL_006,995.22,680.9,23.87,-49.54,"[""CELL_000"", ""CELL_001"", ""CELL_002""]",-84.49,0
355,UE_0023,CELL_006,996.77,679.09,23.87,-49.54,"[""CELL_000"", ""CELL_001"", ""CELL_002""]",-75.19,0
360,UE_0023,CELL_006,998.32,677.27,23.87,-49.54,"[""CELL_000"", ""CELL_001"", ""CELL_002""]",-106.4,0
365,UE_0023,CELL_006,999.87,675.45,23.87,-49.54,"[""CELL_000"", ""CELL_001"", ""CELL_002""]",-86.39,0
370,UE_0023,CELL_006,1001.42,673.64,23.87,-49.54,"[""CELL_000"", ""CELL_001"", ""CELL_002""]",-86.06,0
375,UE_0023,CELL_006,1002.97,671.82,23.87,-49.54,"[""CELL_000"", ""CELL_001"", ""CELL_002""]",-93.74,0
380,UE_0023,CELL_006,1004.52,670.0,23.87,-49.54,"[""CELL_000"", ""CELL_001"", ""CELL_002""]",-103.19,0
385,UE_0023,CELL_006,1006.07,668.19,23.87,-49.54,"[""CELL_000"", ""CELL_001"", ""CELL_002""]",-93.79,0
390,UE_0023,CELL_006,1007.61,666.37,23.87,-49.54,"[""CELL_000"", ""CELL_001"", ""CELL_002""]",-78.13,0
395,UE_0023,CELL_006,1009.16,664.56,23.87,-49.54,"[""CELL_000"", ""CELL_001"", ""CELL_002""]",-93.66,0
400,UE_0023,CELL_006,1010.71,662.74,23.87,-49.54,"[""CELL_000"", ""CELL_001"", ""CELL_002""]",-93.42,0
405,UE_0023,CELL_006,1012.26,660.92,23.87,-49.54,"[""CELL_000"", ""CELL_001"", ""CELL_002""]",-100.7,0
410,UE_0023,CELL_006,1013.81,659.11,23.87,-49.54,"[""CELL_000"", ""CELL_001"", ""CELL_002""]",-108.65,0
415,UE_0023,CELL_006,1015.36,657.29,23.87,-49.54,"[""CELL_000"", ""CELL_001"", ""CELL_002""]",-104.91,0
420,UE_0023,CELL_006,1016.91,655.47,23.87,-49.54,"[""CELL_000"", ""CELL_001"", ""CELL_002""]",-94.61,0
425,UE_0023,CELL_006,1018.46,653.66,23.87,-49.54,"[""CELL_000"", ""CELL_001"", ""CELL_002""]",-102.2,0
430,UE_0023,CELL_006,1020.0,651.84,23.87,-49.54,"[""CELL_000"", ""CELL_001"", ""CELL_002""]",-109.81,0
435,UE_0023,CELL_006,1021.55,650.03,23.87,-49.54,"[""CELL_000"", ""CELL_001"", ""CELL_002""]",-89.66,0
440,UE_0023,CELL_006,1023.1,648.21,23.87,-49.54,"[""CELL_000"", ""CELL_001"", ""CELL_002""]",-93.77,0
445,UE_0023,CELL_006,1024.65,646.39,23.87,-49.54,"[""CELL_000"", ""CELL_001"", ""CELL_002""]",-102.69,1
450,UE_0023,CELL_006,1026.2,644.58,23.87,-49.54,"[""CELL_000"", ""CELL_001"", ""CELL_002""]",-89.31,0
455,UE_0023,CELL_006,1027.75,642.76,23.87,-49.54,"[""CELL_000"", ""CELL_001"", ""CELL_002""]",-96.72,0
460,UE_0023,CELL_006,1029.3,640.94,23.87,-49.54,"[""CELL_000"", ""CELL_001"", ""CELL_002""]",-110.88,0
465,UE_0023,CELL_006,1030.85,639.13,23.87,-49.54,"[""CELL_000"", ""CELL_001"", ""CELL_002""]",-107.78,0
470,UE_0023,CELL_006,1032.39,637.31,23.87,-49.54,"[""CELL_000"", ""CELL_001"", ""CELL_002""]",-93.97,1
475,UE_0023,CELL_006,1033.94,635.5,23.87,-49.54,"[""CELL_000"", ""CELL_001"", ""CELL_002""]",-100.02,0
480,UE_0023,CELL_006,1035.49,633.68,23.87,-49.54,"[""CELL_000"", ""CELL_001"", ""CELL_002""]",-94.12,0
485,UE_0023,CELL_006,1037.04,631.86,23.87,-49.54,"[""CELL_000"", ""CELL_001"", ""CELL_002""]",-103.55,0
490,UE_0023,CELL_006,1038.59,630.05,23.87,-49.54,"[""CELL_000"", ""CELL_001"", ""CELL_002""]",-84.09,0
495,UE_0023,CELL_006,1040.14,628.23,23.87,-49.54,"[""CELL_000"", ""CELL_001"", ""CELL_002""]",-88.03,0
0,UE_0024,CELL_003,124.45,513.93,12.89,-6.52,"[""CELL_004"", ""CELL_005"", ""CELL_006""]",-92.16,0
5,UE_0024,CELL_003,125.73,513.78,12.89,-6.52,"[""CELL_004"", ""CELL_005"", ""CELL_006""]",-111.04,0
10,UE_0024,CELL_003,127.01,513.64,12.89,-6.52,"[""CELL_004"", ""CELL_005"", ""CELL_006""]",-96.89,0
15,UE_0024,CELL_003,128.29,513.49,12.89,-6.52,"[""CELL_004"", ""CELL_005"", ""CELL_006""]",-98.25,0
20,UE_0024,CELL_003,129.57,513.35,12.89,-6.52,"[""CELL_004"", ""CELL_005"", ""CELL_006""]",-92.98,0
25,UE_0024,CELL_003,130.85,513.2,12.89,-6.52,"[""CELL_004"", ""CELL_005"", ""CELL_006""]",-93.39,0
30,UE_0024,CELL_003,132.13,513.05,12.89,-6.52,"[""CELL_004"", ""CELL_005"", ""CELL_006""]",-93.22,0
35,UE_0024,CELL_003,133.41,512.91,12.89,-6.52,"[""CELL_004"", ""CELL_005"", ""CELL_006""]",-83.59,0
40,UE_0024,CELL_003,134.7,512.76,12.89,-6.52,"[""CELL_004"", ""CELL_005"", ""CELL_006""]",-86.36,0
45,UE_0024,CELL_003,135.98,512.61,12.89,-6.52,"[""CELL_004"", ""CELL_005"", ""CELL_006""]",-84.96,0
50,UE_0024,CELL_003,137.26,512.47,12.89,-6.52,"[""CELL_004"", ""CELL_005"", ""CELL_006""]",-97.19,0
55,UE_0024,CELL_003,138.54,512.32,12.89,-6.52,"[""CELL_004"", ""CELL_005"", ""CELL_006""]",-87.8,0
60,UE_0024,CELL_003,139.82,512.17,12.89,-6.52,"[""CELL_004"", ""CELL_005"", ""CELL_006""]",-83.88,0
65,UE_0024,CELL_003,141.1,512.03,12.89,-6.52,"[""CELL_004"", ""CELL_005"", ""CELL_006""]",-92.57,0
70,UE_0024,CELL_003,142.38,511.88,12.89,-6.52,"[""CELL_004"", ""CELL_005"", ""CELL_006""]",-111.06,0
75,UE_0024,CELL_003,143.66,511.74,12.89,-6.52,"[""CELL_004"", ""CELL_005"", ""CELL_006""]",-91.52,0
80,UE_0024,CELL_003,144.94,511.59,12.89,-6.52,"[""CELL_004"", ""CELL_005"", ""CELL_006""]",-89.02,0
85,UE_0024,CELL_003,146.22,511.44,12.89,-6.52,"[""CELL_004"", ""CELL_005"", ""CELL_006""]",-89.08,0
90,UE_0024,CELL_003,147.5,511.3,12.89,-6.52,"[""CELL_004"", ""CELL_005"", ""CELL_006""]",-85.72,0
95,UE_0024,CELL_003,148.79,511.15,12.89,-6.52,"[""CELL_004"", ""CELL_005"", ""CELL_006""]",-85.26,0
100,UE_0024,CELL_003,150.07,511.0,12.89,-6.52,"[""CELL_004"", ""CELL_005"", ""CELL_006""]",-105.62,0
105,UE_0024,CELL_003,151.35,510.86,12.89,-6.52,"[""CELL_004"", ""CELL_005"", ""CELL_006""]",-114.05,0
110,UE_0024,CELL_003,152.63,510.71,12.89,-6.52,"[""CELL_004"", ""CELL_005"", ""CELL_006""]",-91.95,0
115,UE_0024,CELL_003,153.91,510.57,12.89,-6.52,"[""CELL_004"", ""CELL_005"", ""CELL_006""]",-91.93,1
120,UE_0024,CELL_003,155.19,510.42,12.89,-6.52,"[""CELL_004"", ""CELL_005"", ""CELL_006""]",-99.98,0
125,UE_0024,CELL_003,156.47,510.27,12.89,-6.52,"[""CELL_004"", ""CELL_005"", ""CELL_006""]",-79.36,0
130,UE_0024,CELL_003,157.75,510.13,12.89,-6.52,"[""CELL_004"", ""CELL_005"", ""CELL_006""]",-91.53,0
135,UE_0024,CELL_003,159.03,509.98,12.89,-6.52,"[""CELL_004"", ""CELL_005"", ""CELL_006""]",-111.36,0
140,UE_0024,CELL_004,160.31,509.83,12.89,-6.52,"[""CELL_005"", ""CELL_006"", ""CELL_000""]",-94.87,1
145,UE_0024,CELL_004,161.6,509.69,12.89,-6.52,"[""CELL_005"", ""CELL_006"", ""CELL_000""]",-97.84,0
150,UE_0024,CELL_004,162.88,509.54,12.89,-6.52,"[""CELL_005"", ""CELL_006"", ""CELL_000""]",-100.98,0
155,UE_0024,CELL_004,164.16,509.39,12.89,-6.52,"[""CELL_005"", ""CELL_006"", ""CELL_000""]",-102.21,0
160,UE_0024,CELL_004,165.44,509.25,12.89,-6.52,"[""CELL_005"", ""CELL_006"", ""CELL_000""]",-91.3,1
165,UE_0024,CELL_004,166.72,509.1,12.89,-6.52,"[""CELL_005"", ""CELL_006"", ""CELL_000""]",-101.69,0
170,UE_0024,CELL_004,168.0,508.96,12.89,-6.52,"[""CELL_005"", ""CELL_006"", ""CELL_000""]",-96.59,0
175,UE_0024,CELL_004,169.28,508.81,12.89,-6.52,"[""CELL_005"", ""CELL_006"", ""CELL_000""]",-75.56,0
180,UE_0024,CELL_004,170.56,508.66,12.89,-6.52,"[""CELL_005"", ""CELL_006"", ""CELL_000""]",-102.54,0
185,UE_0024,CELL_004,171.84,508.52,12.89,-6.52,"[""CELL_005"", ""CELL_006"", ""CELL_000""]",-90.35,0
190,UE_0024,CELL_004,173.12,508.37,12.89,-6.52,"[""CELL_005"", ""CELL_006"", ""CELL_000""]",-103.7,1
195,UE_0024,CELL_004,174.4,508.22,12.89,-6.52,"[""CELL_005"", ""CELL_006"", ""CELL_000""]",-85.31,0
200,UE_0024,CELL_004,175.69,508.08,12.89,-6.52,"[""CELL_005"", ""CELL_006"", ""CELL_000""]",-92.25,0
205,UE_0024,CELL_006,176.97,507.93,12.89,-6.52,"[""CELL_000"", ""CELL_001"", ""CELL_002""]",-69.53,0
210,UE_0024,CELL_006,178.25,507.79,29.94,25.21,"[""CELL_000"", ""CELL_001"", ""CELL_002""]",-92.5,0
215,UE_0024,CELL_006,180.96,509.06,29.94,25.21,"[""CELL_000"", ""CELL_001"", ""CELL_002""]",-82.31,0
220,UE_0024,CELL_006,183.67,510.34,29.94,25.21,"[""CELL_000"", ""CELL_001"", ""CELL_002""]",-92.02,0
225,UE_0024,CELL_006,186.38,511.61,29.94,25.21,"[""CELL_000"", ""CELL_001"", ""CELL_002""]",-73.95,0
230,UE_0024,CELL_006,189.08,512.89,29.94,25.21,"[""CELL_000"", ""CELL_001"", ""CELL_002""]",-95.35,0
235,UE_0024,CELL_006,191.79,514.16,29.94,25.21,"[""CELL_000"", ""CELL_001"", ""CELL_002""]",-85.93,0
240,UE_0024,CELL_006,194.5,515.44,29.94,25.21,"[""CELL_000"", ""CELL_001"", ""CELL_002""]",-106.82,0
245,UE_0024,CELL_006,197.21,516.71,29.94,25.21,"[""CELL_000"", ""CELL_001"", ""CELL_002""]",-96.48,0
250,UE_0024,CELL_006,199.92,517.99,29.94,25.21,"[""CELL_000"", ""CELL_001"", ""CELL_002""]",-79.71,0
255,UE_0024,CELL_006,202.63,519.27,29.94,25.21,"[""CELL_000"", ""CELL_001"", ""CELL_002""]",-98.72,0
260,UE_0024,CELL_006,205.34,520.54,29.94,25.21,"[""CELL_000"", ""CELL_001"", ""CELL_002""]",-78.76,0
265,UE_0024,CELL_006,208.05,521.82,29.94,25.21,"[""CELL_000"", ""CELL_001"", ""CELL_002""]",-94.4,0
270,UE_0024,CELL_006,210.76,523.09,29.94,25.21,"[""CELL_000"", ""CELL_001"", ""CELL_002""]",-86.33,0
275,UE_0024,CELL_001,213.47,524.37,29.94,25.21,"[""CELL_002"", ""CELL_003"", ""CELL_004""]",-99.27,0
280,UE_0024,CELL_001,216.18,525.64,29.94,25.21,"[""CELL_002"", ""CELL_003"", ""CELL_004""]",-94.97,0
285,UE_0024,CELL_001,218.89,526.92,29.94,25.21,"[""CELL_002"", ""CELL_003"", ""CELL_004""]",-96.64,0
290,UE_0024,CELL_001,221.59,528.2,29.94,25.21,"[""CELL_002"", ""CELL_003"", ""CELL_004""]",-92.31,0
295,UE_0024,CELL_001,224.3,529.47,29.94,25.21,"[""CELL_002"", ""CELL_003"", ""CELL_004""]",-105.9,1
300,UE_0024,CELL_001,227.01,530.75,29.94,25.21,"[""CELL_002"", ""CELL_003"", ""CELL_004""]",-102.72,0
305,UE_0024,CELL_001,229.72,532.02,29.94,25.21,"[""CELL_002"", ""CELL_003"", ""CELL_004""]",-80.16,0
310,UE_0024,CELL_001,232.43,533.3,29.94,25.21,"[""CELL_002"", ""CELL_003"", ""CELL_004""]",-103.84,0
315,UE_0024,CELL_001,235.14,534.57,29.94,25.21,"[""CELL_002"", ""CELL_003"", ""CELL_004""]",-83.87,0
320,UE_0024,CELL_001,237.85,535.85,29.94,25.21,"[""CELL_002"", ""CELL_003"", ""CELL_004""]",-96.29,0
325,UE_0024,CELL_001,240.56,537.13,29.94,25.21,"[""CELL_002"", ""CELL_003"", ""CELL_004""]",-103.49,0
330,UE_0024,CELL_001,243.27,538.4,29.94,25.21,"[""CELL_002"", ""CELL_003"", ""CELL_004""]",-107.2,0
335,UE_0024,CELL_001,245.98,539.68,29.94,25.21,"[""CELL_002"", ""CELL_003"", ""CELL_004""]",-85.27,0
340,UE_0024,CELL_001,248.69,540.95,29.94,25.21,"[""CELL_002"", ""CELL_003"", ""CELL_004""]",-102.45,0
345,UE_0024,CELL_001,251.4,542.23,29.94,25.21,"[""CELL_002"", ""CELL_003"", ""CELL_004""]",-92.67,1
350,UE_0024,CELL_001,254.1,543.5,29.94,25.21,"[""CELL_002"", ""CELL_003"", ""CELL_004""]",-95.57,0
355,UE_0024,CELL_001,256.81,544.78,29.94,25.21,"[""CELL_002"", ""CELL_003"", ""CELL_004""]",-85.98,0
360,UE_0024,CELL_004,259.52,546.05,29.94,25.21,"[""CELL_005"", ""CELL_006"", ""CELL_000""]",-65.46,0
365,UE_0024,CELL_004,262.23,547.33,29.94,25.21,"[""CELL_005"", ""CELL_006"", ""CELL_000""]",-81.04,1
370,UE_0024,CELL_004,264.94,548.61,29.94,25.21,"[""CELL_005"", ""CELL_006"", ""CELL_000""]",-80.08,0
375,UE_0024,CELL_004,267.65,549.88,29.94,25.21,"[""CELL_005"", ""CELL_006"", ""CELL_000""]",-83.63,0
380,UE_0024,CELL_004,270.36,551.16,29.94,25.21,"[""CELL_005"", ""CELL_006"", ""CELL_000""]",-99.7,0
385,UE_0024,CELL_004,273.07,552.43,29.94,25.21,"[""CELL_005"", ""CELL_006"", ""CELL_000""]",-86.9,0
390,UE_0024,CELL_004,275.78,553.71,29.94,25.21,"[""CELL_005"", ""CELL_006"", ""CELL_000""]",-99.72,0
395,UE_0024,CELL_004,278.49,554.98,29.94,25.21,"[""CELL_005"", ""CELL_006"", ""CELL_000""]",-96.93,0
400,UE_0024,CELL_004,281.2,556.26,29.94,25.21,"[""CELL_005"", ""CELL_006"", ""CELL_000""]",-92.34,0
405,UE_0024,CELL_004,283.91,557.54,29.94,25.21,"[""CELL_005"", ""CELL_006"", ""CELL_000""]",-86.69,0
410,UE_0024,CELL_004,286.61,558.81,29.94,25.21,"[""CELL_005"", ""CELL_006"", ""CELL_000""]",-75.19,0
415,UE_0024,CELL_004,289.32,560.09,28.81,133.4,"[""CELL_005"", ""CELL_006"", ""CELL_000""]",-92.09,0
420,UE_0024,CELL_004,287.34,562.18,29.92,59.48,"[""CELL_005"", ""CELL_006"", ""CELL_000""]",-84.23,0
425,UE_0024,CELL_004,288.86,564.76,29.92,59.48,"[""CELL_005"", ""CELL_006"", ""CELL_000""]",-92.43,0
430,UE_0024,CELL_004,290.38,567.34,29.92,59.48,"[""CELL_005"", ""CELL_006"", ""CELL_000""]",-106.53,0
435,UE_0024,CELL_004,291.9,569.91,29.92,59.48,"[""CELL_005"", ""CELL_006"", ""CELL_000""]",-107.93,0
440,UE_0024,CELL_004,293.42,572.49,29.92,59.48,"[""CELL_005"", ""CELL_006"", ""CELL_000""]",-85.25,0
445,UE_0024,CELL_004,294.94,575.07,29.92,59.48,"[""CELL_005"", ""CELL_006"", ""CELL_000""]",-87.75,0
450,UE_0024,CELL_004,296.46,577.64,29.92,59.48,"[""CELL_005"", ""CELL_006"", ""CELL_000""]",-120.69,0
455,UE_0024,CELL_004,297.98,580.22,29.92,59.48,"[""CELL_005"", ""CELL_006"", ""CELL_000""]",-90.87,0
460,UE_0024,CELL_004,299.5,582.8,29.92,59.48,"[""CELL_005"", ""CELL_006"", ""CELL_000""]",-90.6,0
465,UE_0024,CELL_004,301.02,585.38,29.92,59.48,"[""CELL_005"", ""CELL_006"", ""CELL_000""]",-92.25,1
470,UE_0024,CELL_004,302.54,587.95,29.92,59.48,"[""CELL_005"", ""CELL_006"", ""CELL_000""]",-71.68,0
475,UE_0024,CELL_004,304.06,590.53,29.92,59.48,"[""CELL_005"", ""CELL_006"", ""CELL_000""]",-110.88,0
480,UE_0024,CELL_004,305.58,593.11,29.92,59.48,"[""CELL_005"", ""CELL_006"", ""CELL_000""]",-96.11,0
485,UE_0024,CELL_004,307.09,595.69,29.92,59.48,"[""CELL_005"", ""CELL_006"", ""CELL_000""]",-92.08,0
490,UE_0024,CELL_004,308.61,598.26,29.92,59.48,"[""CELL_005"", ""CELL_006"", ""CELL_000""]",-96.39,0
495,UE_0024,CELL_004,310.13,600.84,29.92,59.48,"[""CELL_005"", ""CELL_006"", ""CELL_000""]",-94.77,0
0,UE_0025,CELL_001,179.81,538.63,27.74,25.37,"[""CELL_002"", ""CELL_003"", ""CELL_004""]",-99.19,0
5,UE_0025,CELL_001,182.31,539.82,27.74,25.37,"[""CELL_002"", ""CELL_003"", ""CELL_004""]",-89.31,0
10,UE_0025,CELL_001,184.82,541.01,27.74,25.37,"[""CELL_002"", ""CELL_003"", ""CELL_004""]",-84.96,0
15,UE_0025,CELL_001,187.33,542.2,27.74,25.37,"[""CELL_002"", ""CELL_003"", ""CELL_004""]",-82.36,0
20,UE_0025,CELL_001,189.83,543.38,27.74,25.37,"[""CELL_002"", ""CELL_003"", ""CELL_004""]",-101.29,0
25,UE_0025,CELL_001,192.34,544.57,27.74,25.37,"[""CELL_002"", ""CELL_003"", ""CELL_004""]",-106.21,0
30,UE_0025,CELL_001,194.84,545.76,27.74,25.37,"[""CELL_002"", ""CELL_003"", ""CELL_004""]",-97.57,0
35,UE_0025,CELL_001,197.35,546.95,27.74,25.37,"[""CELL_002"", ""CELL_003"", ""CELL_004""]",-111.57,0
40,UE_0025,CELL_001,199.86,548.14,27.74,25.37,"[""CELL_002"", ""CELL_003"", ""CELL_004""]",-91.48,0
45,UE_0025,CELL_001,202.36,549.33,27.74,25.37,"[""CELL_002"", ""CELL_003"", ""CELL_004""]",-91.53,0
50,UE_0025,CELL_001,204.87,550.51,27.74,25.37,"[""CELL_002"", ""CELL_003"", ""CELL_004""]",-79.02,0
55,UE_0025,CELL_001,207.38,551.7,27.74,25.37,"[""CELL_002"", ""CELL_003"", ""CELL_004""]",-98.83,0
60,UE_0025,CELL_001,209.88,552.89,27.74,25.37,"[""CELL_002"", ""CELL_003"", ""CELL_004""]",-94.08,0
65,UE_0025,CELL_001,212.39,554.08,27.74,25.37,"[""CELL_002"", ""CELL_003"", ""CELL_004""]",-84.18,0
70,UE_0025,CELL_001,214.9,555.27,27.74,25.37,"[""CELL_002"", ""CELL_003"", ""CELL_004""]",-85.6,0
75,UE_0025,CELL_001,217.4,556.46,27.74,25.37,"[""CELL_002"", ""CELL_003"", ""CELL_004""]",-105.92,0
80,UE_0025,CELL_001,219.91,557.64,27.74,25.37,"[""CELL_002"", ""CELL_003"", ""CELL_004""]",-112.38,0
85,UE_0025,CELL_001,222.41,558.83,27.74,25.37,"[""CELL_002"", ""CELL_003"", ""CELL_004""]",-89.32,0
90,UE_0025,CELL_001,224.92,560.02,27.74,25.37,"[""CELL_002"", ""CELL_003"", ""CELL_004""]",-107.33,1
95,UE_0025,CELL_001,227.43,561.21,27.74,25.37,"[""CELL_002"", ""CELL_003"", ""CELL_004""]",-75.68,0
100,UE_0025,CELL_001,229.93,562.4,27.74,25.37,"[""CELL_002"", ""CELL_003"", ""CELL_004""]",-104.49,0
105,UE_0025,CELL_001,232.44,563.59,27.74,25.37,"[""CELL_002"", ""CELL_003"", ""CELL_004""]",-87.85,0
110,UE_0025,CELL_001,234.95,564.77,27.74,25.37,"[""CELL_002"", ""CELL_003"", ""CELL_004""]",-78.92,0
115,UE_0025,CELL_001,237.45,565.96,27.74,25.37,"[""CELL_002"", ""CELL_003"", ""CELL_004""]",-97.97,0
120,UE_0025,CELL_001,239.96,567.15,13.8,84.38,"[""CELL_002"", ""CELL_003"", ""CELL_004""]",-85.71,0
125,UE_0025,CELL_001,240.09,568.52,13.8,84.38,"[""CELL_002"", ""CELL_003"", ""CELL_004""]",-99.96,0
130,UE_0025,CELL_001,240.23,569.9,13.8,84.38,"[""CELL_002"", ""CELL_003"", ""CELL_004""]",-115.56,0
135,UE_0025,CELL_001,240.36,571.27,13.8,84.38,"[""CELL_002"", ""CELL_003"", ""CELL_004""]",-85.86,0
140,UE_0025,CELL_001,240.5,572.64,13.8,84.38,"[""CELL_002"", ""CELL_003"", ""CELL_004""]",-106.22,0
145,UE_0025,CELL_002,240.63,574.02,13.8,84.38,"[""CELL_003"", ""CELL_004"", ""CELL_005""]",-106.21,0
150,UE_0025,CELL_002,240.77,575.39,13.8,84.38,"[""CELL_003"", ""CELL_004"", ""CELL_005""]",-84.53,0
155,UE_0025,CELL_002,240.9,576.76,13.8,84.38,"[""CELL_003"", ""CELL_004"", ""CELL_005""]",-100.85,0
160,UE_0025,CELL_005,241.04,578.13,13.8,84.38,"[""CELL_006"", ""CELL_000"", ""CELL_001""]",-101.23,0
165,UE_0025,CELL_005,241.17,579.51,13.8,84.38,"[""CELL_006"", ""CELL_000"", ""CELL_001""]",-108.91,0
170,UE_0025,CELL_005,241.31,580.88,13.8,84.38,"[""CELL_006"", ""CELL_000"", ""CELL_001""]",-95.17,0
175,UE_0025,CELL_005,241.44,582.25,13.8,84.38,"[""CELL_006"", ""CELL_000"", ""CELL_001""]",-85.82,0
180,UE_0025,CELL_005,241.58,583.63,13.8,84.38,"[""CELL_006"", ""CELL_000"", ""CELL_001""]",-108.93,0
185,UE_0025,CELL_001,241.71,585.0,13.8,84.38,"[""CELL_002"", ""CELL_003"", ""CELL_004""]",-108.14,0
190,UE_0025,CELL_001,241.85,586.37,13.8,84.38,"[""CELL_002"", ""CELL_003"", ""CELL_004""]",-86.76,0
195,UE_0025,CELL_001,241.98,587.75,13.8,84.38,"[""CELL_002"", ""CELL_003"", ""CELL_004""]",-85.46,0
200,UE_0025,CELL_001,242.12,589.12,13.8,84.38,"[""CELL_002"", ""CELL_003"", ""CELL_004""]",-91.68,0
205,UE_0025,CELL_001,242.25,590.49,13.8,84.38,"[""CELL_002"", ""CELL_003"", ""CELL_004""]",-101.38,0
210,UE_0025,CELL_001,242.39,591.86,13.8,84.38,"[""CELL_002"", ""CELL_003"", ""CELL_004""]",-92.13,0
215,UE_0025,CELL_001,242.52,593.24,13.8,84.38,"[""CELL_002"", ""CELL_003"", ""CELL_004""]",-92.3,0
220,UE_0025,CELL_001,242.66,594.61,13.8,84.38,"[""CELL_002"", ""CELL_003"", ""CELL_004""]",-92.69,0
225,UE_0025,CELL_001,242.79,595.98,33.23,41.67,"[""CELL_002"", ""CELL_003"", ""CELL_004""]",-101.67,0
230,UE_0025,CELL_001,245.28,598.19,33.23,41.67,"[""CELL_002"", ""CELL_003"", ""CELL_004""]",-97.04,0
235,UE_0025,CELL_001,247.76,600.4,33.23,41.67,"[""CELL_002"", ""CELL_003"", ""CELL_004""]",-95.77,0
240,UE_0025,CELL_001,250.24,602.61,33.23,41.67,"[""CELL_002"", ""CELL_003"", ""CELL_004""]",-97.16,0
245,UE_0025,CELL_001,252.72,604.82,33.23,41.67,"[""CELL_002"", ""CELL_003"", ""CELL_004""]",-86.51,1
250,UE_0025,CELL_001,255.21,607.03,33.23,41.67,"[""CELL_002"", ""CELL_003"", ""CELL_004""]",-91.2,0
255,UE_0025,CELL_001,257.69,609.24,33.23,41.67,"[""CELL_002"", ""CELL_003"", ""CELL_004""]",-103.22,0
260,UE_0025,CELL_001,260.17,611.45,33.23,41.67,"[""CELL_002"", ""CELL_003"", ""CELL_004""]",-83.99,0
265,UE_0025,CELL_001,262.65,613.66,33.23,41.67,"[""CELL_002"", ""CELL_003"", ""CELL_004""]",-95.32,0
270,UE_0025,CELL_006,265.14,615.87,33.23,41.67,"[""CELL_000"", ""CELL_001"", ""CELL_002""]",-109.58,0
275,UE_0025,CELL_006,267.62,618.08,33.23,41.67,"[""CELL_000"", ""CELL_001"", ""CELL_002""]",-109.63,0
280,UE_0025,CELL_006,270.1,620.29,33.23,41.67,"[""CELL_000"", ""CELL_001"", ""CELL_002""]",-95.05,0
285,UE_0025,CELL_006,272.58,622.5,33.23,41.67,"[""CELL_000"", ""CELL_001"", ""CELL_002""]",-93.71,0
290,UE_0025,CELL_006,275.07,624.71,33.23,41.67,"[""CELL_000"", ""CELL_001"", ""CELL_002""]",-83.96,1
295,UE_0025,CELL_006,277.55,626.92,33.23,41.67,"[""CELL_000"", ""CELL_001"", ""CELL_002""]",-95.94,0
300,UE_0025,CELL_006,280.03,629.13,33.23,41.67,"[""CELL_000"", ""CELL_001"", ""CELL_002""]",-75.95,0
305,UE_0025,CELL_006,282.51,631.34,33.23,41.67,"[""CELL_000"", ""CELL_001"", ""CELL_002""]",-111.49,0
310,UE_0025,CELL_006,285.0,633.55,33.23,41.67,"[""CELL_000"", ""CELL_001"", ""CELL_002""]",-101.71,0
315,UE_0025,CELL_006,287.48,635.76,33.23,41.67,"[""CELL_000"", ""CELL_001"", ""CELL_002""]",-78.99,1
320,UE_0025,CELL_006,289.96,637.97,33.23,41.67,"[""CELL_000"", ""CELL_001"", ""CELL_002""]",-75.04,0
325,UE_0025,CELL_006,292.44,640.18,33.23,41.67,"[""CELL_000"", ""CELL_001"", ""CELL_002""]",-97.27,0
330,UE_0025,CELL_006,294.92,642.39,33.23,41.67,"[""CELL_000"", ""CELL_001"", ""CELL_002""]",-94.91,0
335,UE_0025,CELL_006,297.41,644.6,33.23,41.67,"[""CELL_000"", ""CELL_001"", ""CELL_002""]",-98.1,0
340,UE_0025,CELL_006,299.89,646.81,33.23,41.67,"[""CELL_000"", ""CELL_001"", ""CELL_002""]",-84.3,0
345,UE_0025,CELL_006,302.37,649.02,33.23,41.67,"[""CELL_000"", ""CELL_001"", ""CELL_002""]",-96.49,0
350,UE_0025,CELL_006,304.85,651.23,33.23,41.67,"[""CELL_000"", ""CELL_001"", ""CELL_002""]",-100.57,0
355,UE_0025,CELL_006,307.34,653.44,33.23,41.67,"[""CELL_000"", ""CELL_001"", ""CELL_002""]",-87.56,0
360,UE_0025,CELL_006,309.82,655.65,33.23,41.67,"[""CELL_000"", ""CELL_001"", ""CELL_002""]",-76.97,0
365,UE_0025,CELL_006,312.3,657.86,33.23,41.67,"[""CELL_000"", ""CELL_001"", ""CELL_002""]",-91.37,0
370,UE_0025,CELL_006,314.78,660.07,33.23,41.67,"[""CELL_000"", ""CELL_001"", ""CELL_002""]",-99.06,0
375,UE_0025,CELL_006,317.27,662.28,33.23,41.67,"[""CELL_000"", ""CELL_001"", ""CELL_002""]",-91.35,0
380,UE_0025,CELL_006,319.75,664.49,33.23,41.67,"[""CELL_000"", ""CELL_001"", ""CELL_002""]",-102.26,0
385,UE_0025,CELL_006,322.23,666.7,33.23,41.67,"[""CELL_000"", ""CELL_001"", ""CELL_002""]",-79.86,0
390,UE_0025,CELL_006,324.71,668.91,33.23,41.67,"[""CELL_000"", ""CELL_001"", ""CELL_002""]",-99.28,0
395,UE_0025,CELL_006,327.2,671.12,33.23,41.67,"[""CELL_000"", ""CELL_001"", ""CELL_002""]",-100.25,0
400,UE_0025,CELL_006,329.68,673.33,33.23,41.67,"[""CELL_000"", ""CELL_001"", ""CELL_002""]",-82.43,0
405,UE_0025,CELL_006,332.16,675.54,33.23,41.67,"[""CELL_000"", ""CELL_001"", ""CELL_002""]",-108.5,0
410,UE_0025,CELL_006,334.64,677.75,33.23,41.67,"[""CELL_000"", ""CELL_001"", ""CELL_002""]",-81.16,0
415,UE_0025,CELL_006,337.13,679.96,33.23,41.67,"[""CELL_000"", ""CELL_001"", ""CELL_002""]",-78.3,0
420,UE_0025,CELL_006,339.61,682.17,33.23,41.67,"[""CELL_000"", ""CELL_001"", ""CELL_002""]",-86.73,0
425,UE_0025,CELL_006,342.09,684.38,33.23,41.67,"[""CELL_000"", ""CELL_001"", ""CELL_002""]",-98.74,0
430,UE_0025,CELL_006,344.57,686.58,33.23,41.67,"[""CELL_000"", ""CELL_001"", ""CELL_002""]",-90.6,0
435,UE_0025,CELL_006,347.06,688.79,33.23,41.67,"[""CELL_000"", ""CELL_001"", ""CELL_002""]",-79.0,0
440,UE_0025,CELL_006,349.54,691.0,33.23,41.67,"[""CELL_000"", ""CELL_001"", ""CELL_002""]",-95.6,0
445,UE_0025,CELL_006,352.02,693.21,33.23,41.67,"[""CELL_000"", ""CELL_001"", ""CELL_002""]",-106.39,0
450,UE_0025,CELL_006,354.5,695.42,33.23,41.67,"[""CELL_000"", ""CELL_001"", ""CELL_002""]",-88.11,0
455,UE_0025,CELL_006,356.99,697.63,33.23,41.67,"[""CELL_000"", ""CELL_001"", ""CELL_002""]",-97.46,0
460,UE_0025,CELL_006,359.47,699.84,33.23,41.67,"[""CELL_000"", ""CELL_001"", ""CELL_002""]",-100.62,0
465,UE_0025,CELL_006,361.95,702.05,20.88,-71.3,"[""CELL_000"", ""CELL_001"", ""CELL_002""]",-98.23,0
470,UE_0025,CELL_006,362.62,700.08,40.37,-45.65,"[""CELL_000"", ""CELL_001"", ""CELL_002""]",-98.22,0
475,UE_0025,CELL_006,365.44,697.19,40.37,-45.65,"[""CELL_000"", ""CELL_001"", ""CELL_002""]",-105.84,0
480,UE_0025,CELL_006,368.26,694.3,40.37,-45.65,"[""CELL_000"", ""CELL_001"", ""CELL_002""]",-81.98,0
485,UE_0025,CELL_006,371.08,691.42,40.37,-45.65,"[""CELL_000"", ""CELL_001"", ""CELL_002""]",-91.28,0
490,UE_0025,CELL_006,373.91,688.53,40.37,-45.65,"[""CELL_000"", ""CELL_001"", ""CELL_002""]",-100.26,0
495,UE_0025,CELL_006,376.73,685.64,40.37,-45.65,"[""CELL_000"", ""CELL_001"", ""CELL_002""]",-103.16,0
0,UE_0026,CELL_005,124.13,182.88,26.97,59.66,"[""CELL_006"", ""CELL_000"", ""CELL_001""]",-98.95,0
5,UE_0026,CELL_005,125.49,185.2,26.97,59.66,"[""CELL_006"", ""CELL_000"", ""CELL_001""]",-96.54,0
10,UE_0026,CELL_005,126.85,187.53,26.97,59.66,"[""CELL_006"", ""CELL_000"", ""CELL_001""]",-99.05,0
15,UE_0026,CELL_005,128.21,189.86,26.97,59.66,"[""CELL_006"", ""CELL_000"", ""CELL_001""]",-97.8,0
20,UE_0026,CELL_005,129.57,192.19,26.97,59.66,"[""CELL_006"", ""CELL_000"", ""CELL_001""]",-84.09,0
25,UE_0026,CELL_005,130.94,194.51,26.97,59.66,"[""CELL_006"", ""CELL_000"", ""CELL_001""]",-93.23,0
30,UE_0026,CELL_005,132.3,196.84,26.97,59.66,"[""CELL_006"", ""CELL_000"", ""CELL_001""]",-85.56,0
35,UE_0026,CELL_005,133.66,199.17,26.97,59.66,"[""CELL_006"", ""CELL_000"", ""CELL_001""]",-91.15,0
40,UE_0026,CELL_005,135.02,201.5,26.97,59.66,"[""CELL_006"", ""CELL_000"", ""CELL_001""]",-95.83,0
45,UE_0026,CELL_005,136.38,203.82,26.97,59.66,"[""CELL_006"", ""CELL_000"", ""CELL_001""]",-92.89,0
50,UE_0026,CELL_005,137.75,206.15,26.97,59.66,"[""CELL_006"", ""CELL_000"", ""CELL_001""]",-97.27,0
55,UE_0026,CELL_005,139.11,208.48,26.97,59.66,"[""CELL_006"", ""CELL_000"", ""CELL_001""]",-82.65,0
60,UE_0026,CELL_005,140.47,210.81,26.97,59.66,"[""CELL_006"", ""CELL_000"", ""CELL_001""]",-99.95,0
65,UE_0026,CELL_005,141.83,213.13,26.97,59.66,"[""CELL_006"", ""CELL_000"", ""CELL_001""]",-101.65,0
70,UE_0026,CELL_005,143.19,215.46,26.97,59.66,"[""CELL_006"", ""CELL_000"", ""CELL_001""]",-86.31,0
75,UE_0026,CELL_005,144.56,217.79,26.97,59.66,"[""CELL_006"", ""CELL_000"", ""CELL_001""]",-109.91,0
80,UE_0026,CELL_005,145.92,220.11,26.97,59.66,"[""CELL_006"", ""CELL_000"", ""CELL_001""]",-109.78,0
85,UE_0026,CELL_005,147.28,222.44,26.97,59.66,"[""CELL_006"", ""CELL_000"", ""CELL_001""]",-103.71,0
90,UE_0026,CELL_005,148.64,224.77,26.97,59.66,"[""CELL_006"", ""CELL_000"", ""CELL_001""]",-78.33,0
95,UE_0026,CELL_005,150.0,227.1,26.97,59.66,"[""CELL_006"", ""CELL_000"", ""CELL_001""]",-100.71,0
100,UE_0026,CELL_005,151.37,229.42,26.97,59.66,"[""CELL_006"", ""CELL_000"", ""CELL_001""]",-113.26,0
105,UE_0026,CELL_005,152.73,231.75,26.97,59.66,"[""CELL_006"", ""CELL_000"", ""CELL_001""]",-107.45,0
110,UE_0026,CELL_005,154.09,234.08,26.97,59.66,"[""CELL_006"", ""CELL_000"", ""CELL_001""]",-122.7,0
115,UE_0026,CELL_005,155.45,236.41,26.97,59.66,"[""CELL_006"", ""CELL_000"", ""CELL_001""]",-112.09,0
120,UE_0026,CELL_005,156.81,238.73,26.97,59.66,"[""CELL_006"", ""CELL_000"", ""CELL_001""]",-101.15,0
125,UE_0026,CELL_005,158.18,241.06,26.97,59.66,"[""CELL_006"", ""CELL_000"", ""CELL_001""]",-89.28,0
130,UE_0026,CELL_005,159.54,243.39,26.97,59.66,"[""CELL_006"", ""CELL_000"", ""CELL_001""]",-122.2,0
135,UE_0026,CELL_005,160.9,245.72,26.97,59.66,"[""CELL_006"", ""CELL_000"", ""CELL_001""]",-91.14,0
140,UE_0026,CELL_003,162.26,248.04,26.97,59.66,"[""CELL_004"", ""CELL_005"", ""CELL_006""]",-103.3,0
145,UE_0026,CELL_003,163.62,250.37,26.97,59.66,"[""CELL_004"", ""CELL_005"", ""CELL_006""]",-97.92,0
150,UE_0026,CELL_003,164.99,252.7,26.97,59.66,"[""CELL_004"", ""CELL_005"", ""CELL_006""]",-101.48,0
155,UE_0026,CELL_003,166.35,255.03,26.97,59.66,"[""CELL_004"", ""CELL_005"", ""CELL_006""]",-90.64,0
160,UE_0026,CELL_003,167.71,257.35,26.97,59.66,"[""CELL_004"", ""CELL_005"", ""CELL_006""]",-81.26,0
165,UE_0026,CELL_003,169.07,259.68,26.97,59.66,"[""CELL_004"", ""CELL_005"", ""CELL_006""]",-106.6,0
170,UE_0026,CELL_003,170.43,262.01,26.97,59.66,"[""CELL_004"", ""CELL_005"", ""CELL_006""]",-110.37,0
175,UE_0026,CELL_003,171.8,264.34,26.97,59.66,"[""CELL_004"", ""CELL_005"", ""CELL_006""]",-87.58,0
180,UE_0026,CELL_003,173.16,266.66,26.97,59.66,"[""CELL_004"", ""CELL_005"", ""CELL_006""]",-99.85,0
185,UE_0026,CELL_003,174.52,268.99,26.97,59.66,"[""CELL_004"", ""CELL_005"", ""CELL_006""]",-95.43,0
190,UE_0026,CELL_003,175.88,271.32,26.97,59.66,"[""CELL_004"", ""CELL_005"", ""CELL_006""]",-84.85,0
195,UE_0026,CELL_003,177.24,273.65,26.97,59.66,"[""CELL_004"", ""CELL_005"", ""CELL_006""]",-98.31,0
200,UE_0026,CELL_003,178.61,275.97,26.97,59.66,"[""CELL_004"", ""CELL_005"", ""CELL_006""]",-94.81,0
205,UE_0026,CELL_003,179.97,278.3,26.97,59.66,"[""CELL_004"", ""CELL_005"", ""CELL_006""]",-104.69,0
210,UE_0026,CELL_003,181.33,280.63,26.97,59.66,"[""CELL_004"", ""CELL_005"", ""CELL_006""]",-91.42,0
215,UE_0026,CELL_003,182.69,282.96,26.97,59.66,"[""CELL_004"", ""CELL_005"", ""CELL_006""]",-102.78,0
220,UE_0026,CELL_003,184.05,285.28,26.97,59.66,"[""CELL_004"", ""CELL_005"", ""CELL_006""]",-101.18,0
225,UE_0026,CELL_003,185.42,287.61,26.97,59.66,"[""CELL_004"", ""CELL_005"", ""CELL_006""]",-94.13,0
230,UE_0026,CELL_003,186.78,289.94,26.97,59.66,"[""CELL_004"", ""CELL_005"", ""CELL_006""]",-99.23,1
235,UE_0026,CELL_003,188.14,292.27,26.97,59.66,"[""CELL_004"", ""CELL_005"", ""CELL_006""]",-84.95,0
240,UE_0026,CELL_003,189.5,294.59,28.9,-37.26,"[""CELL_004"", ""CELL_005"", ""CELL_006""]",-97.51,0
245,UE_0026,CELL_003,191.8,292.84,28.9,-37.26,"[""CELL_004"", ""CELL_005"", ""CELL_006""]",-108.39,0
250,UE_0026,CELL_003,194.1,291.09,28.9,-37.26,"[""CELL_004"", ""CELL_005"", ""CELL_006""]",-83.01,0
255,UE_0026,CELL_003,196.4,289.34,28.9,-37.26,"[""CELL_004"", ""CELL_005"", ""CELL_006""]",-97.82,0
260,UE_0026,CELL_003,198.7,287.6,28.9,-37.26,"[""CELL_004"", ""CELL_005"", ""CELL_006""]",-98.71,0
265,UE_0026,CELL_003,201.0,285.85,28.9,-37.26,"[""CELL_004"", ""CELL_005"", ""CELL_006""]",-83.27,0
270,UE_0026,CELL_003,203.3,284.1,28.9,-37.26,"[""CELL_004"", ""CELL_005"", ""CELL_006""]",-86.27,1
275,UE_0026,CELL_000,205.6,282.35,28.9,-37.26,"[""CELL_001"", ""CELL_002"", ""CELL_003""]",-107.06,0
280,UE_0026,CELL_000,207.9,280.6,28.9,-37.26,"[""CELL_001"", ""CELL_002"", ""CELL_003""]",-94.48,0
285,UE_0026,CELL_000,210.2,278.85,28.9,-37.26,"[""CELL_001"", ""CELL_002"", ""CELL_003""]",-103.69,0
290,UE_0026,CELL_000,212.5,277.1,28.9,-37.26,"[""CELL_001"", ""CELL_002"", ""CELL_003""]",-93.3,0
295,UE_0026,CELL_000,214.8,275.35,28.9,-37.26,"[""CELL_001"", ""CELL_002"", ""CELL_003""]",-88.05,0
300,UE_0026,CELL_000,217.1,273.6,28.9,-37.26,"[""CELL_001"", ""CELL_002"", ""CELL_003""]",-86.95,0
305,UE_0026,CELL_000,219.4,271.85,28.9,-37.26,"[""CELL_001"", ""CELL_002"", ""CELL_003""]",-104.86,0
310,UE_0026,CELL_000,221.7,270.1,28.9,-37.26,"[""CELL_001"", ""CELL_002"", ""CELL_003""]",-107.79,0
315,UE_0026,CELL_000,224.0,268.35,28.9,-37.26,"[""CELL_001"", ""CELL_002"", ""CELL_003""]",-96.0,0
320,UE_0026,CELL_000,226.3,266.6,28.9,-37.26,"[""CELL_001"", ""CELL_002"", ""CELL_003""]",-101.65,0
325,UE_0026,CELL_000,228.6,264.85,28.9,-37.26,"[""CELL_001"", ""CELL_002"", ""CELL_003""]",-93.88,1
330,UE_0026,CELL_000,230.9,263.1,28.9,-37.26,"[""CELL_001"", ""CELL_002"", ""CELL_003""]",-97.78,0
335,UE_0026,CELL_000,233.2,261.35,28.9,-37.26,"[""CELL_001"", ""CELL_002"", ""CELL_003""]",-91.4,0
340,UE_0026,CELL_000,235.5,259.6,28.9,-37.26,"[""CELL_001"", ""CELL_002"", ""CELL_003""]",-79.98,0
345,UE_0026,CELL_000,237.8,257.85,28.9,-37.26,"[""CELL_001"", ""CELL_002"", ""CELL_003""]",-109.01,0
350,UE_0026,CELL_000,240.1,256.1,28.9,-37.26,"[""CELL_001"", ""CELL_002"", ""CELL_003""]",-100.17,0
355,UE_0026,CELL_000,242.4,254.36,28.9,-37.26,"[""CELL_001"", ""CELL_002"", ""CELL_003""]",-97.44,0
360,UE_0026,CELL_000,244.7,252.61,28.9,-37.26,"[""CELL_001"", ""CELL_002"", ""CELL_003""]",-77.42,0
365,UE_0026,CELL_000,247.0,250.86,28.9,-37.26,"[""CELL_001"", ""CELL_002"", ""CELL_003""]",-102.27,0
370,UE_0026,CELL_000,249.3,249.11,28.9,-37.26,"[""CELL_001"", ""CELL_002"", ""CELL_003""]",-106.35,1
375,UE_0026,CELL_000,251.6,247.36,28.9,-37.26,"[""CELL_001"", ""CELL_002"", ""CELL_003""]",-94.01,0
380,UE_0026,CELL_000,253.9,245.61,28.9,-37.26,"[""CELL_001"", ""CELL_002"", ""CELL_003""]",-91.79,0
385,UE_0026,CELL_000,256.2,243.86,28.9,-37.26,"[""CELL_001"", ""CELL_002"", ""CELL_003""]",-103.96,0
390,UE_0026,CELL_000,258.5,242.11,28.9,-37.26,"[""CELL_001"", ""CELL_002"", ""CELL_003""]",-105.66,0
395,UE_0026,CELL_000,260.8,240.36,28.9,-37.26,"[""CELL_001"", ""CELL_002"", ""CELL_003""]",-95.42,0
400,UE_0026,CELL_000,263.1,238.61,28.9,-37.26,"[""CELL_001"", ""CELL_002"", ""CELL_003""]",-108.82,0
405,UE_0026,CELL_000,265.4,236.86,28.9,-37.26,"[""CELL_001"", ""CELL_002"", ""CELL_003""]",-81.88,0
410,UE_0026,CELL_000,267.7,235.11,28.9,-37.26,"[""CELL_001"", ""CELL_002"", ""CELL_003""]",-92.41,0
415,UE_0026,CELL_000,270.0,233.36,28.9,-37.26,"[""CELL_001"", ""CELL_002"", ""CELL_003""]",-96.86,0
420,UE_0026,CELL_000,272.3,231.61,28.9,-37.26,"[""CELL_001"", ""CELL_002"", ""CELL_003""]",-96.05,0
425,UE_0026,CELL_000,274.6,229.86,28.9,-37.26,"[""CELL_001"", ""CELL_002"", ""CELL_003""]",-92.99,0
430,UE_0026,CELL_000,276.9,228.11,28.9,-37.26,"[""CELL_001"", ""CELL_002"", ""CELL_003""]",-96.96,0
435,UE_0026,CELL_000,279.2,226.36,28.9,-37.26,"[""CELL_001"", ""CELL_002"", ""CELL_003""]",-95.15,0
440,UE_0026,CELL_000,281.5,224.61,28.9,-37.26,"[""CELL_001"", ""CELL_002"", ""CELL_003""]",-108.3,0
445,UE_0026,CELL_000,283.8,222.86,28.9,-37.26,"[""CELL_001"", ""CELL_002"", ""CELL_003""]",-88.77,0
450,UE_0026,CELL_000,286.1,221.11,28.9,-37.26,"[""CELL_001"", ""CELL_002"", ""CELL_003""]",-91.24,0
455,UE_0026,CELL_000,288.4,219.37,28.9,-37.26,"[""CELL_001"", ""CELL_002"", ""CELL_003""]",-114.9,0
460,UE_0026,CELL_000,290.7,217.62,28.9,-37.26,"[""CELL_001"", ""CELL_002"", ""CELL_003""]",-93.31,0
465,UE_0026,CELL_000,293.0,215.87,28.9,-37.26,"[""CELL_001"", ""CELL_002"", ""CELL_003""]",-102.49,0
470,UE_0026,CELL_000,295.3,214.12,28.9,-37.26,"[""CELL_001"", ""CELL_002"", ""CELL_003""]",-77.0,0
475,UE_0026,CELL_000,297.6,212.37,28.9,-37.26,"[""CELL_001"", ""CELL_002"", ""CELL_003""]",-92.68,0
480,UE_0026,CELL_000,299.9,210.62,28.9,-37.26,"[""CELL_001"", ""CELL_002"", ""CELL_003""]",-87.44,0
485,UE_0026,CELL_000,302.2,208.87,28.9,-37.26,"[""CELL_001"", ""CELL_002"", ""CELL_003""]",-76.33,0
490,UE_0026,CELL_000,304.5,207.12,28.9,-37.26,"[""CELL_001"", ""CELL_002"", ""CELL_003""]",-83.99,0
495,UE_0026,CELL_000,306.8,205.37,28.9,-37.26,"[""CELL_001"", ""CELL_002"", ""CELL_003""]",-94.54,0
0,UE_0027,CELL_004,851.61,128.66,39.33,-42.82,"[""CELL_005"", ""CELL_006"", ""CELL_000""]",-68.83,0
5,UE_0027,CELL_004,854.49,125.99,39.33,-42.82,"[""CELL_005"", ""CELL_006"", ""CELL_000""]",-106.0,0
10,UE_0027,CELL_004,857.38,123.32,39.33,-42.82,"[""CELL_005"", ""CELL_006"", ""CELL_000""]",-81.98,0
15,UE_0027,CELL_004,860.26,120.64,39.33,-42.82,"[""CELL_005"", ""CELL_006"", ""CELL_000""]",-88.44,0
20,UE_0027,CELL_004,863.15,117.97,39.33,-42.82,"[""CELL_005"", ""CELL_006"", ""CELL_000""]",-99.05,0
25,UE_0027,CELL_004,866.03,115.3,39.33,-42.82,"[""CELL_005"", ""CELL_006"", ""CELL_000""]",-95.92,0
30,UE_0027,CELL_004,868.92,112.62,39.33,-42.82,"[""CELL_005"", ""CELL_006"", ""CELL_000""]",-94.06,1
35,UE_0027,CELL_004,871.8,109.95,39.33,-42.82,"[""CELL_005"", ""CELL_006"", ""CELL_000""]",-80.14,0
40,UE_0027,CELL_004,874.69,107.28,39.33,-42.82,"[""CELL_005"", ""CELL_006"", ""CELL_000""]",-112.55,0
45,UE_0027,CELL_004,877.57,104.6,39.33,-42.82,"[""CELL_005"", ""CELL_006"", ""CELL_000""]",-102.4,1
50,UE_0027,CELL_004,880.46,101.93,11.51,123.44,"[""CELL_005"", ""CELL_006"", ""CELL_000""]",-101.55,0
55,UE_0027,CELL_004,879.83,102.89,11.51,123.44,"[""CELL_005"", ""CELL_006"", ""CELL_000""]",-98.5,0
60,UE_0027,CELL_004,879.19,103.85,11.51,123.44,"[""CELL_005"", ""CELL_006"", ""CELL_000""]",-79.99,0
65,UE_0027,CELL_004,878.56,104.81,11.51,123.44,"[""CELL_005"", ""CELL_006"", ""CELL_000""]",-87.94,0
70,UE_0027,CELL_004,877.92,105.77,11.51,123.44,"[""CELL_005"", ""CELL_006"", ""CELL_000""]",-86.86,0
75,UE_0027,CELL_004,877.29,106.73,11.51,123.44,"[""CELL_005"", ""CELL_006"", ""CELL_000""]",-99.59,0
80,UE_0027,CELL_004,876.65,107.69,11.51,123.44,"[""CELL_005"", ""CELL_006"", ""CELL_000""]",-95.31,0
85,UE_0027,CELL_004,876.02,108.65,11.51,123.44,"[""CELL_005"", ""CELL_006"", ""CELL_000""]",-85.04,0
90,UE_0027,CELL_004,875.39,109.61,11.51,123.44,"[""CELL_005"", ""CELL_006"", ""CELL_000""]",-100.34,0
95,UE_0027,CELL_004,874.75,110.58,11.51,123.44,"[""CELL_005"", ""CELL_006"", ""CELL_000""]",-103.37,0
100,UE_0027,CELL_004,874.12,111.54,11.51,123.44,"[""CELL_005"", ""CELL_006"", ""CELL_000""]",-104.24,0
105,UE_0027,CELL_004,873.48,112.5,11.51,123.44,"[""CELL_005"", ""CELL_006"", ""CELL_000""]",-98.61,0
110,UE_0027,CELL_004,872.85,113.46,11.51,123.44,"[""CELL_005"", ""CELL_006"", ""CELL_000""]",-96.82,0
115,UE_0027,CELL_004,872.21,114.42,11.51,123.44,"[""CELL_005"", ""CELL_006"", ""CELL_000""]",-78.21,0
120,UE_0027,CELL_004,871.58,115.38,11.51,123.44,"[""CELL_005"", ""CELL_006"", ""CELL_000""]",-83.22,0
125,UE_0027,CELL_004,870.94,116.34,11.51,123.44,"[""CELL_005"", ""CELL_006"", ""CELL_000""]",-114.3,0
130,UE_0027,CELL_004,870.31,117.3,11.51,123.44,"[""CELL_005"", ""CELL_006"", ""CELL_000""]",-105.82,0
135,UE_0027,CELL_004,869.68,118.26,11.51,123.44,"[""CELL_005"", ""CELL_006"", ""CELL_000""]",-83.09,0
140,UE_0027,CELL_004,869.04,119.22,11.51,123.44,"[""CELL_005"", ""CELL_006"", ""CELL_000""]",-97.72,0
145,UE_0027,CELL_004,868.41,120.18,11.51,123.44,"[""CELL_005"", ""CELL_006"", ""CELL_000""]",-90.58,0
150,UE_0027,CELL_004,867.77,121.14,11.51,123.44,"[""CELL_005"", ""CELL_006"", ""CELL_000""]",-88.5,0
155,UE_0027,CELL_004,867.14,122.1,11.51,123.44,"[""CELL_005"", ""CELL_006"", ""CELL_000""]",-70.56,0
160,UE_0027,CELL_004,866.5,123.06,11.51,123.44,"[""CELL_005"", ""CELL_006"", ""CELL_000""]",-99.12,0
165,UE_0027,CELL_004,865.87,124.02,11.51,123.44,"[""CELL_005"", ""CELL_006"", ""CELL_000""]",-101.99,0
170,UE_0027,CELL_004,865.24,124.98,11.51,123.44,"[""CELL_005"", ""CELL_006"", ""CELL_000""]",-98.42,0
175,UE_0027,CELL_004,864.6,125.94,11.51,123.44,"[""CELL_005"", ""CELL_006"", ""CELL_000""]",-85.12,1
180,UE_0027,CELL_004,863.97,126.91,11.51,123.44,"[""CELL_005"", ""CELL_006"", ""CELL_000""]",-106.42,1
185,UE_0027,CELL_004,863.33,127.87,11.51,123.44,"[""CELL_005"", ""CELL_006"", ""CELL_000""]",-92.88,0
190,UE_0027,CELL_004,862.7,128.83,11.51,123.44,"[""CELL_005"", ""CELL_006"", ""CELL_000""]",-93.62,0
195,UE_0027,CELL_004,862.06,129.79,11.51,123.44,"[""CELL_005"", ""CELL_006"", ""CELL_000""]",-94.84,0
200,UE_0027,CELL_004,861.43,130.75,11.51,123.44,"[""CELL_005"", ""CELL_006"", ""CELL_000""]",-94.39,0
205,UE_0027,CELL_004,860.8,131.71,11.51,123.44,"[""CELL_005"", ""CELL_006"", ""CELL_000""]",-103.15,0
210,UE_0027,CELL_004,860.16,132.67,11.51,123.44,"[""CELL_005"", ""CELL_006"", ""CELL_000""]",-90.93,0
215,UE_0027,CELL_004,859.53,133.63,11.51,123.44,"[""CELL_005"", ""CELL_006"", ""CELL_000""]",-99.34,0
220,UE_0027,CELL_004,858.89,134.59,11.51,123.44,"[""CELL_005"", ""CELL_006"", ""CELL_000""]",-92.18,0
225,UE_0027,CELL_004,858.26,135.55,11.51,123.44,"[""CELL_005"", ""CELL_006"", ""CELL_000""]",-95.46,0
230,UE_0027,CELL_004,857.62,136.51,11.51,123.44,"[""CELL_005"", ""CELL_006"", ""CELL_000""]",-93.34,0
235,UE_0027,CELL_004,856.99,137.47,11.51,123.44,"[""CELL_005"", ""CELL_006"", ""CELL_000""]",-77.88,0
240,UE_0027,CELL_004,856.35,138.43,11.51,123.44,"[""CELL_005"", ""CELL_006"", ""CELL_000""]",-104.24,0
245,UE_0027,CELL_004,855.72,139.39,11.51,123.44,"[""CELL_005"", ""CELL_006"", ""CELL_000""]",-96.86,0
250,UE_0027,CELL_004,855.09,140.35,11.51,123.44,"[""CELL_005"", ""CELL_006"", ""CELL_000""]",-88.69,0
255,UE_0027,CELL_004,854.45,141.31,11.51,123.44,"[""CELL_005"", ""CELL_006"", ""CELL_000""]",-113.98,0
260,UE_0027,CELL_004,853.82,142.28,11.51,123.44,"[""CELL_005"", ""CELL_006"", ""CELL_000""]",-93.56,0
265,UE_0027,CELL_004,853.18,143.24,11.51,123.44,"[""CELL_005"", ""CELL_006"", ""CELL_000""]",-106.89,0
270,UE_0027,CELL_004,852.55,144.2,11.51,123.44,"[""CELL_005"", ""CELL_006"", ""CELL_000""]",-88.29,0
275,UE_0027,CELL_004,851.91,145.16,11.51,123.44,"[""CELL_005"", ""CELL_006"", ""CELL_000""]",-83.11,0
280,UE_0027,CELL_004,851.28,146.12,11.51,123.44,"[""CELL_005"", ""CELL_006"", ""CELL_000""]",-92.92,0
285,UE_0027,CELL_004,850.65,147.08,11.51,123.44,"[""CELL_005"", ""CELL_006"", ""CELL_000""]",-106.69,0
290,UE_0027,CELL_004,850.01,148.04,11.51,123.44,"[""CELL_005"", ""CELL_006"", ""CELL_000""]",-74.08,0
295,UE_0027,CELL_004,849.38,149.0,11.51,123.44,"[""CELL_005"", ""CELL_006"", ""CELL_000""]",-85.93,0
300,UE_0027,CELL_004,848.74,149.96,11.51,123.44,"[""CELL_005"", ""CELL_006"", ""CELL_000""]",-104.35,0
305,UE_0027,CELL_004,848.11,150.92,11.51,123.44,"[""CELL_005"", ""CELL_006"", ""CELL_000""]",-92.32,1
310,UE_0027,CELL_004,847.47,151.88,11.51,123.44,"[""CELL_005"", ""CELL_006"", ""CELL_000""]",-87.32,0
315,UE_0027,CELL_004,846.84,152.84,11.51,123.44,"[""CELL_005"", ""CELL_006"", ""CELL_000""]",-96.76,0
320,UE_0027,CELL_004,846.2,153.8,11.51,123.44,"[""CELL_005"", ""CELL_006"", ""CELL_000""]",-94.64,0
325,UE_0027,CELL_001,845.57,154.76,11.51,123.44,"[""CELL_002"", ""CELL_003"", ""CELL_004""]",-85.74,0
330,UE_0027,CELL_001,844.94,155.72,11.51,123.44,"[""CELL_002"", ""CELL_003"", ""CELL_004""]",-85.09,0
335,UE_0027,CELL_001,844.3,156.68,11.51,123.44,"[""CELL_002"", ""CELL_003"", ""CELL_004""]",-117.61,0
340,UE_0027,CELL_001,843.67,157.64,11.51,123.44,"[""CELL_002"", ""CELL_003"", ""CELL_004""]",-98.51,0
345,UE_0027,CELL_001,843.03,158.61,11.51,123.44,"[""CELL_002"", ""CELL_003"", ""CELL_004""]",-106.38,0
350,UE_0027,CELL_001,842.4,159.57,11.51,123.44,"[""CELL_002"", ""CELL_003"", ""CELL_004""]",-77.4,0
355,UE_0027,CELL_001,841.76,160.53,11.51,123.44,"[""CELL_002"", ""CELL_003"", ""CELL_004""]",-84.98,0
360,UE_0027,CELL_001,841.13,161.49,11.51,123.44,"[""CELL_002"", ""CELL_003"", ""CELL_004""]",-101.19,1
365,UE_0027,CELL_001,840.5,162.45,11.51,123.44,"[""CELL_002"", ""CELL_003"", ""CELL_004""]",-90.9,0
370,UE_0027,CELL_001,839.86,163.41,11.51,123.44,"[""CELL_002"", ""CELL_003"", ""CELL_004""]",-99.96,0
375,UE_0027,CELL_001,839.23,164.37,11.51,123.44,"[""CELL_002"", ""CELL_003"", ""CELL_004""]",-89.19,0
380,UE_0027,CELL_001,838.59,165.33,11.51,123.44,"[""CELL_002"", ""CELL_003"", ""CELL_004""]",-110.17,0
385,UE_0027,CELL_001,837.96,166.29,11.51,123.44,"[""CELL_002"", ""CELL_003"", ""CELL_004""]",-97.58,0
390,UE_0027,CELL_001,837.32,167.25,11.51,123.44,"[""CELL_002"", ""CELL_003"", ""CELL_004""]",-92.79,0
395,UE_0027,CELL_001,836.69,168.21,11.51,123.44,"[""CELL_002"", ""CELL_003"", ""CELL_004""]",-80.25,0
400,UE_0027,CELL_001,836.06,169.17,11.51,123.44,"[""CELL_002"", ""CELL_003"", ""CELL_004""]",-72.23,0
405,UE_0027,CELL_001,835.42,170.13,11.51,123.44,"[""CELL_002"", ""CELL_003"", ""CELL_004""]",-105.08,0
410,UE_0027,CELL_001,834.79,171.09,11.51,123.44,"[""CELL_002"", ""CELL_003"", ""CELL_004""]",-88.12,0
415,UE_0027,CELL_001,834.15,172.05,11.51,123.44,"[""CELL_002"", ""CELL_003"", ""CELL_004""]",-104.48,0
420,UE_0027,CELL_001,833.52,173.01,11.51,123.44,"[""CELL_002"", ""CELL_003"", ""CELL_004""]",-89.62,0
425,UE_0027,CELL_001,832.88,173.98,11.51,123.44,"[""CELL_002"", ""CELL_003"", ""CELL_004""]",-91.65,0
430,UE_0027,CELL_001,832.25,174.94,11.51,123.44,"[""CELL_002"", ""CELL_003"", ""CELL_004""]",-111.83,0
435,UE_0027,CELL_001,831.61,175.9,11.51,123.44,"[""CELL_002"", ""CELL_003"", ""CELL_004""]",-105.39,1
440,UE_0027,CELL_001,830.98,176.86,11.51,123.44,"[""CELL_002"", ""CELL_003"", ""CELL_004""]",-99.14,0
445,UE_0027,CELL_001,830.35,177.82,11.51,123.44,"[""CELL_002"", ""CELL_003"", ""CELL_004""]",-95.03,0
450,UE_0027,CELL_001,829.71,178.78,11.51,123.44,"[""CELL_002"", ""CELL_003"", ""CELL_004""]",-113.5,0
455,UE_0027,CELL_001,829.08,179.74,11.51,123.44,"[""CELL_002"", ""CELL_003"", ""CELL_004""]",-112.52,0
460,UE_0027,CELL_001,828.44,180.7,11.51,123.44,"[""CELL_002"", ""CELL_003"", ""CELL_004""]",-92.76,0
465,UE_0027,CELL_001,827.81,181.66,11.51,123.44,"[""CELL_002"", ""CELL_003"", ""CELL_004""]",-91.7,0
470,UE_0027,CELL_001,827.17,182.62,11.51,123.44,"[""CELL_002"", ""CELL_003"", ""CELL_004""]",-74.09,0
475,UE_0027,CELL_001,826.54,183.58,11.51,123.44,"[""CELL_002"", ""CELL_003"", ""CELL_004""]",-97.04,0
480,UE_0027,CELL_001,825.91,184.54,11.51,123.44,"[""CELL_002"", ""CELL_003"", ""CELL_004""]",-85.52,0
485,UE_0027,CELL_001,825.27,185.5,11.51,123.44,"[""CELL_002"", ""CELL_003"", ""CELL_004""]",-88.84,0
490,UE_0027,CELL_001,824.64,186.46,11.51,123.44,"[""CELL_002"", ""CELL_003"", ""CELL_004""]",-92.5,0
495,UE_0027,CELL_001,824.0,187.42,11.51,123.44,"[""CELL_002"", ""CELL_003"", ""CELL_004""]",-104.95,0
0,UE_0028,CELL_006,274.14,967.63,16.97,-119.11,"[""CELL_000"", ""CELL_001"", ""CELL_002""]",-103.8,0
5,UE_0028,CELL_006,273.31,966.14,16.97,-119.11,"[""CELL_000"", ""CELL_001"", ""CELL_002""]",-102.77,0
10,UE_0028,CELL_006,272.49,964.66,16.97,-119.11,"[""CELL_000"", ""CELL_001"", ""CELL_002""]",-99.68,0
15,UE_0028,CELL_006,271.66,963.18,23.83,115.92,"[""CELL_000"", ""CELL_001"", ""CELL_002""]",-117.32,0
20,UE_0028,CELL_006,270.62,965.32,23.83,115.92,"[""CELL_000"", ""CELL_001"", ""CELL_002""]",-114.02,0
25,UE_0028,CELL_006,269.58,967.47,23.83,115.92,"[""CELL_000"", ""CELL_001"", ""CELL_002""]",-92.18,0
30,UE_0028,CELL_006,268.54,969.61,23.83,115.92,"[""CELL_000"", ""CELL_001"", ""CELL_002""]",-103.62,0
35,UE_0028,CELL_006,267.49,971.75,23.83,115.92,"[""CELL_000"", ""CELL_001"", ""CELL_002""]",-96.47,0
40,UE_0028,CELL_006,266.45,973.9,23.83,115.92,"[""CELL_000"", ""CELL_001"", ""CELL_002""]",-91.03,0
45,UE_0028,CELL_006,265.41,976.04,23.83,115.92,"[""CELL_000"", ""CELL_001"", ""CELL_002""]",-97.0,0
50,UE_0028,CELL_006,264.37,978.19,23.83,115.92,"[""CELL_000"", ""CELL_001"", ""CELL_002""]",-95.78,0
55,UE_0028,CELL_006,263.33,980.33,23.83,115.92,"[""CELL_000"", ""CELL_001"", ""CELL_002""]",-97.44,0
60,UE_0028,CELL_006,262.29,982.47,23.83,115.92,"[""CELL_000"", ""CELL_001"", ""CELL_002""]",-112.68,0
65,UE_0028,CELL_006,261.24,984.62,23.83,115.92,"[""CELL_000"", ""CELL_001"", ""CELL_002""]",-90.97,0
70,UE_0028,CELL_006,260.2,986.76,23.83,115.92,"[""CELL_000"", ""CELL_001"", ""CELL_002""]",-97.32,1
75,UE_0028,CELL_006,259.16,988.9,23.83,115.92,"[""CELL_000"", ""CELL_001"", ""CELL_002""]",-71.89,0
80,UE_0028,CELL_006,258.12,991.05,23.83,115.92,"[""CELL_000"", ""CELL_001"", ""CELL_002""]",-106.54,0
85,UE_0028,CELL_006,257.08,993.19,23.83,115.92,"[""CELL_000"", ""CELL_001"", ""CELL_002""]",-85.55,0
90,UE_0028,CELL_006,256.04,995.33,23.83,115.92,"[""CELL_000"", ""CELL_001"", ""CELL_002""]",-99.49,0
95,UE_0028,CELL_006,254.99,997.48,23.83,115.92,"[""CELL_000"", ""CELL_001"", ""CELL_002""]",-99.27,0
100,UE_0028,CELL_006,253.95,999.62,23.83,115.92,"[""CELL_000"", ""CELL_001"", ""CELL_002""]",-90.87,0
105,UE_0028,CELL_006,252.91,1001.77,10.58,101.52,"[""CELL_000"", ""CELL_001"", ""CELL_002""]",-103.16,0
110,UE_0028,CELL_006,252.7,1002.8,10.58,101.52,"[""CELL_000"", ""CELL_001"", ""CELL_002""]",-104.15,0
115,UE_0028,CELL_006,252.49,1003.84,10.58,101.52,"[""CELL_000"", ""CELL_001"", ""CELL_002""]",-97.25,0
120,UE_0028,CELL_006,252.28,1004.88,10.58,101.52,"[""CELL_000"", ""CELL_001"", ""CELL_002""]",-97.48,0
125,UE_0028,CELL_006,252.07,1005.91,10.58,101.52,"[""CELL_000"", ""CELL_001"", ""CELL_002""]",-89.92,0
130,UE_0028,CELL_006,251.86,1006.95,10.58,101.52,"[""CELL_000"", ""CELL_001"", ""CELL_002""]",-99.77,0
135,UE_0028,CELL_006,251.64,1007.99,10.58,101.52,"[""CELL_000"", ""CELL_001"", ""CELL_002""]",-97.97,0
140,UE_0028,CELL_006,251.43,1009.02,10.58,101.52,"[""CELL_000"", ""CELL_001"", ""CELL_002""]",-101.72,0
145,UE_0028,CELL_006,251.22,1010.06,10.58,101.52,"[""CELL_000"", ""CELL_001"", ""CELL_002""]",-118.08,0
150,UE_0028,CELL_006,251.01,1011.09,10.58,101.52,"[""CELL_000"", ""CELL_001"", ""CELL_002""]",-102.84,0
155,UE_0028,CELL_006,250.8,1012.13,33.88,41.95,"[""CELL_000"", ""CELL_001"", ""CELL_002""]",-94.43,0
160,UE_0028,CELL_006,253.32,1014.4,33.88,41.95,"[""CELL_000"", ""CELL_001"", ""CELL_002""]",-105.04,0
165,UE_0028,CELL_006,255.84,1016.66,33.88,41.95,"[""CELL_000"", ""CELL_001"", ""CELL_002""]",-99.89,0
170,UE_0028,CELL_006,258.36,1018.93,33.88,41.95,"[""CELL_000"", ""CELL_001"", ""CELL_002""]",-79.7,0
175,UE_0028,CELL_006,260.88,1021.19,33.88,41.95,"[""CELL_000"", ""CELL_001"", ""CELL_002""]",-79.56,0
180,UE_0028,CELL_006,263.4,1023.46,33.88,41.95,"[""CELL_000"", ""CELL_001"", ""CELL_002""]",-88.31,1
185,UE_0028,CELL_006,265.92,1025.72,33.88,41.95,"[""CELL_000"", ""CELL_001"", ""CELL_002""]",-94.14,0
190,UE_0028,CELL_006,268.44,1027.99,33.88,41.95,"[""CELL_000"", ""CELL_001"", ""CELL_002""]",-108.4,0
195,UE_0028,CELL_006,270.96,1030.25,33.88,41.95,"[""CELL_000"", ""CELL_001"", ""CELL_002""]",-94.48,0
200,UE_0028,CELL_006,273.48,1032.52,33.88,41.95,"[""CELL_000"", ""CELL_001"", ""CELL_002""]",-84.13,0
205,UE_0028,CELL_006,276.0,1034.78,33.88,41.95,"[""CELL_000"", ""CELL_001"", ""CELL_002""]",-93.95,0
210,UE_0028,CELL_006,278.52,1037.05,33.88,41.95,"[""CELL_000"", ""CELL_001"", ""CELL_002""]",-107.08,0
215,UE_0028,CELL_006,281.04,1039.31,33.88,41.95,"[""CELL_000"", ""CELL_001"", ""CELL_002""]",-95.29,1
220,UE_0028,CELL_006,283.56,1041.58,33.88,41.95,"[""CELL_000"", ""CELL_001"", ""CELL_002""]",-100.05,0
225,UE_0028,CELL_006,286.08,1043.84,33.88,41.95,"[""CELL_000"", ""CELL_001"", ""CELL_002""]",-96.67,1
230,UE_0028,CELL_006,288.6,1046.11,33.88,41.95,"[""CELL_000"", ""CELL_001"", ""CELL_002""]",-101.69,0
235,UE_0028,CELL_006,291.12,1048.37,33.88,41.95,"[""CELL_000"", ""CELL_001"", ""CELL_002""]",-105.97,1
240,UE_0028,CELL_006,293.64,1050.64,33.88,41.95,"[""CELL_000"", ""CELL_001"", ""CELL_002""]",-107.34,0
245,UE_0028,CELL_006,296.16,1052.9,33.88,41.95,"[""CELL_000"", ""CELL_001"", ""CELL_002""]",-100.84,0
250,UE_0028,CELL_006,298.67,1055.16,33.88,41.95,"[""CELL_000"", ""CELL_001"", ""CELL_002""]",-119.86,0
255,UE_0028,CELL_006,301.19,1057.43,33.88,41.95,"[""CELL_000"", ""CELL_001"", ""CELL_002""]",-118.09,0
260,UE_0028,CELL_006,303.71,1059.69,33.88,41.95,"[""CELL_000"", ""CELL_001"", ""CELL_002""]",-102.85,0
265,UE_0028,CELL_006,306.23,1061.96,33.88,41.95,"[""CELL_000"", ""CELL_001"", ""CELL_002""]",-98.98,0
270,UE_0028,CELL_006,308.75,1064.22,33.88,41.95,"[""CELL_000"", ""CELL_001"", ""CELL_002""]",-93.4,0
275,UE_0028,CELL_006,311.27,1066.49,33.88,41.95,"[""CELL_000"", ""CELL_001"", ""CELL_002""]",-104.38,0
280,UE_0028,CELL_006,313.79,1068.75,33.88,41.95,"[""CELL_000"", ""CELL_001"", ""CELL_002""]",-107.3,0
285,UE_0028,CELL_006,316.31,1071.02,33.88,41.95,"[""CELL_000"", ""CELL_001"", ""CELL_002""]",-94.22,0
290,UE_0028,CELL_006,318.83,1073.28,33.88,41.95,"[""CELL_000"", ""CELL_001"", ""CELL_002""]",-92.51,0
295,UE_0028,CELL_006,321.35,1075.55,33.88,41.95,"[""CELL_000"", ""CELL_001"", ""CELL_002""]",-85.9,0
300,UE_0028,CELL_006,323.87,1077.81,33.88,41.95,"[""CELL_000"", ""CELL_001"", ""CELL_002""]",-118.96,0
305,UE_0028,CELL_006,326.39,1080.08,33.88,41.95,"[""CELL_000"", ""CELL_001"", ""CELL_002""]",-99.66,0
310,UE_0028,CELL_006,328.91,1082.34,33.88,41.95,"[""CELL_000"", ""CELL_001"", ""CELL_002""]",-115.41,0
315,UE_0028,CELL_006,331.43,1084.61,33.88,41.95,"[""CELL_000"", ""CELL_001"", ""CELL_002""]",-88.62,0
320,UE_0028,CELL_006,333.95,1086.87,33.88,41.95,"[""CELL_000"", ""CELL_001"", ""CELL_002""]",-100.53,0
325,UE_0028,CELL_006,336.47,1089.14,33.88,41.95,"[""CELL_000"", ""CELL_001"", ""CELL_002""]",-112.88,0
330,UE_0028,CELL_006,338.99,1091.4,33.88,41.95,"[""CELL_000"", ""CELL_001"", ""CELL_002""]",-91.07,0
335,UE_0028,CELL_006,341.51,1093.67,33.88,41.95,"[""CELL_000"", ""CELL_001"", ""CELL_002""]",-97.44,0
340,UE_0028,CELL_006,344.03,1095.93,33.88,41.95,"[""CELL_000"", ""CELL_001"", ""CELL_002""]",-98.7,0
345,UE_0028,CELL_006,346.55,1098.2,33.88,41.95,"[""CELL_000"", ""CELL_001"", ""CELL_002""]",-81.12,0
350,UE_0028,CELL_006,349.07,1100.46,33.88,41.95,"[""CELL_000"", ""CELL_001"", ""CELL_002""]",-98.0,0
355,UE_0028,CELL_006,351.59,1102.73,33.88,41.95,"[""CELL_000"", ""CELL_001"", ""CELL_002""]",-86.74,0
360,UE_0028,CELL_006,354.11,1104.99,33.88,41.95,"[""CELL_000"", ""CELL_001"", ""CELL_002""]",-94.02,0
365,UE_0028,CELL_006,356.63,1107.26,33.88,41.95,"[""CELL_000"", ""CELL_001"", ""CELL_002""]",-91.37,0
370,UE_0028,CELL_006,359.15,1109.52,33.88,41.95,"[""CELL_000"", ""CELL_001"", ""CELL_002""]",-81.82,0
375,UE_0028,CELL_006,361.67,1111.79,30.94,164.03,"[""CELL_000"", ""CELL_001"", ""CELL_002""]",-96.49,0
380,UE_0028,CELL_006,358.69,1112.64,30.94,164.03,"[""CELL_000"", ""CELL_001"", ""CELL_002""]",-101.41,0
385,UE_0028,CELL_006,355.72,1113.49,30.94,164.03,"[""CELL_000"", ""CELL_001"", ""CELL_002""]",-100.25,0
390,UE_0028,CELL_006,352.74,1114.34,30.94,164.03,"[""CELL_000"", ""CELL_001"", ""CELL_002""]",-100.55,0
395,UE_0028,CELL_006,349.77,1115.19,30.94,164.03,"[""CELL_000"", ""CELL_001"", ""CELL_002""]",-80.15,0
400,UE_0028,CELL_006,346.79,1116.05,30.94,164.03,"[""CELL_000"", ""CELL_001"", ""CELL_002""]",-94.89,0
405,UE_0028,CELL_006,343.82,1116.9,30.94,164.03,"[""CELL_000"", ""CELL_001"", ""CELL_002""]",-97.99,0
410,UE_0028,CELL_006,340.84,1117.75,30.94,164.03,"[""CELL_000"", ""CELL_001"", ""CELL_002""]",-103.03,0
415,UE_0028,CELL_006,337.87,1118.6,30.94,164.03,"[""CELL_000"", ""CELL_001"", ""CELL_002""]",-108.42,0
420,UE_0028,CELL_006,334.89,1119.45,30.94,164.03,"[""CELL_000"", ""CELL_001"", ""CELL_002""]",-86.86,0
425,UE_0028,CELL_006,331.92,1120.3,30.94,164.03,"[""CELL_000"", ""CELL_001"", ""CELL_002""]",-102.92,0
430,UE_0028,CELL_006,328.94,1121.15,30.94,164.03,"[""CELL_000"", ""CELL_001"", ""CELL_002""]",-103.85,0
435,UE_0028,CELL_006,325.97,1122.0,30.94,164.03,"[""CELL_000"", ""CELL_001"", ""CELL_002""]",-108.22,0
440,UE_0028,CELL_006,322.99,1122.86,30.94,164.03,"[""CELL_000"", ""CELL_001"", ""CELL_002""]",-101.92,0
445,UE_0028,CELL_006,320.02,1123.71,30.94,164.03,"[""CELL_000"", ""CELL_001"", ""CELL_002""]",-104.36,0
450,UE_0028,CELL_006,317.04,1124.56,30.94,164.03,"[""CELL_000"", ""CELL_001"", ""CELL_002""]",-86.07,0
455,UE_0028,CELL_006,314.07,1125.41,30.94,164.03,"[""CELL_000"", ""CELL_001"", ""CELL_002""]",-92.19,0
460,UE_0028,CELL_006,311.1,1126.26,30.94,164.03,"[""CELL_000"", ""CELL_001"", ""CELL_002""]",-100.22,1
465,UE_0028,CELL_006,308.12,1127.11,30.94,164.03,"[""CELL_000"", ""CELL_001"", ""CELL_002""]",-107.99,1
470,UE_0028,CELL_006,305.15,1127.96,30.94,164.03,"[""CELL_000"", ""CELL_001"", ""CELL_002""]",-97.97,0
475,UE_0028,CELL_006,302.17,1128.82,30.94,164.03,"[""CELL_000"", ""CELL_001"", ""CELL_002""]",-90.45,0
480,UE_0028,CELL_006,299.2,1129.67,30.94,164.03,"[""CELL_000"", ""CELL_001"", ""CELL_002""]",-92.69,0
485,UE_0028,CELL_006,296.22,1130.52,30.94,164.03,"[""CELL_000"", ""CELL_001"", ""CELL_002""]",-91.89,0
490,UE_0028,CELL_006,293.25,1131.37,30.94,164.03,"[""CELL_000"", ""CELL_001"", ""CELL_002""]",-92.23,0
495,UE_0028,CELL_006,290.27,1132.22,30.94,164.03,"[""CELL_000"", ""CELL_001"", ""CELL_002""]",-78.43,0
0,UE_0029,CELL_000,967.24,630.24,36.15,-140.4,"[""CELL_001"", ""CELL_002"", ""CELL_003""]",-102.62,0
5,UE_0029,CELL_002,964.46,627.94,36.15,-140.4,"[""CELL_003"", ""CELL_004"", ""CELL_005""]",-115.19,0
10,UE_0029,CELL_002,961.67,625.63,36.15,-140.4,"[""CELL_003"", ""CELL_004"", ""CELL_005""]",-82.55,0
15,UE_0029,CELL_002,958.89,623.33,36.15,-140.4,"[""CELL_003"", ""CELL_004"", ""CELL_005""]",-97.14,0
20,UE_0029,CELL_002,956.1,621.02,36.15,-140.4,"[""CELL_003"", ""CELL_004"", ""CELL_005""]",-100.94,0
25,UE_0029,CELL_002,953.32,618.72,36.15,-140.4,"[""CELL_003"", ""CELL_004"", ""CELL_005""]",-96.0,0
30,UE_0029,CELL_002,950.53,616.41,36.15,-140.4,"[""CELL_003"", ""CELL_004"", ""CELL_005""]",-94.02,0
35,UE_0029,CELL_002,947.75,614.11,36.15,-140.4,"[""CELL_003"", ""CELL_004"", ""CELL_005""]",-110.32,0
40,UE_0029,CELL_002,944.96,611.8,36.15,-140.4,"[""CELL_003"", ""CELL_004"", ""CELL_005""]",-100.46,1
45,UE_0029,CELL_002,942.18,609.5,36.15,-140.4,"[""CELL_003"", ""CELL_004"", ""CELL_005""]",-99.68,0
50,UE_0029,CELL_002,939.39,607.2,36.15,-140.4,"[""CELL_003"", ""CELL_004"", ""CELL_005""]",-110.25,0
55,UE_0029,CELL_002,936.61,604.89,36.15,-140.4,"[""CELL_003"", ""CELL_004"", ""CELL_005""]",-86.79,0
60,UE_0029,CELL_002,933.82,602.59,36.15,-140.4,"[""CELL_003"", ""CELL_004"", ""CELL_005""]",-86.44,0
65,UE_0029,CELL_002,931.04,600.28,36.15,-140.4,"[""CELL_003"", ""CELL_004"", ""CELL_005""]",-73.73,1
70,UE_0029,CELL_002,928.25,597.98,36.15,-140.4,"[""CELL_003"", ""CELL_004"", ""CELL_005""]",-96.48,0
75,UE_0029,CELL_002,925.47,595.67,36.15,-140.4,"[""CELL_003"", ""CELL_004"", ""CELL_005""]",-94.0,0
80,UE_0029,CELL_002,922.68,593.37,36.15,-140.4,"[""CELL_003"", ""CELL_004"", ""CELL_005""]",-100.65,0
85,UE_0029,CELL_002,919.9,591.07,36.15,-140.4,"[""CELL_003"", ""CELL_004"", ""CELL_005""]",-93.65,0
90,UE_0029,CELL_002,917.11,588.76,36.15,-140.4,"[""CELL_003"", ""CELL_004"", ""CELL_005""]",-88.5,0
95,UE_0029,CELL_002,914.33,586.46,36.15,-140.4,"[""CELL_003"", ""CELL_004"", ""CELL_005""]",-94.04,0
100,UE_0029,CELL_002,911.54,584.15,36.15,-140.4,"[""CELL_003"", ""CELL_004"", ""CELL_005""]",-92.86,0
105,UE_0029,CELL_002,908.76,581.85,36.15,-140.4,"[""CELL_003"", ""CELL_004"", ""CELL_005""]",-109.4,0
110,UE_0029,CELL_002,905.97,579.54,36.15,-140.4,"[""CELL_003"", ""CELL_004"", ""CELL_005""]",-105.72,0
115,UE_0029,CELL_002,903.19,577.24,36.15,-140.4,"[""CELL_003"", ""CELL_004"", ""CELL_005""]",-79.5,0
120,UE_0029,CELL_002,900.4,574.93,36.15,-140.4,"[""CELL_003"", ""CELL_004"", ""CELL_005""]",-91.32,0
125,UE_0029,CELL_002,897.62,572.63,36.15,-140.4,"[""CELL_003"", ""CELL_004"", ""CELL_005""]",-99.63,0
130,UE_0029,CELL_002,894.83,570.33,36.15,-140.4,"[""CELL_003"", ""CELL_004"", ""CELL_005""]",-98.24,1
135,UE_0029,CELL_002,892.05,568.02,36.15,-140.4,"[""CELL_003"", ""CELL_004"", ""CELL_005""]",-103.79,0
140,UE_0029,CELL_002,889.26,565.72,36.15,-140.4,"[""CELL_003"", ""CELL_004"", ""CELL_005""]",-84.25,0
145,UE_0029,CELL_002,886.48,563.41,36.15,-140.4,"[""CELL_003"", ""CELL_004"", ""CELL_005""]",-92.15,0
150,UE_0029,CELL_002,883.69,561.11,36.15,-140.4,"[""CELL_003"", ""CELL_004"", ""CELL_005""]",-105.7,0
155,UE_0029,CELL_002,880.91,558.8,36.15,-140.4,"[""CELL_003"", ""CELL_004"", ""CELL_005""]",-105.21,0
160,UE_0029,CELL_002,878.12,556.5,36.15,-140.4,"[""CELL_003"", ""CELL_004"", ""CELL_005""]",-87.18,0
165,UE_0029,CELL_002,875.34,554.19,36.15,-140.4,"[""CELL_003"", ""CELL_004"", ""CELL_005""]",-95.18,0
170,UE_0029,CELL_004,872.55,551.89,36.15,-140.4,"[""CELL_005"", ""CELL_006"", ""CELL_000""]",-95.95,0
175,UE_0029,CELL_005,869.77,549.59,36.15,-140.4,"[""CELL_006"", ""CELL_000"", ""CELL_001""]",-105.22,0
180,UE_0029,CELL_005,866.98,547.28,36.15,-140.4,"[""CELL_006"", ""CELL_000"", ""CELL_001""]",-95.77,0
185,UE_0029,CELL_005,864.2,544.98,36.15,-140.4,"[""CELL_006"", ""CELL_000"", ""CELL_001""]",-98.82,0
190,UE_0029,CELL_005,861.41,542.67,36.15,-140.4,"[""CELL_006"", ""CELL_000"", ""CELL_001""]",-84.99,0
195,UE_0029,CELL_005,858.63,540.37,36.15,-140.4,"[""CELL_006"", ""CELL_000"", ""CELL_001""]",-103.67,0
200,UE_0029,CELL_005,855.84,538.06,36.15,-140.4,"[""CELL_006"", ""CELL_000"", ""CELL_001""]",-93.07,0
205,UE_0029,CELL_005,853.05,535.76,36.15,-140.4,"[""CELL_006"", ""CELL_000"", ""CELL_001""]",-105.36,0
210,UE_0029,CELL_005,850.27,533.45,36.15,-140.4,"[""CELL_006"", ""CELL_000"", ""CELL_001""]",-83.48,0
215,UE_0029,CELL_005,847.48,531.15,36.15,-140.4,"[""CELL_006"", ""CELL_000"", ""CELL_001""]",-92.96,0
220,UE_0029,CELL_005,844.7,528.85,36.15,-140.4,"[""CELL_006"", ""CELL_000"", ""CELL_001""]",-96.59,0
225,UE_0029,CELL_005,841.91,526.54,36.15,-140.4,"[""CELL_006"", ""CELL_000"", ""CELL_001""]",-79.37,0
230,UE_0029,CELL_005,839.13,524.24,36.15,-140.4,"[""CELL_006"", ""CELL_000"", ""CELL_001""]",-81.57,0
235,UE_0029,CELL_005,836.34,521.93,36.15,-140.4,"[""CELL_006"", ""CELL_000"", ""CELL_001""]",-91.09,0
240,UE_0029,CELL_005,833.56,519.63,36.15,-140.4,"[""CELL_006"", ""CELL_000"", ""CELL_001""]",-90.94,0
245,UE_0029,CELL_005,830.77,517.32,36.15,-140.4,"[""CELL_006"", ""CELL_000"", ""CELL_001""]",-94.37,0
250,UE_0029,CELL_005,827.99,515.02,36.15,-140.4,"[""CELL_006"", ""CELL_000"", ""CELL_001""]",-103.14,0
255,UE_0029,CELL_005,825.2,512.71,36.15,-140.4,"[""CELL_006"", ""CELL_000"", ""CELL_001""]",-88.05,0
260,UE_0029,CELL_005,822.42,510.41,36.15,-140.4,"[""CELL_006"", ""CELL_000"", ""CELL_001""]",-99.72,0
265,UE_0029,CELL_005,819.63,508.11,36.15,-140.4,"[""CELL_006"", ""CELL_000"", ""CELL_001""]",-92.11,0
270,UE_0029,CELL_005,816.85,505.8,36.15,-140.4,"[""CELL_006"", ""CELL_000"", ""CELL_001""]",-96.52,0
275,UE_0029,CELL_005,814.06,503.5,36.15,-140.4,"[""CELL_006"", ""CELL_000"", ""CELL_001""]",-105.72,0
280,UE_0029,CELL_005,811.28,501.19,36.15,-140.4,"[""CELL_006"", ""CELL_000"", ""CELL_001""]",-99.77,0
285,UE_0029,CELL_005,808.49,498.89,36.15,-140.4,"[""CELL_006"", ""CELL_000"", ""CELL_001""]",-107.1,0
290,UE_0029,CELL_005,805.71,496.58,36.15,-140.4,"[""CELL_006"", ""CELL_000"", ""CELL_001""]",-93.76,0
295,UE_0029,CELL_005,802.92,494.28,36.15,-140.4,"[""CELL_006"", ""CELL_000"", ""CELL_001""]",-106.44,0
300,UE_0029,CELL_005,800.14,491.97,36.15,-140.4,"[""CELL_006"", ""CELL_000"", ""CELL_001""]",-105.84,0
305,UE_0029,CELL_005,797.35,489.67,36.15,-140.4,"[""CELL_006"", ""CELL_000"", ""CELL_001""]",-96.07,0
310,UE_0029,CELL_005,794.57,487.37,36.15,-140.4,"[""CELL_006"", ""CELL_000"", ""CELL_001""]",-98.62,0
315,UE_0029,CELL_005,791.78,485.06,36.15,-140.4,"[""CELL_006"", ""CELL_000"", ""CELL_001""]",-99.48,0
320,UE_0029,CELL_005,789.0,482.76,36.15,-140.4,"[""CELL_006"", ""CELL_000"", ""CELL_001""]",-113.57,0
325,UE_0029,CELL_005,786.21,480.45,36.15,-140.4,"[""CELL_006"", ""CELL_000"", ""CELL_001""]",-94.56,0
330,UE_0029,CELL_005,783.43,478.15,36.15,-140.4,"[""CELL_006"", ""CELL_000"", ""CELL_001""]",-101.0,0
335,UE_0029,CELL_005,780.64,475.84,36.15,-140.4,"[""CELL_006"", ""CELL_000"", ""CELL_001""]",-110.32,0
340,UE_0029,CELL_005,777.86,473.54,36.15,-140.4,"[""CELL_006"", ""CELL_000"", ""CELL_001""]",-99.68,0
345,UE_0029,CELL_005,775.07,471.24,36.15,-140.4,"[""CELL_006"", ""CELL_000"", ""CELL_001""]",-95.79,0
350,UE_0029,CELL_005,772.29,468.93,36.15,-140.4,"[""CELL_006"", ""CELL_000"", ""CELL_001""]",-91.02,0
355,UE_0029,CELL_005,769.5,466.63,36.15,-140.4,"[""CELL_006"", ""CELL_000"", ""CELL_001""]",-89.69,0
360,UE_0029,CELL_005,766.72,464.32,36.15,-140.4,"[""CELL_006"", ""CELL_000"", ""CELL_001""]",-82.27,0
365,UE_0029,CELL_005,763.93,462.02,36.15,-140.4,"[""CELL_006"", ""CELL_000"", ""CELL_001""]",-79.33,0
370,UE_0029,CELL_005,761.15,459.71,36.15,-140.4,"[""CELL_006"", ""CELL_000"", ""CELL_001""]",-89.9,0
375,UE_0029,CELL_005,758.36,457.41,36.15,-140.4,"[""CELL_006"", ""CELL_000"", ""CELL_001""]",-106.85,0
380,UE_0029,CELL_005,755.58,455.1,36.15,-140.4,"[""CELL_006"", ""CELL_000"", ""CELL_001""]",-82.86,1
385,UE_0029,CELL_005,752.79,452.8,36.15,-140.4,"[""CELL_006"", ""CELL_000"", ""CELL_001""]",-83.34,0
390,UE_0029,CELL_005,750.01,450.5,36.15,-140.4,"[""CELL_006"", ""CELL_000"", ""CELL_001""]",-100.74,0
395,UE_0029,CELL_005,747.22,448.19,36.15,-140.4,"[""CELL_006"", ""CELL_000"", ""CELL_001""]",-103.84,0
400,UE_0029,CELL_005,744.44,445.89,36.15,-140.4,"[""CELL_006"", ""CELL_000"", ""CELL_001""]",-91.8,0
405,UE_0029,CELL_005,741.65,443.58,36.15,-140.4,"[""CELL_006"", ""CELL_000"", ""CELL_001""]",-95.74,0
410,UE_0029,CELL_005,738.87,441.28,36.15,-140.4,"[""CELL_006"", ""CELL_000"", ""CELL_001""]",-100.9,0
415,UE_0029,CELL_005,736.08,438.97,24.14,-66.31,"[""CELL_006"", ""CELL_000"", ""CELL_001""]",-94.88,0
420,UE_0029,CELL_005,737.05,436.76,24.14,-66.31,"[""CELL_006"", ""CELL_000"", ""CELL_001""]",-96.0,0
425,UE_0029,CELL_005,738.02,434.55,24.14,-66.31,"[""CELL_006"", ""CELL_000"", ""CELL_001""]",-89.7,0
430,UE_0029,CELL_005,738.99,432.34,24.14,-66.31,"[""CELL_006"", ""CELL_000"", ""CELL_001""]",-95.6,0
435,UE_0029,CELL_005,739.96,430.13,24.14,-66.31,"[""CELL_006"", ""CELL_000"", ""CELL_001""]",-94.87,0
440,UE_0029,CELL_005,740.93,427.92,24.14,-66.31,"[""CELL_006"", ""CELL_000"", ""CELL_001""]",-106.42,0
445,UE_0029,CELL_005,741.9,425.71,24.14,-66.31,"[""CELL_006"", ""CELL_000"", ""CELL_001""]",-104.07,0
450,UE_0029,CELL_005,742.87,423.5,24.14,-66.31,"[""CELL_006"", ""CELL_000"", ""CELL_001""]",-104.19,0
455,UE_0029,CELL_005,743.84,421.29,24.14,-66.31,"[""CELL_006"", ""CELL_000"", ""CELL_001""]",-122.02,0
460,UE_0029,CELL_005,744.81,419.08,24.14,-66.31,"[""CELL_006"", ""CELL_000"", ""CELL_001""]",-81.33,0
465,UE_0029,CELL_005,745.78,416.87,24.14,-66.31,"[""CELL_006"", ""CELL_000"", ""CELL_001""]",-97.29,0
470,UE_0029,CELL_005,746.75,414.65,24.14,-66.31,"[""CELL_006"", ""CELL_000"", ""CELL_001""]",-112.25,0
475,UE_0029,CELL_005,747.72,412.44,24.14,-66.31,"[""CELL_006"", ""CELL_000"", ""CELL_001""]",-89.23,0
480,UE_0029,CELL_005,748.69,410.23,24.14,-66.31,"[""CELL_006"", ""CELL_000"", ""CELL_001""]",-103.06,0
485,UE_0029,CELL_005,749.66,408.02,24.14,-66.31,"[""CELL_006"", ""CELL_000"", ""CELL_001""]",-88.35,0
490,UE_0029,CELL_005,750.63,405.81,24.14,-66.31,"[""CELL_006"", ""CELL_000"", ""CELL_001""]",-103.11,0
495,UE_0029,CELL_005,751.6,403.6,24.14,-66.31,"[""CELL_006"", ""CELL_000"", ""CELL_001""]",-98.4,0
0,UE_0030,CELL_005,825.07,215.04,31.38,54.52,"[""CELL_006"", ""CELL_000"", ""CELL_001""]",-92.54,0
5,UE_0030,CELL_005,826.9,217.59,31.38,54.52,"[""CELL_006"", ""CELL_000"", ""CELL_001""]",-103.72,0
10,UE_0030,CELL_002,828.72,220.15,31.38,54.52,"[""CELL_003"", ""CELL_004"", ""CELL_005""]",-116.66,0
15,UE_0030,CELL_002,830.54,222.7,31.38,54.52,"[""CELL_003"", ""CELL_004"", ""CELL_005""]",-90.14,0
20,UE_0030,CELL_002,832.36,225.26,31.38,54.52,"[""CELL_003"", ""CELL_004"", ""CELL_005""]",-101.48,0
25,UE_0030,CELL_002,834.18,227.81,31.38,54.52,"[""CELL_003"", ""CELL_004"", ""CELL_005""]",-92.34,0
30,UE_0030,CELL_002,836.0,230.37,31.38,54.52,"[""CELL_003"", ""CELL_004"", ""CELL_005""]",-87.88,0
35,UE_0030,CELL_002,837.83,232.93,31.38,54.52,"[""CELL_003"", ""CELL_004"", ""CELL_005""]",-113.49,0
40,UE_0030,CELL_002,839.65,235.48,31.38,54.52,"[""CELL_003"", ""CELL_004"", ""CELL_005""]",-106.52,0
45,UE_0030,CELL_002,841.47,238.04,31.38,54.52,"[""CELL_003"", ""CELL_004"", ""CELL_005""]",-95.23,0
50,UE_0030,CELL_002,843.29,240.59,31.38,54.52,"[""CELL_003"", ""CELL_004"", ""CELL_005""]",-122.98,0
55,UE_0030,CELL_002,845.11,243.15,31.38,54.52,"[""CELL_003"", ""CELL_004"", ""CELL_005""]",-102.15,0
60,UE_0030,CELL_002,846.93,245.7,31.38,54.52,"[""CELL_003"", ""CELL_004"", ""CELL_005""]",-105.94,0
65,UE_0030,CELL_002,848.75,248.26,31.38,54.52,"[""CELL_003"", ""CELL_004"", ""CELL_005""]",-106.19,0
70,UE_0030,CELL_002,850.58,250.81,31.38,54.52,"[""CELL_003"", ""CELL_004"", ""CELL_005""]",-92.12,0
75,UE_0030,CELL_002,852.4,253.37,31.38,54.52,"[""CELL_003"", ""CELL_004"", ""CELL_005""]",-91.15,0
80,UE_0030,CELL_002,854.22,255.92,31.38,54.52,"[""CELL_003"", ""CELL_004"", ""CELL_005""]",-112.01,0
85,UE_0030,CELL_002,856.04,258.48,31.38,54.52,"[""CELL_003"", ""CELL_004"", ""CELL_005""]",-93.85,0
90,UE_0030,CELL_002,857.86,261.03,20.71,123.95,"[""CELL_003"", ""CELL_004"", ""CELL_005""]",-96.24,0
95,UE_0030,CELL_002,856.71,262.75,20.71,123.95,"[""CELL_003"", ""CELL_004"", ""CELL_005""]",-94.69,0
100,UE_0030,CELL_002,855.55,264.47,20.71,123.95,"[""CELL_003"", ""CELL_004"", ""CELL_005""]",-86.67,0
105,UE_0030,CELL_002,854.39,266.19,20.71,123.95,"[""CELL_003"", ""CELL_004"", ""CELL_005""]",-97.57,0
110,UE_0030,CELL_002,853.24,267.9,20.71,123.95,"[""CELL_003"", ""CELL_004"", ""CELL_005""]",-97.57,0
115,UE_0030,CELL_002,852.08,269.62,20.71,123.95,"[""CELL_003"", ""CELL_004"", ""CELL_005""]",-102.82,0
120,UE_0030,CELL_002,850.92,271.34,20.71,123.95,"[""CELL_003"", ""CELL_004"", ""CELL_005""]",-99.04,0
125,UE_0030,CELL_002,849.77,273.06,20.71,123.95,"[""CELL_003"", ""CELL_004"", ""CELL_005""]",-96.85,0
130,UE_0030,CELL_002,848.61,274.77,20.71,123.95,"[""CELL_003"", ""CELL_004"", ""CELL_005""]",-114.7,0
135,UE_0030,CELL_002,847.45,276.49,20.71,123.95,"[""CELL_003"", ""CELL_004"", ""CELL_005""]",-92.61,0
140,UE_0030,CELL_002,846.3,278.21,20.71,123.95,"[""CELL_003"", ""CELL_004"", ""CELL_005""]",-89.9,0
145,UE_0030,CELL_002,845.14,279.93,20.71,123.95,"[""CELL_003"", ""CELL_004"", ""CELL_005""]",-91.65,0
150,UE_0030,CELL_002,843.98,281.65,20.71,123.95,"[""CELL_003"", ""CELL_004"", ""CELL_005""]",-91.4,0
155,UE_0030,CELL_002,842.83,283.36,20.71,123.95,"[""CELL_003"", ""CELL_004"", ""CELL_005""]",-101.55,0
160,UE_0030,CELL_002,841.67,285.08,20.71,123.95,"[""CELL_003"", ""CELL_004"", ""CELL_005""]",-98.97,0
165,UE_0030,CELL_002,840.51,286.8,20.71,123.95,"[""CELL_003"", ""CELL_004"", ""CELL_005""]",-108.01,1
170,UE_0030,CELL_002,839.36,288.52,20.71,123.95,"[""CELL_003"", ""CELL_004"", ""CELL_005""]",-104.51,0
175,UE_0030,CELL_002,838.2,290.23,20.71,123.95,"[""CELL_003"", ""CELL_004"", ""CELL_005""]",-97.78,0
180,UE_0030,CELL_002,837.05,291.95,20.71,123.95,"[""CELL_003"", ""CELL_004"", ""CELL_005""]",-94.35,0
185,UE_0030,CELL_002,835.89,293.67,20.71,123.95,"[""CELL_003"", ""CELL_004"", ""CELL_005""]",-98.05,0
190,UE_0030,CELL_002,834.73,295.39,20.71,123.95,"[""CELL_003"", ""CELL_004"", ""CELL_005""]",-89.83,0
195,UE_0030,CELL_002,833.58,297.11,20.71,123.95,"[""CELL_003"", ""CELL_004"", ""CELL_005""]",-88.22,0
200,UE_0030,CELL_002,832.42,298.82,20.71,123.95,"[""CELL_003"", ""CELL_004"", ""CELL_005""]",-79.8,0
205,UE_0030,CELL_002,831.26,300.54,20.71,123.95,"[""CELL_003"", ""CELL_004"", ""CELL_005""]",-109.09,0
210,UE_0030,CELL_002,830.11,302.26,20.71,123.95,"[""CELL_003"", ""CELL_004"", ""CELL_005""]",-84.24,0
215,UE_0030,CELL_002,828.95,303.98,20.71,123.95,"[""CELL_003"", ""CELL_004"", ""CELL_005""]",-83.87,0
220,UE_0030,CELL_002,827.79,305.69,20.71,123.95,"[""CELL_003"", ""CELL_004"", ""CELL_005""]",-98.88,0
225,UE_0030,CELL_002,826.64,307.41,20.71,123.95,"[""CELL_003"", ""CELL_004"", ""CELL_005""]",-92.23,0
230,UE_0030,CELL_002,825.48,309.13,20.71,123.95,"[""CELL_003"", ""CELL_004"", ""CELL_005""]",-82.76,0
235,UE_0030,CELL_002,824.32,310.85,20.71,123.95,"[""CELL_003"", ""CELL_004"", ""CELL_005""]",-110.07,0
240,UE_0030,CELL_002,823.17,312.57,20.71,123.95,"[""CELL_003"", ""CELL_004"", ""CELL_005""]",-91.6,0
245,UE_0030,CELL_002,822.01,314.28,20.71,123.95,"[""CELL_003"", ""CELL_004"", ""CELL_005""]",-101.13,0
250,UE_0030,CELL_002,820.86,316.0,20.71,123.95,"[""CELL_003"", ""CELL_004"", ""CELL_005""]",-68.96,0
255,UE_0030,CELL_002,819.7,317.72,20.71,123.95,"[""CELL_003"", ""CELL_004"", ""CELL_005""]",-103.41,0
260,UE_0030,CELL_002,818.54,319.44,20.71,123.95,"[""CELL_003"", ""CELL_004"", ""CELL_005""]",-111.07,0
265,UE_0030,CELL_002,817.39,321.15,20.71,123.95,"[""CELL_003"", ""CELL_004"", ""CELL_005""]",-98.52,0
270,UE_0030,CELL_003,816.23,322.87,20.71,123.95,"[""CELL_004"", ""CELL_005"", ""CELL_006""]",-89.04,0
275,UE_0030,CELL_003,815.07,324.59,20.71,123.95,"[""CELL_004"", ""CELL_005"", ""CELL_006""]",-98.39,0
280,UE_0030,CELL_003,813.92,326.31,20.71,123.95,"[""CELL_004"", ""CELL_005"", ""CELL_006""]",-88.75,0
285,UE_0030,CELL_003,812.76,328.03,20.71,123.95,"[""CELL_004"", ""CELL_005"", ""CELL_006""]",-93.79,0
290,UE_0030,CELL_003,811.6,329.74,20.71,123.95,"[""CELL_004"", ""CELL_005"", ""CELL_006""]",-84.12,0
295,UE_0030,CELL_003,810.45,331.46,20.71,123.95,"[""CELL_004"", ""CELL_005"", ""CELL_006""]",-88.45,0
300,UE_0030,CELL_003,809.29,333.18,20.71,123.95,"[""CELL_004"", ""CELL_005"", ""CELL_006""]",-106.02,0
305,UE_0030,CELL_003,808.13,334.9,20.71,123.95,"[""CELL_004"", ""CELL_005"", ""CELL_006""]",-87.09,0
310,UE_0030,CELL_003,806.98,336.62,20.71,123.95,"[""CELL_004"", ""CELL_005"", ""CELL_006""]",-105.67,0
315,UE_0030,CELL_003,805.82,338.33,20.71,123.95,"[""CELL_004"", ""CELL_005"", ""CELL_006""]",-84.17,0
320,UE_0030,CELL_003,804.67,340.05,20.71,123.95,"[""CELL_004"", ""CELL_005"", ""CELL_006""]",-84.35,0
325,UE_0030,CELL_003,803.51,341.77,20.71,123.95,"[""CELL_004"", ""CELL_005"", ""CELL_006""]",-112.72,0
330,UE_0030,CELL_003,802.35,343.49,20.71,123.95,"[""CELL_004"", ""CELL_005"", ""CELL_006""]",-99.36,0
335,UE_0030,CELL_003,801.2,345.2,20.71,123.95,"[""CELL_004"", ""CELL_005"", ""CELL_006""]",-86.93,0
340,UE_0030,CELL_003,800.04,346.92,20.71,123.95,"[""CELL_004"", ""CELL_005"", ""CELL_006""]",-106.83,0
345,UE_0030,CELL_003,798.88,348.64,20.71,123.95,"[""CELL_004"", ""CELL_005"", ""CELL_006""]",-102.11,0
350,UE_0030,CELL_003,797.73,350.36,20.71,123.95,"[""CELL_004"", ""CELL_005"", ""CELL_006""]",-97.02,0
355,UE_0030,CELL_003,796.57,352.08,20.71,123.95,"[""CELL_004"", ""CELL_005"", ""CELL_006""]",-98.61,0
360,UE_0030,CELL_003,795.41,353.79,20.71,123.95,"[""CELL_004"", ""CELL_005"", ""CELL_006""]",-91.5,0
365,UE_0030,CELL_003,794.26,355.51,20.71,123.95,"[""CELL_004"", ""CELL_005"", ""CELL_006""]",-97.22,0
370,UE_0030,CELL_003,793.1,357.23,20.71,123.95,"[""CELL_004"", ""CELL_005"", ""CELL_006""]",-105.71,0
375,UE_0030,CELL_003,791.94,358.95,20.71,123.95,"[""CELL_004"", ""CELL_005"", ""CELL_006""]",-77.45,0
380,UE_0030,CELL_003,790.79,360.66,20.71,123.95,"[""CELL_004"", ""CELL_005"", ""CELL_006""]",-82.79,0
385,UE_0030,CELL_003,789.63,362.38,20.71,123.95,"[""CELL_004"", ""CELL_005"", ""CELL_006""]",-81.32,0
390,UE_0030,CELL_003,788.47,364.1,20.71,123.95,"[""CELL_004"", ""CELL_005"", ""CELL_006""]",-102.69,0
395,UE_0030,CELL_003,787.32,365.82,20.71,123.95,"[""CELL_004"", ""CELL_005"", ""CELL_006""]",-100.07,0
400,UE_0030,CELL_003,786.16,367.54,20.71,123.95,"[""CELL_004"", ""CELL_005"", ""CELL_006""]",-79.81,0
405,UE_0030,CELL_003,785.01,369.25,20.71,123.95,"[""CELL_004"", ""CELL_005"", ""CELL_006""]",-74.92,0
410,UE_0030,CELL_003,783.85,370.97,20.71,123.95,"[""CELL_004"", ""CELL_005"", ""CELL_006""]",-86.88,0
415,UE_0030,CELL_003,782.69,372.69,20.71,123.95,"[""CELL_004"", ""CELL_005"", ""CELL_006""]",-91.34,0
420,UE_0030,CELL_003,781.54,374.41,20.71,123.95,"[""CELL_004"", ""CELL_005"", ""CELL_006""]",-101.07,0
425,UE_0030,CELL_003,780.38,376.12,20.71,123.95,"[""CELL_004"", ""CELL_005"", ""CELL_006""]",-117.53,0
430,UE_0030,CELL_003,779.22,377.84,20.71,123.95,"[""CELL_004"", ""CELL_005"", ""CELL_006""]",-97.6,0
435,UE_0030,CELL_003,778.07,379.56,20.71,123.95,"[""CELL_004"", ""CELL_005"", ""CELL_006""]",-93.66,0
440,UE_0030,CELL_003,776.91,381.28,20.71,123.95,"[""CELL_004"", ""CELL_005"", ""CELL_006""]",-110.61,0
445,UE_0030,CELL_003,775.75,383.0,20.71,123.95,"[""CELL_004"", ""CELL_005"", ""CELL_006""]",-90.25,0
450,UE_0030,CELL_003,774.6,384.71,20.71,123.95,"[""CELL_004"", ""CELL_005"", ""CELL_006""]",-94.98,1
455,UE_0030,CELL_003,773.44,386.43,20.71,123.95,"[""CELL_004"", ""CELL_005"", ""CELL_006""]",-79.81,0
460,UE_0030,CELL_003,772.28,388.15,20.71,123.95,"[""CELL_004"", ""CELL_005"", ""CELL_006""]",-91.7,0
465,UE_0030,CELL_003,771.13,389.87,20.71,123.95,"[""CELL_004"", ""CELL_005"", ""CELL_006""]",-98.6,0
470,UE_0030,CELL_003,769.97,391.58,20.71,123.95,"[""CELL_004"", ""CELL_005"", ""CELL_006""]",-107.01,0
475,UE_0030,CELL_003,768.82,393.3,20.71,123.95,"[""CELL_004"", ""CELL_005"", ""CELL_006""]",-94.85,0
480,UE_0030,CELL_003,767.66,395.02,20.71,123.95,"[""CELL_004"", ""CELL_005"", ""CELL_006""]",-94.68,0
485,UE_0030,CELL_003,766.5,396.74,20.71,123.95,"[""CELL_004"", ""CELL_005"", ""CELL_006""]",-99.2,0
490,UE_0030,CELL_003,765.35,398.46,20.71,123.95,"[""CELL_004"", ""CELL_005"", ""CELL_006""]",-99.54,0
495,UE_0030,CELL_003,764.19,400.17,20.71,123.95,"[""CELL_004"", ""CELL_005"", ""CELL_006""]",-95.69,0
0,UE_0031,CELL_005,591.92,190.3,33.64,117.09,"[""CELL_006"", ""CELL_000"", ""CELL_001""]",-98.46,0
5,UE_0031,CELL_005,590.38,193.3,33.64,117.09,"[""CELL_006"", ""CELL_000"", ""CELL_001""]",-91.57,0
10,UE_0031,CELL_005,588.85,196.29,33.64,117.09,"[""CELL_006"", ""CELL_000"", ""CELL_001""]",-106.13,0
15,UE_0031,CELL_005,587.32,199.29,33.64,117.09,"[""CELL_006"", ""CELL_000"", ""CELL_001""]",-90.66,0
20,UE_0031,CELL_005,585.79,202.28,33.64,117.09,"[""CELL_006"", ""CELL_000"", ""CELL_001""]",-95.47,0
25,UE_0031,CELL_005,584.26,205.28,33.64,117.09,"[""CELL_006"", ""CELL_000"", ""CELL_001""]",-109.26,0
30,UE_0031,CELL_005,582.73,208.27,33.64,117.09,"[""CELL_006"", ""CELL_000"", ""CELL_001""]",-97.71,0
35,UE_0031,CELL_005,581.19,211.27,33.64,117.09,"[""CELL_006"", ""CELL_000"", ""CELL_001""]",-91.22,0
40,UE_0031,CELL_005,579.66,214.26,33.64,117.09,"[""CELL_006"", ""CELL_000"", ""CELL_001""]",-100.31,0
45,UE_0031,CELL_005,578.13,217.26,33.64,117.09,"[""CELL_006"", ""CELL_000"", ""CELL_001""]",-83.23,0
50,UE_0031,CELL_005,576.6,220.25,33.64,117.09,"[""CELL_006"", ""CELL_000"", ""CELL_001""]",-101.56,0
55,UE_0031,CELL_005,575.07,223.25,33.64,117.09,"[""CELL_006"", ""CELL_000"", ""CELL_001""]",-98.25,0
60,UE_0031,CELL_005,573.54,226.24,33.64,117.09,"[""CELL_006"", ""CELL_000"", ""CELL_001""]",-82.79,0
65,UE_0031,CELL_005,572.0,229.24,29.43,153.4,"[""CELL_006"", ""CELL_000"", ""CELL_001""]",-103.7,0
70,UE_0031,CELL_005,569.37,230.56,29.43,153.4,"[""CELL_006"", ""CELL_000"", ""CELL_001""]",-93.35,0
75,UE_0031,CELL_005,566.74,231.87,29.43,153.4,"[""CELL_006"", ""CELL_000"", ""CELL_001""]",-100.8,0
80,UE_0031,CELL_005,564.11,233.19,29.43,153.4,"[""CELL_006"", ""CELL_000"", ""CELL_001""]",-95.14,0
85,UE_0031,CELL_005,561.48,234.51,29.43,153.4,"[""CELL_006"", ""CELL_000"", ""CELL_001""]",-79.0,0
90,UE_0031,CELL_005,558.85,235.83,29.43,153.4,"[""CELL_006"", ""CELL_000"", ""CELL_001""]",-94.41,0
95,UE_0031,CELL_005,556.22,237.14,29.43,153.4,"[""CELL_006"", ""CELL_000"", ""CELL_001""]",-90.69,0
100,UE_0031,CELL_005,553.58,238.46,29.43,153.4,"[""CELL_006"", ""CELL_000"", ""CELL_001""]",-110.81,0
105,UE_0031,CELL_005,550.95,239.78,29.43,153.4,"[""CELL_006"", ""CELL_000"", ""CELL_001""]",-112.27,1
110,UE_0031,CELL_005,548.32,241.1,29.43,153.4,"[""CELL_006"", ""CELL_000"", ""CELL_001""]",-98.29,0
115,UE_0031,CELL_005,545.69,242.42,29.43,153.4,"[""CELL_006"", ""CELL_000"", ""CELL_001""]",-93.08,0
120,UE_0031,CELL_005,543.06,243.73,29.43,153.4,"[""CELL_006"", ""CELL_000"", ""CELL_001""]",-92.34,0
125,UE_0031,CELL_005,540.43,245.05,29.43,153.4,"[""CELL_006"", ""CELL_000"", ""CELL_001""]",-92.37,0
130,UE_0031,CELL_005,537.8,246.37,29.43,153.4,"[""CELL_006"", ""CELL_000"", ""CELL_001""]",-95.93,0
135,UE_0031,CELL_005,535.16,247.69,29.43,153.4,"[""CELL_006"", ""CELL_000"", ""CELL_001""]",-100.19,0
140,UE_0031,CELL_005,532.53,249.0,29.43,153.4,"[""CELL_006"", ""CELL_000"", ""CELL_001""]",-96.91,0
145,UE_0031,CELL_005,529.9,250.32,29.43,153.4,"[""CELL_006"", ""CELL_000"", ""CELL_001""]",-75.03,0
150,UE_0031,CELL_005,527.27,251.64,29.43,153.4,"[""CELL_006"", ""CELL_000"", ""CELL_001""]",-105.94,0
155,UE_0031,CELL_005,524.64,252.96,29.43,153.4,"[""CELL_006"", ""CELL_000"", ""CELL_001""]",-92.33,0
160,UE_0031,CELL_005,522.01,254.27,29.43,153.4,"[""CELL_006"", ""CELL_000"", ""CELL_001""]",-94.38,0
165,UE_0031,CELL_005,519.38,255.59,29.43,153.4,"[""CELL_006"", ""CELL_000"", ""CELL_001""]",-91.18,0
170,UE_0031,CELL_005,516.74,256.91,29.43,153.4,"[""CELL_006"", ""CELL_000"", ""CELL_001""]",-105.41,0
175,UE_0031,CELL_005,514.11,258.23,29.43,153.4,"[""CELL_006"", ""CELL_000"", ""CELL_001""]",-105.38,0
180,UE_0031,CELL_005,511.48,259.55,29.43,153.4,"[""CELL_006"", ""CELL_000"", ""CELL_001""]",-110.0,0
185,UE_0031,CELL_005,508.85,260.86,29.43,153.4,"[""CELL_006"", ""CELL_000"", ""CELL_001""]",-98.97,0
190,UE_0031,CELL_005,506.22,262.18,29.43,153.4,"[""CELL_006"", ""CELL_000"", ""CELL_001""]",-96.38,0
195,UE_0031,CELL_005,503.59,263.5,29.43,153.4,"[""CELL_006"", ""CELL_000"", ""CELL_001""]",-99.24,0
200,UE_0031,CELL_005,500.96,264.82,29.43,153.4,"[""CELL_006"", ""CELL_000"", ""CELL_001""]",-72.54,0
205,UE_0031,CELL_005,498.32,266.13,29.43,153.4,"[""CELL_006"", ""CELL_000"", ""CELL_001""]",-103.61,0
210,UE_0031,CELL_005,495.69,267.45,29.43,153.4,"[""CELL_006"", ""CELL_000"", ""CELL_001""]",-100.49,0
215,UE_0031,CELL_005,493.06,268.77,29.43,153.4,"[""CELL_006"", ""CELL_000"", ""CELL_001""]",-112.07,0
220,UE_0031,CELL_005,490.43,270.09,29.43,153.4,"[""CELL_006"", ""CELL_000"", ""CELL_001""]",-112.71,0
225,UE_0031,CELL_005,487.8,271.4,29.43,153.4,"[""CELL_006"", ""CELL_000"", ""CELL_001""]",-93.88,0
230,UE_0031,CELL_005,485.17,272.72,29.43,153.4,"[""CELL_006"", ""CELL_000"", ""CELL_001""]",-98.01,0
235,UE_0031,CELL_005,482.54,274.04,29.43,153.4,"[""CELL_006"", ""CELL_000"", ""CELL_001""]",-114.18,0
240,UE_0031,CELL_005,479.9,275.36,29.43,153.4,"[""CELL_006"", ""CELL_000"", ""CELL_001""]",-106.14,0
245,UE_0031,CELL_005,477.27,276.68,29.43,153.4,"[""CELL_006"", ""CELL_000"", ""CELL_001""]",-101.91,0
250,UE_0031,CELL_005,474.64,277.99,31.49,-46.71,"[""CELL_006"", ""CELL_000"", ""CELL_001""]",-82.48,0
255,UE_0031,CELL_005,476.8,275.7,31.49,-46.71,"[""CELL_006"", ""CELL_000"", ""CELL_001""]",-93.92,0
260,UE_0031,CELL_005,478.96,273.41,31.49,-46.71,"[""CELL_006"", ""CELL_000"", ""CELL_001""]",-88.38,0
265,UE_0031,CELL_005,481.12,271.12,31.49,-46.71,"[""CELL_006"", ""CELL_000"", ""CELL_001""]",-91.45,0
270,UE_0031,CELL_005,483.28,268.82,31.49,-46.71,"[""CELL_006"", ""CELL_000"", ""CELL_001""]",-82.82,0
275,UE_0031,CELL_005,485.44,266.53,31.49,-46.71,"[""CELL_006"", ""CELL_000"", ""CELL_001""]",-105.15,0
280,UE_0031,CELL_005,487.6,264.24,31.49,-46.71,"[""CELL_006"", ""CELL_000"", ""CELL_001""]",-94.32,0
285,UE_0031,CELL_005,489.76,261.94,31.49,-46.71,"[""CELL_006"", ""CELL_000"", ""CELL_001""]",-93.29,0
290,UE_0031,CELL_005,491.92,259.65,31.49,-46.71,"[""CELL_006"", ""CELL_000"", ""CELL_001""]",-108.44,0
295,UE_0031,CELL_005,494.08,257.36,31.49,-46.71,"[""CELL_006"", ""CELL_000"", ""CELL_001""]",-92.88,0
300,UE_0031,CELL_005,496.24,255.07,31.49,-46.71,"[""CELL_006"", ""CELL_000"", ""CELL_001""]",-96.34,0
305,UE_0031,CELL_005,498.4,252.77,31.49,-46.71,"[""CELL_006"", ""CELL_000"", ""CELL_001""]",-88.56,0
310,UE_0031,CELL_005,500.56,250.48,31.49,-46.71,"[""CELL_006"", ""CELL_000"", ""CELL_001""]",-104.32,0
315,UE_0031,CELL_005,502.71,248.19,31.49,-46.71,"[""CELL_006"", ""CELL_000"", ""CELL_001""]",-103.41,0
320,UE_0031,CELL_005,504.87,245.9,31.49,-46.71,"[""CELL_006"", ""CELL_000"", ""CELL_001""]",-95.11,0
325,UE_0031,CELL_005,507.03,243.6,31.49,-46.71,"[""CELL_006"", ""CELL_000"", ""CELL_001""]",-101.37,0
330,UE_0031,CELL_005,509.19,241.31,31.49,-46.71,"[""CELL_006"", ""CELL_000"", ""CELL_001""]",-74.31,0
335,UE_0031,CELL_005,511.35,239.02,31.49,-46.71,"[""CELL_006"", ""CELL_000"", ""CELL_001""]",-99.19,0
340,UE_0031,CELL_005,513.51,236.73,31.49,-46.71,"[""CELL_006"", ""CELL_000"", ""CELL_001""]",-99.87,0
345,UE_0031,CELL_005,515.67,234.43,31.49,-46.71,"[""CELL_006"", ""CELL_000"", ""CELL_001""]",-104.96,0
350,UE_0031,CELL_005,517.83,232.14,31.49,-46.71,"[""CELL_006"", ""CELL_000"", ""CELL_001""]",-86.55,0
355,UE_0031,CELL_005,519.99,229.85,31.49,-46.71,"[""CELL_006"", ""CELL_000"", ""CELL_001""]",-92.83,0
360,UE_0031,CELL_005,522.15,227.56,31.49,-46.71,"[""CELL_006"", ""CELL_000"", ""CELL_001""]",-98.57,1
365,UE_0031,CELL_005,524.31,225.26,31.49,-46.71,"[""CELL_006"", ""CELL_000"", ""CELL_001""]",-83.15,0
370,UE_0031,CELL_005,526.47,222.97,31.49,-46.71,"[""CELL_006"", ""CELL_000"", ""CELL_001""]",-88.28,0
375,UE_0031,CELL_005,528.63,220.68,28.28,-40.53,"[""CELL_006"", ""CELL_000"", ""CELL_001""]",-100.82,0
380,UE_0031,CELL_005,530.78,218.84,28.28,-40.53,"[""CELL_006"", ""CELL_000"", ""CELL_001""]",-83.2,0
385,UE_0031,CELL_005,532.93,217.0,28.28,-40.53,"[""CELL_006"", ""CELL_000"", ""CELL_001""]",-97.64,0
390,UE_0031,CELL_005,535.08,215.16,28.28,-40.53,"[""CELL_006"", ""CELL_000"", ""CELL_001""]",-81.67,0
395,UE_0031,CELL_005,537.23,213.33,28.28,-40.53,"[""CELL_006"", ""CELL_000"", ""CELL_001""]",-92.92,0
400,UE_0031,CELL_005,539.38,211.49,28.28,-40.53,"[""CELL_006"", ""CELL_000"", ""CELL_001""]",-90.91,0
405,UE_0031,CELL_005,541.53,209.65,28.28,-40.53,"[""CELL_006"", ""CELL_000"", ""CELL_001""]",-100.39,0
410,UE_0031,CELL_005,543.68,207.81,28.28,-40.53,"[""CELL_006"", ""CELL_000"", ""CELL_001""]",-92.16,0
415,UE_0031,CELL_005,545.83,205.98,28.28,-40.53,"[""CELL_006"", ""CELL_000"", ""CELL_001""]",-91.51,0
420,UE_0031,CELL_005,547.98,204.14,28.28,-40.53,"[""CELL_006"", ""CELL_000"", ""CELL_001""]",-110.68,0
425,UE_0031,CELL_005,550.13,202.3,28.28,-40.53,"[""CELL_006"", ""CELL_000"", ""CELL_001""]",-111.29,0
430,UE_0031,CELL_005,552.28,200.46,28.28,-40.53,"[""CELL_006"", ""CELL_000"", ""CELL_001""]",-83.39,0
435,UE_0031,CELL_005,554.43,198.63,28.28,-40.53,"[""CELL_006"", ""CELL_000"", ""CELL_001""]",-99.9,1
440,UE_0031,CELL_005,556.58,196.79,28.28,-40.53,"[""CELL_006"", ""CELL_000"", ""CELL_001""]",-90.96,0
445,UE_0031,CELL_005,558.72,194.95,28.28,-40.53,"[""CELL_006"", ""CELL_000"", ""CELL_001""]",-114.62,0
450,UE_0031,CELL_005,560.87,193.11,28.28,-40.53,"[""CELL_006"", ""CELL_000"", ""CELL_001""]",-82.96,0
455,UE_0031,CELL_005,563.02,191.27,32.99,48.7,"[""CELL_006"", ""CELL_000"", ""CELL_001""]",-100.3,0
460,UE_0031,CELL_005,565.2,193.75,32.99,48.7,"[""CELL_006"", ""CELL_000"", ""CELL_001""]",-97.7,0
465,UE_0031,CELL_005,567.38,196.23,32.99,48.7,"[""CELL_006"", ""CELL_000"", ""CELL_001""]",-93.47,0
470,UE_0031,CELL_005,569.56,198.71,32.99,48.7,"[""CELL_006"", ""CELL_000"", ""CELL_001""]",-99.88,0
475,UE_0031,CELL_005,571.74,201.19,32.99,48.7,"[""CELL_006"", ""CELL_000"", ""CELL_001""]",-99.46,0
480,UE_0031,CELL_005,573.91,203.67,32.99,48.7,"[""CELL_006"", ""CELL_000"", ""CELL_001""]",-73.56,0
485,UE_0031,CELL_005,576.09,206.15,32.99,48.7,"[""CELL_006"", ""CELL_000"", ""CELL_001""]",-100.44,0
490,UE_0031,CELL_006,578.27,208.62,32.99,48.7,"[""CELL_000"", ""CELL_001"", ""CELL_002""]",-91.16,0
495,UE_0031,CELL_006,580.45,211.1,32.99,48.7,"[""CELL_000"", ""CELL_001"", ""CELL_002""]",-87.73,0
0,UE_0032,CELL_004,755.55,182.75,27.46,-134.01,"[""CELL_005"", ""CELL_006"", ""CELL_000""]",-124.57,0
5,UE_0032,CELL_004,753.64,180.77,27.46,-134.01,"[""CELL_005"", ""CELL_006"", ""CELL_000""]",-113.16,0
10,UE_0032,CELL_004,751.73,178.8,27.46,-134.01,"[""CELL_005"", ""CELL_006"", ""CELL_000""]",-91.38,0
15,UE_0032,CELL_004,749.82,176.82,27.46,-134.01,"[""CELL_005"", ""CELL_006"", ""CELL_000""]",-89.11,0
20,UE_0032,CELL_004,747.92,174.85,27.46,-134.01,"[""CELL_005"", ""CELL_006"", ""CELL_000""]",-85.83,0
25,UE_0032,CELL_004,746.01,172.87,27.46,-134.01,"[""CELL_005"", ""CELL_006"", ""CELL_000""]",-99.58,0
30,UE_0032,CELL_004,744.1,170.9,27.46,-134.01,"[""CELL_005"", ""CELL_006"", ""CELL_000""]",-93.52,0
35,UE_0032,CELL_004,742.19,168.92,27.46,-134.01,"[""CELL_005"", ""CELL_006"", ""CELL_000""]",-108.12,0
40,UE_0032,CELL_004,740.28,166.94,27.46,-134.01,"[""CELL_005"", ""CELL_006"", ""CELL_000""]",-83.96,0
45,UE_0032,CELL_004,738.38,164.97,27.46,-134.01,"[""CELL_005"", ""CELL_006"", ""CELL_000""]",-96.44,0
50,UE_0032,CELL_004,736.47,162.99,27.46,-134.01,"[""CELL_005"", ""CELL_006"", ""CELL_000""]",-100.32,0
55,UE_0032,CELL_001,734.56,161.02,27.46,-134.01,"[""CELL_002"", ""CELL_003"", ""CELL_004""]",-88.27,0
60,UE_0032,CELL_001,732.65,159.04,27.46,-134.01,"[""CELL_002"", ""CELL_003"", ""CELL_004""]",-102.83,0
65,UE_0032,CELL_001,730.74,157.07,27.46,-134.01,"[""CELL_002"", ""CELL_003"", ""CELL_004""]",-78.16,0
70,UE_0032,CELL_001,728.84,155.09,27.46,-134.01,"[""CELL_002"", ""CELL_003"", ""CELL_004""]",-88.08,0
75,UE_0032,CELL_001,726.93,153.12,27.46,-134.01,"[""CELL_002"", ""CELL_003"", ""CELL_004""]",-108.66,0
80,UE_0032,CELL_001,725.02,151.14,27.46,-134.01,"[""CELL_002"", ""CELL_003"", ""CELL_004""]",-101.88,0
85,UE_0032,CELL_001,723.11,149.17,27.46,-134.01,"[""CELL_002"", ""CELL_003"", ""CELL_004""]",-86.08,0
90,UE_0032,CELL_001,721.2,147.19,27.46,-134.01,"[""CELL_002"", ""CELL_003"", ""CELL_004""]",-83.74,0
95,UE_0032,CELL_001,719.3,145.22,26.8,48.0,"[""CELL_002"", ""CELL_003"", ""CELL_004""]",-109.06,0
100,UE_0032,CELL_001,721.09,147.21,26.8,48.0,"[""CELL_002"", ""CELL_003"", ""CELL_004""]",-97.98,0
105,UE_0032,CELL_001,722.88,149.2,26.8,48.0,"[""CELL_002"", ""CELL_003"", ""CELL_004""]",-100.17,0
110,UE_0032,CELL_001,724.68,151.19,26.8,48.0,"[""CELL_002"", ""CELL_003"", ""CELL_004""]",-105.35,0
115,UE_0032,CELL_001,726.47,153.18,26.8,48.0,"[""CELL_002"", ""CELL_003"", ""CELL_004""]",-96.25,0
120,UE_0032,CELL_001,728.26,155.17,26.8,48.0,"[""CELL_002"", ""CELL_003"", ""CELL_004""]",-113.26,0
125,UE_0032,CELL_001,730.06,157.17,26.8,48.0,"[""CELL_002"", ""CELL_003"", ""CELL_004""]",-89.15,0
130,UE_0032,CELL_001,731.85,159.16,26.8,48.0,"[""CELL_002"", ""CELL_003"", ""CELL_004""]",-88.69,0
135,UE_0032,CELL_001,733.64,161.15,26.8,48.0,"[""CELL_002"", ""CELL_003"", ""CELL_004""]",-103.12,0
140,UE_0032,CELL_001,735.44,163.14,26.8,48.0,"[""CELL_002"", ""CELL_003"", ""CELL_004""]",-85.98,0
145,UE_0032,CELL_001,737.23,165.13,26.8,48.0,"[""CELL_002"", ""CELL_003"", ""CELL_004""]",-104.04,0
150,UE_0032,CELL_001,739.02,167.13,26.8,48.0,"[""CELL_002"", ""CELL_003"", ""CELL_004""]",-105.46,0
155,UE_0032,CELL_001,740.82,169.12,26.8,48.0,"[""CELL_002"", ""CELL_003"", ""CELL_004""]",-106.29,0
160,UE_0032,CELL_001,742.61,171.11,26.8,48.0,"[""CELL_002"", ""CELL_003"", ""CELL_004""]",-93.73,0
165,UE_0032,CELL_001,744.4,173.1,26.8,48.0,"[""CELL_002"", ""CELL_003"", ""CELL_004""]",-106.52,0
170,UE_0032,CELL_001,746.2,175.09,26.8,48.0,"[""CELL_002"", ""CELL_003"", ""CELL_004""]",-110.94,0
175,UE_0032,CELL_001,747.99,177.09,26.8,48.0,"[""CELL_002"", ""CELL_003"", ""CELL_004""]",-82.31,0
180,UE_0032,CELL_001,749.78,179.08,26.8,48.0,"[""CELL_002"", ""CELL_003"", ""CELL_004""]",-104.75,0
185,UE_0032,CELL_001,751.58,181.07,26.8,48.0,"[""CELL_002"", ""CELL_003"", ""CELL_004""]",-90.07,0
190,UE_0032,CELL_001,753.37,183.06,26.8,48.0,"[""CELL_002"", ""CELL_003"", ""CELL_004""]",-88.79,0
195,UE_0032,CELL_001,755.16,185.05,26.8,48.0,"[""CELL_002"", ""CELL_003"", ""CELL_004""]",-93.26,0
200,UE_0032,CELL_001,756.96,187.04,26.8,48.0,"[""CELL_002"", ""CELL_003"", ""CELL_004""]",-86.46,0
205,UE_0032,CELL_001,758.75,189.04,26.8,48.0,"[""CELL_002"", ""CELL_003"", ""CELL_004""]",-83.48,0
210,UE_0032,CELL_001,760.54,191.03,26.8,48.0,"[""CELL_002"", ""CELL_003"", ""CELL_004""]",-77.42,0
215,UE_0032,CELL_001,762.34,193.02,26.8,48.0,"[""CELL_002"", ""CELL_003"", ""CELL_004""]",-96.55,0
220,UE_0032,CELL_001,764.13,195.01,26.8,48.0,"[""CELL_002"", ""CELL_003"", ""CELL_004""]",-79.76,0
225,UE_0032,CELL_001,765.93,197.0,26.8,48.0,"[""CELL_002"", ""CELL_003"", ""CELL_004""]",-110.44,0
230,UE_0032,CELL_001,767.72,199.0,26.8,48.0,"[""CELL_002"", ""CELL_003"", ""CELL_004""]",-99.28,0
235,UE_0032,CELL_001,769.51,200.99,26.8,48.0,"[""CELL_002"", ""CELL_003"", ""CELL_004""]",-85.29,0
240,UE_0032,CELL_001,771.31,202.98,26.8,48.0,"[""CELL_002"", ""CELL_003"", ""CELL_004""]",-87.68,0
245,UE_0032,CELL_004,773.1,204.97,26.8,48.0,"[""CELL_005"", ""CELL_006"", ""CELL_000""]",-75.06,0
250,UE_0032,CELL_004,774.89,206.96,26.8,48.0,"[""CELL_005"", ""CELL_006"", ""CELL_000""]",-91.88,0
255,UE_0032,CELL_004,776.69,208.96,26.8,48.0,"[""CELL_005"", ""CELL_006"", ""CELL_000""]",-94.12,0
260,UE_0032,CELL_004,778.48,210.95,26.8,48.0,"[""CELL_005"", ""CELL_006"", ""CELL_000""]",-100.72,0
265,UE_0032,CELL_004,780.27,212.94,26.8,48.0,"[""CELL_005"", ""CELL_006"", ""CELL_000""]",-92.21,0
270,UE_0032,CELL_004,782.07,214.93,26.8,48.0,"[""CELL_005"", ""CELL_006"", ""CELL_000""]",-99.89,0
275,UE_0032,CELL_004,783.86,216.92,26.8,48.0,"[""CELL_005"", ""CELL_006"", ""CELL_000""]",-90.51,0
280,UE_0032,CELL_004,785.65,218.92,26.8,48.0,"[""CELL_005"", ""CELL_006"", ""CELL_000""]",-98.27,0
285,UE_0032,CELL_004,787.45,220.91,26.8,48.0,"[""CELL_005"", ""CELL_006"", ""CELL_000""]",-93.96,0
290,UE_0032,CELL_004,789.24,222.9,26.8,48.0,"[""CELL_005"", ""CELL_006"", ""CELL_000""]",-99.14,1
295,UE_0032,CELL_004,791.03,224.89,26.8,48.0,"[""CELL_005"", ""CELL_006"", ""CELL_000""]",-106.71,0
300,UE_0032,CELL_004,792.83,226.88,26.8,48.0,"[""CELL_005"", ""CELL_006"", ""CELL_000""]",-102.1,0
305,UE_0032,CELL_004,794.62,228.87,26.8,48.0,"[""CELL_005"", ""CELL_006"", ""CELL_000""]",-103.6,0
310,UE_0032,CELL_004,796.41,230.87,26.8,48.0,"[""CELL_005"", ""CELL_006"", ""CELL_000""]",-88.46,0
315,UE_0032,CELL_004,798.21,232.86,26.8,48.0,"[""CELL_005"", ""CELL_006"", ""CELL_000""]",-102.88,0
320,UE_0032,CELL_004,800.0,234.85,26.8,48.0,"[""CELL_005"", ""CELL_006"", ""CELL_000""]",-115.2,0
325,UE_0032,CELL_004,801.79,236.84,26.8,48.0,"[""CELL_005"", ""CELL_006"", ""CELL_000""]",-98.39,0
330,UE_0032,CELL_004,803.59,238.83,26.8,48.0,"[""CELL_005"", ""CELL_006"", ""CELL_000""]",-81.48,0
335,UE_0032,CELL_004,805.38,240.83,26.8,48.0,"[""CELL_005"", ""CELL_006"", ""CELL_000""]",-110.27,0
340,UE_0032,CELL_005,807.17,242.82,26.8,48.0,"[""CELL_006"", ""CELL_000"", ""CELL_001""]",-109.58,0
345,UE_0032,CELL_005,808.97,244.81,26.8,48.0,"[""CELL_006"", ""CELL_000"", ""CELL_001""]",-94.0,0
350,UE_0032,CELL_005,810.76,246.8,26.8,48.0,"[""CELL_006"", ""CELL_000"", ""CELL_001""]",-102.34,0
355,UE_0032,CELL_005,812.56,248.79,26.8,48.0,"[""CELL_006"", ""CELL_000"", ""CELL_001""]",-86.68,0
360,UE_0032,CELL_005,814.35,250.79,26.8,48.0,"[""CELL_006"", ""CELL_000"", ""CELL_001""]",-94.98,0
365,UE_0032,CELL_005,816.14,252.78,26.8,48.0,"[""CELL_006"", ""CELL_000"", ""CELL_001""]",-92.11,0
370,UE_0032,CELL_005,817.94,254.77,26.8,48.0,"[""CELL_006"", ""CELL_000"", ""CELL_001""]",-87.95,0
375,UE_0032,CELL_005,819.73,256.76,26.8,48.0,"[""CELL_006"", ""CELL_000"", ""CELL_001""]",-94.09,0
380,UE_0032,CELL_005,821.52,258.75,26.8,48.0,"[""CELL_006"", ""CELL_000"", ""CELL_001""]",-92.16,0
385,UE_0032,CELL_005,823.32,260.74,26.8,48.0,"[""CELL_006"", ""CELL_000"", ""CELL_001""]",-112.32,0
390,UE_0032,CELL_005,825.11,262.74,26.8,48.0,"[""CELL_006"", ""CELL_000"", ""CELL_001""]",-104.03,0
395,UE_0032,CELL_005,826.9,264.73,26.8,48.0,"[""CELL_006"", ""CELL_000"", ""CELL_001""]",-88.16,0
400,UE_0032,CELL_005,828.7,266.72,26.8,48.0,"[""CELL_006"", ""CELL_000"", ""CELL_001""]",-105.79,0
405,UE_0032,CELL_005,830.49,268.71,26.8,48.0,"[""CELL_006"", ""CELL_000"", ""CELL_001""]",-93.63,0
410,UE_0032,CELL_005,832.28,270.7,26.8,48.0,"[""CELL_006"", ""CELL_000"", ""CELL_001""]",-86.11,0
415,UE_0032,CELL_005,834.08,272.7,26.8,48.0,"[""CELL_006"", ""CELL_000"", ""CELL_001""]",-108.52,0
420,UE_0032,CELL_005,835.87,274.69,26.8,48.0,"[""CELL_006"", ""CELL_000"", ""CELL_001""]",-89.54,0
425,UE_0032,CELL_005,837.66,276.68,26.8,48.0,"[""CELL_006"", ""CELL_000"", ""CELL_001""]",-91.45,1
430,UE_0032,CELL_005,839.46,278.67,26.8,48.0,"[""CELL_006"", ""CELL_000"", ""CELL_001""]",-116.66,0
435,UE_0032,CELL_005,841.25,280.66,26.8,48.0,"[""CELL_006"", ""CELL_000"", ""CELL_001""]",-81.61,0
440,UE_0032,CELL_005,843.04,282.66,26.8,48.0,"[""CELL_006"", ""CELL_000"", ""CELL_001""]",-83.17,0
445,UE_0032,CELL_005,844.84,284.65,26.8,48.0,"[""CELL_006"", ""CELL_000"", ""CELL_001""]",-83.35,0
450,UE_0032,CELL_005,846.63,286.64,26.8,48.0,"[""CELL_006"", ""CELL_000"", ""CELL_001""]",-99.1,0
455,UE_0032,CELL_005,848.42,288.63,26.8,48.0,"[""CELL_006"", ""CELL_000"", ""CELL_001""]",-84.8,0
460,UE_0032,CELL_005,850.22,290.62,26.8,48.0,"[""CELL_006"", ""CELL_000"", ""CELL_001""]",-88.11,0
465,UE_0032,CELL_005,852.01,292.62,26.8,48.0,"[""CELL_006"", ""CELL_000"", ""CELL_001""]",-92.56,0
470,UE_0032,CELL_005,853.8,294.61,26.8,48.0,"[""CELL_006"", ""CELL_000"", ""CELL_001""]",-93.19,0
475,UE_0032,CELL_005,855.6,296.6,26.8,48.0,"[""CELL_006"", ""CELL_000"", ""CELL_001""]",-102.05,0
480,UE_0032,CELL_005,857.39,298.59,26.8,48.0,"[""CELL_006"", ""CELL_000"", ""CELL_001""]",-99.02,0
485,UE_0032,CELL_005,859.19,300.58,26.8,48.0,"[""CELL_006"", ""CELL_000"", ""CELL_001""]",-89.75,0
490,UE_0032,CELL_005,860.98,302.57,26.8,48.0,"[""CELL_006"", ""CELL_000"", ""CELL_001""]",-102.95,0
495,UE_0032,CELL_005,862.77,304.57,26.8,48.0,"[""CELL_006"", ""CELL_000"", ""CELL_001""]",-94.25,0
0,UE_0033,CELL_006,363.18,92.19,30.82,-130.66,"[""CELL_000"", ""CELL_001"", ""CELL_002""]",-88.97,0
5,UE_0033,CELL_006,361.17,89.85,30.82,-130.66,"[""CELL_000"", ""CELL_001"", ""CELL_002""]",-98.15,0
10,UE_0033,CELL_006,359.16,87.51,30.82,-130.66,"[""CELL_000"", ""CELL_001"", ""CELL_002""]",-106.49,0
15,UE_0033,CELL_006,357.15,85.18,30.82,-130.66,"[""CELL_000"", ""CELL_001"", ""CELL_002""]",-101.99,0
20,UE_0033,CELL_006,355.14,82.84,30.82,-130.66,"[""CELL_000"", ""CELL_001"", ""CELL_002""]",-100.05,0
25,UE_0033,CELL_006,353.14,80.5,30.82,-130.66,"[""CELL_000"", ""CELL_001"", ""CELL_002""]",-94.96,0
30,UE_0033,CELL_006,351.13,78.16,30.82,-130.66,"[""CELL_000"", ""CELL_001"", ""CELL_002""]",-86.64,0
35,UE_0033,CELL_006,349.12,75.82,30.82,-130.66,"[""CELL_000"", ""CELL_001"", ""CELL_002""]",-100.8,1
40,UE_0033,CELL_006,347.11,73.48,30.82,-130.66,"[""CELL_000"", ""CELL_001"", ""CELL_002""]",-94.22,0
45,UE_0033,CELL_006,345.1,71.15,30.82,-130.66,"[""CELL_000"", ""CELL_001"", ""CELL_002""]",-106.24,0
50,UE_0033,CELL_006,343.1,68.81,30.82,-130.66,"[""CELL_000"", ""CELL_001"", ""CELL_002""]",-110.15,0
55,UE_0033,CELL_006,341.09,66.47,30.82,-130.66,"[""CELL_000"", ""CELL_001"", ""CELL_002""]",-100.5,0
60,UE_0033,CELL_006,339.08,64.13,30.82,-130.66,"[""CELL_000"", ""CELL_001"", ""CELL_002""]",-80.2,0
65,UE_0033,CELL_006,337.07,61.79,30.82,-130.66,"[""CELL_000"", ""CELL_001"", ""CELL_002""]",-104.56,0
70,UE_0033,CELL_006,335.06,59.46,30.82,-130.66,"[""CELL_000"", ""CELL_001"", ""CELL_002""]",-87.11,0
75,UE_0033,CELL_006,333.06,57.12,30.82,-130.66,"[""CELL_000"", ""CELL_001"", ""CELL_002""]",-100.21,0
80,UE_0033,CELL_006,331.05,54.78,30.82,-130.66,"[""CELL_000"", ""CELL_001"", ""CELL_002""]",-102.72,1
85,UE_0033,CELL_006,329.04,52.44,30.82,-130.66,"[""CELL_000"", ""CELL_001"", ""CELL_002""]",-100.32,0
90,UE_0033,CELL_006,327.03,50.1,30.82,-130.66,"[""CELL_000"", ""CELL_001"", ""CELL_002""]",-80.13,0
95,UE_0033,CELL_006,325.02,47.77,30.82,-130.66,"[""CELL_000"", ""CELL_001"", ""CELL_002""]",-103.09,0
100,UE_0033,CELL_006,323.02,45.43,30.82,-130.66,"[""CELL_000"", ""CELL_001"", ""CELL_002""]",-75.16,0
105,UE_0033,CELL_006,321.01,43.09,30.82,-130.66,"[""CELL_000"", ""CELL_001"", ""CELL_002""]",-114.35,0
110,UE_0033,CELL_006,319.0,40.75,30.82,-130.66,"[""CELL_000"", ""CELL_001"", ""CELL_002""]",-91.84,0
115,UE_0033,CELL_006,316.99,38.41,30.82,-130.66,"[""CELL_000"", ""CELL_001"", ""CELL_002""]",-89.47,0
120,UE_0033,CELL_006,314.99,36.07,30.82,-130.66,"[""CELL_000"", ""CELL_001"", ""CELL_002""]",-112.49,0
125,UE_0033,CELL_006,312.98,33.74,30.82,-130.66,"[""CELL_000"", ""CELL_001"", ""CELL_002""]",-93.85,0
130,UE_0033,CELL_006,310.97,31.4,30.82,-130.66,"[""CELL_000"", ""CELL_001"", ""CELL_002""]",-84.45,0
135,UE_0033,CELL_006,308.96,29.06,30.82,-130.66,"[""CELL_000"", ""CELL_001"", ""CELL_002""]",-88.46,0
140,UE_0033,CELL_006,306.95,26.72,30.82,-130.66,"[""CELL_000"", ""CELL_001"", ""CELL_002""]",-92.97,0
145,UE_0033,CELL_006,304.95,24.38,30.82,-130.66,"[""CELL_000"", ""CELL_001"", ""CELL_002""]",-103.43,0
150,UE_0033,CELL_006,302.94,22.05,30.82,-130.66,"[""CELL_000"", ""CELL_001"", ""CELL_002""]",-111.16,0
155,UE_0033,CELL_006,300.93,19.71,30.82,-130.66,"[""CELL_000"", ""CELL_001"", ""CELL_002""]",-100.45,0
160,UE_0033,CELL_006,298.92,17.37,30.82,-130.66,"[""CELL_000"", ""CELL_001"", ""CELL_002""]",-73.38,0
165,UE_0033,CELL_006,296.91,15.03,30.82,-130.66,"[""CELL_000"", ""CELL_001"", ""CELL_002""]",-92.65,0
170,UE_0033,CELL_003,294.91,12.69,30.82,-130.66,"[""CELL_004"", ""CELL_005"", ""CELL_006""]",-96.67,0
175,UE_0033,CELL_003,292.9,10.35,30.82,-130.66,"[""CELL_004"", ""CELL_005"", ""CELL_006""]",-103.85,0
180,UE_0033,CELL_003,290.89,8.02,30.82,-130.66,"[""CELL_004"", ""CELL_005"", ""CELL_006""]",-101.87,0
185,UE_0033,CELL_004,288.88,5.68,30.82,-130.66,"[""CELL_005"", ""CELL_006"", ""CELL_000""]",-90.41,0
190,UE_0033,CELL_004,286.87,3.34,30.82,-130.66,"[""CELL_005"", ""CELL_006"", ""CELL_000""]",-104.34,0
195,UE_0033,CELL_004,284.87,1.0,30.82,-130.66,"[""CELL_005"", ""CELL_006"", ""CELL_000""]",-96.33,0
200,UE_0033,CELL_004,282.86,-1.34,30.82,-130.66,"[""CELL_005"", ""CELL_006"", ""CELL_000""]",-80.08,0
205,UE_0033,CELL_004,280.85,-3.67,30.82,-130.66,"[""CELL_005"", ""CELL_006"", ""CELL_000""]",-82.12,0
210,UE_0033,CELL_004,278.84,-6.01,30.82,-130.66,"[""CELL_005"", ""CELL_006"", ""CELL_000""]",-98.82,0
215,UE_0033,CELL_004,276.83,-8.35,30.82,-130.66,"[""CELL_005"", ""CELL_006"", ""CELL_000""]",-96.92,0
220,UE_0033,CELL_004,274.83,-10.69,30.82,-130.66,"[""CELL_005"", ""CELL_006"", ""CELL_000""]",-91.25,0
225,UE_0033,CELL_004,272.82,-13.03,30.82,-130.66,"[""CELL_005"", ""CELL_006"", ""CELL_000""]",-94.99,0
230,UE_0033,CELL_004,270.81,-15.37,30.82,-130.66,"[""CELL_005"", ""CELL_006"", ""CELL_000""]",-91.37,0
235,UE_0033,CELL_004,268.8,-17.7,30.82,-130.66,"[""CELL_005"", ""CELL_006"", ""CELL_000""]",-105.54,0
240,UE_0033,CELL_004,266.79,-20.04,30.82,-130.66,"[""CELL_005"", ""CELL_006"", ""CELL_000""]",-87.63,0
245,UE_0033,CELL_004,264.79,-22.38,30.82,-130.66,"[""CELL_005"", ""CELL_006"", ""CELL_000""]",-100.14,0
250,UE_0033,CELL_004,262.78,-24.72,30.82,-130.66,"[""CELL_005"", ""CELL_006"", ""CELL_000""]",-74.19,0
255,UE_0033,CELL_004,260.77,-27.06,30.82,-130.66,"[""CELL_005"", ""CELL_006"", ""CELL_000""]",-96.05,0
260,UE_0033,CELL_004,258.76,-29.39,30.82,-130.66,"[""CELL_005"", ""CELL_006"", ""CELL_000""]",-80.13,0
265,UE_0033,CELL_004,256.75,-31.73,30.82,-130.66,"[""CELL_005"", ""CELL_006"", ""CELL_000""]",-90.5,0
270,UE_0033,CELL_004,254.75,-34.07,30.82,-130.66,"[""CELL_005"", ""CELL_006"", ""CELL_000""]",-104.14,0
275,UE_0033,CELL_004,252.74,-36.41,30.82,-130.66,"[""CELL_005"", ""CELL_006"", ""CELL_000""]",-94.88,0
280,UE_0033,CELL_004,250.73,-38.75,30.82,-130.66,"[""CELL_005"", ""CELL_006"", ""CELL_000""]",-90.52,0
285,UE_0033,CELL_004,248.72,-41.08,30.82,-130.66,"[""CELL_005"", ""CELL_006"", ""CELL_000""]",-86.97,0
290,UE_0033,CELL_004,246.71,-43.42,30.82,-130.66,"[""CELL_005"", ""CELL_006"", ""CELL_000""]",-109.96,0
295,UE_0033,CELL_004,244.71,-45.76,30.82,-130.66,"[""CELL_005"", ""CELL_006"", ""CELL_000""]",-83.84,1
300,UE_0033,CELL_004,242.7,-48.1,30.82,-130.66,"[""CELL_005"", ""CELL_006"", ""CELL_000""]",-89.49,0
305,UE_0033,CELL_004,240.69,-50.44,30.82,-130.66,"[""CELL_005"", ""CELL_006"", ""CELL_000""]",-90.91,0
310,UE_0033,CELL_004,238.68,-52.78,30.82,-130.66,"[""CELL_005"", ""CELL_006"", ""CELL_000""]",-95.0,0
315,UE_0033,CELL_004,236.67,-55.11,30.82,-130.66,"[""CELL_005"", ""CELL_006"", ""CELL_000""]",-99.12,0
320,UE_0033,CELL_004,234.67,-57.45,30.82,-130.66,"[""CELL_005"", ""CELL_006"", ""CELL_000""]",-99.19,0
325,UE_0033,CELL_004,232.66,-59.79,30.82,-130.66,"[""CELL_005"", ""CELL_006"", ""CELL_000""]",-78.46,0
330,UE_0033,CELL_004,230.65,-62.13,30.82,-130.66,"[""CELL_005"", ""CELL_006"", ""CELL_000""]",-97.96,0
335,UE_0033,CELL_004,228.64,-64.47,30.82,-130.66,"[""CELL_005"", ""CELL_006"", ""CELL_000""]",-82.85,0
340,UE_0033,CELL_004,226.63,-66.8,30.82,-130.66,"[""CELL_005"", ""CELL_006"", ""CELL_000""]",-103.6,0
345,UE_0033,CELL_004,224.63,-69.14,30.82,-130.66,"[""CELL_005"", ""CELL_006"", ""CELL_000""]",-117.56,0
350,UE_0033,CELL_004,222.62,-71.48,30.82,-130.66,"[""CELL_005"", ""CELL_006"", ""CELL_000""]",-85.65,0
355,UE_0033,CELL_004,220.61,-73.82,30.82,-130.66,"[""CELL_005"", ""CELL_006"", ""CELL_000""]",-83.04,0
360,UE_0033,CELL_004,218.6,-76.16,19.53,-105.1,"[""CELL_005"", ""CELL_006"", ""CELL_000""]",-92.79,0
365,UE_0033,CELL_004,218.09,-78.04,19.53,-105.1,"[""CELL_005"", ""CELL_006"", ""CELL_000""]",-106.45,0
370,UE_0033,CELL_004,217.59,-79.93,19.53,-105.1,"[""CELL_005"", ""CELL_006"", ""CELL_000""]",-85.74,0
375,UE_0033,CELL_004,217.08,-81.81,19.53,-105.1,"[""CELL_005"", ""CELL_006"", ""CELL_000""]",-113.39,0
380,UE_0033,CELL_004,216.57,-83.7,19.53,-105.1,"[""CELL_005"", ""CELL_006"", ""CELL_000""]",-88.8,0
385,UE_0033,CELL_004,216.06,-85.59,19.53,-105.1,"[""CELL_005"", ""CELL_006"", ""CELL_000""]",-94.25,0
390,UE_0033,CELL_004,215.55,-87.47,19.53,-105.1,"[""CELL_005"", ""CELL_006"", ""CELL_000""]",-101.7,0
395,UE_0033,CELL_004,215.04,-89.36,19.53,-105.1,"[""CELL_005"", ""CELL_006"", ""CELL_000""]",-89.23,1
400,UE_0033,CELL_004,214.53,-91.24,19.53,-105.1,"[""CELL_005"", ""CELL_006"", ""CELL_000""]",-98.32,0
405,UE_0033,CELL_004,214.02,-93.13,19.53,-105.1,"[""CELL_005"", ""CELL_006"", ""CELL_000""]",-90.57,0
410,UE_0033,CELL_004,213.52,-95.01,19.53,-105.1,"[""CELL_005"", ""CELL_006"", ""CELL_000""]",-96.04,0
415,UE_0033,CELL_004,213.01,-96.9,19.53,-105.1,"[""CELL_005"", ""CELL_006"", ""CELL_000""]",-104.3,0
420,UE_0033,CELL_004,212.5,-98.78,19.53,-105.1,"[""CELL_005"", ""CELL_006"", ""CELL_000""]",-81.84,0
425,UE_0033,CELL_004,211.99,-100.67,19.53,-105.1,"[""CELL_005"", ""CELL_006"", ""CELL_000""]",-104.73,0
430,UE_0033,CELL_004,211.48,-102.56,19.53,-105.1,"[""CELL_005"", ""CELL_006"", ""CELL_000""]",-95.92,0
435,UE_0033,CELL_004,210.97,-104.44,19.53,-105.1,"[""CELL_005"", ""CELL_006"", ""CELL_000""]",-99.55,0
440,UE_0033,CELL_004,210.46,-106.33,19.53,-105.1,"[""CELL_005"", ""CELL_006"", ""CELL_000""]",-82.55,0
445,UE_0033,CELL_004,209.95,-108.21,19.53,-105.1,"[""CELL_005"", ""CELL_006"", ""CELL_000""]",-86.43,0
450,UE_0033,CELL_004,209.45,-110.1,19.53,-105.1,"[""CELL_005"", ""CELL_006"", ""CELL_000""]",-107.03,0
455,UE_0033,CELL_004,208.94,-111.98,19.53,-105.1,"[""CELL_005"", ""CELL_006"", ""CELL_000""]",-109.66,0
460,UE_0033,CELL_004,208.43,-113.87,19.53,-105.1,"[""CELL_005"", ""CELL_006"", ""CELL_000""]",-85.89,0
465,UE_0033,CELL_004,207.92,-115.75,19.53,-105.1,"[""CELL_005"", ""CELL_006"", ""CELL_000""]",-93.97,0
470,UE_0033,CELL_004,207.41,-117.64,19.53,-105.1,"[""CELL_005"", ""CELL_006"", ""CELL_000""]",-108.31,0
475,UE_0033,CELL_004,206.9,-119.53,19.53,-105.1,"[""CELL_005"", ""CELL_006"", ""CELL_000""]",-94.24,0
480,UE_0033,CELL_004,206.39,-121.41,19.53,-105.1,"[""CELL_005"", ""CELL_006"", ""CELL_000""]",-90.65,0
485,UE_0033,CELL_006,205.89,-123.3,19.53,-105.1,"[""CELL_000"", ""CELL_001"", ""CELL_002""]",-88.77,0
490,UE_0033,CELL_006,205.38,-125.18,19.53,-105.1,"[""CELL_000"", ""CELL_001"", ""CELL_002""]",-79.56,1
495,UE_0033,CELL_006,204.87,-127.07,19.53,-105.1,"[""CELL_000"", ""CELL_001"", ""CELL_002""]",-98.13,0
0,UE_0034,CELL_003,290.72,315.5,15.85,124.23,"[""CELL_004"", ""CELL_005"", ""CELL_006""]",-90.14,1
5,UE_0034,CELL_003,289.83,316.81,15.85,124.23,"[""CELL_004"", ""CELL_005"", ""CELL_006""]",-86.92,1
10,UE_0034,CELL_003,288.94,318.12,15.85,124.23,"[""CELL_004"", ""CELL_005"", ""CELL_006""]",-84.88,0
15,UE_0034,CELL_003,288.04,319.43,15.85,124.23,"[""CELL_004"", ""CELL_005"", ""CELL_006""]",-96.62,0
20,UE_0034,CELL_003,287.15,320.74,15.85,124.23,"[""CELL_004"", ""CELL_005"", ""CELL_006""]",-97.45,0
25,UE_0034,CELL_003,286.26,322.06,15.85,124.23,"[""CELL_004"", ""CELL_005"", ""CELL_006""]",-88.86,0
30,UE_0034,CELL_003,285.37,323.37,15.85,124.23,"[""CELL_004"", ""CELL_005"", ""CELL_006""]",-93.07,1
35,UE_0034,CELL_003,284.48,324.68,15.85,124.23,"[""CELL_004"", ""CELL_005"", ""CELL_006""]",-84.06,0
40,UE_0034,CELL_003,283.58,325.99,15.85,124.23,"[""CELL_004"", ""CELL_005"", ""CELL_006""]",-95.57,0
45,UE_0034,CELL_003,282.69,327.3,15.85,124.23,"[""CELL_004"", ""CELL_005"", ""CELL_006""]",-92.29,1
50,UE_0034,CELL_003,281.8,328.61,15.85,124.23,"[""CELL_004"", ""CELL_005"", ""CELL_006""]",-103.74,0
55,UE_0034,CELL_003,280.91,329.92,15.85,124.23,"[""CELL_004"", ""CELL_005"", ""CELL_006""]",-90.86,0
60,UE_0034,CELL_003,280.02,331.23,15.85,124.23,"[""CELL_004"", ""CELL_005"", ""CELL_006""]",-73.3,1
65,UE_0034,CELL_003,279.13,332.54,15.85,124.23,"[""CELL_004"", ""CELL_005"", ""CELL_006""]",-88.32,0
70,UE_0034,CELL_005,278.23,333.85,15.85,124.23,"[""CELL_006"", ""CELL_000"", ""CELL_001""]",-92.88,0
75,UE_0034,CELL_005,277.34,335.16,15.85,124.23,"[""CELL_006"", ""CELL_000"", ""CELL_001""]",-102.05,0
80,UE_0034,CELL_005,276.45,336.47,15.85,124.23,"[""CELL_006"", ""CELL_000"", ""CELL_001""]",-95.12,1
85,UE_0034,CELL_005,275.56,337.79,15.85,124.23,"[""CELL_006"", ""CELL_000"", ""CELL_001""]",-114.84,1
90,UE_0034,CELL_005,274.67,339.1,15.85,124.23,"[""CELL_006"", ""CELL_000"", ""CELL_001""]",-92.38,0
95,UE_0034,CELL_005,273.77,340.41,15.85,124.23,"[""CELL_006"", ""CELL_000"", ""CELL_001""]",-93.54,0
100,UE_0034,CELL_005,272.88,341.72,15.85,124.23,"[""CELL_006"", ""CELL_000"", ""CELL_001""]",-82.72,0
105,UE_0034,CELL_005,271.99,343.03,15.85,124.23,"[""CELL_006"", ""CELL_000"", ""CELL_001""]",-105.54,0
110,UE_0034,CELL_005,271.1,344.34,15.85,124.23,"[""CELL_006"", ""CELL_000"", ""CELL_001""]",-87.62,0
115,UE_0034,CELL_005,270.21,345.65,15.85,124.23,"[""CELL_006"", ""CELL_000"", ""CELL_001""]",-95.69,0
120,UE_0034,CELL_005,269.32,346.96,15.85,124.23,"[""CELL_006"", ""CELL_000"", ""CELL_001""]",-103.17,0
125,UE_0034,CELL_005,268.42,348.27,15.85,124.23,"[""CELL_006"", ""CELL_000"", ""CELL_001""]",-86.32,0
130,UE_0034,CELL_005,267.53,349.58,15.85,124.23,"[""CELL_006"", ""CELL_000"", ""CELL_001""]",-80.07,0
135,UE_0034,CELL_005,266.64,350.89,15.85,124.23,"[""CELL_006"", ""CELL_000"", ""CELL_001""]",-103.46,0
140,UE_0034,CELL_005,265.75,352.2,15.85,124.23,"[""CELL_006"", ""CELL_000"", ""CELL_001""]",-96.57,0
145,UE_0034,CELL_005,264.86,353.52,15.85,124.23,"[""CELL_006"", ""CELL_000"", ""CELL_001""]",-104.04,0
150,UE_0034,CELL_005,263.96,354.83,15.85,124.23,"[""CELL_006"", ""CELL_000"", ""CELL_001""]",-95.98,0
155,UE_0034,CELL_005,263.07,356.14,15.85,124.23,"[""CELL_006"", ""CELL_000"", ""CELL_001""]",-80.32,0
160,UE_0034,CELL_003,262.18,357.45,15.85,124.23,"[""CELL_004"", ""CELL_005"", ""CELL_006""]",-96.05,1
165,UE_0034,CELL_003,261.29,358.76,15.85,124.23,"[""CELL_004"", ""CELL_005"", ""CELL_006""]",-85.56,0
170,UE_0034,CELL_003,260.4,360.07,15.85,124.23,"[""CELL_004"", ""CELL_005"", ""CELL_006""]",-83.73,0
175,UE_0034,CELL_003,259.5,361.38,15.85,124.23,"[""CELL_004"", ""CELL_005"", ""CELL_006""]",-91.04,0
180,UE_0034,CELL_003,258.61,362.69,15.85,124.23,"[""CELL_004"", ""CELL_005"", ""CELL_006""]",-101.72,0
185,UE_0034,CELL_003,257.72,364.0,15.85,124.23,"[""CELL_004"", ""CELL_005"", ""CELL_006""]",-100.9,0
190,UE_0034,CELL_003,256.83,365.31,15.85,124.23,"[""CELL_004"", ""CELL_005"", ""CELL_006""]",-97.31,0
195,UE_0034,CELL_003,255.94,366.62,15.85,124.23,"[""CELL_004"", ""CELL_005"", ""CELL_006""]",-89.48,0
200,UE_0034,CELL_003,255.05,367.93,15.85,124.23,"[""CELL_004"", ""CELL_005"", ""CELL_006""]",-74.27,0
205,UE_0034,CELL_003,254.15,369.25,15.85,124.23,"[""CELL_004"", ""CELL_005"", ""CELL_006""]",-87.52,0
210,UE_0034,CELL_003,253.26,370.56,15.85,124.23,"[""CELL_004"", ""CELL_005"", ""CELL_006""]",-87.63,0
215,UE_0034,CELL_003,252.37,371.87,15.85,124.23,"[""CELL_004"", ""CELL_005"", ""CELL_006""]",-96.72,0
220,UE_0034,CELL_003,251.48,373.18,15.85,124.23,"[""CELL_004"", ""CELL_005"", ""CELL_006""]",-88.86,0
225,UE_0034,CELL_003,250.59,374.49,15.85,124.23,"[""CELL_004"", ""CELL_005"", ""CELL_006""]",-97.64,0
230,UE_0034,CELL_003,249.69,375.8,15.85,124.23,"[""CELL_004"", ""CELL_005"", ""CELL_006""]",-91.05,0
235,UE_0034,CELL_003,248.8,377.11,15.85,124.23,"[""CELL_004"", ""CELL_005"", ""CELL_006""]",-90.41,0
240,UE_0034,CELL_003,247.91,378.42,15.85,124.23,"[""CELL_004"", ""CELL_005"", ""CELL_006""]",-91.75,0
245,UE_0034,CELL_003,247.02,379.73,15.85,124.23,"[""CELL_004"", ""CELL_005"", ""CELL_006""]",-86.06,0
250,UE_0034,CELL_003,246.13,381.04,15.85,124.23,"[""CELL_004"", ""CELL_005"", ""CELL_006""]",-88.14,0
255,UE_0034,CELL_003,245.23,382.35,15.85,124.23,"[""CELL_004"", ""CELL_005"", ""CELL_006""]",-95.41,0
260,UE_0034,CELL_003,244.34,383.66,15.85,124.23,"[""CELL_004"", ""CELL_005"", ""CELL_006""]",-97.94,0
265,UE_0034,CELL_003,243.45,384.97,15.85,124.23,"[""CELL_004"", ""CELL_005"", ""CELL_006""]",-101.0,0
270,UE_0034,CELL_003,242.56,386.29,11.09,9.02,"[""CELL_004"", ""CELL_005"", ""CELL_006""]",-103.31,0
275,UE_0034,CELL_004,243.65,386.46,11.09,9.02,"[""CELL_005"", ""CELL_006"", ""CELL_000""]",-102.42,0
280,UE_0034,CELL_004,244.75,386.63,11.09,9.02,"[""CELL_005"", ""CELL_006"", ""CELL_000""]",-88.4,0
285,UE_0034,CELL_004,245.84,386.81,11.09,9.02,"[""CELL_005"", ""CELL_006"", ""CELL_000""]",-94.54,0
290,UE_0034,CELL_004,246.94,386.98,11.09,9.02,"[""CELL_005"", ""CELL_006"", ""CELL_000""]",-105.58,0
295,UE_0034,CELL_004,248.04,387.16,11.09,9.02,"[""CELL_005"", ""CELL_006"", ""CELL_000""]",-89.43,0
300,UE_0034,CELL_004,249.13,387.33,11.09,9.02,"[""CELL_005"", ""CELL_006"", ""CELL_000""]",-97.37,0
305,UE_0034,CELL_004,250.23,387.5,11.09,9.02,"[""CELL_005"", ""CELL_006"", ""CELL_000""]",-97.39,0
310,UE_0034,CELL_004,251.32,387.68,11.09,9.02,"[""CELL_005"", ""CELL_006"", ""CELL_000""]",-89.29,0
315,UE_0034,CELL_004,252.42,387.85,11.09,9.02,"[""CELL_005"", ""CELL_006"", ""CELL_000""]",-94.14,0
320,UE_0034,CELL_004,253.51,388.02,11.09,9.02,"[""CELL_005"", ""CELL_006"", ""CELL_000""]",-88.77,0
325,UE_0034,CELL_004,254.61,388.2,11.09,9.02,"[""CELL_005"", ""CELL_006"", ""CELL_000""]",-91.97,0
330,UE_0034,CELL_004,255.7,388.37,11.09,9.02,"[""CELL_005"", ""CELL_006"", ""CELL_000""]",-100.12,0
335,UE_0034,CELL_004,256.8,388.55,11.09,9.02,"[""CELL_005"", ""CELL_006"", ""CELL_000""]",-95.51,0
340,UE_0034,CELL_004,257.89,388.72,11.09,9.02,"[""CELL_005"", ""CELL_006"", ""CELL_000""]",-87.5,0
345,UE_0034,CELL_004,258.99,388.89,11.09,9.02,"[""CELL_005"", ""CELL_006"", ""CELL_000""]",-95.81,0
350,UE_0034,CELL_004,260.08,389.07,11.09,9.02,"[""CELL_005"", ""CELL_006"", ""CELL_000""]",-96.97,0
355,UE_0034,CELL_004,261.18,389.24,11.09,9.02,"[""CELL_005"", ""CELL_006"", ""CELL_000""]",-97.1,1
360,UE_0034,CELL_004,262.27,389.42,11.09,9.02,"[""CELL_005"", ""CELL_006"", ""CELL_000""]",-102.79,0
365,UE_0034,CELL_004,263.37,389.59,11.09,9.02,"[""CELL_005"", ""CELL_006"", ""CELL_000""]",-98.31,0
370,UE_0034,CELL_004,264.46,389.76,11.09,9.02,"[""CELL_005"", ""CELL_006"", ""CELL_000""]",-93.5,0
375,UE_0034,CELL_004,265.56,389.94,11.09,9.02,"[""CELL_005"", ""CELL_006"", ""CELL_000""]",-92.66,0
380,UE_0034,CELL_004,266.65,390.11,11.09,9.02,"[""CELL_005"", ""CELL_006"", ""CELL_000""]",-80.16,0
385,UE_0034,CELL_004,267.75,390.29,11.09,9.02,"[""CELL_005"", ""CELL_006"", ""CELL_000""]",-116.36,0
390,UE_0034,CELL_004,268.84,390.46,11.09,9.02,"[""CELL_005"", ""CELL_006"", ""CELL_000""]",-91.04,0
395,UE_0034,CELL_004,269.94,390.63,11.09,9.02,"[""CELL_005"", ""CELL_006"", ""CELL_000""]",-87.89,0
400,UE_0034,CELL_004,271.03,390.81,11.09,9.02,"[""CELL_005"", ""CELL_006"", ""CELL_000""]",-100.23,0
405,UE_0034,CELL_004,272.13,390.98,11.09,9.02,"[""CELL_005"", ""CELL_006"", ""CELL_000""]",-99.36,0
410,UE_0034,CELL_004,273.22,391.15,11.09,9.02,"[""CELL_005"", ""CELL_006"", ""CELL_000""]",-98.19,0
415,UE_0034,CELL_004,274.32,391.33,11.09,9.02,"[""CELL_005"", ""CELL_006"", ""CELL_000""]",-83.77,0
420,UE_0034,CELL_004,275.41,391.5,11.09,9.02,"[""CELL_005"", ""CELL_006"", ""CELL_000""]",-86.12,0
425,UE_0034,CELL_004,276.51,391.68,11.09,9.02,"[""CELL_005"", ""CELL_006"", ""CELL_000""]",-81.68,0
430,UE_0034,CELL_004,277.61,391.85,11.09,9.02,"[""CELL_005"", ""CELL_006"", ""CELL_000""]",-102.79,0
435,UE_0034,CELL_004,278.7,392.02,11.09,9.02,"[""CELL_005"", ""CELL_006"", ""CELL_000""]",-63.55,0
440,UE_0034,CELL_004,279.8,392.2,11.09,9.02,"[""CELL_005"", ""CELL_006"", ""CELL_000""]",-67.67,0
445,UE_0034,CELL_004,280.89,392.37,11.09,9.02,"[""CELL_005"", ""CELL_006"", ""CELL_000""]",-105.66,0
450,UE_0034,CELL_004,281.99,392.55,11.09,9.02,"[""CELL_005"", ""CELL_006"", ""CELL_000""]",-110.16,0
455,UE_0034,CELL_004,283.08,392.72,11.09,9.02,"[""CELL_005"", ""CELL_006"", ""CELL_000""]",-86.8,0
460,UE_0034,CELL_004,284.18,392.89,11.09,9.02,"[""CELL_005"", ""CELL_006"", ""CELL_000""]",-107.66,0
465,UE_0034,CELL_004,285.27,393.07,11.09,9.02,"[""CELL_005"", ""CELL_006"", ""CELL_000""]",-104.75,0
470,UE_0034,CELL_004,286.37,393.24,11.09,9.02,"[""CELL_005"", ""CELL_006"", ""CELL_000""]",-82.02,0
475,UE_0034,CELL_004,287.46,393.42,11.09,9.02,"[""CELL_005"", ""CELL_006"", ""CELL_000""]",-95.94,0
480,UE_0034,CELL_004,288.56,393.59,11.09,9.02,"[""CELL_005"", ""CELL_006"", ""CELL_000""]",-84.46,0
485,UE_0034,CELL_004,289.65,393.76,11.09,9.02,"[""CELL_005"", ""CELL_006"", ""CELL_000""]",-95.08,0
490,UE_0034,CELL_004,290.75,393.94,11.09,9.02,"[""CELL_005"", ""CELL_006"", ""CELL_000""]",-108.99,0
495,UE_0034,CELL_004,291.84,394.11,11.09,9.02,"[""CELL_005"", ""CELL_006"", ""CELL_000""]",-96.44,0
0,UE_0035,CELL_005,395.92,43.06,30.19,145.09,"[""CELL_006"", ""CELL_000"", ""CELL_001""]",-95.34,0
5,UE_0035,CELL_005,393.44,44.79,30.19,145.09,"[""CELL_006"", ""CELL_000"", ""CELL_001""]",-113.86,0
10,UE_0035,CELL_005,390.97,46.52,30.19,145.09,"[""CELL_006"", ""CELL_000"", ""CELL_001""]",-89.83,0
15,UE_0035,CELL_005,388.49,48.25,30.19,145.09,"[""CELL_006"", ""CELL_000"", ""CELL_001""]",-85.13,0
20,UE_0035,CELL_005,386.02,49.97,30.19,145.09,"[""CELL_006"", ""CELL_000"", ""CELL_001""]",-111.86,0
25,UE_0035,CELL_005,383.54,51.7,30.19,145.09,"[""CELL_006"", ""CELL_000"", ""CELL_001""]",-90.83,0
30,UE_0035,CELL_005,381.07,53.43,30.19,145.09,"[""CELL_006"", ""CELL_000"", ""CELL_001""]",-100.45,0
35,UE_0035,CELL_005,378.59,55.16,30.19,145.09,"[""CELL_006"", ""CELL_000"", ""CELL_001""]",-101.15,0
40,UE_0035,CELL_005,376.12,56.89,30.19,145.09,"[""CELL_006"", ""CELL_000"", ""CELL_001""]",-81.94,0
45,UE_0035,CELL_005,373.64,58.61,30.19,145.09,"[""CELL_006"", ""CELL_000"", ""CELL_001""]",-109.39,0
50,UE_0035,CELL_005,371.16,60.34,30.19,145.09,"[""CELL_006"", ""CELL_000"", ""CELL_001""]",-102.66,0
55,UE_0035,CELL_005,368.69,62.07,30.19,145.09,"[""CELL_006"", ""CELL_000"", ""CELL_001""]",-96.4,0
60,UE_0035,CELL_005,366.21,63.8,30.19,145.09,"[""CELL_006"", ""CELL_000"", ""CELL_001""]",-104.13,0
65,UE_0035,CELL_005,363.74,65.52,30.19,145.09,"[""CELL_006"", ""CELL_000"", ""CELL_001""]",-86.44,0
70,UE_0035,CELL_005,361.26,67.25,30.19,145.09,"[""CELL_006"", ""CELL_000"", ""CELL_001""]",-92.15,0
75,UE_0035,CELL_005,358.79,68.98,30.19,145.09,"[""CELL_006"", ""CELL_000"", ""CELL_001""]",-105.65,0
80,UE_0035,CELL_005,356.31,70.71,30.19,145.09,"[""CELL_006"", ""CELL_000"", ""CELL_001""]",-110.56,1
85,UE_0035,CELL_005,353.83,72.44,30.19,145.09,"[""CELL_006"", ""CELL_000"", ""CELL_001""]",-106.14,0
90,UE_0035,CELL_005,351.36,74.16,30.19,145.09,"[""CELL_006"", ""CELL_000"", ""CELL_001""]",-78.46,1
95,UE_0035,CELL_005,348.88,75.89,30.19,145.09,"[""CELL_006"", ""CELL_000"", ""CELL_001""]",-90.33,0
100,UE_0035,CELL_004,346.41,77.62,30.19,145.09,"[""CELL_005"", ""CELL_006"", ""CELL_000""]",-78.89,0
105,UE_0035,CELL_004,343.93,79.35,30.19,145.09,"[""CELL_005"", ""CELL_006"", ""CELL_000""]",-96.65,0
110,UE_0035,CELL_004,341.46,81.07,30.19,145.09,"[""CELL_005"", ""CELL_006"", ""CELL_000""]",-86.91,0
115,UE_0035,CELL_004,338.98,82.8,30.19,145.09,"[""CELL_005"", ""CELL_006"", ""CELL_000""]",-98.34,0
120,UE_0035,CELL_000,336.5,84.53,30.19,145.09,"[""CELL_001"", ""CELL_002"", ""CELL_003""]",-104.92,0
125,UE_0035,CELL_000,334.03,86.26,30.19,145.09,"[""CELL_001"", ""CELL_002"", ""CELL_003""]",-98.03,0
130,UE_0035,CELL_000,331.55,87.98,30.19,145.09,"[""CELL_001"", ""CELL_002"", ""CELL_003""]",-84.52,0
135,UE_0035,CELL_001,329.08,89.71,30.19,145.09,"[""CELL_002"", ""CELL_003"", ""CELL_004""]",-76.76,0
140,UE_0035,CELL_001,326.6,91.44,30.19,145.09,"[""CELL_002"", ""CELL_003"", ""CELL_004""]",-97.07,0
145,UE_0035,CELL_001,324.13,93.17,30.19,145.09,"[""CELL_002"", ""CELL_003"", ""CELL_004""]",-84.2,0
150,UE_0035,CELL_001,321.65,94.9,30.19,145.09,"[""CELL_002"", ""CELL_003"", ""CELL_004""]",-99.89,0
155,UE_0035,CELL_001,319.17,96.62,30.19,145.09,"[""CELL_002"", ""CELL_003"", ""CELL_004""]",-95.52,0
160,UE_0035,CELL_001,316.7,98.35,30.19,145.09,"[""CELL_002"", ""CELL_003"", ""CELL_004""]",-108.36,0
165,UE_0035,CELL_001,314.22,100.08,30.19,145.09,"[""CELL_002"", ""CELL_003"", ""CELL_004""]",-83.26,0
170,UE_0035,CELL_006,311.75,101.81,30.19,145.09,"[""CELL_000"", ""CELL_001"", ""CELL_002""]",-90.53,0
175,UE_0035,CELL_006,309.27,103.53,30.19,145.09,"[""CELL_000"", ""CELL_001"", ""CELL_002""]",-86.96,0
180,UE_0035,CELL_006,306.8,105.26,30.19,145.09,"[""CELL_000"", ""CELL_001"", ""CELL_002""]",-90.85,0
185,UE_0035,CELL_006,304.32,106.99,30.19,145.09,"[""CELL_000"", ""CELL_001"", ""CELL_002""]",-94.0,0
190,UE_0035,CELL_006,301.84,108.72,30.19,145.09,"[""CELL_000"", ""CELL_001"", ""CELL_002""]",-89.48,1
195,UE_0035,CELL_006,299.37,110.45,30.19,145.09,"[""CELL_000"", ""CELL_001"", ""CELL_002""]",-115.77,0
200,UE_0035,CELL_006,296.89,112.17,30.19,145.09,"[""CELL_000"", ""CELL_001"", ""CELL_002""]",-99.95,0
205,UE_0035,CELL_006,294.42,113.9,30.19,145.09,"[""CELL_000"", ""CELL_001"", ""CELL_002""]",-87.81,0
210,UE_0035,CELL_006,291.94,115.63,30.19,145.09,"[""CELL_000"", ""CELL_001"", ""CELL_002""]",-94.97,0
215,UE_0035,CELL_006,289.47,117.36,30.19,145.09,"[""CELL_000"", ""CELL_001"", ""CELL_002""]",-79.17,0
220,UE_0035,CELL_006,286.99,119.08,30.19,145.09,"[""CELL_000"", ""CELL_001"", ""CELL_002""]",-86.62,0
225,UE_0035,CELL_006,284.51,120.81,30.19,145.09,"[""CELL_000"", ""CELL_001"", ""CELL_002""]",-110.39,0
230,UE_0035,CELL_006,282.04,122.54,22.64,-14.81,"[""CELL_000"", ""CELL_001"", ""CELL_002""]",-100.86,0
235,UE_0035,CELL_006,284.23,121.96,22.64,-14.81,"[""CELL_000"", ""CELL_001"", ""CELL_002""]",-106.02,0
240,UE_0035,CELL_006,286.42,121.38,22.64,-14.81,"[""CELL_000"", ""CELL_001"", ""CELL_002""]",-95.11,0
245,UE_0035,CELL_006,288.61,120.8,22.64,-14.81,"[""CELL_000"", ""CELL_001"", ""CELL_002""]",-91.55,0
250,UE_0035,CELL_006,290.8,120.23,22.64,-14.81,"[""CELL_000"", ""CELL_001"", ""CELL_002""]",-98.04,0
255,UE_0035,CELL_006,292.98,119.65,22.64,-14.81,"[""CELL_000"", ""CELL_001"", ""CELL_002""]",-96.2,0
260,UE_0035,CELL_006,295.17,119.07,22.64,-14.81,"[""CELL_000"", ""CELL_001"", ""CELL_002""]",-93.91,0
265,UE_0035,CELL_006,297.36,118.49,22.64,-14.81,"[""CELL_000"", ""CELL_001"", ""CELL_002""]",-77.77,0
270,UE_0035,CELL_006,299.55,117.91,22.64,-14.81,"[""CELL_000"", ""CELL_001"", ""CELL_002""]",-88.63,0
275,UE_0035,CELL_006,301.74,117.33,22.64,-14.81,"[""CELL_000"", ""CELL_001"", ""CELL_002""]",-108.63,0
280,UE_0035,CELL_006,303.93,116.75,22.64,-14.81,"[""CELL_000"", ""CELL_001"", ""CELL_002""]",-82.28,0
285,UE_0035,CELL_006,306.12,116.17,22.64,-14.81,"[""CELL_000"", ""CELL_001"", ""CELL_002""]",-99.89,0
290,UE_0035,CELL_006,308.31,115.59,22.64,-14.81,"[""CELL_000"", ""CELL_001"", ""CELL_002""]",-119.18,0
295,UE_0035,CELL_006,310.5,115.02,22.64,-14.81,"[""CELL_000"", ""CELL_001"", ""CELL_002""]",-87.27,0
300,UE_0035,CELL_006,312.69,114.44,22.64,-14.81,"[""CELL_000"", ""CELL_001"", ""CELL_002""]",-97.04,0
305,UE_0035,CELL_006,314.88,113.86,22.64,-14.81,"[""CELL_000"", ""CELL_001"", ""CELL_002""]",-93.33,0
310,UE_0035,CELL_006,317.06,113.28,22.64,-14.81,"[""CELL_000"", ""CELL_001"", ""CELL_002""]",-79.28,0
315,UE_0035,CELL_006,319.25,112.7,22.64,-14.81,"[""CELL_000"", ""CELL_001"", ""CELL_002""]",-91.54,0
320,UE_0035,CELL_006,321.44,112.12,29.26,162.51,"[""CELL_000"", ""CELL_001"", ""CELL_002""]",-88.5,0
325,UE_0035,CELL_006,318.65,113.0,29.26,162.51,"[""CELL_000"", ""CELL_001"", ""CELL_002""]",-96.15,1
330,UE_0035,CELL_006,315.86,113.88,29.26,162.51,"[""CELL_000"", ""CELL_001"", ""CELL_002""]",-94.0,0
335,UE_0035,CELL_006,313.07,114.76,29.26,162.51,"[""CELL_000"", ""CELL_001"", ""CELL_002""]",-107.01,0
340,UE_0035,CELL_006,310.28,115.64,29.26,162.51,"[""CELL_000"", ""CELL_001"", ""CELL_002""]",-102.63,0
345,UE_0035,CELL_006,307.49,116.52,29.26,162.51,"[""CELL_000"", ""CELL_001"", ""CELL_002""]",-99.21,0
350,UE_0035,CELL_006,304.7,117.4,29.26,162.51,"[""CELL_000"", ""CELL_001"", ""CELL_002""]",-101.56,0
355,UE_0035,CELL_006,301.91,118.28,29.26,162.51,"[""CELL_000"", ""CELL_001"", ""CELL_002""]",-90.87,0
360,UE_0035,CELL_006,299.12,119.16,29.26,162.51,"[""CELL_000"", ""CELL_001"", ""CELL_002""]",-96.42,1
365,UE_0035,CELL_006,296.33,120.04,29.26,162.51,"[""CELL_000"", ""CELL_001"", ""CELL_002""]",-78.8,0
370,UE_0035,CELL_006,293.53,120.91,29.26,162.51,"[""CELL_000"", ""CELL_001"", ""CELL_002""]",-96.99,0
375,UE_0035,CELL_006,290.74,121.79,29.26,162.51,"[""CELL_000"", ""CELL_001"", ""CELL_002""]",-98.47,0
380,UE_0035,CELL_006,287.95,122.67,29.26,162.51,"[""CELL_000"", ""CELL_001"", ""CELL_002""]",-80.87,0
385,UE_0035,CELL_006,285.16,123.55,29.26,162.51,"[""CELL_000"", ""CELL_001"", ""CELL_002""]",-91.0,0
390,UE_0035,CELL_006,282.37,124.43,29.26,162.51,"[""CELL_000"", ""CELL_001"", ""CELL_002""]",-103.44,0
395,UE_0035,CELL_006,279.58,125.31,29.26,162.51,"[""CELL_000"", ""CELL_001"", ""CELL_002""]",-98.19,0
400,UE_0035,CELL_006,276.79,126.19,29.26,162.51,"[""CELL_000"", ""CELL_001"", ""CELL_002""]",-108.66,0
405,UE_0035,CELL_006,274.0,127.07,29.26,162.51,"[""CELL_000"", ""CELL_001"", ""CELL_002""]",-104.04,0
410,UE_0035,CELL_006,271.21,127.95,29.26,162.51,"[""CELL_000"", ""CELL_001"", ""CELL_002""]",-83.21,0
415,UE_0035,CELL_006,268.42,128.83,29.26,162.51,"[""CELL_000"", ""CELL_001"", ""CELL_002""]",-93.06,0
420,UE_0035,CELL_006,265.63,129.71,29.26,162.51,"[""CELL_000"", ""CELL_001"", ""CELL_002""]",-103.04,0
425,UE_0035,CELL_006,262.84,130.59,29.26,162.51,"[""CELL_000"", ""CELL_001"", ""CELL_002""]",-90.32,0
430,UE_0035,CELL_006,260.04,131.47,29.26,162.51,"[""CELL_000"", ""CELL_001"", ""CELL_002""]",-86.97,0
435,UE_0035,CELL_006,257.25,132.35,29.26,162.51,"[""CELL_000"", ""CELL_001"", ""CELL_002""]",-91.54,0
440,UE_0035,CELL_006,254.46,133.22,29.26,162.51,"[""CELL_000"", ""CELL_001"", ""CELL_002""]",-102.18,0
445,UE_0035,CELL_006,251.67,134.1,29.26,162.51,"[""CELL_000"", ""CELL_001"", ""CELL_002""]",-105.16,0
450,UE_0035,CELL_006,248.88,134.98,29.26,162.51,"[""CELL_000"", ""CELL_001"", ""CELL_002""]",-109.08,1
455,UE_0035,CELL_006,246.09,135.86,29.26,162.51,"[""CELL_000"", ""CELL_001"", ""CELL_002""]",-92.32,0
460,UE_0035,CELL_006,243.3,136.74,29.26,162.51,"[""CELL_000"", ""CELL_001"", ""CELL_002""]",-90.29,0
465,UE_0035,CELL_006,240.51,137.62,29.26,162.51,"[""CELL_000"", ""CELL_001"", ""CELL_002""]",-98.86,0
470,UE_0035,CELL_006,237.72,138.5,29.26,162.51,"[""CELL_000"", ""CELL_001"", ""CELL_002""]",-100.84,0
475,UE_0035,CELL_006,234.93,139.38,29.26,162.51,"[""CELL_000"", ""CELL_001"", ""CELL_002""]",-95.05,0
480,UE_0035,CELL_006,232.14,140.26,29.26,162.51,"[""CELL_000"", ""CELL_001"", ""CELL_002""]",-93.31,0
485,UE_0035,CELL_006,229.35,141.14,29.26,162.51,"[""CELL_000"", ""CELL_001"", ""CELL_002""]",-78.03,1
490,UE_0035,CELL_006,226.55,142.02,29.26,162.51,"[""CELL_000"", ""CELL_001"", ""CELL_002""]",-81.15,0
495,UE_0035,CELL_006,223.76,142.9,29.26,162.51,"[""CELL_000"", ""CELL_001"", ""CELL_002""]",-77.71,0
0,UE_0036,CELL_003,406.01,932.91,24.96,96.9,"[""CELL_004"", ""CELL_005"", ""CELL_006""]",-103.9,0
5,UE_0036,CELL_003,405.71,935.39,24.96,96.9,"[""CELL_004"", ""CELL_005"", ""CELL_006""]",-92.43,0
10,UE_0036,CELL_003,405.41,937.86,24.96,96.9,"[""CELL_004"", ""CELL_005"", ""CELL_006""]",-92.75,0
15,UE_0036,CELL_003,405.11,940.34,24.96,96.9,"[""CELL_004"", ""CELL_005"", ""CELL_006""]",-90.5,0
20,UE_0036,CELL_003,404.81,942.82,24.96,96.9,"[""CELL_004"", ""CELL_005"", ""CELL_006""]",-98.83,0
25,UE_0036,CELL_003,404.51,945.3,24.96,96.9,"[""CELL_004"", ""CELL_005"", ""CELL_006""]",-89.06,0
30,UE_0036,CELL_003,404.21,947.78,24.96,96.9,"[""CELL_004"", ""CELL_005"", ""CELL_006""]",-93.11,0
35,UE_0036,CELL_003,403.91,950.25,24.96,96.9,"[""CELL_004"", ""CELL_005"", ""CELL_006""]",-102.68,0
40,UE_0036,CELL_003,403.61,952.73,24.96,96.9,"[""CELL_004"", ""CELL_005"", ""CELL_006""]",-117.95,0
45,UE_0036,CELL_003,403.31,955.21,24.96,96.9,"[""CELL_004"", ""CELL_005"", ""CELL_006""]",-101.52,1
50,UE_0036,CELL_003,403.01,957.69,24.96,96.9,"[""CELL_004"", ""CELL_005"", ""CELL_006""]",-105.83,0
55,UE_0036,CELL_003,402.71,960.17,24.96,96.9,"[""CELL_004"", ""CELL_005"", ""CELL_006""]",-99.94,0
60,UE_0036,CELL_003,402.41,962.65,24.96,96.9,"[""CELL_004"", ""CELL_005"", ""CELL_006""]",-94.33,0
65,UE_0036,CELL_003,402.11,965.12,24.96,96.9,"[""CELL_004"", ""CELL_005"", ""CELL_006""]",-95.78,0
70,UE_0036,CELL_003,401.81,967.6,24.96,96.9,"[""CELL_004"", ""CELL_005"", ""CELL_006""]",-90.65,0
75,UE_0036,CELL_003,401.51,970.08,24.96,96.9,"[""CELL_004"", ""CELL_005"", ""CELL_006""]",-115.1,0
80,UE_0036,CELL_003,401.21,972.56,24.96,96.9,"[""CELL_004"", ""CELL_005"", ""CELL_006""]",-90.1,0
85,UE_0036,CELL_003,400.91,975.04,24.96,96.9,"[""CELL_004"", ""CELL_005"", ""CELL_006""]",-101.45,0
90,UE_0036,CELL_003,400.61,977.52,24.96,96.9,"[""CELL_004"", ""CELL_005"", ""CELL_006""]",-99.41,0
95,UE_0036,CELL_003,400.31,979.99,24.96,96.9,"[""CELL_004"", ""CELL_005"", ""CELL_006""]",-81.9,0
100,UE_0036,CELL_003,400.01,982.47,24.96,96.9,"[""CELL_004"", ""CELL_005"", ""CELL_006""]",-88.95,0
105,UE_0036,CELL_003,399.71,984.95,24.96,96.9,"[""CELL_004"", ""CELL_005"", ""CELL_006""]",-98.35,0
110,UE_0036,CELL_003,399.41,987.43,24.96,96.9,"[""CELL_004"", ""CELL_005"", ""CELL_006""]",-99.24,0
115,UE_0036,CELL_003,399.11,989.91,24.96,96.9,"[""CELL_004"", ""CELL_005"", ""CELL_006""]",-87.13,0
120,UE_0036,CELL_003,398.81,992.38,24.96,96.9,"[""CELL_004"", ""CELL_005"", ""CELL_006""]",-102.85,0
125,UE_0036,CELL_003,398.51,994.86,24.96,96.9,"[""CELL_004"", ""CELL_005"", ""CELL_006""]",-94.53,0
130,UE_0036,CELL_003,398.21,997.34,24.96,96.9,"[""CELL_004"", ""CELL_005"", ""CELL_006""]",-101.71,0
135,UE_0036,CELL_003,397.91,999.82,24.96,96.9,"[""CELL_004"", ""CELL_005"", ""CELL_006""]",-94.78,0
140,UE_0036,CELL_003,397.61,1002.3,24.96,96.9,"[""CELL_004"", ""CELL_005"", ""CELL_006""]",-94.16,1
145,UE_0036,CELL_003,397.31,1004.78,24.96,96.9,"[""CELL_004"", ""CELL_005"", ""CELL_006""]",-90.62,0
150,UE_0036,CELL_003,397.01,1007.25,24.96,96.9,"[""CELL_004"", ""CELL_005"", ""CELL_006""]",-96.14,1
155,UE_0036,CELL_003,396.71,1009.73,24.96,96.9,"[""CELL_004"", ""CELL_005"", ""CELL_006""]",-92.3,0
160,UE_0036,CELL_003,396.42,1012.21,24.96,96.9,"[""CELL_004"", ""CELL_005"", ""CELL_006""]",-87.8,0
165,UE_0036,CELL_003,396.12,1014.69,20.93,131.26,"[""CELL_004"", ""CELL_005"", ""CELL_006""]",-110.12,0
170,UE_0036,CELL_003,394.74,1016.26,20.93,131.26,"[""CELL_004"", ""CELL_005"", ""CELL_006""]",-85.68,0
175,UE_0036,CELL_003,393.36,1017.84,20.93,131.26,"[""CELL_004"", ""CELL_005"", ""CELL_006""]",-96.68,0
180,UE_0036,CELL_003,391.98,1019.41,20.93,131.26,"[""CELL_004"", ""CELL_005"", ""CELL_006""]",-106.0,0
185,UE_0036,CELL_003,390.6,1020.98,20.93,131.26,"[""CELL_004"", ""CELL_005"", ""CELL_006""]",-100.5,0
190,UE_0036,CELL_003,389.22,1022.55,20.93,131.26,"[""CELL_004"", ""CELL_005"", ""CELL_006""]",-77.44,0
195,UE_0036,CELL_003,387.84,1024.13,20.93,131.26,"[""CELL_004"", ""CELL_005"", ""CELL_006""]",-88.08,0
200,UE_0036,CELL_003,386.46,1025.7,20.93,131.26,"[""CELL_004"", ""CELL_005"", ""CELL_006""]",-96.71,0
205,UE_0036,CELL_003,385.08,1027.27,20.93,131.26,"[""CELL_004"", ""CELL_005"", ""CELL_006""]",-91.86,0
210,UE_0036,CELL_005,383.7,1028.85,20.93,131.26,"[""CELL_006"", ""CELL_000"", ""CELL_001""]",-98.26,0
215,UE_0036,CELL_005,382.32,1030.42,20.93,131.26,"[""CELL_006"", ""CELL_000"", ""CELL_001""]",-101.43,0
220,UE_0036,CELL_005,380.94,1031.99,20.93,131.26,"[""CELL_006"", ""CELL_000"", ""CELL_001""]",-102.71,0
225,UE_0036,CELL_005,379.56,1033.57,20.93,131.26,"[""CELL_006"", ""CELL_000"", ""CELL_001""]",-90.17,0
230,UE_0036,CELL_005,378.18,1035.14,20.93,131.26,"[""CELL_006"", ""CELL_000"", ""CELL_001""]",-94.15,0
235,UE_0036,CELL_005,376.8,1036.71,20.93,131.26,"[""CELL_006"", ""CELL_000"", ""CELL_001""]",-102.35,0
240,UE_0036,CELL_005,375.42,1038.28,20.93,131.26,"[""CELL_006"", ""CELL_000"", ""CELL_001""]",-96.93,0
245,UE_0036,CELL_005,374.04,1039.86,20.93,131.26,"[""CELL_006"", ""CELL_000"", ""CELL_001""]",-108.63,0
250,UE_0036,CELL_005,372.66,1041.43,20.93,131.26,"[""CELL_006"", ""CELL_000"", ""CELL_001""]",-97.92,0
255,UE_0036,CELL_005,371.28,1043.0,20.93,131.26,"[""CELL_006"", ""CELL_000"", ""CELL_001""]",-102.83,0
260,UE_0036,CELL_005,369.9,1044.58,20.93,131.26,"[""CELL_006"", ""CELL_000"", ""CELL_001""]",-100.28,0
265,UE_0036,CELL_005,368.52,1046.15,20.93,131.26,"[""CELL_006"", ""CELL_000"", ""CELL_001""]",-113.93,0
270,UE_0036,CELL_005,367.14,1047.72,20.93,131.26,"[""CELL_006"", ""CELL_000"", ""CELL_001""]",-83.72,0
275,UE_0036,CELL_005,365.76,1049.3,20.93,131.26,"[""CELL_006"", ""CELL_000"", ""CELL_001""]",-98.66,0
280,UE_0036,CELL_005,364.38,1050.87,20.93,131.26,"[""CELL_006"", ""CELL_000"", ""CELL_001""]",-89.33,0
285,UE_0036,CELL_005,363.0,1052.44,20.93,131.26,"[""CELL_006"", ""CELL_000"", ""CELL_001""]",-95.38,0
290,UE_0036,CELL_005,361.62,1054.02,20.93,131.26,"[""CELL_006"", ""CELL_000"", ""CELL_001""]",-94.36,0
295,UE_0036,CELL_005,360.24,1055.59,20.93,131.26,"[""CELL_006"", ""CELL_000"", ""CELL_001""]",-93.51,0
300,UE_0036,CELL_004,358.86,1057.16,20.93,131.26,"[""CELL_005"", ""CELL_006"", ""CELL_000""]",-96.97,0
305,UE_0036,CELL_004,357.48,1058.73,20.93,131.26,"[""CELL_005"", ""CELL_006"", ""CELL_000""]",-89.83,0
310,UE_0036,CELL_004,356.1,1060.31,20.93,131.26,"[""CELL_005"", ""CELL_006"", ""CELL_000""]",-79.94,0
315,UE_0036,CELL_004,354.72,1061.88,20.93,131.26,"[""CELL_005"", ""CELL_006"", ""CELL_000""]",-96.94,0
320,UE_0036,CELL_004,353.34,1063.45,20.93,131.26,"[""CELL_005"", ""CELL_006"", ""CELL_000""]",-78.52,0
325,UE_0036,CELL_004,351.96,1065.03,20.93,131.26,"[""CELL_005"", ""CELL_006"", ""CELL_000""]",-91.64,0
330,UE_0036,CELL_004,350.58,1066.6,20.93,131.26,"[""CELL_005"", ""CELL_006"", ""CELL_000""]",-88.7,0
335,UE_0036,CELL_004,349.2,1068.17,20.93,131.26,"[""CELL_005"", ""CELL_006"", ""CELL_000""]",-81.77,0
340,UE_0036,CELL_004,347.82,1069.75,20.93,131.26,"[""CELL_005"", ""CELL_006"", ""CELL_000""]",-88.0,0
345,UE_0036,CELL_000,346.44,1071.32,20.93,131.26,"[""CELL_001"", ""CELL_002"", ""CELL_003""]",-105.76,0
350,UE_0036,CELL_000,345.06,1072.89,20.93,131.26,"[""CELL_001"", ""CELL_002"", ""CELL_003""]",-101.08,0
355,UE_0036,CELL_000,343.68,1074.46,20.93,131.26,"[""CELL_001"", ""CELL_002"", ""CELL_003""]",-95.94,0
360,UE_0036,CELL_000,342.3,1076.04,20.93,131.26,"[""CELL_001"", ""CELL_002"", ""CELL_003""]",-108.74,0
365,UE_0036,CELL_000,340.92,1077.61,20.93,131.26,"[""CELL_001"", ""CELL_002"", ""CELL_003""]",-101.35,0
370,UE_0036,CELL_001,339.54,1079.18,20.93,131.26,"[""CELL_002"", ""CELL_003"", ""CELL_004""]",-101.92,0
375,UE_0036,CELL_001,338.16,1080.76,20.93,131.26,"[""CELL_002"", ""CELL_003"", ""CELL_004""]",-85.22,0
380,UE_0036,CELL_001,336.78,1082.33,20.93,131.26,"[""CELL_002"", ""CELL_003"", ""CELL_004""]",-98.29,1
385,UE_0036,CELL_001,335.4,1083.9,20.93,131.26,"[""CELL_002"", ""CELL_003"", ""CELL_004""]",-88.93,0
390,UE_0036,CELL_001,334.02,1085.48,20.93,131.26,"[""CELL_002"", ""CELL_003"", ""CELL_004""]",-101.81,0
395,UE_0036,CELL_001,332.64,1087.05,20.93,131.26,"[""CELL_002"", ""CELL_003"", ""CELL_004""]",-99.67,0
400,UE_0036,CELL_001,331.26,1088.62,20.93,131.26,"[""CELL_002"", ""CELL_003"", ""CELL_004""]",-107.49,0
405,UE_0036,CELL_001,329.88,1090.2,20.93,131.26,"[""CELL_002"", ""CELL_003"", ""CELL_004""]",-104.97,0
410,UE_0036,CELL_001,328.5,1091.77,20.93,131.26,"[""CELL_002"", ""CELL_003"", ""CELL_004""]",-74.71,0
415,UE_0036,CELL_001,327.12,1093.34,20.93,131.26,"[""CELL_002"", ""CELL_003"", ""CELL_004""]",-96.45,1
420,UE_0036,CELL_001,325.74,1094.91,20.93,131.26,"[""CELL_002"", ""CELL_003"", ""CELL_004""]",-94.56,0
425,UE_0036,CELL_001,324.36,1096.49,20.93,131.26,"[""CELL_002"", ""CELL_003"", ""CELL_004""]",-103.86,0
430,UE_0036,CELL_001,322.98,1098.06,20.93,131.26,"[""CELL_002"", ""CELL_003"", ""CELL_004""]",-114.73,0
435,UE_0036,CELL_001,321.6,1099.63,20.93,131.26,"[""CELL_002"", ""CELL_003"", ""CELL_004""]",-95.07,0
440,UE_0036,CELL_001,320.22,1101.21,20.93,131.26,"[""CELL_002"", ""CELL_003"", ""CELL_004""]",-84.58,0
445,UE_0036,CELL_001,318.84,1102.78,20.93,131.26,"[""CELL_002"", ""CELL_003"", ""CELL_004""]",-81.67,0
450,UE_0036,CELL_001,317.46,1104.35,20.93,131.26,"[""CELL_002"", ""CELL_003"", ""CELL_004""]",-91.39,0
455,UE_0036,CELL_001,316.08,1105.93,20.93,131.26,"[""CELL_002"", ""CELL_003"", ""CELL_004""]",-96.73,0
460,UE_0036,CELL_001,314.7,1107.5,20.93,131.26,"[""CELL_002"", ""CELL_003"", ""CELL_004""]",-87.27,0
465,UE_0036,CELL_001,313.32,1109.07,20.93,131.26,"[""CELL_002"", ""CELL_003"", ""CELL_004""]",-98.61,0
470,UE_0036,CELL_003,311.94,1110.65,20.93,131.26,"[""CELL_004"", ""CELL_005"", ""CELL_006""]",-97.98,0
475,UE_0036,CELL_003,310.56,1112.22,20.93,131.26,"[""CELL_004"", ""CELL_005"", ""CELL_006""]",-86.71,0
480,UE_0036,CELL_003,309.18,1113.79,20.93,131.26,"[""CELL_004"", ""CELL_005"", ""CELL_006""]",-85.97,0
485,UE_0036,CELL_003,307.8,1115.36,20.93,131.26,"[""CELL_004"", ""CELL_005"", ""CELL_006""]",-102.82,1
490,UE_0036,CELL_003,306.42,1116.94,20.93,131.26,"[""CELL_004"", ""CELL_005"", ""CELL_006""]",-92.22,0
495,UE_0036,CELL_003,305.04,1118.51,20.93,131.26,"[""CELL_004"", ""CELL_005"", ""CELL_006""]",-99.81,0
0,UE_0037,CELL_006,926.48,326.24,25.99,101.46,"[""CELL_000"", ""CELL_001"", ""CELL_002""]",-99.94,0
5,UE_0037,CELL_006,925.96,328.79,25.99,101.46,"[""CELL_000"", ""CELL_001"", ""CELL_002""]",-97.25,0
10,UE_0037,CELL_006,925.45,331.34,25.99,101.46,"[""CELL_000"", ""CELL_001"", ""CELL_002""]",-84.8,1
15,UE_0037,CELL_006,924.93,333.89,25.99,101.46,"[""CELL_000"", ""CELL_001"", ""CELL_002""]",-104.18,0
20,UE_0037,CELL_006,924.42,336.43,25.99,101.46,"[""CELL_000"", ""CELL_001"", ""CELL_002""]",-97.7,0
25,UE_0037,CELL_006,923.9,338.98,25.99,101.46,"[""CELL_000"", ""CELL_001"", ""CELL_002""]",-93.44,0
30,UE_0037,CELL_006,923.38,341.53,25.99,101.46,"[""CELL_000"", ""CELL_001"", ""CELL_002""]",-85.08,0
35,UE_0037,CELL_006,922.87,344.07,25.99,101.46,"[""CELL_000"", ""CELL_001"", ""CELL_002""]",-93.62,0
40,UE_0037,CELL_006,922.35,346.62,25.99,101.46,"[""CELL_000"", ""CELL_001"", ""CELL_002""]",-99.46,0
45,UE_0037,CELL_006,921.83,349.17,25.99,101.46,"[""CELL_000"", ""CELL_001"", ""CELL_002""]",-77.77,0
50,UE_0037,CELL_006,921.32,351.72,25.99,101.46,"[""CELL_000"", ""CELL_001"", ""CELL_002""]",-102.66,0
55,UE_0037,CELL_006,920.8,354.26,25.99,101.46,"[""CELL_000"", ""CELL_001"", ""CELL_002""]",-103.67,0
60,UE_0037,CELL_006,920.28,356.81,25.99,101.46,"[""CELL_000"", ""CELL_001"", ""CELL_002""]",-86.18,0
65,UE_0037,CELL_006,919.77,359.36,25.99,101.46,"[""CELL_000"", ""CELL_001"", ""CELL_002""]",-102.88,1
70,UE_0037,CELL_006,919.25,361.9,25.99,101.46,"[""CELL_000"", ""CELL_001"", ""CELL_002""]",-114.31,0
75,UE_0037,CELL_006,918.73,364.45,25.99,101.46,"[""CELL_000"", ""CELL_001"", ""CELL_002""]",-101.53,0
80,UE_0037,CELL_006,918.22,367.0,25.99,101.46,"[""CELL_000"", ""CELL_001"", ""CELL_002""]",-118.88,0
85,UE_0037,CELL_006,917.7,369.54,25.99,101.46,"[""CELL_000"", ""CELL_001"", ""CELL_002""]",-96.44,0
90,UE_0037,CELL_006,917.18,372.09,25.99,101.46,"[""CELL_000"", ""CELL_001"", ""CELL_002""]",-87.8,0
95,UE_0037,CELL_006,916.67,374.64,25.99,101.46,"[""CELL_000"", ""CELL_001"", ""CELL_002""]",-101.6,0
100,UE_0037,CELL_006,916.15,377.19,25.99,101.46,"[""CELL_000"", ""CELL_001"", ""CELL_002""]",-99.78,0
105,UE_0037,CELL_006,915.63,379.73,25.99,101.46,"[""CELL_000"", ""CELL_001"", ""CELL_002""]",-92.65,0
110,UE_0037,CELL_006,915.12,382.28,25.99,101.46,"[""CELL_000"", ""CELL_001"", ""CELL_002""]",-93.03,0
115,UE_0037,CELL_006,914.6,384.83,25.99,101.46,"[""CELL_000"", ""CELL_001"", ""CELL_002""]",-104.26,0
120,UE_0037,CELL_006,914.08,387.37,25.99,101.46,"[""CELL_000"", ""CELL_001"", ""CELL_002""]",-93.93,0
125,UE_0037,CELL_006,913.57,389.92,25.99,101.46,"[""CELL_000"", ""CELL_001"", ""CELL_002""]",-90.35,0
130,UE_0037,CELL_006,913.05,392.47,25.99,101.46,"[""CELL_000"", ""CELL_001"", ""CELL_002""]",-105.98,0
135,UE_0037,CELL_006,912.54,395.02,25.99,101.46,"[""CELL_000"", ""CELL_001"", ""CELL_002""]",-94.23,0
140,UE_0037,CELL_006,912.02,397.56,25.99,101.46,"[""CELL_000"", ""CELL_001"", ""CELL_002""]",-108.36,0
145,UE_0037,CELL_006,911.5,400.11,25.99,101.46,"[""CELL_000"", ""CELL_001"", ""CELL_002""]",-89.6,0
150,UE_0037,CELL_006,910.99,402.66,25.99,101.46,"[""CELL_000"", ""CELL_001"", ""CELL_002""]",-95.07,0
155,UE_0037,CELL_006,910.47,405.2,25.99,101.46,"[""CELL_000"", ""CELL_001"", ""CELL_002""]",-96.87,0
160,UE_0037,CELL_006,909.95,407.75,25.99,101.46,"[""CELL_000"", ""CELL_001"", ""CELL_002""]",-90.1,0
165,UE_0037,CELL_006,909.44,410.3,25.99,101.46,"[""CELL_000"", ""CELL_001"", ""CELL_002""]",-95.85,0
170,UE_0037,CELL_006,908.92,412.85,25.99,101.46,"[""CELL_000"", ""CELL_001"", ""CELL_002""]",-99.33,0
175,UE_0037,CELL_006,908.4,415.39,25.99,101.46,"[""CELL_000"", ""CELL_001"", ""CELL_002""]",-92.52,0
180,UE_0037,CELL_006,907.89,417.94,25.99,101.46,"[""CELL_000"", ""CELL_001"", ""CELL_002""]",-79.3,0
185,UE_0037,CELL_006,907.37,420.49,25.99,101.46,"[""CELL_000"", ""CELL_001"", ""CELL_002""]",-92.62,1
190,UE_0037,CELL_006,906.85,423.03,25.99,101.46,"[""CELL_000"", ""CELL_001"", ""CELL_002""]",-86.12,0
195,UE_0037,CELL_006,906.34,425.58,25.99,101.46,"[""CELL_000"", ""CELL_001"", ""CELL_002""]",-94.6,0
200,UE_0037,CELL_006,905.82,428.13,25.99,101.46,"[""CELL_000"", ""CELL_001"", ""CELL_002""]",-92.56,0
205,UE_0037,CELL_006,905.3,430.67,25.99,101.46,"[""CELL_000"", ""CELL_001"", ""CELL_002""]",-96.06,0
210,UE_0037,CELL_006,904.79,433.22,25.99,101.46,"[""CELL_000"", ""CELL_001"", ""CELL_002""]",-89.69,0
215,UE_0037,CELL_006,904.27,435.77,25.99,101.46,"[""CELL_000"", ""CELL_001"", ""CELL_002""]",-101.2,0
220,UE_0037,CELL_006,903.75,438.32,25.99,101.46,"[""CELL_000"", ""CELL_001"", ""CELL_002""]",-92.78,0
225,UE_0037,CELL_006,903.24,440.86,25.99,101.46,"[""CELL_000"", ""CELL_001"", ""CELL_002""]",-83.94,0
230,UE_0037,CELL_006,902.72,443.41,25.99,101.46,"[""CELL_000"", ""CELL_001"", ""CELL_002""]",-111.52,0
235,UE_0037,CELL_006,902.21,445.96,25.99,101.46,"[""CELL_000"", ""CELL_001"", ""CELL_002""]",-101.32,0
240,UE_0037,CELL_006,901.69,448.5,25.99,101.46,"[""CELL_000"", ""CELL_001"", ""CELL_002""]",-111.41,0
245,UE_0037,CELL_006,901.17,451.05,25.99,101.46,"[""CELL_000"", ""CELL_001"", ""CELL_002""]",-92.44,0
250,UE_0037,CELL_006,900.66,453.6,25.99,101.46,"[""CELL_000"", ""CELL_001"", ""CELL_002""]",-91.33,0
255,UE_0037,CELL_006,900.14,456.15,25.99,101.46,"[""CELL_000"", ""CELL_001"", ""CELL_002""]",-117.69,0
260,UE_0037,CELL_006,899.62,458.69,25.99,101.46,"[""CELL_000"", ""CELL_001"", ""CELL_002""]",-87.27,0
265,UE_0037,CELL_006,899.11,461.24,25.99,101.46,"[""CELL_000"", ""CELL_001"", ""CELL_002""]",-85.73,0
270,UE_0037,CELL_006,898.59,463.79,25.99,101.46,"[""CELL_000"", ""CELL_001"", ""CELL_002""]",-81.48,0
275,UE_0037,CELL_006,898.07,466.33,25.99,101.46,"[""CELL_000"", ""CELL_001"", ""CELL_002""]",-95.15,0
280,UE_0037,CELL_006,897.56,468.88,25.99,101.46,"[""CELL_000"", ""CELL_001"", ""CELL_002""]",-115.93,0
285,UE_0037,CELL_006,897.04,471.43,23.15,-136.76,"[""CELL_000"", ""CELL_001"", ""CELL_002""]",-89.91,0
290,UE_0037,CELL_006,895.35,469.84,23.15,-136.76,"[""CELL_000"", ""CELL_001"", ""CELL_002""]",-84.27,0
295,UE_0037,CELL_006,893.67,468.26,23.15,-136.76,"[""CELL_000"", ""CELL_001"", ""CELL_002""]",-83.42,0
300,UE_0037,CELL_006,891.98,466.67,23.15,-136.76,"[""CELL_000"", ""CELL_001"", ""CELL_002""]",-101.91,0
305,UE_0037,CELL_006,890.29,465.09,23.15,-136.76,"[""CELL_000"", ""CELL_001"", ""CELL_002""]",-112.3,0
310,UE_0037,CELL_006,888.61,463.5,23.15,-136.76,"[""CELL_000"", ""CELL_001"", ""CELL_002""]",-94.92,0
315,UE_0037,CELL_006,886.92,461.91,23.15,-136.76,"[""CELL_000"", ""CELL_001"", ""CELL_002""]",-80.95,0
320,UE_0037,CELL_006,885.24,460.33,23.15,-136.76,"[""CELL_000"", ""CELL_001"", ""CELL_002""]",-79.64,0
325,UE_0037,CELL_006,883.55,458.74,23.15,-136.76,"[""CELL_000"", ""CELL_001"", ""CELL_002""]",-73.98,0
330,UE_0037,CELL_006,881.86,457.16,23.15,-136.76,"[""CELL_000"", ""CELL_001"", ""CELL_002""]",-97.82,0
335,UE_0037,CELL_006,880.18,455.57,23.15,-136.76,"[""CELL_000"", ""CELL_001"", ""CELL_002""]",-96.56,0
340,UE_0037,CELL_006,878.49,453.99,23.15,-136.76,"[""CELL_000"", ""CELL_001"", ""CELL_002""]",-92.68,0
345,UE_0037,CELL_006,876.8,452.4,23.15,-136.76,"[""CELL_000"", ""CELL_001"", ""CELL_002""]",-85.53,0
350,UE_0037,CELL_006,875.12,450.81,22.6,-143.7,"[""CELL_000"", ""CELL_001"", ""CELL_002""]",-98.72,0
355,UE_0037,CELL_006,873.3,449.48,22.6,-143.7,"[""CELL_000"", ""CELL_001"", ""CELL_002""]",-93.51,0
360,UE_0037,CELL_006,871.48,448.14,22.6,-143.7,"[""CELL_000"", ""CELL_001"", ""CELL_002""]",-69.62,0
365,UE_0037,CELL_006,869.65,446.8,22.6,-143.7,"[""CELL_000"", ""CELL_001"", ""CELL_002""]",-93.28,1
370,UE_0037,CELL_006,867.83,445.46,22.6,-143.7,"[""CELL_000"", ""CELL_001"", ""CELL_002""]",-103.46,0
375,UE_0037,CELL_006,866.01,444.13,22.6,-143.7,"[""CELL_000"", ""CELL_001"", ""CELL_002""]",-96.25,1
380,UE_0037,CELL_006,864.19,442.79,22.6,-143.7,"[""CELL_000"", ""CELL_001"", ""CELL_002""]",-105.15,0
385,UE_0037,CELL_006,862.37,441.45,22.6,-143.7,"[""CELL_000"", ""CELL_001"", ""CELL_002""]",-94.28,0
390,UE_0037,CELL_006,860.55,440.11,22.6,-143.7,"[""CELL_000"", ""CELL_001"", ""CELL_002""]",-95.77,0
395,UE_0037,CELL_006,858.73,438.77,22.6,-143.7,"[""CELL_000"", ""CELL_001"", ""CELL_002""]",-94.04,0
400,UE_0037,CELL_006,856.91,437.44,22.6,-143.7,"[""CELL_000"", ""CELL_001"", ""CELL_002""]",-99.87,0
405,UE_0037,CELL_006,855.09,436.1,22.6,-143.7,"[""CELL_000"", ""CELL_001"", ""CELL_002""]",-85.5,0
410,UE_0037,CELL_006,853.27,434.76,22.6,-143.7,"[""CELL_000"", ""CELL_001"", ""CELL_002""]",-99.24,0
415,UE_0037,CELL_006,851.44,433.42,22.6,-143.7,"[""CELL_000"", ""CELL_001"", ""CELL_002""]",-94.48,0
420,UE_0037,CELL_006,849.62,432.09,22.6,-143.7,"[""CELL_000"", ""CELL_001"", ""CELL_002""]",-96.26,1
425,UE_0037,CELL_006,847.8,430.75,22.6,-143.7,"[""CELL_000"", ""CELL_001"", ""CELL_002""]",-93.61,0
430,UE_0037,CELL_006,845.98,429.41,22.6,-143.7,"[""CELL_000"", ""CELL_001"", ""CELL_002""]",-92.26,0
435,UE_0037,CELL_006,844.16,428.07,22.6,-143.7,"[""CELL_000"", ""CELL_001"", ""CELL_002""]",-93.31,0
440,UE_0037,CELL_001,842.34,426.73,22.6,-143.7,"[""CELL_002"", ""CELL_003"", ""CELL_004""]",-90.74,0
445,UE_0037,CELL_001,840.52,425.4,22.6,-143.7,"[""CELL_002"", ""CELL_003"", ""CELL_004""]",-96.08,0
450,UE_0037,CELL_001,838.7,424.06,22.6,-143.7,"[""CELL_002"", ""CELL_003"", ""CELL_004""]",-81.28,0
455,UE_0037,CELL_001,836.88,422.72,22.6,-143.7,"[""CELL_002"", ""CELL_003"", ""CELL_004""]",-81.23,0
460,UE_0037,CELL_001,835.06,421.38,22.6,-143.7,"[""CELL_002"", ""CELL_003"", ""CELL_004""]",-109.49,1
465,UE_0037,CELL_001,833.24,420.05,22.6,-143.7,"[""CELL_002"", ""CELL_003"", ""CELL_004""]",-89.92,0
470,UE_0037,CELL_001,831.41,418.71,22.6,-143.7,"[""CELL_002"", ""CELL_003"", ""CELL_004""]",-98.07,0
475,UE_0037,CELL_001,829.59,417.37,22.6,-143.7,"[""CELL_002"", ""CELL_003"", ""CELL_004""]",-95.33,0
480,UE_0037,CELL_001,827.77,416.03,22.6,-143.7,"[""CELL_002"", ""CELL_003"", ""CELL_004""]",-109.57,0
485,UE_0037,CELL_001,825.95,414.69,22.6,-143.7,"[""CELL_002"", ""CELL_003"", ""CELL_004""]",-94.99,0
490,UE_0037,CELL_001,824.13,413.36,22.6,-143.7,"[""CELL_002"", ""CELL_003"", ""CELL_004""]",-101.0,0
495,UE_0037,CELL_001,822.31,412.02,22.6,-143.7,"[""CELL_002"", ""CELL_003"", ""CELL_004""]",-106.42,0
0,UE_0038,CELL_004,438.76,684.89,30.72,164.92,"[""CELL_005"", ""CELL_006"", ""CELL_000""]",-93.98,0
5,UE_0038,CELL_004,435.79,685.69,30.72,164.92,"[""CELL_005"", ""CELL_006"", ""CELL_000""]",-96.07,0
10,UE_0038,CELL_004,432.83,686.49,30.72,164.92,"[""CELL_005"", ""CELL_006"", ""CELL_000""]",-86.91,0
15,UE_0038,CELL_001,429.86,687.29,30.72,164.92,"[""CELL_002"", ""CELL_003"", ""CELL_004""]",-86.09,0
20,UE_0038,CELL_001,426.9,688.09,30.72,164.92,"[""CELL_002"", ""CELL_003"", ""CELL_004""]",-85.84,0
25,UE_0038,CELL_001,423.93,688.89,30.72,164.92,"[""CELL_002"", ""CELL_003"", ""CELL_004""]",-75.64,0
30,UE_0038,CELL_001,420.96,689.69,30.72,164.92,"[""CELL_002"", ""CELL_003"", ""CELL_004""]",-91.85,0
35,UE_0038,CELL_001,418.0,690.49,30.72,164.92,"[""CELL_002"", ""CELL_003"", ""CELL_004""]",-80.77,0
40,UE_0038,CELL_001,415.03,691.29,30.72,164.92,"[""CELL_002"", ""CELL_003"", ""CELL_004""]",-104.25,0
45,UE_0038,CELL_001,412.07,692.09,30.72,164.92,"[""CELL_002"", ""CELL_003"", ""CELL_004""]",-102.88,0
50,UE_0038,CELL_001,409.1,692.89,30.72,164.92,"[""CELL_002"", ""CELL_003"", ""CELL_004""]",-95.33,0
55,UE_0038,CELL_001,406.13,693.69,30.72,164.92,"[""CELL_002"", ""CELL_003"", ""CELL_004""]",-100.48,0
60,UE_0038,CELL_006,403.17,694.49,30.72,164.92,"[""CELL_000"", ""CELL_001"", ""CELL_002""]",-93.73,0
65,UE_0038,CELL_006,400.2,695.29,30.72,164.92,"[""CELL_000"", ""CELL_001"", ""CELL_002""]",-105.21,0
70,UE_0038,CELL_006,397.23,696.09,30.72,164.92,"[""CELL_000"", ""CELL_001"", ""CELL_002""]",-85.97,0
75,UE_0038,CELL_006,394.27,696.88,30.72,164.92,"[""CELL_000"", ""CELL_001"", ""CELL_002""]",-83.72,0
80,UE_0038,CELL_006,391.3,697.68,30.72,164.92,"[""CELL_000"", ""CELL_001"", ""CELL_002""]",-91.55,0
85,UE_0038,CELL_006,388.34,698.48,30.72,164.92,"[""CELL_000"", ""CELL_001"", ""CELL_002""]",-98.52,0
90,UE_0038,CELL_006,385.37,699.28,30.72,164.92,"[""CELL_000"", ""CELL_001"", ""CELL_002""]",-76.14,0
95,UE_0038,CELL_006,382.4,700.08,30.72,164.92,"[""CELL_000"", ""CELL_001"", ""CELL_002""]",-91.35,0
100,UE_0038,CELL_006,379.44,700.88,30.72,164.92,"[""CELL_000"", ""CELL_001"", ""CELL_002""]",-88.98,0
105,UE_0038,CELL_006,376.47,701.68,30.72,164.92,"[""CELL_000"", ""CELL_001"", ""CELL_002""]",-80.82,0
110,UE_0038,CELL_006,373.51,702.48,30.72,164.92,"[""CELL_000"", ""CELL_001"", ""CELL_002""]",-79.14,0
115,UE_0038,CELL_006,370.54,703.28,30.72,164.92,"[""CELL_000"", ""CELL_001"", ""CELL_002""]",-102.48,0
120,UE_0038,CELL_006,367.57,704.08,30.72,164.92,"[""CELL_000"", ""CELL_001"", ""CELL_002""]",-105.73,0
125,UE_0038,CELL_006,364.61,704.88,30.72,164.92,"[""CELL_000"", ""CELL_001"", ""CELL_002""]",-89.56,0
130,UE_0038,CELL_006,361.64,705.68,30.72,164.92,"[""CELL_000"", ""CELL_001"", ""CELL_002""]",-92.97,0
135,UE_0038,CELL_006,358.68,706.48,30.72,164.92,"[""CELL_000"", ""CELL_001"", ""CELL_002""]",-94.87,0
140,UE_0038,CELL_006,355.71,707.28,30.72,164.92,"[""CELL_000"", ""CELL_001"", ""CELL_002""]",-99.89,0
145,UE_0038,CELL_006,352.74,708.08,30.72,164.92,"[""CELL_000"", ""CELL_001"", ""CELL_002""]",-110.65,1
150,UE_0038,CELL_006,349.78,708.88,30.72,164.92,"[""CELL_000"", ""CELL_001"", ""CELL_002""]",-103.86,0
155,UE_0038,CELL_006,346.81,709.68,30.72,164.92,"[""CELL_000"", ""CELL_001"", ""CELL_002""]",-99.16,0
160,UE_0038,CELL_006,343.85,710.48,30.72,164.92,"[""CELL_000"", ""CELL_001"", ""CELL_002""]",-81.52,0
165,UE_0038,CELL_006,340.88,711.27,30.72,164.92,"[""CELL_000"", ""CELL_001"", ""CELL_002""]",-87.97,0
170,UE_0038,CELL_006,337.91,712.07,30.72,164.92,"[""CELL_000"", ""CELL_001"", ""CELL_002""]",-118.15,0
175,UE_0038,CELL_006,334.95,712.87,30.72,164.92,"[""CELL_000"", ""CELL_001"", ""CELL_002""]",-84.15,0
180,UE_0038,CELL_006,331.98,713.67,30.72,164.92,"[""CELL_000"", ""CELL_001"", ""CELL_002""]",-93.61,0
185,UE_0038,CELL_006,329.02,714.47,30.72,164.92,"[""CELL_000"", ""CELL_001"", ""CELL_002""]",-114.33,0
190,UE_0038,CELL_006,326.05,715.27,30.72,164.92,"[""CELL_000"", ""CELL_001"", ""CELL_002""]",-112.02,0
195,UE_0038,CELL_006,323.08,716.07,30.72,164.92,"[""CELL_000"", ""CELL_001"", ""CELL_002""]",-91.92,0
200,UE_0038,CELL_006,320.12,716.87,30.72,164.92,"[""CELL_000"", ""CELL_001"", ""CELL_002""]",-79.36,0
205,UE_0038,CELL_006,317.15,717.67,30.72,164.92,"[""CELL_000"", ""CELL_001"", ""CELL_002""]",-104.32,0
210,UE_0038,CELL_006,314.19,718.47,30.72,164.92,"[""CELL_000"", ""CELL_001"", ""CELL_002""]",-91.26,0
215,UE_0038,CELL_006,311.22,719.27,30.72,164.92,"[""CELL_000"", ""CELL_001"", ""CELL_002""]",-115.11,0
220,UE_0038,CELL_006,308.25,720.07,30.72,164.92,"[""CELL_000"", ""CELL_001"", ""CELL_002""]",-75.62,0
225,UE_0038,CELL_006,305.29,720.87,30.72,164.92,"[""CELL_000"", ""CELL_001"", ""CELL_002""]",-100.17,0
230,UE_0038,CELL_006,302.32,721.67,30.72,164.92,"[""CELL_000"", ""CELL_001"", ""CELL_002""]",-114.41,0
235,UE_0038,CELL_006,299.36,722.47,30.72,164.92,"[""CELL_000"", ""CELL_001"", ""CELL_002""]",-98.43,0
240,UE_0038,CELL_006,296.39,723.27,11.74,-22.36,"[""CELL_000"", ""CELL_001"", ""CELL_002""]",-87.68,0
245,UE_0038,CELL_006,297.47,722.82,11.74,-22.36,"[""CELL_000"", ""CELL_001"", ""CELL_002""]",-80.24,0
250,UE_0038,CELL_006,298.56,722.37,11.74,-22.36,"[""CELL_000"", ""CELL_001"", ""CELL_002""]",-94.28,0
255,UE_0038,CELL_006,299.65,721.93,11.74,-22.36,"[""CELL_000"", ""CELL_001"", ""CELL_002""]",-105.28,0
260,UE_0038,CELL_006,300.73,721.48,11.74,-22.36,"[""CELL_000"", ""CELL_001"", ""CELL_002""]",-93.53,1
265,UE_0038,CELL_006,301.82,721.03,11.74,-22.36,"[""CELL_000"", ""CELL_001"", ""CELL_002""]",-97.33,0
270,UE_0038,CELL_006,302.9,720.59,29.53,-57.11,"[""CELL_000"", ""CELL_001"", ""CELL_002""]",-111.86,0
275,UE_0038,CELL_006,304.51,718.11,29.53,-57.11,"[""CELL_000"", ""CELL_001"", ""CELL_002""]",-89.11,0
280,UE_0038,CELL_006,306.11,715.63,29.53,-57.11,"[""CELL_000"", ""CELL_001"", ""CELL_002""]",-100.03,0
285,UE_0038,CELL_006,307.71,713.15,29.53,-57.11,"[""CELL_000"", ""CELL_001"", ""CELL_002""]",-115.74,0
290,UE_0038,CELL_006,309.32,710.67,18.12,113.87,"[""CELL_000"", ""CELL_001"", ""CELL_002""]",-91.13,0
295,UE_0038,CELL_006,308.58,712.32,18.12,113.87,"[""CELL_000"", ""CELL_001"", ""CELL_002""]",-86.76,0
300,UE_0038,CELL_006,307.85,713.98,18.12,113.87,"[""CELL_000"", ""CELL_001"", ""CELL_002""]",-84.32,0
305,UE_0038,CELL_006,307.12,715.64,18.12,113.87,"[""CELL_000"", ""CELL_001"", ""CELL_002""]",-92.01,0
310,UE_0038,CELL_006,306.38,717.29,18.12,113.87,"[""CELL_000"", ""CELL_001"", ""CELL_002""]",-107.51,1
315,UE_0038,CELL_006,305.65,718.95,18.12,113.87,"[""CELL_000"", ""CELL_001"", ""CELL_002""]",-101.74,0
320,UE_0038,CELL_006,304.92,720.61,23.7,87.52,"[""CELL_000"", ""CELL_001"", ""CELL_002""]",-112.09,0
325,UE_0038,CELL_006,305.02,722.98,23.7,87.52,"[""CELL_000"", ""CELL_001"", ""CELL_002""]",-65.56,0
330,UE_0038,CELL_006,305.12,725.34,23.7,87.52,"[""CELL_000"", ""CELL_001"", ""CELL_002""]",-88.7,0
335,UE_0038,CELL_006,305.23,727.71,23.7,87.52,"[""CELL_000"", ""CELL_001"", ""CELL_002""]",-85.94,0
340,UE_0038,CELL_006,305.33,730.08,23.7,87.52,"[""CELL_000"", ""CELL_001"", ""CELL_002""]",-100.88,0
345,UE_0038,CELL_006,305.43,732.45,23.7,87.52,"[""CELL_000"", ""CELL_001"", ""CELL_002""]",-107.81,1
350,UE_0038,CELL_006,305.53,734.82,23.7,87.52,"[""CELL_000"", ""CELL_001"", ""CELL_002""]",-98.4,0
355,UE_0038,CELL_006,305.64,737.18,23.7,87.52,"[""CELL_000"", ""CELL_001"", ""CELL_002""]",-87.89,0
360,UE_0038,CELL_006,305.74,739.55,23.7,87.52,"[""CELL_000"", ""CELL_001"", ""CELL_002""]",-87.3,0
365,UE_0038,CELL_006,305.84,741.92,23.7,87.52,"[""CELL_000"", ""CELL_001"", ""CELL_002""]",-81.07,0
370,UE_0038,CELL_006,305.94,744.29,23.7,87.52,"[""CELL_000"", ""CELL_001"", ""CELL_002""]",-81.8,0
375,UE_0038,CELL_006,306.05,746.65,23.7,87.52,"[""CELL_000"", ""CELL_001"", ""CELL_002""]",-97.73,0
380,UE_0038,CELL_006,306.15,749.02,23.7,87.52,"[""CELL_000"", ""CELL_001"", ""CELL_002""]",-95.84,0
385,UE_0038,CELL_006,306.25,751.39,23.7,87.52,"[""CELL_000"", ""CELL_001"", ""CELL_002""]",-91.34,0
390,UE_0038,CELL_006,306.35,753.76,23.7,87.52,"[""CELL_000"", ""CELL_001"", ""CELL_002""]",-88.45,1
395,UE_0038,CELL_006,306.45,756.13,23.7,87.52,"[""CELL_000"", ""CELL_001"", ""CELL_002""]",-98.8,0
400,UE_0038,CELL_006,306.56,758.49,23.7,87.52,"[""CELL_000"", ""CELL_001"", ""CELL_002""]",-94.75,0
405,UE_0038,CELL_006,306.66,760.86,23.7,87.52,"[""CELL_000"", ""CELL_001"", ""CELL_002""]",-89.17,0
410,UE_0038,CELL_006,306.76,763.23,23.7,87.52,"[""CELL_000"", ""CELL_001"", ""CELL_002""]",-94.25,0
415,UE_0038,CELL_006,306.86,765.6,23.7,87.52,"[""CELL_000"", ""CELL_001"", ""CELL_002""]",-94.12,0
420,UE_0038,CELL_006,306.97,767.97,23.7,87.52,"[""CELL_000"", ""CELL_001"", ""CELL_002""]",-94.37,0
425,UE_0038,CELL_006,307.07,770.33,23.7,87.52,"[""CELL_000"", ""CELL_001"", ""CELL_002""]",-102.97,0
430,UE_0038,CELL_006,307.17,772.7,23.7,87.52,"[""CELL_000"", ""CELL_001"", ""CELL_002""]",-102.92,0
435,UE_0038,CELL_006,307.27,775.07,23.7,87.52,"[""CELL_000"", ""CELL_001"", ""CELL_002""]",-102.11,0
440,UE_0038,CELL_006,307.38,777.44,23.7,87.52,"[""CELL_000"", ""CELL_001"", ""CELL_002""]",-86.49,0
445,UE_0038,CELL_006,307.48,779.81,23.7,87.52,"[""CELL_000"", ""CELL_001"", ""CELL_002""]",-103.47,1
450,UE_0038,CELL_006,307.58,782.17,23.7,87.52,"[""CELL_000"", ""CELL_001"", ""CELL_002""]",-93.12,0
455,UE_0038,CELL_006,307.68,784.54,23.7,87.52,"[""CELL_000"", ""CELL_001"", ""CELL_002""]",-84.31,0
460,UE_0038,CELL_006,307.79,786.91,23.7,87.52,"[""CELL_000"", ""CELL_001"", ""CELL_002""]",-92.98,0
465,UE_0038,CELL_006,307.89,789.28,23.7,87.52,"[""CELL_000"", ""CELL_001"", ""CELL_002""]",-80.22,0
470,UE_0038,CELL_006,307.99,791.64,23.7,87.52,"[""CELL_000"", ""CELL_001"", ""CELL_002""]",-101.69,0
475,UE_0038,CELL_006,308.09,794.01,23.7,87.52,"[""CELL_000"", ""CELL_001"", ""CELL_002""]",-118.71,0
480,UE_0038,CELL_006,308.2,796.38,23.7,87.52,"[""CELL_000"", ""CELL_001"", ""CELL_002""]",-91.05,0
485,UE_0038,CELL_006,308.3,798.75,23.7,87.52,"[""CELL_000"", ""CELL_001"", ""CELL_002""]",-106.82,0
490,UE_0038,CELL_006,308.4,801.12,23.7,87.52,"[""CELL_000"", ""CELL_001"", ""CELL_002""]",-113.41,0
495,UE_0038,CELL_006,308.5,803.48,23.7,87.52,"[""CELL_000"", ""CELL_001"", ""CELL_002""]",-96.02,0
0,UE_0039,CELL_000,322.84,388.09,32.66,-65.31,"[""CELL_001"", ""CELL_002"", ""CELL_003""]",-87.51,0
5,UE_0039,CELL_000,324.21,385.12,32.66,-65.31,"[""CELL_001"", ""CELL_002"", ""CELL_003""]",-99.53,0
10,UE_0039,CELL_000,325.57,382.15,32.66,-65.31,"[""CELL_001"", ""CELL_002"", ""CELL_003""]",-110.4,0
15,UE_0039,CELL_000,326.94,379.18,32.66,-65.31,"[""CELL_001"", ""CELL_002"", ""CELL_003""]",-82.88,0
20,UE_0039,CELL_000,328.3,376.22,32.66,-65.31,"[""CELL_001"", ""CELL_002"", ""CELL_003""]",-91.26,0
25,UE_0039,CELL_000,329.66,373.25,32.66,-65.31,"[""CELL_001"", ""CELL_002"", ""CELL_003""]",-99.38,0
30,UE_0039,CELL_000,331.03,370.28,32.66,-65.31,"[""CELL_001"", ""CELL_002"", ""CELL_003""]",-90.1,0
35,UE_0039,CELL_000,332.39,367.31,32.66,-65.31,"[""CELL_001"", ""CELL_002"", ""CELL_003""]",-94.54,0
40,UE_0039,CELL_000,333.76,364.35,32.66,-65.31,"[""CELL_001"", ""CELL_002"", ""CELL_003""]",-71.67,0
45,UE_0039,CELL_000,335.12,361.38,32.66,-65.31,"[""CELL_001"", ""CELL_002"", ""CELL_003""]",-91.6,0
50,UE_0039,CELL_000,336.49,358.41,32.66,-65.31,"[""CELL_001"", ""CELL_002"", ""CELL_003""]",-100.25,0
55,UE_0039,CELL_000,337.85,355.44,32.66,-65.31,"[""CELL_001"", ""CELL_002"", ""CELL_003""]",-79.03,1
60,UE_0039,CELL_000,339.22,352.48,32.66,-65.31,"[""CELL_001"", ""CELL_002"", ""CELL_003""]",-101.48,0
65,UE_0039,CELL_000,340.58,349.51,32.66,-65.31,"[""CELL_001"", ""CELL_002"", ""CELL_003""]",-112.61,0
70,UE_0039,CELL_000,341.95,346.54,32.66,-65.31,"[""CELL_001"", ""CELL_002"", ""CELL_003""]",-96.94,0
75,UE_0039,CELL_000,343.31,343.57,32.66,-65.31,"[""CELL_001"", ""CELL_002"", ""CELL_003""]",-79.17,0
80,UE_0039,CELL_000,344.67,340.61,32.66,-65.31,"[""CELL_001"", ""CELL_002"", ""CELL_003""]",-89.15,0
85,UE_0039,CELL_000,346.04,337.64,32.66,-65.31,"[""CELL_001"", ""CELL_002"", ""CELL_003""]",-95.06,0
90,UE_0039,CELL_000,347.4,334.67,32.66,-65.31,"[""CELL_001"", ""CELL_002"", ""CELL_003""]",-90.06,0
95,UE_0039,CELL_000,348.77,331.7,32.66,-65.31,"[""CELL_001"", ""CELL_002"", ""CELL_003""]",-91.33,0
100,UE_0039,CELL_000,350.13,328.74,32.66,-65.31,"[""CELL_001"", ""CELL_002"", ""CELL_003""]",-101.97,0
105,UE_0039,CELL_000,351.5,325.77,32.66,-65.31,"[""CELL_001"", ""CELL_002"", ""CELL_003""]",-76.55,0
110,UE_0039,CELL_000,352.86,322.8,32.66,-65.31,"[""CELL_001"", ""CELL_002"", ""CELL_003""]",-109.48,0
115,UE_0039,CELL_000,354.23,319.83,32.66,-65.31,"[""CELL_001"", ""CELL_002"", ""CELL_003""]",-73.15,0
120,UE_0039,CELL_000,355.59,316.87,32.66,-65.31,"[""CELL_001"", ""CELL_002"", ""CELL_003""]",-86.63,0
125,UE_0039,CELL_000,356.96,313.9,32.66,-65.31,"[""CELL_001"", ""CELL_002"", ""CELL_003""]",-91.02,0
130,UE_0039,CELL_000,358.32,310.93,32.66,-65.31,"[""CELL_001"", ""CELL_002"", ""CELL_003""]",-91.35,0
135,UE_0039,CELL_000,359.69,307.96,32.66,-65.31,"[""CELL_001"", ""CELL_002"", ""CELL_003""]",-80.84,0
140,UE_0039,CELL_000,361.05,305.0,32.66,-65.31,"[""CELL_001"", ""CELL_002"", ""CELL_003""]",-103.61,0
145,UE_0039,CELL_000,362.41,302.03,32.66,-65.31,"[""CELL_001"", ""CELL_002"", ""CELL_003""]",-82.69,0
150,UE_0039,CELL_000,363.78,299.06,32.66,-65.31,"[""CELL_001"", ""CELL_002"", ""CELL_003""]",-84.59,0
155,UE_0039,CELL_000,365.14,296.09,32.66,-65.31,"[""CELL_001"", ""CELL_002"", ""CELL_003""]",-80.61,0
160,UE_0039,CELL_000,366.51,293.13,32.66,-65.31,"[""CELL_001"", ""CELL_002"", ""CELL_003""]",-103.48,0
165,UE_0039,CELL_000,367.87,290.16,32.66,-65.31,"[""CELL_001"", ""CELL_002"", ""CELL_003""]",-111.06,0
170,UE_0039,CELL_000,369.24,287.19,32.66,-65.31,"[""CELL_001"", ""CELL_002"", ""CELL_003""]",-87.85,0
175,UE_0039,CELL_000,370.6,284.22,32.66,-65.31,"[""CELL_001"", ""CELL_002"", ""CELL_003""]",-79.65,0
180,UE_0039,CELL_000,371.97,281.26,32.66,-65.31,"[""CELL_001"", ""CELL_002"", ""CELL_003""]",-97.68,0
185,UE_0039,CELL_000,373.33,278.29,32.66,-65.31,"[""CELL_001"", ""CELL_002"", ""CELL_003""]",-92.23,0
190,UE_0039,CELL_000,374.7,275.32,32.66,-65.31,"[""CELL_001"", ""CELL_002"", ""CELL_003""]",-99.86,0
195,UE_0039,CELL_000,376.06,272.35,32.66,-65.31,"[""CELL_001"", ""CELL_002"", ""CELL_003""]",-92.1,0
200,UE_0039,CELL_000,377.42,269.39,32.66,-65.31,"[""CELL_001"", ""CELL_002"", ""CELL_003""]",-118.43,1
205,UE_0039,CELL_000,378.79,266.42,32.66,-65.31,"[""CELL_001"", ""CELL_002"", ""CELL_003""]",-83.8,0
210,UE_0039,CELL_000,380.15,263.45,32.66,-65.31,"[""CELL_001"", ""CELL_002"", ""CELL_003""]",-103.93,0
215,UE_0039,CELL_000,381.52,260.48,32.66,-65.31,"[""CELL_001"", ""CELL_002"", ""CELL_003""]",-100.49,0
220,UE_0039,CELL_000,382.88,257.52,32.66,-65.31,"[""CELL_001"", ""CELL_002"", ""CELL_003""]",-104.99,0
225,UE_0039,CELL_000,384.25,254.55,32.66,-65.31,"[""CELL_001"", ""CELL_002"", ""CELL_003""]",-93.58,1
230,UE_0039,CELL_000,385.61,251.58,32.66,-65.31,"[""CELL_001"", ""CELL_002"", ""CELL_003""]",-97.13,0
235,UE_0039,CELL_004,386.98,248.61,32.66,-65.31,"[""CELL_005"", ""CELL_006"", ""CELL_000""]",-91.7,0
240,UE_0039,CELL_004,388.34,245.65,32.66,-65.31,"[""CELL_005"", ""CELL_006"", ""CELL_000""]",-101.01,0
245,UE_0039,CELL_004,389.71,242.68,32.66,-65.31,"[""CELL_005"", ""CELL_006"", ""CELL_000""]",-103.8,0
250,UE_0039,CELL_004,391.07,239.71,32.66,-65.31,"[""CELL_005"", ""CELL_006"", ""CELL_000""]",-90.65,0
255,UE_0039,CELL_004,392.43,236.74,32.66,-65.31,"[""CELL_005"", ""CELL_006"", ""CELL_000""]",-91.07,0
260,UE_0039,CELL_004,393.8,233.78,32.66,-65.31,"[""CELL_005"", ""CELL_006"", ""CELL_000""]",-68.68,0
265,UE_0039,CELL_004,395.16,230.81,32.66,-65.31,"[""CELL_005"", ""CELL_006"", ""CELL_000""]",-77.81,0
270,UE_0039,CELL_004,396.53,227.84,32.66,-65.31,"[""CELL_005"", ""CELL_006"", ""CELL_000""]",-74.24,0
275,UE_0039,CELL_004,397.89,224.87,32.66,-65.31,"[""CELL_005"", ""CELL_006"", ""CELL_000""]",-85.68,0
280,UE_0039,CELL_004,399.26,221.91,32.66,-65.31,"[""CELL_005"", ""CELL_006"", ""CELL_000""]",-101.51,0
285,UE_0039,CELL_004,400.62,218.94,32.66,-65.31,"[""CELL_005"", ""CELL_006"", ""CELL_000""]",-72.9,0
290,UE_0039,CELL_004,401.99,215.97,32.66,-65.31,"[""CELL_005"", ""CELL_006"", ""CELL_000""]",-110.58,0
295,UE_0039,CELL_004,403.35,213.0,32.66,-65.31,"[""CELL_005"", ""CELL_006"", ""CELL_000""]",-94.14,0
300,UE_0039,CELL_004,404.72,210.04,32.66,-65.31,"[""CELL_005"", ""CELL_006"", ""CELL_000""]",-74.78,0
305,UE_0039,CELL_004,406.08,207.07,32.66,-65.31,"[""CELL_005"", ""CELL_006"", ""CELL_000""]",-92.23,0
310,UE_0039,CELL_004,407.44,204.1,32.66,-65.31,"[""CELL_005"", ""CELL_006"", ""CELL_000""]",-82.66,0
315,UE_0039,CELL_004,408.81,201.13,32.66,-65.31,"[""CELL_005"", ""CELL_006"", ""CELL_000""]",-89.15,1
320,UE_0039,CELL_004,410.17,198.17,32.66,-65.31,"[""CELL_005"", ""CELL_006"", ""CELL_000""]",-91.24,0
325,UE_0039,CELL_004,411.54,195.2,32.66,-65.31,"[""CELL_005"", ""CELL_006"", ""CELL_000""]",-108.42,1
330,UE_0039,CELL_004,412.9,192.23,32.66,-65.31,"[""CELL_005"", ""CELL_006"", ""CELL_000""]",-96.19,0
335,UE_0039,CELL_004,414.27,189.27,32.66,-65.31,"[""CELL_005"", ""CELL_006"", ""CELL_000""]",-81.17,0
340,UE_0039,CELL_004,415.63,186.3,32.66,-65.31,"[""CELL_005"", ""CELL_006"", ""CELL_000""]",-112.19,1
345,UE_0039,CELL_004,417.0,183.33,32.66,-65.31,"[""CELL_005"", ""CELL_006"", ""CELL_000""]",-115.46,0
350,UE_0039,CELL_004,418.36,180.36,32.66,-65.31,"[""CELL_005"", ""CELL_006"", ""CELL_000""]",-113.19,0
355,UE_0039,CELL_004,419.73,177.4,32.66,-65.31,"[""CELL_005"", ""CELL_006"", ""CELL_000""]",-82.33,0
360,UE_0039,CELL_004,421.09,174.43,32.66,-65.31,"[""CELL_005"", ""CELL_006"", ""CELL_000""]",-87.87,0
365,UE_0039,CELL_004,422.45,171.46,32.66,-65.31,"[""CELL_005"", ""CELL_006"", ""CELL_000""]",-99.76,0
370,UE_0039,CELL_004,423.82,168.49,32.66,-65.31,"[""CELL_005"", ""CELL_006"", ""CELL_000""]",-109.26,0
375,UE_0039,CELL_004,425.18,165.53,32.66,-65.31,"[""CELL_005"", ""CELL_006"", ""CELL_000""]",-107.48,0
380,UE_0039,CELL_004,426.55,162.56,32.66,-65.31,"[""CELL_005"", ""CELL_006"", ""CELL_000""]",-73.76,0
385,UE_0039,CELL_004,427.91,159.59,32.66,-65.31,"[""CELL_005"", ""CELL_006"", ""CELL_000""]",-97.2,0
390,UE_0039,CELL_004,429.28,156.62,32.66,-65.31,"[""CELL_005"", ""CELL_006"", ""CELL_000""]",-88.87,0
395,UE_0039,CELL_004,430.64,153.66,32.66,-65.31,"[""CELL_005"", ""CELL_006"", ""CELL_000""]",-85.81,0
400,UE_0039,CELL_004,432.01,150.69,32.66,-65.31,"[""CELL_005"", ""CELL_006"", ""CELL_000""]",-109.1,0
405,UE_0039,CELL_004,433.37,147.72,32.66,-65.31,"[""CELL_005"", ""CELL_006"", ""CELL_000""]",-108.91,0
410,UE_0039,CELL_004,434.74,144.75,32.66,-65.31,"[""CELL_005"", ""CELL_006"", ""CELL_000""]",-102.97,0
415,UE_0039,CELL_004,436.1,141.79,32.66,-65.31,"[""CELL_005"", ""CELL_006"", ""CELL_000""]",-101.37,0
420,UE_0039,CELL_004,437.46,138.82,32.66,-65.31,"[""CELL_005"", ""CELL_006"", ""CELL_000""]",-99.88,0
425,UE_0039,CELL_004,438.83,135.85,32.66,-65.31,"[""CELL_005"", ""CELL_006"", ""CELL_000""]",-89.61,0
430,UE_0039,CELL_004,440.19,132.88,32.66,-65.31,"[""CELL_005"", ""CELL_006"", ""CELL_000""]",-92.83,0
435,UE_0039,CELL_004,441.56,129.92,32.66,-65.31,"[""CELL_005"", ""CELL_006"", ""CELL_000""]",-86.04,0
440,UE_0039,CELL_004,442.92,126.95,32.66,-65.31,"[""CELL_005"", ""CELL_006"", ""CELL_000""]",-97.13,0
445,UE_0039,CELL_004,444.29,123.98,32.66,-65.31,"[""CELL_005"", ""CELL_006"", ""CELL_000""]",-111.84,0
450,UE_0039,CELL_004,445.65,121.01,32.66,-65.31,"[""CELL_005"", ""CELL_006"", ""CELL_000""]",-83.77,0
455,UE_0039,CELL_004,447.02,118.05,32.66,-65.31,"[""CELL_005"", ""CELL_006"", ""CELL_000""]",-102.62,0
460,UE_0039,CELL_004,448.38,115.08,32.66,-65.31,"[""CELL_005"", ""CELL_006"", ""CELL_000""]",-105.54,0
465,UE_0039,CELL_004,449.75,112.11,32.66,-65.31,"[""CELL_005"", ""CELL_006"", ""CELL_000""]",-102.12,0
470,UE_0039,CELL_004,451.11,109.14,32.66,-65.31,"[""CELL_005"", ""CELL_006"", ""CELL_000""]",-88.61,0
475,UE_0039,CELL_004,452.48,106.18,32.66,-65.31,"[""CELL_005"", ""CELL_006"", ""CELL_000""]",-95.08,0
480,UE_0039,CELL_004,453.84,103.21,32.66,-65.31,"[""CELL_005"", ""CELL_006"", ""CELL_000""]",-97.78,0
485,UE_0039,CELL_004,455.2,100.24,32.66,-65.31,"[""CELL_005"", ""CELL_006"", ""CELL_000""]",-108.19,0
490,UE_0039,CELL_004,456.57,97.27,32.66,-65.31,"[""CELL_005"", ""CELL_006"", ""CELL_000""]",-108.79,0
495,UE_0039,CELL_004,457.93,94.31,32.66,-65.31,"[""CELL_005"", ""CELL_006"", ""CELL_000""]",-90.65,0
0,UE_0040,CELL_001,346.06,846.31,40.61,132.83,"[""CELL_002"", ""CELL_003"", ""CELL_004""]",-98.36,0
5,UE_0040,CELL_001,343.3,849.29,40.61,132.83,"[""CELL_002"", ""CELL_003"", ""CELL_004""]",-77.26,0
10,UE_0040,CELL_001,340.54,852.27,40.61,132.83,"[""CELL_002"", ""CELL_003"", ""CELL_004""]",-97.42,0
15,UE_0040,CELL_001,337.78,855.25,40.61,132.83,"[""CELL_002"", ""CELL_003"", ""CELL_004""]",-90.73,0
20,UE_0040,CELL_001,335.02,858.22,40.61,132.83,"[""CELL_002"", ""CELL_003"", ""CELL_004""]",-87.8,0
25,UE_0040,CELL_001,332.26,861.2,40.61,132.83,"[""CELL_002"", ""CELL_003"", ""CELL_004""]",-87.58,0
30,UE_0040,CELL_001,329.5,864.18,40.61,132.83,"[""CELL_002"", ""CELL_003"", ""CELL_004""]",-100.08,0
35,UE_0040,CELL_001,326.74,867.16,40.61,132.83,"[""CELL_002"", ""CELL_003"", ""CELL_004""]",-100.51,0
40,UE_0040,CELL_001,323.98,870.14,40.61,132.83,"[""CELL_002"", ""CELL_003"", ""CELL_004""]",-78.84,0
45,UE_0040,CELL_001,321.22,873.11,40.61,132.83,"[""CELL_002"", ""CELL_003"", ""CELL_004""]",-83.49,0
50,UE_0040,CELL_001,318.45,876.09,40.61,132.83,"[""CELL_002"", ""CELL_003"", ""CELL_004""]",-104.58,0
55,UE_0040,CELL_001,315.69,879.07,40.61,132.83,"[""CELL_002"", ""CELL_003"", ""CELL_004""]",-81.72,0
60,UE_0040,CELL_001,312.93,882.05,40.61,132.83,"[""CELL_002"", ""CELL_003"", ""CELL_004""]",-105.82,0
65,UE_0040,CELL_001,310.17,885.02,40.61,132.83,"[""CELL_002"", ""CELL_003"", ""CELL_004""]",-94.6,0
70,UE_0040,CELL_001,307.41,888.0,40.61,132.83,"[""CELL_002"", ""CELL_003"", ""CELL_004""]",-107.89,0
75,UE_0040,CELL_001,304.65,890.98,40.61,132.83,"[""CELL_002"", ""CELL_003"", ""CELL_004""]",-95.81,0
80,UE_0040,CELL_001,301.89,893.96,40.61,132.83,"[""CELL_002"", ""CELL_003"", ""CELL_004""]",-100.34,0
85,UE_0040,CELL_001,299.13,896.94,40.61,132.83,"[""CELL_002"", ""CELL_003"", ""CELL_004""]",-95.22,0
90,UE_0040,CELL_001,296.37,899.91,40.61,132.83,"[""CELL_002"", ""CELL_003"", ""CELL_004""]",-100.92,0
95,UE_0040,CELL_001,293.61,902.89,40.61,132.83,"[""CELL_002"", ""CELL_003"", ""CELL_004""]",-82.82,0
100,UE_0040,CELL_001,290.85,905.87,40.61,132.83,"[""CELL_002"", ""CELL_003"", ""CELL_004""]",-87.05,0
105,UE_0040,CELL_001,288.08,908.85,40.61,132.83,"[""CELL_002"", ""CELL_003"", ""CELL_004""]",-104.74,0
110,UE_0040,CELL_001,285.32,911.83,40.61,132.83,"[""CELL_002"", ""CELL_003"", ""CELL_004""]",-87.87,0
115,UE_0040,CELL_001,282.56,914.8,40.61,132.83,"[""CELL_002"", ""CELL_003"", ""CELL_004""]",-75.45,0
120,UE_0040,CELL_001,279.8,917.78,40.61,132.83,"[""CELL_002"", ""CELL_003"", ""CELL_004""]",-98.99,0
125,UE_0040,CELL_001,277.04,920.76,40.61,132.83,"[""CELL_002"", ""CELL_003"", ""CELL_004""]",-89.15,0
130,UE_0040,CELL_001,274.28,923.74,28.72,40.57,"[""CELL_002"", ""CELL_003"", ""CELL_004""]",-113.62,0
135,UE_0040,CELL_001,276.46,925.61,28.72,40.57,"[""CELL_002"", ""CELL_003"", ""CELL_004""]",-103.38,0
140,UE_0040,CELL_001,278.64,927.47,28.72,40.57,"[""CELL_002"", ""CELL_003"", ""CELL_004""]",-106.43,0
145,UE_0040,CELL_001,280.83,929.34,28.72,40.57,"[""CELL_002"", ""CELL_003"", ""CELL_004""]",-99.45,0
150,UE_0040,CELL_001,283.01,931.21,28.72,40.57,"[""CELL_002"", ""CELL_003"", ""CELL_004""]",-109.77,0
155,UE_0040,CELL_001,285.19,933.08,28.72,40.57,"[""CELL_002"", ""CELL_003"", ""CELL_004""]",-90.73,0
160,UE_0040,CELL_001,287.37,934.95,28.72,40.57,"[""CELL_002"", ""CELL_003"", ""CELL_004""]",-110.12,0
165,UE_0040,CELL_001,289.55,936.81,28.72,40.57,"[""CELL_002"", ""CELL_003"", ""CELL_004""]",-87.64,0
170,UE_0040,CELL_001,291.74,938.68,28.72,40.57,"[""CELL_002"", ""CELL_003"", ""CELL_004""]",-90.14,0
175,UE_0040,CELL_001,293.92,940.55,28.72,40.57,"[""CELL_002"", ""CELL_003"", ""CELL_004""]",-102.32,0
180,UE_0040,CELL_001,296.1,942.42,28.72,40.57,"[""CELL_002"", ""CELL_003"", ""CELL_004""]",-88.11,0
185,UE_0040,CELL_001,298.28,944.29,28.72,40.57,"[""CELL_002"", ""CELL_003"", ""CELL_004""]",-92.22,0
190,UE_0040,CELL_001,300.46,946.15,28.72,40.57,"[""CELL_002"", ""CELL_003"", ""CELL_004""]",-98.53,0
195,UE_0040,CELL_001,302.65,948.02,28.72,40.57,"[""CELL_002"", ""CELL_003"", ""CELL_004""]",-88.78,0
200,UE_0040,CELL_001,304.83,949.89,28.72,40.57,"[""CELL_002"", ""CELL_003"", ""CELL_004""]",-101.36,0
205,UE_0040,CELL_001,307.01,951.76,28.72,40.57,"[""CELL_002"", ""CELL_003"", ""CELL_004""]",-111.74,0
210,UE_0040,CELL_003,309.19,953.63,28.72,40.57,"[""CELL_004"", ""CELL_005"", ""CELL_006""]",-99.31,0
215,UE_0040,CELL_003,311.37,955.49,28.72,40.57,"[""CELL_004"", ""CELL_005"", ""CELL_006""]",-102.43,0
220,UE_0040,CELL_003,313.56,957.36,28.72,40.57,"[""CELL_004"", ""CELL_005"", ""CELL_006""]",-104.41,0
225,UE_0040,CELL_003,315.74,959.23,28.72,40.57,"[""CELL_004"", ""CELL_005"", ""CELL_006""]",-93.42,0
230,UE_0040,CELL_003,317.92,961.1,28.72,40.57,"[""CELL_004"", ""CELL_005"", ""CELL_006""]",-88.4,0
235,UE_0040,CELL_003,320.1,962.97,28.72,40.57,"[""CELL_004"", ""CELL_005"", ""CELL_006""]",-100.72,0
240,UE_0040,CELL_003,322.28,964.83,28.72,40.57,"[""CELL_004"", ""CELL_005"", ""CELL_006""]",-111.37,0
245,UE_0040,CELL_003,324.47,966.7,28.72,40.57,"[""CELL_004"", ""CELL_005"", ""CELL_006""]",-105.18,1
250,UE_0040,CELL_003,326.65,968.57,28.72,40.57,"[""CELL_004"", ""CELL_005"", ""CELL_006""]",-89.35,0
255,UE_0040,CELL_003,328.83,970.44,28.72,40.57,"[""CELL_004"", ""CELL_005"", ""CELL_006""]",-99.48,0
260,UE_0040,CELL_003,331.01,972.31,28.72,40.57,"[""CELL_004"", ""CELL_005"", ""CELL_006""]",-114.23,0
265,UE_0040,CELL_003,333.19,974.17,28.72,40.57,"[""CELL_004"", ""CELL_005"", ""CELL_006""]",-78.96,0
270,UE_0040,CELL_002,335.38,976.04,28.72,40.57,"[""CELL_003"", ""CELL_004"", ""CELL_005""]",-86.52,0
275,UE_0040,CELL_002,337.56,977.91,28.72,40.57,"[""CELL_003"", ""CELL_004"", ""CELL_005""]",-101.21,0
280,UE_0040,CELL_002,339.74,979.78,28.72,40.57,"[""CELL_003"", ""CELL_004"", ""CELL_005""]",-92.22,0
285,UE_0040,CELL_002,341.92,981.65,28.72,40.57,"[""CELL_003"", ""CELL_004"", ""CELL_005""]",-93.77,0
290,UE_0040,CELL_002,344.1,983.52,28.72,40.57,"[""CELL_003"", ""CELL_004"", ""CELL_005""]",-101.12,0
295,UE_0040,CELL_002,346.29,985.38,28.72,40.57,"[""CELL_003"", ""CELL_004"", ""CELL_005""]",-80.08,0
300,UE_0040,CELL_002,348.47,987.25,28.72,40.57,"[""CELL_003"", ""CELL_004"", ""CELL_005""]",-105.62,0
305,UE_0040,CELL_002,350.65,989.12,28.72,40.57,"[""CELL_003"", ""CELL_004"", ""CELL_005""]",-89.64,0
310,UE_0040,CELL_002,352.83,990.99,28.72,40.57,"[""CELL_003"", ""CELL_004"", ""CELL_005""]",-93.53,0
315,UE_0040,CELL_002,355.01,992.86,28.72,40.57,"[""CELL_003"", ""CELL_004"", ""CELL_005""]",-95.94,0
320,UE_0040,CELL_002,357.2,994.72,28.72,40.57,"[""CELL_003"", ""CELL_004"", ""CELL_005""]",-101.62,0
325,UE_0040,CELL_002,359.38,996.59,28.72,40.57,"[""CELL_003"", ""CELL_004"", ""CELL_005""]",-96.21,0
330,UE_0040,CELL_002,361.56,998.46,28.72,40.57,"[""CELL_003"", ""CELL_004"", ""CELL_005""]",-119.99,1
335,UE_0040,CELL_002,363.74,1000.33,25.26,-62.87,"[""CELL_003"", ""CELL_004"", ""CELL_005""]",-78.22,0
340,UE_0040,CELL_004,364.89,998.08,25.26,-62.87,"[""CELL_005"", ""CELL_006"", ""CELL_000""]",-92.57,0
345,UE_0040,CELL_004,366.05,995.83,25.26,-62.87,"[""CELL_005"", ""CELL_006"", ""CELL_000""]",-97.17,0
350,UE_0040,CELL_004,367.2,993.58,25.26,-62.87,"[""CELL_005"", ""CELL_006"", ""CELL_000""]",-96.52,0
355,UE_0040,CELL_004,368.35,991.33,25.26,-62.87,"[""CELL_005"", ""CELL_006"", ""CELL_000""]",-100.84,0
360,UE_0040,CELL_004,369.5,989.09,25.26,-62.87,"[""CELL_005"", ""CELL_006"", ""CELL_000""]",-91.4,0
365,UE_0040,CELL_004,370.65,986.84,25.26,-62.87,"[""CELL_005"", ""CELL_006"", ""CELL_000""]",-105.48,0
370,UE_0040,CELL_004,371.81,984.59,25.26,-62.87,"[""CELL_005"", ""CELL_006"", ""CELL_000""]",-112.23,0
375,UE_0040,CELL_004,372.96,982.34,25.26,-62.87,"[""CELL_005"", ""CELL_006"", ""CELL_000""]",-91.92,0
380,UE_0040,CELL_004,374.11,980.09,25.26,-62.87,"[""CELL_005"", ""CELL_006"", ""CELL_000""]",-95.37,0
385,UE_0040,CELL_004,375.26,977.84,25.26,-62.87,"[""CELL_005"", ""CELL_006"", ""CELL_000""]",-112.92,0
390,UE_0040,CELL_004,376.41,975.6,25.26,-62.87,"[""CELL_005"", ""CELL_006"", ""CELL_000""]",-80.51,0
395,UE_0040,CELL_004,377.57,973.35,25.26,-62.87,"[""CELL_005"", ""CELL_006"", ""CELL_000""]",-105.67,0
400,UE_0040,CELL_004,378.72,971.1,25.26,-62.87,"[""CELL_005"", ""CELL_006"", ""CELL_000""]",-90.38,0
405,UE_0040,CELL_000,379.87,968.85,25.26,-62.87,"[""CELL_001"", ""CELL_002"", ""CELL_003""]",-91.46,0
410,UE_0040,CELL_000,381.02,966.6,25.26,-62.87,"[""CELL_001"", ""CELL_002"", ""CELL_003""]",-100.75,0
415,UE_0040,CELL_000,382.17,964.35,25.26,-62.87,"[""CELL_001"", ""CELL_002"", ""CELL_003""]",-101.52,0
420,UE_0040,CELL_000,383.33,962.1,25.26,-62.87,"[""CELL_001"", ""CELL_002"", ""CELL_003""]",-99.31,0
425,UE_0040,CELL_000,384.48,959.86,25.26,-62.87,"[""CELL_001"", ""CELL_002"", ""CELL_003""]",-85.29,0
430,UE_0040,CELL_000,385.63,957.61,25.26,-62.87,"[""CELL_001"", ""CELL_002"", ""CELL_003""]",-105.76,0
435,UE_0040,CELL_000,386.78,955.36,25.26,-62.87,"[""CELL_001"", ""CELL_002"", ""CELL_003""]",-100.37,0
440,UE_0040,CELL_000,387.93,953.11,25.26,-62.87,"[""CELL_001"", ""CELL_002"", ""CELL_003""]",-74.42,0
445,UE_0040,CELL_000,389.09,950.86,25.26,-62.87,"[""CELL_001"", ""CELL_002"", ""CELL_003""]",-99.99,0
450,UE_0040,CELL_000,390.24,948.61,25.26,-62.87,"[""CELL_001"", ""CELL_002"", ""CELL_003""]",-108.43,0
455,UE_0040,CELL_000,391.39,946.37,25.26,-62.87,"[""CELL_001"", ""CELL_002"", ""CELL_003""]",-125.85,0
460,UE_0040,CELL_000,392.54,944.12,25.26,-62.87,"[""CELL_001"", ""CELL_002"", ""CELL_003""]",-79.11,0
465,UE_0040,CELL_000,393.69,941.87,25.26,-62.87,"[""CELL_001"", ""CELL_002"", ""CELL_003""]",-93.07,0
470,UE_0040,CELL_000,394.85,939.62,25.26,-62.87,"[""CELL_001"", ""CELL_002"", ""CELL_003""]",-110.24,0
475,UE_0040,CELL_000,396.0,937.37,25.26,-62.87,"[""CELL_001"", ""CELL_002"", ""CELL_003""]",-78.71,0
480,UE_0040,CELL_000,397.15,935.12,25.26,-62.87,"[""CELL_001"", ""CELL_002"", ""CELL_003""]",-112.08,0
485,UE_0040,CELL_000,398.3,932.88,25.26,-62.87,"[""CELL_001"", ""CELL_002"", ""CELL_003""]",-82.68,1
490,UE_0040,CELL_000,399.45,930.63,25.26,-62.87,"[""CELL_001"", ""CELL_002"", ""CELL_003""]",-90.45,0
495,UE_0040,CELL_000,400.61,928.38,25.26,-62.87,"[""CELL_001"", ""CELL_002"", ""CELL_003""]",-103.54,0
0,UE_0041,CELL_006,239.21,875.77,38.39,-50.54,"[""CELL_000"", ""CELL_001"", ""CELL_002""]",-85.66,0
5,UE_0041,CELL_006,241.65,872.81,38.39,-50.54,"[""CELL_000"", ""CELL_001"", ""CELL_002""]",-93.57,0
10,UE_0041,CELL_006,244.09,869.85,38.39,-50.54,"[""CELL_000"", ""CELL_001"", ""CELL_002""]",-81.04,0
15,UE_0041,CELL_006,246.53,866.88,38.39,-50.54,"[""CELL_000"", ""CELL_001"", ""CELL_002""]",-94.2,1
20,UE_0041,CELL_006,248.97,863.92,38.39,-50.54,"[""CELL_000"", ""CELL_001"", ""CELL_002""]",-80.47,0
25,UE_0041,CELL_006,251.41,860.96,38.39,-50.54,"[""CELL_000"", ""CELL_001"", ""CELL_002""]",-82.19,0
30,UE_0041,CELL_006,253.85,857.99,38.39,-50.54,"[""CELL_000"", ""CELL_001"", ""CELL_002""]",-105.52,0
35,UE_0041,CELL_006,256.29,855.03,38.39,-50.54,"[""CELL_000"", ""CELL_001"", ""CELL_002""]",-87.71,0
40,UE_0041,CELL_006,258.73,852.07,38.39,-50.54,"[""CELL_000"", ""CELL_001"", ""CELL_002""]",-95.92,0
45,UE_0041,CELL_006,261.16,849.1,38.39,-50.54,"[""CELL_000"", ""CELL_001"", ""CELL_002""]",-82.1,0
50,UE_0041,CELL_006,263.6,846.14,38.39,-50.54,"[""CELL_000"", ""CELL_001"", ""CELL_002""]",-99.32,1
55,UE_0041,CELL_006,266.04,843.18,38.39,-50.54,"[""CELL_000"", ""CELL_001"", ""CELL_002""]",-109.75,1
60,UE_0041,CELL_006,268.48,840.21,38.39,-50.54,"[""CELL_000"", ""CELL_001"", ""CELL_002""]",-89.3,0
65,UE_0041,CELL_006,270.92,837.25,38.39,-50.54,"[""CELL_000"", ""CELL_001"", ""CELL_002""]",-109.44,0
70,UE_0041,CELL_006,273.36,834.28,38.39,-50.54,"[""CELL_000"", ""CELL_001"", ""CELL_002""]",-105.67,0
75,UE_0041,CELL_006,275.8,831.32,38.39,-50.54,"[""CELL_000"", ""CELL_001"", ""CELL_002""]",-97.75,0
80,UE_0041,CELL_006,278.24,828.36,38.39,-50.54,"[""CELL_000"", ""CELL_001"", ""CELL_002""]",-94.49,0
85,UE_0041,CELL_006,280.68,825.39,38.39,-50.54,"[""CELL_000"", ""CELL_001"", ""CELL_002""]",-91.47,0
90,UE_0041,CELL_006,283.12,822.43,38.39,-50.54,"[""CELL_000"", ""CELL_001"", ""CELL_002""]",-86.05,0
95,UE_0041,CELL_006,285.56,819.47,38.39,-50.54,"[""CELL_000"", ""CELL_001"", ""CELL_002""]",-103.2,0
100,UE_0041,CELL_006,288.0,816.5,38.39,-50.54,"[""CELL_000"", ""CELL_001"", ""CELL_002""]",-95.87,0
105,UE_0041,CELL_006,290.44,813.54,38.39,-50.54,"[""CELL_000"", ""CELL_001"", ""CELL_002""]",-97.5,0
110,UE_0041,CELL_006,292.88,810.58,38.39,-50.54,"[""CELL_000"", ""CELL_001"", ""CELL_002""]",-95.75,0
115,UE_0041,CELL_006,295.32,807.61,38.39,-50.54,"[""CELL_000"", ""CELL_001"", ""CELL_002""]",-104.41,1
120,UE_0041,CELL_006,297.76,804.65,38.39,-50.54,"[""CELL_000"", ""CELL_001"", ""CELL_002""]",-92.42,0
125,UE_0041,CELL_006,300.2,801.69,38.39,-50.54,"[""CELL_000"", ""CELL_001"", ""CELL_002""]",-95.43,0
130,UE_0041,CELL_006,302.64,798.72,38.39,-50.54,"[""CELL_000"", ""CELL_001"", ""CELL_002""]",-89.67,0
135,UE_0041,CELL_006,305.08,795.76,14.8,-87.45,"[""CELL_000"", ""CELL_001"", ""CELL_002""]",-83.33,0
140,UE_0041,CELL_006,305.14,794.28,14.8,-87.45,"[""CELL_000"", ""CELL_001"", ""CELL_002""]",-91.92,0
145,UE_0041,CELL_006,305.21,792.8,14.8,-87.45,"[""CELL_000"", ""CELL_001"", ""CELL_002""]",-116.34,0
150,UE_0041,CELL_006,305.28,791.32,14.8,-87.45,"[""CELL_000"", ""CELL_001"", ""CELL_002""]",-99.75,0
155,UE_0041,CELL_006,305.34,789.84,14.8,-87.45,"[""CELL_000"", ""CELL_001"", ""CELL_002""]",-103.77,0
160,UE_0041,CELL_006,305.41,788.36,14.8,-87.45,"[""CELL_000"", ""CELL_001"", ""CELL_002""]",-97.52,0
165,UE_0041,CELL_006,305.47,786.88,14.8,-87.45,"[""CELL_000"", ""CELL_001"", ""CELL_002""]",-90.61,0
170,UE_0041,CELL_006,305.54,785.41,14.8,-87.45,"[""CELL_000"", ""CELL_001"", ""CELL_002""]",-97.42,0
175,UE_0041,CELL_006,305.61,783.93,14.8,-87.45,"[""CELL_000"", ""CELL_001"", ""CELL_002""]",-93.12,0
180,UE_0041,CELL_006,305.67,782.45,27.13,-125.03,"[""CELL_000"", ""CELL_001"", ""CELL_002""]",-101.42,0
185,UE_0041,CELL_006,304.11,780.23,27.13,-125.03,"[""CELL_000"", ""CELL_001"", ""CELL_002""]",-93.9,0
190,UE_0041,CELL_006,302.56,778.0,27.13,-125.03,"[""CELL_000"", ""CELL_001"", ""CELL_002""]",-99.53,0
195,UE_0041,CELL_006,301.0,775.78,27.13,-125.03,"[""CELL_000"", ""CELL_001"", ""CELL_002""]",-88.57,0
200,UE_0041,CELL_006,299.44,773.56,27.13,-125.03,"[""CELL_000"", ""CELL_001"", ""CELL_002""]",-95.92,0
205,UE_0041,CELL_006,297.88,771.34,27.13,-125.03,"[""CELL_000"", ""CELL_001"", ""CELL_002""]",-98.58,0
210,UE_0041,CELL_006,296.33,769.12,27.13,-125.03,"[""CELL_000"", ""CELL_001"", ""CELL_002""]",-87.26,0
215,UE_0041,CELL_004,294.77,766.9,27.13,-125.03,"[""CELL_005"", ""CELL_006"", ""CELL_000""]",-104.67,0
220,UE_0041,CELL_004,293.21,764.67,27.13,-125.03,"[""CELL_005"", ""CELL_006"", ""CELL_000""]",-110.57,0
225,UE_0041,CELL_004,291.65,762.45,27.13,-125.03,"[""CELL_005"", ""CELL_006"", ""CELL_000""]",-90.5,0
230,UE_0041,CELL_004,290.1,760.23,27.13,-125.03,"[""CELL_005"", ""CELL_006"", ""CELL_000""]",-103.65,0
235,UE_0041,CELL_004,288.54,758.01,27.13,-125.03,"[""CELL_005"", ""CELL_006"", ""CELL_000""]",-101.71,0
240,UE_0041,CELL_004,286.98,755.79,27.13,-125.03,"[""CELL_005"", ""CELL_006"", ""CELL_000""]",-112.15,0
245,UE_0041,CELL_004,285.42,753.57,27.13,-125.03,"[""CELL_005"", ""CELL_006"", ""CELL_000""]",-113.2,0
250,UE_0041,CELL_004,283.87,751.34,27.13,-125.03,"[""CELL_005"", ""CELL_006"", ""CELL_000""]",-88.75,0
255,UE_0041,CELL_004,282.31,749.12,27.13,-125.03,"[""CELL_005"", ""CELL_006"", ""CELL_000""]",-85.54,0
260,UE_0041,CELL_004,280.75,746.9,27.13,-125.03,"[""CELL_005"", ""CELL_006"", ""CELL_000""]",-93.81,0
265,UE_0041,CELL_004,279.19,744.68,27.13,-125.03,"[""CELL_005"", ""CELL_006"", ""CELL_000""]",-72.6,0
270,UE_0041,CELL_004,277.64,742.46,27.13,-125.03,"[""CELL_005"", ""CELL_006"", ""CELL_000""]",-105.5,0
275,UE_0041,CELL_004,276.08,740.24,27.13,-125.03,"[""CELL_005"", ""CELL_006"", ""CELL_000""]",-97.95,0
280,UE_0041,CELL_004,274.52,738.01,27.13,-125.03,"[""CELL_005"", ""CELL_006"", ""CELL_000""]",-103.7,0
285,UE_0041,CELL_004,272.96,735.79,27.13,-125.03,"[""CELL_005"", ""CELL_006"", ""CELL_000""]",-83.78,0
290,UE_0041,CELL_004,271.4,733.57,27.13,-125.03,"[""CELL_005"", ""CELL_006"", ""CELL_000""]",-96.47,0
295,UE_0041,CELL_004,269.85,731.35,27.13,-125.03,"[""CELL_005"", ""CELL_006"", ""CELL_000""]",-108.64,0
300,UE_0041,CELL_004,268.29,729.13,27.13,-125.03,"[""CELL_005"", ""CELL_006"", ""CELL_000""]",-88.46,1
305,UE_0041,CELL_004,266.73,726.91,27.13,-125.03,"[""CELL_005"", ""CELL_006"", ""CELL_000""]",-77.56,1
310,UE_0041,CELL_004,265.17,724.68,27.13,-125.03,"[""CELL_005"", ""CELL_006"", ""CELL_000""]",-93.47,0
315,UE_0041,CELL_004,263.62,722.46,27.13,-125.03,"[""CELL_005"", ""CELL_006"", ""CELL_000""]",-89.96,0
320,UE_0041,CELL_004,262.06,720.24,27.13,-125.03,"[""CELL_005"", ""CELL_006"", ""CELL_000""]",-109.23,0
325,UE_0041,CELL_004,260.5,718.02,27.13,-125.03,"[""CELL_005"", ""CELL_006"", ""CELL_000""]",-104.2,0
330,UE_0041,CELL_004,258.94,715.8,27.13,-125.03,"[""CELL_005"", ""CELL_006"", ""CELL_000""]",-99.56,0
335,UE_0041,CELL_004,257.39,713.57,27.13,-125.03,"[""CELL_005"", ""CELL_006"", ""CELL_000""]",-81.56,0
340,UE_0041,CELL_004,255.83,711.35,27.13,-125.03,"[""CELL_005"", ""CELL_006"", ""CELL_000""]",-95.43,0
345,UE_0041,CELL_004,254.27,709.13,27.13,-125.03,"[""CELL_005"", ""CELL_006"", ""CELL_000""]",-113.25,0
350,UE_0041,CELL_004,252.71,706.91,27.13,-125.03,"[""CELL_005"", ""CELL_006"", ""CELL_000""]",-93.23,0
355,UE_0041,CELL_004,251.16,704.69,27.13,-125.03,"[""CELL_005"", ""CELL_006"", ""CELL_000""]",-99.99,0
360,UE_0041,CELL_004,249.6,702.47,27.13,-125.03,"[""CELL_005"", ""CELL_006"", ""CELL_000""]",-98.26,0
365,UE_0041,CELL_004,248.04,700.24,27.13,-125.03,"[""CELL_005"", ""CELL_006"", ""CELL_000""]",-82.85,1
370,UE_0041,CELL_004,246.48,698.02,27.13,-125.03,"[""CELL_005"", ""CELL_006"", ""CELL_000""]",-94.0,0
375,UE_0041,CELL_004,244.93,695.8,27.13,-125.03,"[""CELL_005"", ""CELL_006"", ""CELL_000""]",-83.69,0
380,UE_0041,CELL_004,243.37,693.58,27.13,-125.03,"[""CELL_005"", ""CELL_006"", ""CELL_000""]",-87.05,0
385,UE_0041,CELL_004,241.81,691.36,27.13,-125.03,"[""CELL_005"", ""CELL_006"", ""CELL_000""]",-93.62,0
390,UE_0041,CELL_004,240.25,689.14,27.13,-125.03,"[""CELL_005"", ""CELL_006"", ""CELL_000""]",-106.96,0
395,UE_0041,CELL_004,238.7,686.91,27.13,-125.03,"[""CELL_005"", ""CELL_006"", ""CELL_000""]",-83.73,0
400,UE_0041,CELL_004,237.14,684.69,27.13,-125.03,"[""CELL_005"", ""CELL_006"", ""CELL_000""]",-93.58,0
405,UE_0041,CELL_004,235.58,682.47,27.13,-125.03,"[""CELL_005"", ""CELL_006"", ""CELL_000""]",-92.19,0
410,UE_0041,CELL_004,234.02,680.25,27.13,-125.03,"[""CELL_005"", ""CELL_006"", ""CELL_000""]",-83.75,0
415,UE_0041,CELL_004,232.47,678.03,27.13,-125.03,"[""CELL_005"", ""CELL_006"", ""CELL_000""]",-91.36,0
420,UE_0041,CELL_004,230.91,675.81,27.13,-125.03,"[""CELL_005"", ""CELL_006"", ""CELL_000""]",-89.71,0
425,UE_0041,CELL_000,229.35,673.58,27.13,-125.03,"[""CELL_001"", ""CELL_002"", ""CELL_003""]",-103.08,0
430,UE_0041,CELL_000,227.79,671.36,27.13,-125.03,"[""CELL_001"", ""CELL_002"", ""CELL_003""]",-92.22,0
435,UE_0041,CELL_000,226.23,669.14,27.13,-125.03,"[""CELL_001"", ""CELL_002"", ""CELL_003""]",-97.74,0
440,UE_0041,CELL_000,224.68,666.92,27.13,-125.03,"[""CELL_001"", ""CELL_002"", ""CELL_003""]",-105.22,0
445,UE_0041,CELL_000,223.12,664.7,27.13,-125.03,"[""CELL_001"", ""CELL_002"", ""CELL_003""]",-101.79,0
450,UE_0041,CELL_000,221.56,662.48,27.13,-125.03,"[""CELL_001"", ""CELL_002"", ""CELL_003""]",-90.46,0
455,UE_0041,CELL_000,220.0,660.25,27.13,-125.03,"[""CELL_001"", ""CELL_002"", ""CELL_003""]",-94.3,0
460,UE_0041,CELL_000,218.45,658.03,27.13,-125.03,"[""CELL_001"", ""CELL_002"", ""CELL_003""]",-84.54,0
465,UE_0041,CELL_000,216.89,655.81,27.13,-125.03,"[""CELL_001"", ""CELL_002"", ""CELL_003""]",-100.4,0
470,UE_0041,CELL_000,215.33,653.59,27.13,-125.03,"[""CELL_001"", ""CELL_002"", ""CELL_003""]",-103.26,0
475,UE_0041,CELL_000,213.77,651.37,27.13,-125.03,"[""CELL_001"", ""CELL_002"", ""CELL_003""]",-86.6,0
480,UE_0041,CELL_000,212.22,649.15,27.13,-125.03,"[""CELL_001"", ""CELL_002"", ""CELL_003""]",-90.54,0
485,UE_0041,CELL_000,210.66,646.92,27.13,-125.03,"[""CELL_001"", ""CELL_002"", ""CELL_003""]",-90.99,0
490,UE_0041,CELL_000,209.1,644.7,27.13,-125.03,"[""CELL_001"", ""CELL_002"", ""CELL_003""]",-102.97,0
495,UE_0041,CELL_000,207.54,642.48,27.13,-125.03,"[""CELL_001"", ""CELL_002"", ""CELL_003""]",-108.15,0
0,UE_0042,CELL_004,34.32,441.2,26.7,-73.34,"[""CELL_005"", ""CELL_006"", ""CELL_000""]",-99.68,0
5,UE_0042,CELL_004,35.09,438.64,26.7,-73.34,"[""CELL_005"", ""CELL_006"", ""CELL_000""]",-102.16,0
10,UE_0042,CELL_004,35.85,436.08,26.7,-73.34,"[""CELL_005"", ""CELL_006"", ""CELL_000""]",-85.53,0
15,UE_0042,CELL_004,36.62,433.53,26.7,-73.34,"[""CELL_005"", ""CELL_006"", ""CELL_000""]",-99.42,0
20,UE_0042,CELL_004,37.39,430.97,26.7,-73.34,"[""CELL_005"", ""CELL_006"", ""CELL_000""]",-98.19,0
25,UE_0042,CELL_004,38.15,428.41,26.7,-73.34,"[""CELL_005"", ""CELL_006"", ""CELL_000""]",-92.6,0
30,UE_0042,CELL_004,38.92,425.85,26.7,-73.34,"[""CELL_005"", ""CELL_006"", ""CELL_000""]",-102.69,0
35,UE_0042,CELL_004,39.68,423.3,32.08,154.28,"[""CELL_005"", ""CELL_006"", ""CELL_000""]",-106.88,0
40,UE_0042,CELL_004,36.79,424.69,32.08,154.28,"[""CELL_005"", ""CELL_006"", ""CELL_000""]",-97.75,0
45,UE_0042,CELL_004,33.9,426.08,32.08,154.28,"[""CELL_005"", ""CELL_006"", ""CELL_000""]",-87.46,1
50,UE_0042,CELL_004,31.01,427.47,32.08,154.28,"[""CELL_005"", ""CELL_006"", ""CELL_000""]",-96.09,0
55,UE_0042,CELL_004,28.12,428.86,32.08,154.28,"[""CELL_005"", ""CELL_006"", ""CELL_000""]",-91.98,0
60,UE_0042,CELL_004,25.23,430.26,32.08,154.28,"[""CELL_005"", ""CELL_006"", ""CELL_000""]",-78.32,0
65,UE_0042,CELL_004,22.34,431.65,32.08,154.28,"[""CELL_005"", ""CELL_006"", ""CELL_000""]",-87.02,0
70,UE_0042,CELL_001,19.45,433.04,32.08,154.28,"[""CELL_002"", ""CELL_003"", ""CELL_004""]",-86.93,0
75,UE_0042,CELL_004,16.56,434.43,32.08,154.28,"[""CELL_005"", ""CELL_006"", ""CELL_000""]",-100.29,0
80,UE_0042,CELL_004,13.67,435.83,32.08,154.28,"[""CELL_005"", ""CELL_006"", ""CELL_000""]",-91.91,0
85,UE_0042,CELL_004,10.78,437.22,32.08,154.28,"[""CELL_005"", ""CELL_006"", ""CELL_000""]",-85.25,0
90,UE_0042,CELL_004,7.89,438.61,32.08,154.28,"[""CELL_005"", ""CELL_006"", ""CELL_000""]",-96.35,0
95,UE_0042,CELL_004,5.0,440.0,32.08,154.28,"[""CELL_005"", ""CELL_006"", ""CELL_000""]",-83.5,0
100,UE_0042,CELL_004,2.11,441.39,32.08,154.28,"[""CELL_005"", ""CELL_006"", ""CELL_000""]",-103.28,0
105,UE_0042,CELL_004,-0.78,442.79,32.08,154.28,"[""CELL_005"", ""CELL_006"", ""CELL_000""]",-102.65,0
110,UE_0042,CELL_004,-3.67,444.18,32.08,154.28,"[""CELL_005"", ""CELL_006"", ""CELL_000""]",-102.81,0
115,UE_0042,CELL_004,-6.56,445.57,32.08,154.28,"[""CELL_005"", ""CELL_006"", ""CELL_000""]",-93.22,0
120,UE_0042,CELL_004,-9.45,446.96,32.08,154.28,"[""CELL_005"", ""CELL_006"", ""CELL_000""]",-81.42,0
125,UE_0042,CELL_004,-12.34,448.35,32.08,154.28,"[""CELL_005"", ""CELL_006"", ""CELL_000""]",-108.11,0
130,UE_0042,CELL_004,-15.23,449.75,32.08,154.28,"[""CELL_005"", ""CELL_006"", ""CELL_000""]",-89.91,0
135,UE_0042,CELL_004,-18.12,451.14,32.08,154.28,"[""CELL_005"", ""CELL_006"", ""CELL_000""]",-84.51,0
140,UE_0042,CELL_004,-21.01,452.53,32.08,154.28,"[""CELL_005"", ""CELL_006"", ""CELL_000""]",-111.19,0
145,UE_0042,CELL_004,-23.9,453.92,32.08,154.28,"[""CELL_005"", ""CELL_006"", ""CELL_000""]",-90.95,0
150,UE_0042,CELL_004,-26.79,455.32,32.08,154.28,"[""CELL_005"", ""CELL_006"", ""CELL_000""]",-100.02,0
155,UE_0042,CELL_004,-29.68,456.71,32.08,154.28,"[""CELL_005"", ""CELL_006"", ""CELL_000""]",-93.54,0
160,UE_0042,CELL_004,-32.57,458.1,32.08,154.28,"[""CELL_005"", ""CELL_006"", ""CELL_000""]",-89.16,0
165,UE_0042,CELL_004,-35.46,459.49,32.08,154.28,"[""CELL_005"", ""CELL_006"", ""CELL_000""]",-89.74,0
170,UE_0042,CELL_004,-38.35,460.88,32.08,154.28,"[""CELL_005"", ""CELL_006"", ""CELL_000""]",-97.63,0
175,UE_0042,CELL_004,-41.24,462.28,32.08,154.28,"[""CELL_005"", ""CELL_006"", ""CELL_000""]",-95.84,0
180,UE_0042,CELL_004,-44.13,463.67,28.62,147.16,"[""CELL_005"", ""CELL_006"", ""CELL_000""]",-68.67,0
185,UE_0042,CELL_004,-46.53,465.22,28.62,147.16,"[""CELL_005"", ""CELL_006"", ""CELL_000""]",-92.64,0
190,UE_0042,CELL_004,-48.93,466.77,28.62,147.16,"[""CELL_005"", ""CELL_006"", ""CELL_000""]",-94.84,0
195,UE_0042,CELL_004,-51.34,468.32,28.62,147.16,"[""CELL_005"", ""CELL_006"", ""CELL_000""]",-85.77,0
200,UE_0042,CELL_004,-53.74,469.88,28.62,147.16,"[""CELL_005"", ""CELL_006"", ""CELL_000""]",-112.04,0
205,UE_0042,CELL_004,-56.15,471.43,28.62,147.16,"[""CELL_005"", ""CELL_006"", ""CELL_000""]",-87.59,0
210,UE_0042,CELL_004,-58.55,472.98,28.62,147.16,"[""CELL_005"", ""CELL_006"", ""CELL_000""]",-87.19,1
215,UE_0042,CELL_004,-60.95,474.53,28.62,147.16,"[""CELL_005"", ""CELL_006"", ""CELL_000""]",-89.77,0
220,UE_0042,CELL_004,-63.36,476.08,28.62,147.16,"[""CELL_005"", ""CELL_006"", ""CELL_000""]",-84.9,0
225,UE_0042,CELL_004,-65.76,477.64,28.62,147.16,"[""CELL_005"", ""CELL_006"", ""CELL_000""]",-94.45,0
230,UE_0042,CELL_004,-68.17,479.19,28.62,147.16,"[""CELL_005"", ""CELL_006"", ""CELL_000""]",-98.6,1
235,UE_0042,CELL_004,-70.57,480.74,28.62,147.16,"[""CELL_005"", ""CELL_006"", ""CELL_000""]",-97.42,0
240,UE_0042,CELL_004,-72.98,482.29,28.62,147.16,"[""CELL_005"", ""CELL_006"", ""CELL_000""]",-94.48,0
245,UE_0042,CELL_004,-75.38,483.84,28.62,147.16,"[""CELL_005"", ""CELL_006"", ""CELL_000""]",-93.69,0
250,UE_0042,CELL_004,-77.78,485.4,28.62,147.16,"[""CELL_005"", ""CELL_006"", ""CELL_000""]",-102.48,0
255,UE_0042,CELL_004,-80.19,486.95,28.62,147.16,"[""CELL_005"", ""CELL_006"", ""CELL_000""]",-93.45,0
260,UE_0042,CELL_004,-82.59,488.5,28.62,147.16,"[""CELL_005"", ""CELL_006"", ""CELL_000""]",-102.37,0
265,UE_0042,CELL_004,-85.0,490.05,28.62,147.16,"[""CELL_005"", ""CELL_006"", ""CELL_000""]",-88.41,1
270,UE_0042,CELL_004,-87.4,491.61,28.62,147.16,"[""CELL_005"", ""CELL_006"", ""CELL_000""]",-93.47,0
275,UE_0042,CELL_004,-89.81,493.16,28.62,147.16,"[""CELL_005"", ""CELL_006"", ""CELL_000""]",-100.28,0
280,UE_0042,CELL_004,-92.21,494.71,28.62,147.16,"[""CELL_005"", ""CELL_006"", ""CELL_000""]",-89.82,0
285,UE_0042,CELL_004,-94.61,496.26,28.62,147.16,"[""CELL_005"", ""CELL_006"", ""CELL_000""]",-76.79,0
290,UE_0042,CELL_004,-97.02,497.81,28.62,147.16,"[""CELL_005"", ""CELL_006"", ""CELL_000""]",-94.36,0
295,UE_0042,CELL_004,-99.42,499.37,28.62,147.16,"[""CELL_005"", ""CELL_006"", ""CELL_000""]",-97.22,0
300,UE_0042,CELL_004,-101.83,500.92,28.62,147.16,"[""CELL_005"", ""CELL_006"", ""CELL_000""]",-82.05,0
305,UE_0042,CELL_004,-104.23,502.47,28.62,147.16,"[""CELL_005"", ""CELL_006"", ""CELL_000""]",-87.78,0
310,UE_0042,CELL_004,-106.64,504.02,28.62,147.16,"[""CELL_005"", ""CELL_006"", ""CELL_000""]",-100.02,0
315,UE_0042,CELL_004,-109.04,505.57,28.62,147.16,"[""CELL_005"", ""CELL_006"", ""CELL_000""]",-84.51,0
320,UE_0042,CELL_004,-111.44,507.13,28.62,147.16,"[""CELL_005"", ""CELL_006"", ""CELL_000""]",-98.24,0
325,UE_0042,CELL_004,-113.85,508.68,28.62,147.16,"[""CELL_005"", ""CELL_006"", ""CELL_000""]",-94.02,0
330,UE_0042,CELL_004,-116.25,510.23,28.62,147.16,"[""CELL_005"", ""CELL_006"", ""CELL_000""]",-82.68,0
335,UE_0042,CELL_004,-118.66,511.78,28.62,147.16,"[""CELL_005"", ""CELL_006"", ""CELL_000""]",-100.34,0
340,UE_0042,CELL_004,-121.06,513.33,28.62,147.16,"[""CELL_005"", ""CELL_006"", ""CELL_000""]",-99.25,1
345,UE_0042,CELL_004,-123.46,514.89,28.62,147.16,"[""CELL_005"", ""CELL_006"", ""CELL_000""]",-98.79,0
350,UE_0042,CELL_004,-125.87,516.44,28.62,147.16,"[""CELL_005"", ""CELL_006"", ""CELL_000""]",-99.92,0
355,UE_0042,CELL_004,-128.27,517.99,28.62,147.16,"[""CELL_005"", ""CELL_006"", ""CELL_000""]",-96.26,0
360,UE_0042,CELL_004,-130.68,519.54,28.62,147.16,"[""CELL_005"", ""CELL_006"", ""CELL_000""]",-75.31,0
365,UE_0042,CELL_004,-133.08,521.09,28.62,147.16,"[""CELL_005"", ""CELL_006"", ""CELL_000""]",-89.54,0
370,UE_0042,CELL_004,-135.49,522.65,32.84,-136.05,"[""CELL_005"", ""CELL_006"", ""CELL_000""]",-93.07,0
375,UE_0042,CELL_004,-137.85,520.37,32.84,-136.05,"[""CELL_005"", ""CELL_006"", ""CELL_000""]",-107.83,0
380,UE_0042,CELL_004,-140.21,518.09,32.84,-136.05,"[""CELL_005"", ""CELL_006"", ""CELL_000""]",-89.37,0
385,UE_0042,CELL_004,-142.58,515.81,32.84,-136.05,"[""CELL_005"", ""CELL_006"", ""CELL_000""]",-108.09,0
390,UE_0042,CELL_004,-144.94,513.53,32.84,-136.05,"[""CELL_005"", ""CELL_006"", ""CELL_000""]",-86.5,0
395,UE_0042,CELL_004,-147.31,511.25,32.84,-136.05,"[""CELL_005"", ""CELL_006"", ""CELL_000""]",-116.4,0
400,UE_0042,CELL_004,-149.67,508.97,32.84,-136.05,"[""CELL_005"", ""CELL_006"", ""CELL_000""]",-87.35,1
405,UE_0042,CELL_004,-152.04,506.69,32.84,-136.05,"[""CELL_005"", ""CELL_006"", ""CELL_000""]",-100.34,0
410,UE_0042,CELL_004,-154.4,504.41,32.84,-136.05,"[""CELL_005"", ""CELL_006"", ""CELL_000""]",-95.09,0
415,UE_0042,CELL_004,-156.76,502.13,32.84,-136.05,"[""CELL_005"", ""CELL_006"", ""CELL_000""]",-107.57,0
420,UE_0042,CELL_004,-159.13,499.85,32.84,-136.05,"[""CELL_005"", ""CELL_006"", ""CELL_000""]",-82.72,0
425,UE_0042,CELL_004,-161.49,497.57,32.84,-136.05,"[""CELL_005"", ""CELL_006"", ""CELL_000""]",-87.65,0
430,UE_0042,CELL_004,-163.86,495.3,32.84,-136.05,"[""CELL_005"", ""CELL_006"", ""CELL_000""]",-119.13,0
435,UE_0042,CELL_004,-166.22,493.02,32.84,-136.05,"[""CELL_005"", ""CELL_006"", ""CELL_000""]",-108.68,0
440,UE_0042,CELL_004,-168.58,490.74,32.84,-136.05,"[""CELL_005"", ""CELL_006"", ""CELL_000""]",-104.0,0
445,UE_0042,CELL_005,-170.95,488.46,32.84,-136.05,"[""CELL_006"", ""CELL_000"", ""CELL_001""]",-79.51,1
450,UE_0042,CELL_005,-173.31,486.18,32.84,-136.05,"[""CELL_006"", ""CELL_000"", ""CELL_001""]",-90.05,0
455,UE_0042,CELL_005,-175.68,483.9,32.84,-136.05,"[""CELL_006"", ""CELL_000"", ""CELL_001""]",-77.73,0
460,UE_0042,CELL_005,-178.04,481.62,32.84,-136.05,"[""CELL_006"", ""CELL_000"", ""CELL_001""]",-80.93,0
465,UE_0042,CELL_005,-180.41,479.34,32.84,-136.05,"[""CELL_006"", ""CELL_000"", ""CELL_001""]",-88.95,0
470,UE_0042,CELL_005,-182.77,477.06,32.84,-136.05,"[""CELL_006"", ""CELL_000"", ""CELL_001""]",-85.6,0
475,UE_0042,CELL_005,-185.13,474.78,32.84,-136.05,"[""CELL_006"", ""CELL_000"", ""CELL_001""]",-84.48,0
480,UE_0042,CELL_005,-187.5,472.5,32.84,-136.05,"[""CELL_006"", ""CELL_000"", ""CELL_001""]",-112.25,0
485,UE_0042,CELL_005,-189.86,470.22,32.84,-136.05,"[""CELL_006"", ""CELL_000"", ""CELL_001""]",-97.02,1
490,UE_0042,CELL_005,-192.23,467.94,32.84,-136.05,"[""CELL_006"", ""CELL_000"", ""CELL_001""]",-81.41,0
495,UE_0042,CELL_005,-194.59,465.66,32.84,-136.05,"[""CELL_006"", ""CELL_000"", ""CELL_001""]",-94.49,0
0,UE_0043,CELL_005,918.28,844.47,32.72,41.71,"[""CELL_006"", ""CELL_000"", ""CELL_001""]",-108.37,0
5,UE_0043,CELL_005,920.72,846.64,32.72,41.71,"[""CELL_006"", ""CELL_000"", ""CELL_001""]",-99.76,0
10,UE_0043,CELL_005,923.16,848.82,32.72,41.71,"[""CELL_006"", ""CELL_000"", ""CELL_001""]",-96.49,0
15,UE_0043,CELL_005,925.6,851.0,32.72,41.71,"[""CELL_006"", ""CELL_000"", ""CELL_001""]",-90.24,0
20,UE_0043,CELL_005,928.04,853.17,21.97,68.94,"[""CELL_006"", ""CELL_000"", ""CELL_001""]",-90.95,0
25,UE_0043,CELL_005,928.83,855.22,21.97,68.94,"[""CELL_006"", ""CELL_000"", ""CELL_001""]",-125.11,0
30,UE_0043,CELL_005,929.62,857.27,21.97,68.94,"[""CELL_006"", ""CELL_000"", ""CELL_001""]",-96.5,0
35,UE_0043,CELL_005,930.41,859.33,21.97,68.94,"[""CELL_006"", ""CELL_000"", ""CELL_001""]",-85.47,0
40,UE_0043,CELL_005,931.2,861.38,21.97,68.94,"[""CELL_006"", ""CELL_000"", ""CELL_001""]",-98.93,0
45,UE_0043,CELL_005,931.99,863.43,21.97,68.94,"[""CELL_006"", ""CELL_000"", ""CELL_001""]",-71.53,0
50,UE_0043,CELL_005,932.78,865.48,21.97,68.94,"[""CELL_006"", ""CELL_000"", ""CELL_001""]",-82.93,0
55,UE_0043,CELL_005,933.57,867.53,21.97,68.94,"[""CELL_006"", ""CELL_000"", ""CELL_001""]",-84.98,0
60,UE_0043,CELL_005,934.36,869.58,21.97,68.94,"[""CELL_006"", ""CELL_000"", ""CELL_001""]",-83.84,0
65,UE_0043,CELL_005,935.15,871.63,21.97,68.94,"[""CELL_006"", ""CELL_000"", ""CELL_001""]",-84.4,0
70,UE_0043,CELL_005,935.94,873.68,21.97,68.94,"[""CELL_006"", ""CELL_000"", ""CELL_001""]",-97.44,0
75,UE_0043,CELL_000,936.73,875.73,21.97,68.94,"[""CELL_001"", ""CELL_002"", ""CELL_003""]",-107.36,0
80,UE_0043,CELL_000,937.52,877.78,21.97,68.94,"[""CELL_001"", ""CELL_002"", ""CELL_003""]",-102.16,0
85,UE_0043,CELL_000,938.31,879.83,21.97,68.94,"[""CELL_001"", ""CELL_002"", ""CELL_003""]",-86.59,0
90,UE_0043,CELL_000,939.1,881.88,21.97,68.94,"[""CELL_001"", ""CELL_002"", ""CELL_003""]",-100.49,0
95,UE_0043,CELL_000,939.89,883.93,21.97,68.94,"[""CELL_001"", ""CELL_002"", ""CELL_003""]",-85.57,0
100,UE_0043,CELL_003,940.68,885.98,21.97,68.94,"[""CELL_004"", ""CELL_005"", ""CELL_006""]",-86.03,0
105,UE_0043,CELL_001,941.47,888.03,21.97,68.94,"[""CELL_002"", ""CELL_003"", ""CELL_004""]",-106.5,0
110,UE_0043,CELL_001,942.25,890.09,21.97,68.94,"[""CELL_002"", ""CELL_003"", ""CELL_004""]",-97.36,0
115,UE_0043,CELL_001,943.04,892.14,21.97,68.94,"[""CELL_002"", ""CELL_003"", ""CELL_004""]",-94.48,0
120,UE_0043,CELL_001,943.83,894.19,21.97,68.94,"[""CELL_002"", ""CELL_003"", ""CELL_004""]",-96.6,1
125,UE_0043,CELL_001,944.62,896.24,21.97,68.94,"[""CELL_002"", ""CELL_003"", ""CELL_004""]",-103.67,0
130,UE_0043,CELL_001,945.41,898.29,21.97,68.94,"[""CELL_002"", ""CELL_003"", ""CELL_004""]",-91.82,0
135,UE_0043,CELL_001,946.2,900.34,21.97,68.94,"[""CELL_002"", ""CELL_003"", ""CELL_004""]",-98.61,0
140,UE_0043,CELL_001,946.99,902.39,32.09,112.03,"[""CELL_002"", ""CELL_003"", ""CELL_004""]",-89.91,0
145,UE_0043,CELL_001,945.79,905.36,32.09,112.03,"[""CELL_002"", ""CELL_003"", ""CELL_004""]",-92.73,0
150,UE_0043,CELL_001,944.58,908.34,32.09,112.03,"[""CELL_002"", ""CELL_003"", ""CELL_004""]",-101.55,0
155,UE_0043,CELL_001,943.38,911.31,32.09,112.03,"[""CELL_002"", ""CELL_003"", ""CELL_004""]",-94.97,0
160,UE_0043,CELL_001,942.18,914.29,32.09,112.03,"[""CELL_002"", ""CELL_003"", ""CELL_004""]",-106.76,0
165,UE_0043,CELL_001,940.97,917.26,32.09,112.03,"[""CELL_002"", ""CELL_003"", ""CELL_004""]",-97.56,0
170,UE_0043,CELL_001,939.77,920.24,32.09,112.03,"[""CELL_002"", ""CELL_003"", ""CELL_004""]",-94.88,0
175,UE_0043,CELL_001,938.57,923.21,32.09,112.03,"[""CELL_002"", ""CELL_003"", ""CELL_004""]",-94.65,0
180,UE_0043,CELL_001,937.36,926.19,32.09,112.03,"[""CELL_002"", ""CELL_003"", ""CELL_004""]",-94.17,1
185,UE_0043,CELL_001,936.16,929.16,32.09,112.03,"[""CELL_002"", ""CELL_003"", ""CELL_004""]",-108.36,0
190,UE_0043,CELL_001,934.96,932.14,32.09,112.03,"[""CELL_002"", ""CELL_003"", ""CELL_004""]",-89.17,0
195,UE_0043,CELL_001,933.75,935.11,32.09,112.03,"[""CELL_002"", ""CELL_003"", ""CELL_004""]",-104.22,0
200,UE_0043,CELL_001,932.55,938.09,32.09,112.03,"[""CELL_002"", ""CELL_003"", ""CELL_004""]",-72.2,0
205,UE_0043,CELL_001,931.34,941.06,32.09,112.03,"[""CELL_002"", ""CELL_003"", ""CELL_004""]",-108.27,0
210,UE_0043,CELL_001,930.14,944.04,32.09,112.03,"[""CELL_002"", ""CELL_003"", ""CELL_004""]",-99.12,0
215,UE_0043,CELL_001,928.94,947.01,32.09,112.03,"[""CELL_002"", ""CELL_003"", ""CELL_004""]",-98.17,0
220,UE_0043,CELL_001,927.73,949.99,32.09,112.03,"[""CELL_002"", ""CELL_003"", ""CELL_004""]",-104.29,0
225,UE_0043,CELL_001,926.53,952.96,32.09,112.03,"[""CELL_002"", ""CELL_003"", ""CELL_004""]",-88.39,0
230,UE_0043,CELL_001,925.33,955.94,32.09,112.03,"[""CELL_002"", ""CELL_003"", ""CELL_004""]",-105.61,0
235,UE_0043,CELL_001,924.12,958.91,32.09,112.03,"[""CELL_002"", ""CELL_003"", ""CELL_004""]",-100.7,0
240,UE_0043,CELL_001,922.92,961.89,32.09,112.03,"[""CELL_002"", ""CELL_003"", ""CELL_004""]",-94.74,0
245,UE_0043,CELL_001,921.71,964.86,32.09,112.03,"[""CELL_002"", ""CELL_003"", ""CELL_004""]",-95.69,0
250,UE_0043,CELL_000,920.51,967.84,32.09,112.03,"[""CELL_001"", ""CELL_002"", ""CELL_003""]",-112.29,0
255,UE_0043,CELL_000,919.31,970.81,32.09,112.03,"[""CELL_001"", ""CELL_002"", ""CELL_003""]",-89.96,1
260,UE_0043,CELL_000,918.1,973.79,32.09,112.03,"[""CELL_001"", ""CELL_002"", ""CELL_003""]",-84.75,0
265,UE_0043,CELL_000,916.9,976.76,32.09,112.03,"[""CELL_001"", ""CELL_002"", ""CELL_003""]",-93.78,0
270,UE_0043,CELL_000,915.7,979.74,13.27,30.55,"[""CELL_001"", ""CELL_002"", ""CELL_003""]",-90.93,0
275,UE_0043,CELL_000,916.84,980.41,13.27,30.55,"[""CELL_001"", ""CELL_002"", ""CELL_003""]",-110.61,0
280,UE_0043,CELL_000,917.98,981.09,13.27,30.55,"[""CELL_001"", ""CELL_002"", ""CELL_003""]",-90.43,1
285,UE_0043,CELL_000,919.13,981.76,13.27,30.55,"[""CELL_001"", ""CELL_002"", ""CELL_003""]",-85.14,0
290,UE_0043,CELL_000,920.27,982.44,13.27,30.55,"[""CELL_001"", ""CELL_002"", ""CELL_003""]",-98.09,0
295,UE_0043,CELL_000,921.41,983.11,13.27,30.55,"[""CELL_001"", ""CELL_002"", ""CELL_003""]",-99.53,0
300,UE_0043,CELL_000,922.55,983.78,13.27,30.55,"[""CELL_001"", ""CELL_002"", ""CELL_003""]",-87.98,0
305,UE_0043,CELL_000,923.7,984.46,13.27,30.55,"[""CELL_001"", ""CELL_002"", ""CELL_003""]",-99.92,0
310,UE_0043,CELL_000,924.84,985.13,13.27,30.55,"[""CELL_001"", ""CELL_002"", ""CELL_003""]",-100.69,0
315,UE_0043,CELL_000,925.98,985.81,13.27,30.55,"[""CELL_001"", ""CELL_002"", ""CELL_003""]",-104.57,0
320,UE_0043,CELL_000,927.13,986.48,13.27,30.55,"[""CELL_001"", ""CELL_002"", ""CELL_003""]",-77.56,0
325,UE_0043,CELL_000,928.27,987.16,13.27,30.55,"[""CELL_001"", ""CELL_002"", ""CELL_003""]",-84.71,0
330,UE_0043,CELL_000,929.41,987.83,13.27,30.55,"[""CELL_001"", ""CELL_002"", ""CELL_003""]",-87.76,0
335,UE_0043,CELL_000,930.56,988.51,13.27,30.55,"[""CELL_001"", ""CELL_002"", ""CELL_003""]",-98.0,0
340,UE_0043,CELL_000,931.7,989.18,13.27,30.55,"[""CELL_001"", ""CELL_002"", ""CELL_003""]",-101.49,0
345,UE_0043,CELL_000,932.84,989.86,13.27,30.55,"[""CELL_001"", ""CELL_002"", ""CELL_003""]",-103.87,0
350,UE_0043,CELL_000,933.98,990.53,13.27,30.55,"[""CELL_001"", ""CELL_002"", ""CELL_003""]",-83.12,0
355,UE_0043,CELL_000,935.13,991.2,13.27,30.55,"[""CELL_001"", ""CELL_002"", ""CELL_003""]",-78.16,1
360,UE_0043,CELL_000,936.27,991.88,13.27,30.55,"[""CELL_001"", ""CELL_002"", ""CELL_003""]",-92.04,0
365,UE_0043,CELL_000,937.41,992.55,13.27,30.55,"[""CELL_001"", ""CELL_002"", ""CELL_003""]",-85.04,0
370,UE_0043,CELL_000,938.56,993.23,13.27,30.55,"[""CELL_001"", ""CELL_002"", ""CELL_003""]",-104.37,0
375,UE_0043,CELL_000,939.7,993.9,13.27,30.55,"[""CELL_001"", ""CELL_002"", ""CELL_003""]",-88.96,0
380,UE_0043,CELL_000,940.84,994.58,13.27,30.55,"[""CELL_001"", ""CELL_002"", ""CELL_003""]",-111.83,0
385,UE_0043,CELL_000,941.98,995.25,13.27,30.55,"[""CELL_001"", ""CELL_002"", ""CELL_003""]",-89.6,0
390,UE_0043,CELL_000,943.13,995.93,13.27,30.55,"[""CELL_001"", ""CELL_002"", ""CELL_003""]",-92.47,0
395,UE_0043,CELL_000,944.27,996.6,13.27,30.55,"[""CELL_001"", ""CELL_002"", ""CELL_003""]",-101.7,0
400,UE_0043,CELL_000,945.41,997.27,13.27,30.55,"[""CELL_001"", ""CELL_002"", ""CELL_003""]",-88.97,1
405,UE_0043,CELL_000,946.56,997.95,13.27,30.55,"[""CELL_001"", ""CELL_002"", ""CELL_003""]",-92.58,0
410,UE_0043,CELL_000,947.7,998.62,13.27,30.55,"[""CELL_001"", ""CELL_002"", ""CELL_003""]",-107.16,0
415,UE_0043,CELL_000,948.84,999.3,13.27,30.55,"[""CELL_001"", ""CELL_002"", ""CELL_003""]",-109.88,0
420,UE_0043,CELL_000,949.99,999.97,13.27,30.55,"[""CELL_001"", ""CELL_002"", ""CELL_003""]",-89.85,0
425,UE_0043,CELL_000,951.13,1000.65,13.27,30.55,"[""CELL_001"", ""CELL_002"", ""CELL_003""]",-91.8,0
430,UE_0043,CELL_000,952.27,1001.32,13.27,30.55,"[""CELL_001"", ""CELL_002"", ""CELL_003""]",-91.47,0
435,UE_0043,CELL_001,953.41,1002.0,13.27,30.55,"[""CELL_002"", ""CELL_003"", ""CELL_004""]",-100.05,0
440,UE_0043,CELL_001,954.56,1002.67,13.27,30.55,"[""CELL_002"", ""CELL_003"", ""CELL_004""]",-92.39,1
445,UE_0043,CELL_001,955.7,1003.35,13.27,30.55,"[""CELL_002"", ""CELL_003"", ""CELL_004""]",-89.09,0
450,UE_0043,CELL_006,956.84,1004.02,13.27,30.55,"[""CELL_000"", ""CELL_001"", ""CELL_002""]",-101.55,0
455,UE_0043,CELL_006,957.99,1004.69,13.27,30.55,"[""CELL_000"", ""CELL_001"", ""CELL_002""]",-93.51,1
460,UE_0043,CELL_006,959.13,1005.37,13.27,30.55,"[""CELL_000"", ""CELL_001"", ""CELL_002""]",-79.07,0
465,UE_0043,CELL_006,960.27,1006.04,13.27,30.55,"[""CELL_000"", ""CELL_001"", ""CELL_002""]",-89.5,0
470,UE_0043,CELL_006,961.42,1006.72,13.27,30.55,"[""CELL_000"", ""CELL_001"", ""CELL_002""]",-84.87,0
475,UE_0043,CELL_006,962.56,1007.39,13.27,30.55,"[""CELL_000"", ""CELL_001"", ""CELL_002""]",-105.45,1
480,UE_0043,CELL_006,963.7,1008.07,22.01,41.99,"[""CELL_000"", ""CELL_001"", ""CELL_002""]",-94.9,0
485,UE_0043,CELL_006,965.34,1009.54,22.01,41.99,"[""CELL_000"", ""CELL_001"", ""CELL_002""]",-91.23,0
490,UE_0043,CELL_006,966.97,1011.01,22.01,41.99,"[""CELL_000"", ""CELL_001"", ""CELL_002""]",-83.55,0
495,UE_0043,CELL_006,968.61,1012.48,22.01,41.99,"[""CELL_000"", ""CELL_001"", ""CELL_002""]",-97.08,0
0,UE_0044,CELL_003,414.49,668.29,31.51,-109.75,"[""CELL_004"", ""CELL_005"", ""CELL_006""]",-96.41,0
5,UE_0044,CELL_003,413.43,665.32,31.51,-109.75,"[""CELL_004"", ""CELL_005"", ""CELL_006""]",-88.68,0
10,UE_0044,CELL_003,412.36,662.36,31.51,-109.75,"[""CELL_004"", ""CELL_005"", ""CELL_006""]",-95.24,0
15,UE_0044,CELL_003,411.3,659.39,10.61,130.23,"[""CELL_004"", ""CELL_005"", ""CELL_006""]",-101.55,0
20,UE_0044,CELL_003,410.61,660.2,10.61,130.23,"[""CELL_004"", ""CELL_005"", ""CELL_006""]",-83.66,0
25,UE_0044,CELL_003,409.92,661.01,10.61,130.23,"[""CELL_004"", ""CELL_005"", ""CELL_006""]",-96.24,0
30,UE_0044,CELL_003,409.24,661.82,10.61,130.23,"[""CELL_004"", ""CELL_005"", ""CELL_006""]",-94.24,0
35,UE_0044,CELL_003,408.55,662.63,10.61,130.23,"[""CELL_004"", ""CELL_005"", ""CELL_006""]",-100.07,0
40,UE_0044,CELL_002,407.87,663.45,10.61,130.23,"[""CELL_003"", ""CELL_004"", ""CELL_005""]",-104.13,0
45,UE_0044,CELL_002,407.18,664.26,10.61,130.23,"[""CELL_003"", ""CELL_004"", ""CELL_005""]",-100.12,0
50,UE_0044,CELL_002,406.5,665.07,10.61,130.23,"[""CELL_003"", ""CELL_004"", ""CELL_005""]",-88.49,0
55,UE_0044,CELL_002,405.81,665.88,10.61,130.23,"[""CELL_003"", ""CELL_004"", ""CELL_005""]",-80.07,0
60,UE_0044,CELL_000,405.13,666.69,10.61,130.23,"[""CELL_001"", ""CELL_002"", ""CELL_003""]",-94.98,0
65,UE_0044,CELL_000,404.44,667.5,10.61,130.23,"[""CELL_001"", ""CELL_002"", ""CELL_003""]",-104.65,0
70,UE_0044,CELL_000,403.75,668.31,10.61,130.23,"[""CELL_001"", ""CELL_002"", ""CELL_003""]",-85.55,0
75,UE_0044,CELL_000,403.07,669.12,10.61,130.23,"[""CELL_001"", ""CELL_002"", ""CELL_003""]",-93.03,0
80,UE_0044,CELL_000,402.38,669.93,10.61,130.23,"[""CELL_001"", ""CELL_002"", ""CELL_003""]",-103.36,0
85,UE_0044,CELL_000,401.7,670.74,10.61,130.23,"[""CELL_001"", ""CELL_002"", ""CELL_003""]",-86.98,0
90,UE_0044,CELL_000,401.01,671.55,10.61,130.23,"[""CELL_001"", ""CELL_002"", ""CELL_003""]",-97.62,0
95,UE_0044,CELL_000,400.33,672.36,10.61,130.23,"[""CELL_001"", ""CELL_002"", ""CELL_003""]",-96.49,0
100,UE_0044,CELL_000,399.64,673.17,10.61,130.23,"[""CELL_001"", ""CELL_002"", ""CELL_003""]",-101.61,0
105,UE_0044,CELL_000,398.95,673.98,10.61,130.23,"[""CELL_001"", ""CELL_002"", ""CELL_003""]",-87.06,0
110,UE_0044,CELL_000,398.27,674.79,10.61,130.23,"[""CELL_001"", ""CELL_002"", ""CELL_003""]",-103.07,0
115,UE_0044,CELL_000,397.58,675.6,15.27,25.72,"[""CELL_001"", ""CELL_002"", ""CELL_003""]",-110.79,0
120,UE_0044,CELL_000,398.96,676.26,15.27,25.72,"[""CELL_001"", ""CELL_002"", ""CELL_003""]",-94.08,0
125,UE_0044,CELL_000,400.33,676.93,15.27,25.72,"[""CELL_001"", ""CELL_002"", ""CELL_003""]",-91.3,0
130,UE_0044,CELL_000,401.71,677.59,15.54,-120.56,"[""CELL_001"", ""CELL_002"", ""CELL_003""]",-93.76,0
135,UE_0044,CELL_000,400.92,676.25,15.54,-120.56,"[""CELL_001"", ""CELL_002"", ""CELL_003""]",-87.82,1
140,UE_0044,CELL_000,400.13,674.91,15.54,-120.56,"[""CELL_001"", ""CELL_002"", ""CELL_003""]",-98.39,0
145,UE_0044,CELL_000,399.34,673.57,15.54,-120.56,"[""CELL_001"", ""CELL_002"", ""CELL_003""]",-89.02,0
150,UE_0044,CELL_000,398.55,672.24,15.54,-120.56,"[""CELL_001"", ""CELL_002"", ""CELL_003""]",-96.53,0
155,UE_0044,CELL_000,397.76,670.9,15.54,-120.56,"[""CELL_001"", ""CELL_002"", ""CELL_003""]",-90.48,0
160,UE_0044,CELL_000,396.97,669.56,15.54,-120.56,"[""CELL_001"", ""CELL_002"", ""CELL_003""]",-102.59,0
165,UE_0044,CELL_000,396.18,668.22,15.54,-120.56,"[""CELL_001"", ""CELL_002"", ""CELL_003""]",-100.51,0
170,UE_0044,CELL_000,395.39,666.89,15.54,-120.56,"[""CELL_001"", ""CELL_002"", ""CELL_003""]",-97.84,0
175,UE_0044,CELL_000,394.6,665.55,15.54,-120.56,"[""CELL_001"", ""CELL_002"", ""CELL_003""]",-100.64,0
180,UE_0044,CELL_000,393.81,664.21,15.54,-120.56,"[""CELL_001"", ""CELL_002"", ""CELL_003""]",-83.03,0
185,UE_0044,CELL_000,393.02,662.87,15.54,-120.56,"[""CELL_001"", ""CELL_002"", ""CELL_003""]",-112.07,0
190,UE_0044,CELL_000,392.23,661.53,15.54,-120.56,"[""CELL_001"", ""CELL_002"", ""CELL_003""]",-89.46,0
195,UE_0044,CELL_003,391.44,660.2,15.54,-120.56,"[""CELL_004"", ""CELL_005"", ""CELL_006""]",-112.12,0
200,UE_0044,CELL_003,390.65,658.86,15.54,-120.56,"[""CELL_004"", ""CELL_005"", ""CELL_006""]",-89.55,0
205,UE_0044,CELL_003,389.86,657.52,15.54,-120.56,"[""CELL_004"", ""CELL_005"", ""CELL_006""]",-96.1,0
210,UE_0044,CELL_003,389.07,656.18,15.54,-120.56,"[""CELL_004"", ""CELL_005"", ""CELL_006""]",-86.32,0
215,UE_0044,CELL_003,388.28,654.84,15.54,-120.56,"[""CELL_004"", ""CELL_005"", ""CELL_006""]",-103.72,0
220,UE_0044,CELL_003,387.49,653.51,15.54,-120.56,"[""CELL_004"", ""CELL_005"", ""CELL_006""]",-97.98,0
225,UE_0044,CELL_003,386.7,652.17,15.54,-120.56,"[""CELL_004"", ""CELL_005"", ""CELL_006""]",-98.07,1
230,UE_0044,CELL_003,385.91,650.83,15.54,-120.56,"[""CELL_004"", ""CELL_005"", ""CELL_006""]",-108.78,0
235,UE_0044,CELL_003,385.12,649.49,15.54,-120.56,"[""CELL_004"", ""CELL_005"", ""CELL_006""]",-90.02,0
240,UE_0044,CELL_003,384.33,648.16,15.54,-120.56,"[""CELL_004"", ""CELL_005"", ""CELL_006""]",-91.58,0
245,UE_0044,CELL_003,383.54,646.82,15.54,-120.56,"[""CELL_004"", ""CELL_005"", ""CELL_006""]",-95.28,0
250,UE_0044,CELL_003,382.75,645.48,15.54,-120.56,"[""CELL_004"", ""CELL_005"", ""CELL_006""]",-90.38,0
255,UE_0044,CELL_003,381.96,644.14,15.54,-120.56,"[""CELL_004"", ""CELL_005"", ""CELL_006""]",-102.4,0
260,UE_0044,CELL_003,381.17,642.8,15.54,-120.56,"[""CELL_004"", ""CELL_005"", ""CELL_006""]",-86.96,0
265,UE_0044,CELL_003,380.38,641.47,15.54,-120.56,"[""CELL_004"", ""CELL_005"", ""CELL_006""]",-76.38,0
270,UE_0044,CELL_003,379.59,640.13,15.54,-120.56,"[""CELL_004"", ""CELL_005"", ""CELL_006""]",-97.61,0
275,UE_0044,CELL_003,378.8,638.79,15.54,-120.56,"[""CELL_004"", ""CELL_005"", ""CELL_006""]",-94.65,0
280,UE_0044,CELL_003,378.01,637.45,15.54,-120.56,"[""CELL_004"", ""CELL_005"", ""CELL_006""]",-97.9,0
285,UE_0044,CELL_003,377.22,636.12,15.54,-120.56,"[""CELL_004"", ""CELL_005"", ""CELL_006""]",-104.67,0
290,UE_0044,CELL_003,376.43,634.78,15.54,-120.56,"[""CELL_004"", ""CELL_005"", ""CELL_006""]",-73.85,0
295,UE_0044,CELL_003,375.64,633.44,15.54,-120.56,"[""CELL_004"", ""CELL_005"", ""CELL_006""]",-89.02,0
300,UE_0044,CELL_003,374.85,632.1,15.54,-120.56,"[""CELL_004"", ""CELL_005"", ""CELL_006""]",-99.39,0
305,UE_0044,CELL_003,374.06,630.76,15.54,-120.56,"[""CELL_004"", ""CELL_005"", ""CELL_006""]",-88.85,0
310,UE_0044,CELL_000,373.27,629.43,15.54,-120.56,"[""CELL_001"", ""CELL_002"", ""CELL_003""]",-100.95,0
315,UE_0044,CELL_000,372.48,628.09,15.54,-120.56,"[""CELL_001"", ""CELL_002"", ""CELL_003""]",-83.81,0
320,UE_0044,CELL_000,371.69,626.75,15.54,-120.56,"[""CELL_001"", ""CELL_002"", ""CELL_003""]",-107.79,0
325,UE_0044,CELL_000,370.9,625.41,15.54,-120.56,"[""CELL_001"", ""CELL_002"", ""CELL_003""]",-83.8,0
330,UE_0044,CELL_000,370.11,624.07,15.54,-120.56,"[""CELL_001"", ""CELL_002"", ""CELL_003""]",-86.38,0
335,UE_0044,CELL_000,369.32,622.74,15.54,-120.56,"[""CELL_001"", ""CELL_002"", ""CELL_003""]",-77.21,0
340,UE_0044,CELL_000,368.53,621.4,15.54,-120.56,"[""CELL_001"", ""CELL_002"", ""CELL_003""]",-90.54,0
345,UE_0044,CELL_000,367.74,620.06,15.54,-120.56,"[""CELL_001"", ""CELL_002"", ""CELL_003""]",-100.24,0
350,UE_0044,CELL_000,366.95,618.72,15.54,-120.56,"[""CELL_001"", ""CELL_002"", ""CELL_003""]",-100.17,0
355,UE_0044,CELL_000,366.16,617.39,15.54,-120.56,"[""CELL_001"", ""CELL_002"", ""CELL_003""]",-102.81,0
360,UE_0044,CELL_000,365.37,616.05,15.54,-120.56,"[""CELL_001"", ""CELL_002"", ""CELL_003""]",-90.14,0
365,UE_0044,CELL_000,364.58,614.71,15.54,-120.56,"[""CELL_001"", ""CELL_002"", ""CELL_003""]",-110.46,0
370,UE_0044,CELL_000,363.79,613.37,15.54,-120.56,"[""CELL_001"", ""CELL_002"", ""CELL_003""]",-92.22,0
375,UE_0044,CELL_000,363.0,612.03,15.54,-120.56,"[""CELL_001"", ""CELL_002"", ""CELL_003""]",-83.79,0
380,UE_0044,CELL_000,362.21,610.7,15.54,-120.56,"[""CELL_001"", ""CELL_002"", ""CELL_003""]",-100.91,0
385,UE_0044,CELL_000,361.42,609.36,15.54,-120.56,"[""CELL_001"", ""CELL_002"", ""CELL_003""]",-109.52,0
390,UE_0044,CELL_000,360.63,608.02,15.54,-120.56,"[""CELL_001"", ""CELL_002"", ""CELL_003""]",-98.82,0
395,UE_0044,CELL_000,359.84,606.68,15.54,-120.56,"[""CELL_001"", ""CELL_002"", ""CELL_003""]",-88.81,0
400,UE_0044,CELL_000,359.05,605.35,15.54,-120.56,"[""CELL_001"", ""CELL_002"", ""CELL_003""]",-97.41,0
405,UE_0044,CELL_000,358.26,604.01,15.54,-120.56,"[""CELL_001"", ""CELL_002"", ""CELL_003""]",-91.54,0
410,UE_0044,CELL_000,357.47,602.67,15.54,-120.56,"[""CELL_001"", ""CELL_002"", ""CELL_003""]",-101.55,0
415,UE_0044,CELL_000,356.68,601.33,15.54,-120.56,"[""CELL_001"", ""CELL_002"", ""CELL_003""]",-90.79,0
420,UE_0044,CELL_000,355.89,599.99,15.54,-120.56,"[""CELL_001"", ""CELL_002"", ""CELL_003""]",-81.5,0
425,UE_0044,CELL_000,355.1,598.66,15.54,-120.56,"[""CELL_001"", ""CELL_002"", ""CELL_003""]",-93.24,0
430,UE_0044,CELL_000,354.31,597.32,15.54,-120.56,"[""CELL_001"", ""CELL_002"", ""CELL_003""]",-87.75,0
435,UE_0044,CELL_000,353.52,595.98,15.54,-120.56,"[""CELL_001"", ""CELL_002"", ""CELL_003""]",-106.77,0
440,UE_0044,CELL_000,352.73,594.64,15.54,-120.56,"[""CELL_001"", ""CELL_002"", ""CELL_003""]",-85.39,0
445,UE_0044,CELL_000,351.94,593.3,15.54,-120.56,"[""CELL_001"", ""CELL_002"", ""CELL_003""]",-109.25,0
450,UE_0044,CELL_000,351.15,591.97,15.54,-120.56,"[""CELL_001"", ""CELL_002"", ""CELL_003""]",-79.64,0
455,UE_0044,CELL_000,350.36,590.63,15.54,-120.56,"[""CELL_001"", ""CELL_002"", ""CELL_003""]",-97.25,0
460,UE_0044,CELL_000,349.57,589.29,15.54,-120.56,"[""CELL_001"", ""CELL_002"", ""CELL_003""]",-94.41,0
465,UE_0044,CELL_000,348.78,587.95,15.54,-120.56,"[""CELL_001"", ""CELL_002"", ""CELL_003""]",-96.94,0
470,UE_0044,CELL_000,347.99,586.62,15.54,-120.56,"[""CELL_001"", ""CELL_002"", ""CELL_003""]",-79.46,0
475,UE_0044,CELL_000,347.2,585.28,15.54,-120.56,"[""CELL_001"", ""CELL_002"", ""CELL_003""]",-97.09,0
480,UE_0044,CELL_000,346.41,583.94,15.54,-120.56,"[""CELL_001"", ""CELL_002"", ""CELL_003""]",-99.07,0
485,UE_0044,CELL_000,345.62,582.6,15.54,-120.56,"[""CELL_001"", ""CELL_002"", ""CELL_003""]",-109.84,0
490,UE_0044,CELL_000,344.83,581.26,15.54,-120.56,"[""CELL_001"", ""CELL_002"", ""CELL_003""]",-100.64,0
495,UE_0044,CELL_000,344.04,579.93,15.54,-120.56,"[""CELL_001"", ""CELL_002"", ""CELL_003""]",-77.12,0
0,UE_0045,CELL_002,682.26,758.73,28.45,-126.92,"[""CELL_003"", ""CELL_004"", ""CELL_005""]",-99.05,0
5,UE_0045,CELL_002,680.55,756.45,28.45,-126.92,"[""CELL_003"", ""CELL_004"", ""CELL_005""]",-77.89,0
10,UE_0045,CELL_002,678.84,754.18,28.45,-126.92,"[""CELL_003"", ""CELL_004"", ""CELL_005""]",-93.81,0
15,UE_0045,CELL_002,677.13,751.9,28.45,-126.92,"[""CELL_003"", ""CELL_004"", ""CELL_005""]",-95.61,0
20,UE_0045,CELL_002,675.43,749.63,28.45,-126.92,"[""CELL_003"", ""CELL_004"", ""CELL_005""]",-95.12,0
25,UE_0045,CELL_002,673.72,747.35,28.45,-126.92,"[""CELL_003"", ""CELL_004"", ""CELL_005""]",-81.24,0
30,UE_0045,CELL_002,672.01,745.08,28.45,-126.92,"[""CELL_003"", ""CELL_004"", ""CELL_005""]",-101.32,0
35,UE_0045,CELL_002,670.3,742.81,28.45,-126.92,"[""CELL_003"", ""CELL_004"", ""CELL_005""]",-110.6,0
40,UE_0045,CELL_002,668.59,740.53,28.45,-126.92,"[""CELL_003"", ""CELL_004"", ""CELL_005""]",-95.29,0
45,UE_0045,CELL_002,666.88,738.26,28.45,-126.92,"[""CELL_003"", ""CELL_004"", ""CELL_005""]",-98.45,0
50,UE_0045,CELL_002,665.17,735.98,28.45,-126.92,"[""CELL_003"", ""CELL_004"", ""CELL_005""]",-81.75,0
55,UE_0045,CELL_002,663.46,733.71,28.45,-126.92,"[""CELL_003"", ""CELL_004"", ""CELL_005""]",-110.27,0
60,UE_0045,CELL_002,661.76,731.43,28.45,-126.92,"[""CELL_003"", ""CELL_004"", ""CELL_005""]",-118.34,0
65,UE_0045,CELL_002,660.05,729.16,28.45,-126.92,"[""CELL_003"", ""CELL_004"", ""CELL_005""]",-108.95,0
70,UE_0045,CELL_002,658.34,726.88,28.45,-126.92,"[""CELL_003"", ""CELL_004"", ""CELL_005""]",-110.97,0
75,UE_0045,CELL_002,656.63,724.61,28.45,-126.92,"[""CELL_003"", ""CELL_004"", ""CELL_005""]",-75.56,0
80,UE_0045,CELL_002,654.92,722.34,28.45,-126.92,"[""CELL_003"", ""CELL_004"", ""CELL_005""]",-80.75,0
85,UE_0045,CELL_002,653.21,720.06,28.45,-126.92,"[""CELL_003"", ""CELL_004"", ""CELL_005""]",-93.71,0
90,UE_0045,CELL_002,651.5,717.79,28.45,-126.92,"[""CELL_003"", ""CELL_004"", ""CELL_005""]",-93.84,0
95,UE_0045,CELL_002,649.79,715.51,28.45,-126.92,"[""CELL_003"", ""CELL_004"", ""CELL_005""]",-106.54,0
100,UE_0045,CELL_002,648.09,713.24,28.45,-126.92,"[""CELL_003"", ""CELL_004"", ""CELL_005""]",-101.53,0
105,UE_0045,CELL_002,646.38,710.96,28.45,-126.92,"[""CELL_003"", ""CELL_004"", ""CELL_005""]",-102.91,0
110,UE_0045,CELL_002,644.67,708.69,28.45,-126.92,"[""CELL_003"", ""CELL_004"", ""CELL_005""]",-97.43,0
115,UE_0045,CELL_002,642.96,706.42,28.45,-126.92,"[""CELL_003"", ""CELL_004"", ""CELL_005""]",-80.01,1
120,UE_0045,CELL_002,641.25,704.14,28.45,-126.92,"[""CELL_003"", ""CELL_004"", ""CELL_005""]",-80.51,0
125,UE_0045,CELL_002,639.54,701.87,28.45,-126.92,"[""CELL_003"", ""CELL_004"", ""CELL_005""]",-86.2,0
130,UE_0045,CELL_002,637.83,699.59,17.23,-1.0,"[""CELL_003"", ""CELL_004"", ""CELL_005""]",-109.38,0
135,UE_0045,CELL_002,639.56,699.56,17.23,-1.0,"[""CELL_003"", ""CELL_004"", ""CELL_005""]",-97.12,0
140,UE_0045,CELL_002,641.28,699.53,17.23,-1.0,"[""CELL_003"", ""CELL_004"", ""CELL_005""]",-101.44,0
145,UE_0045,CELL_002,643.0,699.5,17.23,-1.0,"[""CELL_003"", ""CELL_004"", ""CELL_005""]",-91.98,0
150,UE_0045,CELL_002,644.73,699.47,17.23,-1.0,"[""CELL_003"", ""CELL_004"", ""CELL_005""]",-101.48,0
155,UE_0045,CELL_002,646.45,699.44,17.23,-1.0,"[""CELL_003"", ""CELL_004"", ""CELL_005""]",-98.0,0
160,UE_0045,CELL_002,648.17,699.41,17.23,-1.0,"[""CELL_003"", ""CELL_004"", ""CELL_005""]",-76.33,0
165,UE_0045,CELL_002,649.9,699.38,17.23,-1.0,"[""CELL_003"", ""CELL_004"", ""CELL_005""]",-107.23,0
170,UE_0045,CELL_002,651.62,699.35,17.23,-1.0,"[""CELL_003"", ""CELL_004"", ""CELL_005""]",-111.94,0
175,UE_0045,CELL_002,653.34,699.32,17.23,-1.0,"[""CELL_003"", ""CELL_004"", ""CELL_005""]",-100.56,0
180,UE_0045,CELL_002,655.06,699.29,17.23,-1.0,"[""CELL_003"", ""CELL_004"", ""CELL_005""]",-97.14,0
185,UE_0045,CELL_002,656.79,699.26,17.23,-1.0,"[""CELL_003"", ""CELL_004"", ""CELL_005""]",-89.51,0
190,UE_0045,CELL_002,658.51,699.23,17.23,-1.0,"[""CELL_003"", ""CELL_004"", ""CELL_005""]",-93.26,0
195,UE_0045,CELL_002,660.23,699.2,17.23,-1.0,"[""CELL_003"", ""CELL_004"", ""CELL_005""]",-101.15,0
200,UE_0045,CELL_002,661.96,699.17,17.23,-1.0,"[""CELL_003"", ""CELL_004"", ""CELL_005""]",-67.91,0
205,UE_0045,CELL_002,663.68,699.14,17.23,-1.0,"[""CELL_003"", ""CELL_004"", ""CELL_005""]",-93.96,0
210,UE_0045,CELL_002,665.4,699.11,17.23,-1.0,"[""CELL_003"", ""CELL_004"", ""CELL_005""]",-90.98,0
215,UE_0045,CELL_002,667.13,699.08,17.23,-1.0,"[""CELL_003"", ""CELL_004"", ""CELL_005""]",-103.86,0
220,UE_0045,CELL_002,668.85,699.05,17.23,-1.0,"[""CELL_003"", ""CELL_004"", ""CELL_005""]",-101.65,0
225,UE_0045,CELL_002,670.57,699.02,17.23,-1.0,"[""CELL_003"", ""CELL_004"", ""CELL_005""]",-83.87,0
230,UE_0045,CELL_002,672.3,698.99,17.23,-1.0,"[""CELL_003"", ""CELL_004"", ""CELL_005""]",-92.92,0
235,UE_0045,CELL_002,674.02,698.96,17.23,-1.0,"[""CELL_003"", ""CELL_004"", ""CELL_005""]",-73.68,0
240,UE_0045,CELL_002,675.74,698.93,17.23,-1.0,"[""CELL_003"", ""CELL_004"", ""CELL_005""]",-101.83,0
245,UE_0045,CELL_002,677.46,698.9,17.23,-1.0,"[""CELL_003"", ""CELL_004"", ""CELL_005""]",-89.68,0
250,UE_0045,CELL_002,679.19,698.87,17.23,-1.0,"[""CELL_003"", ""CELL_004"", ""CELL_005""]",-80.99,0
255,UE_0045,CELL_002,680.91,698.84,17.23,-1.0,"[""CELL_003"", ""CELL_004"", ""CELL_005""]",-99.56,0
260,UE_0045,CELL_002,682.63,698.81,17.23,-1.0,"[""CELL_003"", ""CELL_004"", ""CELL_005""]",-101.55,0
265,UE_0045,CELL_002,684.36,698.78,17.23,-1.0,"[""CELL_003"", ""CELL_004"", ""CELL_005""]",-97.24,0
270,UE_0045,CELL_002,686.08,698.75,17.23,-1.0,"[""CELL_003"", ""CELL_004"", ""CELL_005""]",-83.26,0
275,UE_0045,CELL_002,687.8,698.72,17.23,-1.0,"[""CELL_003"", ""CELL_004"", ""CELL_005""]",-104.23,0
280,UE_0045,CELL_002,689.53,698.69,17.23,-1.0,"[""CELL_003"", ""CELL_004"", ""CELL_005""]",-99.05,0
285,UE_0045,CELL_002,691.25,698.66,17.23,-1.0,"[""CELL_003"", ""CELL_004"", ""CELL_005""]",-102.61,0
290,UE_0045,CELL_002,692.97,698.63,17.23,-1.0,"[""CELL_003"", ""CELL_004"", ""CELL_005""]",-90.04,0
295,UE_0045,CELL_002,694.7,698.6,17.23,-1.0,"[""CELL_003"", ""CELL_004"", ""CELL_005""]",-76.28,0
300,UE_0045,CELL_002,696.42,698.57,17.23,-1.0,"[""CELL_003"", ""CELL_004"", ""CELL_005""]",-74.86,0
305,UE_0045,CELL_002,698.14,698.54,17.23,-1.0,"[""CELL_003"", ""CELL_004"", ""CELL_005""]",-91.02,0
310,UE_0045,CELL_002,699.87,698.51,17.23,-1.0,"[""CELL_003"", ""CELL_004"", ""CELL_005""]",-94.15,0
315,UE_0045,CELL_002,701.59,698.48,17.23,-1.0,"[""CELL_003"", ""CELL_004"", ""CELL_005""]",-106.17,0
320,UE_0045,CELL_002,703.31,698.45,17.23,-1.0,"[""CELL_003"", ""CELL_004"", ""CELL_005""]",-83.2,0
325,UE_0045,CELL_002,705.03,698.42,17.23,-1.0,"[""CELL_003"", ""CELL_004"", ""CELL_005""]",-90.51,0
330,UE_0045,CELL_002,706.76,698.39,17.23,-1.0,"[""CELL_003"", ""CELL_004"", ""CELL_005""]",-89.22,0
335,UE_0045,CELL_002,708.48,698.36,17.23,-1.0,"[""CELL_003"", ""CELL_004"", ""CELL_005""]",-87.59,0
340,UE_0045,CELL_002,710.2,698.33,17.23,-1.0,"[""CELL_003"", ""CELL_004"", ""CELL_005""]",-86.21,0
345,UE_0045,CELL_002,711.93,698.3,17.23,-1.0,"[""CELL_003"", ""CELL_004"", ""CELL_005""]",-99.12,0
350,UE_0045,CELL_002,713.65,698.27,17.23,-1.0,"[""CELL_003"", ""CELL_004"", ""CELL_005""]",-108.45,0
355,UE_0045,CELL_002,715.37,698.24,17.23,-1.0,"[""CELL_003"", ""CELL_004"", ""CELL_005""]",-90.14,0
360,UE_0045,CELL_002,717.1,698.21,17.23,-1.0,"[""CELL_003"", ""CELL_004"", ""CELL_005""]",-106.34,0
365,UE_0045,CELL_002,718.82,698.18,17.23,-1.0,"[""CELL_003"", ""CELL_004"", ""CELL_005""]",-69.85,0
370,UE_0045,CELL_002,720.54,698.15,17.23,-1.0,"[""CELL_003"", ""CELL_004"", ""CELL_005""]",-97.61,0
375,UE_0045,CELL_002,722.27,698.12,17.23,-1.0,"[""CELL_003"", ""CELL_004"", ""CELL_005""]",-84.11,0
380,UE_0045,CELL_002,723.99,698.09,17.23,-1.0,"[""CELL_003"", ""CELL_004"", ""CELL_005""]",-91.86,0
385,UE_0045,CELL_002,725.71,698.06,17.23,-1.0,"[""CELL_003"", ""CELL_004"", ""CELL_005""]",-80.75,0
390,UE_0045,CELL_002,727.43,698.03,17.23,-1.0,"[""CELL_003"", ""CELL_004"", ""CELL_005""]",-86.87,0
395,UE_0045,CELL_002,729.16,698.0,17.23,-1.0,"[""CELL_003"", ""CELL_004"", ""CELL_005""]",-103.85,0
400,UE_0045,CELL_002,730.88,697.97,17.23,-1.0,"[""CELL_003"", ""CELL_004"", ""CELL_005""]",-91.63,1
405,UE_0045,CELL_002,732.6,697.94,17.23,-1.0,"[""CELL_003"", ""CELL_004"", ""CELL_005""]",-110.58,0
410,UE_0045,CELL_002,734.33,697.91,17.23,-1.0,"[""CELL_003"", ""CELL_004"", ""CELL_005""]",-92.88,0
415,UE_0045,CELL_002,736.05,697.88,17.23,-1.0,"[""CELL_003"", ""CELL_004"", ""CELL_005""]",-91.16,0
420,UE_0045,CELL_002,737.77,697.85,17.23,-1.0,"[""CELL_003"", ""CELL_004"", ""CELL_005""]",-96.5,0
425,UE_0045,CELL_002,739.5,697.82,17.23,-1.0,"[""CELL_003"", ""CELL_004"", ""CELL_005""]",-83.68,0
430,UE_0045,CELL_002,741.22,697.79,17.23,-1.0,"[""CELL_003"", ""CELL_004"", ""CELL_005""]",-101.11,0
435,UE_0045,CELL_002,742.94,697.76,25.07,-175.78,"[""CELL_003"", ""CELL_004"", ""CELL_005""]",-88.0,0
440,UE_0045,CELL_002,740.44,697.58,25.07,-175.78,"[""CELL_003"", ""CELL_004"", ""CELL_005""]",-120.46,0
445,UE_0045,CELL_002,737.94,697.39,25.07,-175.78,"[""CELL_003"", ""CELL_004"", ""CELL_005""]",-97.76,0
450,UE_0045,CELL_002,735.44,697.21,25.07,-175.78,"[""CELL_003"", ""CELL_004"", ""CELL_005""]",-89.9,0
455,UE_0045,CELL_002,732.94,697.03,25.07,-175.78,"[""CELL_003"", ""CELL_004"", ""CELL_005""]",-87.13,0
460,UE_0045,CELL_002,730.44,696.84,25.07,-175.78,"[""CELL_003"", ""CELL_004"", ""CELL_005""]",-97.39,0
465,UE_0045,CELL_002,727.94,696.66,25.07,-175.78,"[""CELL_003"", ""CELL_004"", ""CELL_005""]",-108.16,0
470,UE_0045,CELL_002,725.44,696.47,25.07,-175.78,"[""CELL_003"", ""CELL_004"", ""CELL_005""]",-80.66,0
475,UE_0045,CELL_002,722.94,696.29,25.07,-175.78,"[""CELL_003"", ""CELL_004"", ""CELL_005""]",-100.85,0
480,UE_0045,CELL_002,720.44,696.1,25.07,-175.78,"[""CELL_003"", ""CELL_004"", ""CELL_005""]",-96.98,0
485,UE_0045,CELL_002,717.94,695.92,25.07,-175.78,"[""CELL_003"", ""CELL_004"", ""CELL_005""]",-101.95,0
490,UE_0045,CELL_002,715.44,695.73,25.07,-175.78,"[""CELL_003"", ""CELL_004"", ""CELL_005""]",-84.35,0
495,UE_0045,CELL_002,712.94,695.55,25.07,-175.78,"[""CELL_003"", ""CELL_004"", ""CELL_005""]",-102.81,0
0,UE_0046,CELL_004,616.4,557.31,6.51,-73.06,"[""CELL_005"", ""CELL_006"", ""CELL_000""]",-101.58,0
5,UE_0046,CELL_004,616.59,556.69,6.51,-73.06,"[""CELL_005"", ""CELL_006"", ""CELL_000""]",-82.85,0
10,UE_0046,CELL_004,616.78,556.07,6.51,-73.06,"[""CELL_005"", ""CELL_006"", ""CELL_000""]",-92.85,0
15,UE_0046,CELL_004,616.96,555.44,6.51,-73.06,"[""CELL_005"", ""CELL_006"", ""CELL_000""]",-100.77,0
20,UE_0046,CELL_004,617.15,554.82,6.51,-73.06,"[""CELL_005"", ""CELL_006"", ""CELL_000""]",-98.63,0
25,UE_0046,CELL_004,617.34,554.2,6.51,-73.06,"[""CELL_005"", ""CELL_006"", ""CELL_000""]",-93.11,0
30,UE_0046,CELL_004,617.53,553.58,30.82,-133.37,"[""CELL_005"", ""CELL_006"", ""CELL_000""]",-100.73,0
35,UE_0046,CELL_004,615.42,551.34,30.82,-133.37,"[""CELL_005"", ""CELL_006"", ""CELL_000""]",-94.93,0
40,UE_0046,CELL_004,613.3,549.1,30.82,-133.37,"[""CELL_005"", ""CELL_006"", ""CELL_000""]",-104.48,0
45,UE_0046,CELL_004,611.18,546.86,30.82,-133.37,"[""CELL_005"", ""CELL_006"", ""CELL_000""]",-99.82,0
50,UE_0046,CELL_004,609.07,544.62,30.82,-133.37,"[""CELL_005"", ""CELL_006"", ""CELL_000""]",-77.78,0
55,UE_0046,CELL_004,606.95,542.38,30.82,-133.37,"[""CELL_005"", ""CELL_006"", ""CELL_000""]",-98.7,0
60,UE_0046,CELL_004,604.84,540.14,30.82,-133.37,"[""CELL_005"", ""CELL_006"", ""CELL_000""]",-89.31,1
65,UE_0046,CELL_004,602.72,537.9,30.82,-133.37,"[""CELL_005"", ""CELL_006"", ""CELL_000""]",-107.89,0
70,UE_0046,CELL_004,600.6,535.66,30.82,-133.37,"[""CELL_005"", ""CELL_006"", ""CELL_000""]",-96.24,0
75,UE_0046,CELL_004,598.49,533.42,30.82,-133.37,"[""CELL_005"", ""CELL_006"", ""CELL_000""]",-85.49,0
80,UE_0046,CELL_004,596.37,531.18,30.82,-133.37,"[""CELL_005"", ""CELL_006"", ""CELL_000""]",-93.85,0
85,UE_0046,CELL_004,594.25,528.94,29.93,172.83,"[""CELL_005"", ""CELL_006"", ""CELL_000""]",-87.83,0
90,UE_0046,CELL_004,591.28,529.31,29.93,172.83,"[""CELL_005"", ""CELL_006"", ""CELL_000""]",-116.68,0
95,UE_0046,CELL_004,588.31,529.68,29.93,172.83,"[""CELL_005"", ""CELL_006"", ""CELL_000""]",-111.22,0
100,UE_0046,CELL_004,585.34,530.06,29.93,172.83,"[""CELL_005"", ""CELL_006"", ""CELL_000""]",-89.6,0
105,UE_0046,CELL_004,582.37,530.43,29.93,172.83,"[""CELL_005"", ""CELL_006"", ""CELL_000""]",-88.86,0
110,UE_0046,CELL_004,579.4,530.8,29.93,172.83,"[""CELL_005"", ""CELL_006"", ""CELL_000""]",-99.93,0
115,UE_0046,CELL_004,576.43,531.18,29.93,172.83,"[""CELL_005"", ""CELL_006"", ""CELL_000""]",-104.56,0
120,UE_0046,CELL_004,573.46,531.55,29.93,172.83,"[""CELL_005"", ""CELL_006"", ""CELL_000""]",-91.92,0
125,UE_0046,CELL_004,570.49,531.92,29.93,172.83,"[""CELL_005"", ""CELL_006"", ""CELL_000""]",-94.23,0
130,UE_0046,CELL_004,567.52,532.3,29.93,172.83,"[""CELL_005"", ""CELL_006"", ""CELL_000""]",-96.73,0
135,UE_0046,CELL_004,564.55,532.67,29.93,172.83,"[""CELL_005"", ""CELL_006"", ""CELL_000""]",-90.53,0
140,UE_0046,CELL_004,561.58,533.05,29.93,172.83,"[""CELL_005"", ""CELL_006"", ""CELL_000""]",-105.14,0
145,UE_0046,CELL_004,558.61,533.42,29.93,172.83,"[""CELL_005"", ""CELL_006"", ""CELL_000""]",-83.63,0
150,UE_0046,CELL_004,555.64,533.79,29.93,172.83,"[""CELL_005"", ""CELL_006"", ""CELL_000""]",-96.66,0
155,UE_0046,CELL_004,552.67,534.17,29.93,172.83,"[""CELL_005"", ""CELL_006"", ""CELL_000""]",-93.1,0
160,UE_0046,CELL_004,549.7,534.54,29.93,172.83,"[""CELL_005"", ""CELL_006"", ""CELL_000""]",-96.58,0
165,UE_0046,CELL_004,546.73,534.91,30.59,111.06,"[""CELL_005"", ""CELL_006"", ""CELL_000""]",-102.73,0
170,UE_0046,CELL_004,545.63,537.77,30.59,111.06,"[""CELL_005"", ""CELL_006"", ""CELL_000""]",-94.99,0
175,UE_0046,CELL_004,544.53,540.62,30.59,111.06,"[""CELL_005"", ""CELL_006"", ""CELL_000""]",-93.28,0
180,UE_0046,CELL_004,543.44,543.48,7.24,-128.1,"[""CELL_005"", ""CELL_006"", ""CELL_000""]",-106.28,0
185,UE_0046,CELL_004,542.99,542.91,7.24,-128.1,"[""CELL_005"", ""CELL_006"", ""CELL_000""]",-87.79,0
190,UE_0046,CELL_004,542.54,542.34,7.24,-128.1,"[""CELL_005"", ""CELL_006"", ""CELL_000""]",-67.07,0
195,UE_0046,CELL_004,542.1,541.77,7.24,-128.1,"[""CELL_005"", ""CELL_006"", ""CELL_000""]",-76.48,0
200,UE_0046,CELL_004,541.65,541.2,7.24,-128.1,"[""CELL_005"", ""CELL_006"", ""CELL_000""]",-83.26,0
205,UE_0046,CELL_004,541.2,540.63,7.24,-128.1,"[""CELL_005"", ""CELL_006"", ""CELL_000""]",-92.11,0
210,UE_0046,CELL_004,540.76,540.06,7.24,-128.1,"[""CELL_005"", ""CELL_006"", ""CELL_000""]",-106.77,0
215,UE_0046,CELL_004,540.31,539.49,7.24,-128.1,"[""CELL_005"", ""CELL_006"", ""CELL_000""]",-84.65,0
220,UE_0046,CELL_004,539.86,538.92,7.24,-128.1,"[""CELL_005"", ""CELL_006"", ""CELL_000""]",-97.88,0
225,UE_0046,CELL_004,539.42,538.35,7.24,-128.1,"[""CELL_005"", ""CELL_006"", ""CELL_000""]",-75.51,0
230,UE_0046,CELL_004,538.97,537.78,7.24,-128.1,"[""CELL_005"", ""CELL_006"", ""CELL_000""]",-89.64,0
235,UE_0046,CELL_004,538.52,537.21,7.24,-128.1,"[""CELL_005"", ""CELL_006"", ""CELL_000""]",-92.29,0
240,UE_0046,CELL_004,538.08,536.64,7.24,-128.1,"[""CELL_005"", ""CELL_006"", ""CELL_000""]",-113.73,0
245,UE_0046,CELL_004,537.63,536.08,7.24,-128.1,"[""CELL_005"", ""CELL_006"", ""CELL_000""]",-107.4,0
250,UE_0046,CELL_004,537.19,535.51,7.24,-128.1,"[""CELL_005"", ""CELL_006"", ""CELL_000""]",-107.38,0
255,UE_0046,CELL_004,536.74,534.94,7.24,-128.1,"[""CELL_005"", ""CELL_006"", ""CELL_000""]",-95.19,0
260,UE_0046,CELL_004,536.29,534.37,7.24,-128.1,"[""CELL_005"", ""CELL_006"", ""CELL_000""]",-83.66,0
265,UE_0046,CELL_004,535.85,533.8,7.24,-128.1,"[""CELL_005"", ""CELL_006"", ""CELL_000""]",-98.6,0
270,UE_0046,CELL_004,535.4,533.23,7.24,-128.1,"[""CELL_005"", ""CELL_006"", ""CELL_000""]",-98.47,0
275,UE_0046,CELL_004,534.95,532.66,7.24,-128.1,"[""CELL_005"", ""CELL_006"", ""CELL_000""]",-90.82,0
280,UE_0046,CELL_004,534.51,532.09,7.24,-128.1,"[""CELL_005"", ""CELL_006"", ""CELL_000""]",-117.81,0
285,UE_0046,CELL_004,534.06,531.52,7.24,-128.1,"[""CELL_005"", ""CELL_006"", ""CELL_000""]",-72.61,0
290,UE_0046,CELL_004,533.61,530.95,7.24,-128.1,"[""CELL_005"", ""CELL_006"", ""CELL_000""]",-90.89,0
295,UE_0046,CELL_004,533.17,530.38,7.24,-128.1,"[""CELL_005"", ""CELL_006"", ""CELL_000""]",-83.01,0
300,UE_0046,CELL_004,532.72,529.81,7.24,-128.1,"[""CELL_005"", ""CELL_006"", ""CELL_000""]",-90.88,0
305,UE_0046,CELL_004,532.28,529.24,7.24,-128.1,"[""CELL_005"", ""CELL_006"", ""CELL_000""]",-91.64,0
310,UE_0046,CELL_004,531.83,528.67,7.24,-128.1,"[""CELL_005"", ""CELL_006"", ""CELL_000""]",-83.49,0
315,UE_0046,CELL_004,531.38,528.1,7.24,-128.1,"[""CELL_005"", ""CELL_006"", ""CELL_000""]",-85.29,0
320,UE_0046,CELL_004,530.94,527.53,7.24,-128.1,"[""CELL_005"", ""CELL_006"", ""CELL_000""]",-105.57,0
325,UE_0046,CELL_004,530.49,526.96,7.24,-128.1,"[""CELL_005"", ""CELL_006"", ""CELL_000""]",-91.05,0
330,UE_0046,CELL_004,530.04,526.4,7.24,-128.1,"[""CELL_005"", ""CELL_006"", ""CELL_000""]",-103.39,0
335,UE_0046,CELL_004,529.6,525.83,7.24,-128.1,"[""CELL_005"", ""CELL_006"", ""CELL_000""]",-109.32,0
340,UE_0046,CELL_004,529.15,525.26,7.24,-128.1,"[""CELL_005"", ""CELL_006"", ""CELL_000""]",-93.49,1
345,UE_0046,CELL_004,528.7,524.69,7.24,-128.1,"[""CELL_005"", ""CELL_006"", ""CELL_000""]",-102.25,0
350,UE_0046,CELL_004,528.26,524.12,7.24,-128.1,"[""CELL_005"", ""CELL_006"", ""CELL_000""]",-100.32,0
355,UE_0046,CELL_004,527.81,523.55,7.24,-128.1,"[""CELL_005"", ""CELL_006"", ""CELL_000""]",-104.37,0
360,UE_0046,CELL_004,527.36,522.98,7.24,-128.1,"[""CELL_005"", ""CELL_006"", ""CELL_000""]",-89.37,0
365,UE_0046,CELL_004,526.92,522.41,7.24,-128.1,"[""CELL_005"", ""CELL_006"", ""CELL_000""]",-87.82,0
370,UE_0046,CELL_004,526.47,521.84,7.24,-128.1,"[""CELL_005"", ""CELL_006"", ""CELL_000""]",-98.59,0
375,UE_0046,CELL_004,526.03,521.27,7.24,-128.1,"[""CELL_005"", ""CELL_006"", ""CELL_000""]",-62.07,0
380,UE_0046,CELL_006,525.58,520.7,7.24,-128.1,"[""CELL_000"", ""CELL_001"", ""CELL_002""]",-96.97,0
385,UE_0046,CELL_006,525.13,520.13,7.24,-128.1,"[""CELL_000"", ""CELL_001"", ""CELL_002""]",-109.76,0
390,UE_0046,CELL_006,524.69,519.56,7.24,-128.1,"[""CELL_000"", ""CELL_001"", ""CELL_002""]",-95.66,0
395,UE_0046,CELL_006,524.24,518.99,7.24,-128.1,"[""CELL_000"", ""CELL_001"", ""CELL_002""]",-83.28,0
400,UE_0046,CELL_006,523.79,518.42,7.24,-128.1,"[""CELL_000"", ""CELL_001"", ""CELL_002""]",-76.68,0
405,UE_0046,CELL_006,523.35,517.85,7.24,-128.1,"[""CELL_000"", ""CELL_001"", ""CELL_002""]",-88.67,0
410,UE_0046,CELL_006,522.9,517.28,7.24,-128.1,"[""CELL_000"", ""CELL_001"", ""CELL_002""]",-103.66,0
415,UE_0046,CELL_006,522.45,516.72,7.24,-128.1,"[""CELL_000"", ""CELL_001"", ""CELL_002""]",-76.43,0
420,UE_0046,CELL_006,522.01,516.15,7.24,-128.1,"[""CELL_000"", ""CELL_001"", ""CELL_002""]",-87.07,0
425,UE_0046,CELL_006,521.56,515.58,7.24,-128.1,"[""CELL_000"", ""CELL_001"", ""CELL_002""]",-115.57,0
430,UE_0046,CELL_006,521.11,515.01,7.24,-128.1,"[""CELL_000"", ""CELL_001"", ""CELL_002""]",-100.08,0
435,UE_0046,CELL_006,520.67,514.44,7.24,-128.1,"[""CELL_000"", ""CELL_001"", ""CELL_002""]",-102.75,0
440,UE_0046,CELL_006,520.22,513.87,7.24,-128.1,"[""CELL_000"", ""CELL_001"", ""CELL_002""]",-103.87,0
445,UE_0046,CELL_006,519.78,513.3,16.78,-110.96,"[""CELL_000"", ""CELL_001"", ""CELL_002""]",-96.77,0
450,UE_0046,CELL_006,519.18,511.73,16.78,-110.96,"[""CELL_000"", ""CELL_001"", ""CELL_002""]",-87.17,0
455,UE_0046,CELL_006,518.58,510.16,16.78,-110.96,"[""CELL_000"", ""CELL_001"", ""CELL_002""]",-78.27,0
460,UE_0046,CELL_006,517.97,508.6,16.78,-110.96,"[""CELL_000"", ""CELL_001"", ""CELL_002""]",-80.87,0
465,UE_0046,CELL_006,517.37,507.03,16.78,-110.96,"[""CELL_000"", ""CELL_001"", ""CELL_002""]",-97.5,0
470,UE_0046,CELL_006,516.77,505.46,16.78,-110.96,"[""CELL_000"", ""CELL_001"", ""CELL_002""]",-94.66,0
475,UE_0046,CELL_006,516.17,503.9,16.78,-110.96,"[""CELL_000"", ""CELL_001"", ""CELL_002""]",-101.33,0
480,UE_0046,CELL_006,515.57,502.33,16.78,-110.96,"[""CELL_000"", ""CELL_001"", ""CELL_002""]",-93.49,0
485,UE_0046,CELL_006,514.97,500.76,16.78,-110.96,"[""CELL_000"", ""CELL_001"", ""CELL_002""]",-88.05,0
490,UE_0046,CELL_006,514.37,499.2,16.78,-110.96,"[""CELL_000"", ""CELL_001"", ""CELL_002""]",-90.08,0
495,UE_0046,CELL_006,513.77,497.63,16.78,-110.96,"[""CELL_000"", ""CELL_001"", ""CELL_002""]",-88.3,0
0,UE_0047,CELL_003,107.81,631.77,33.51,134.2,"[""CELL_004"", ""CELL_005"", ""CELL_006""]",-100.97,0
5,UE_0047,CELL_003,105.47,634.18,33.51,134.2,"[""CELL_004"", ""CELL_005"", ""CELL_006""]",-86.49,0
10,UE_0047,CELL_003,103.13,636.58,33.51,134.2,"[""CELL_004"", ""CELL_005"", ""CELL_006""]",-95.21,0
15,UE_0047,CELL_003,100.8,638.98,33.51,134.2,"[""CELL_004"", ""CELL_005"", ""CELL_006""]",-83.07,0
20,UE_0047,CELL_003,98.46,641.38,12.6,-69.99,"[""CELL_004"", ""CELL_005"", ""CELL_006""]",-98.94,0
25,UE_0047,CELL_003,98.89,640.2,12.6,-69.99,"[""CELL_004"", ""CELL_005"", ""CELL_006""]",-96.72,0
30,UE_0047,CELL_003,99.32,639.02,12.6,-69.99,"[""CELL_004"", ""CELL_005"", ""CELL_006""]",-100.22,0
35,UE_0047,CELL_003,99.75,637.83,12.6,-69.99,"[""CELL_004"", ""CELL_005"", ""CELL_006""]",-102.52,0
40,UE_0047,CELL_003,100.19,636.65,12.6,-69.99,"[""CELL_004"", ""CELL_005"", ""CELL_006""]",-94.93,0
45,UE_0047,CELL_003,100.62,635.46,12.6,-69.99,"[""CELL_004"", ""CELL_005"", ""CELL_006""]",-101.3,0
50,UE_0047,CELL_003,101.05,634.28,12.6,-69.99,"[""CELL_004"", ""CELL_005"", ""CELL_006""]",-107.74,0
55,UE_0047,CELL_003,101.48,633.1,12.6,-69.99,"[""CELL_004"", ""CELL_005"", ""CELL_006""]",-94.07,0
60,UE_0047,CELL_003,101.91,631.91,12.6,-69.99,"[""CELL_004"", ""CELL_005"", ""CELL_006""]",-114.07,0
65,UE_0047,CELL_003,102.34,630.73,12.6,-69.99,"[""CELL_004"", ""CELL_005"", ""CELL_006""]",-83.45,0
70,UE_0047,CELL_003,102.77,629.54,12.6,-69.99,"[""CELL_004"", ""CELL_005"", ""CELL_006""]",-78.26,0
75,UE_0047,CELL_003,103.2,628.36,12.6,-69.99,"[""CELL_004"", ""CELL_005"", ""CELL_006""]",-95.77,0
80,UE_0047,CELL_003,103.63,627.17,12.6,-69.99,"[""CELL_004"", ""CELL_005"", ""CELL_006""]",-86.41,0
85,UE_0047,CELL_003,104.07,625.99,12.6,-69.99,"[""CELL_004"", ""CELL_005"", ""CELL_006""]",-103.38,0
90,UE_0047,CELL_003,104.5,624.81,12.6,-69.99,"[""CELL_004"", ""CELL_005"", ""CELL_006""]",-96.81,0
95,UE_0047,CELL_003,104.93,623.62,12.6,-69.99,"[""CELL_004"", ""CELL_005"", ""CELL_006""]",-94.48,0
100,UE_0047,CELL_003,105.36,622.44,12.6,-69.99,"[""CELL_004"", ""CELL_005"", ""CELL_006""]",-107.82,0
105,UE_0047,CELL_003,105.79,621.25,12.6,-69.99,"[""CELL_004"", ""CELL_005"", ""CELL_006""]",-115.71,0
110,UE_0047,CELL_003,106.22,620.07,12.6,-69.99,"[""CELL_004"", ""CELL_005"", ""CELL_006""]",-73.61,0
115,UE_0047,CELL_003,106.65,618.89,12.6,-69.99,"[""CELL_004"", ""CELL_005"", ""CELL_006""]",-87.52,0
120,UE_0047,CELL_003,107.08,617.7,12.6,-69.99,"[""CELL_004"", ""CELL_005"", ""CELL_006""]",-90.77,0
125,UE_0047,CELL_003,107.51,616.52,12.6,-69.99,"[""CELL_004"", ""CELL_005"", ""CELL_006""]",-87.51,0
130,UE_0047,CELL_003,107.95,615.33,12.6,-69.99,"[""CELL_004"", ""CELL_005"", ""CELL_006""]",-113.58,0
135,UE_0047,CELL_003,108.38,614.15,12.6,-69.99,"[""CELL_004"", ""CELL_005"", ""CELL_006""]",-113.33,0
140,UE_0047,CELL_003,108.81,612.96,12.6,-69.99,"[""CELL_004"", ""CELL_005"", ""CELL_006""]",-94.94,0
145,UE_0047,CELL_003,109.24,611.78,12.6,-69.99,"[""CELL_004"", ""CELL_005"", ""CELL_006""]",-89.55,0
150,UE_0047,CELL_003,109.67,610.6,12.6,-69.99,"[""CELL_004"", ""CELL_005"", ""CELL_006""]",-110.64,0
155,UE_0047,CELL_000,110.1,609.41,12.6,-69.99,"[""CELL_001"", ""CELL_002"", ""CELL_003""]",-110.19,0
160,UE_0047,CELL_000,110.53,608.23,12.6,-69.99,"[""CELL_001"", ""CELL_002"", ""CELL_003""]",-92.04,0
165,UE_0047,CELL_000,110.96,607.04,12.6,-69.99,"[""CELL_001"", ""CELL_002"", ""CELL_003""]",-101.4,0
170,UE_0047,CELL_000,111.4,605.86,12.6,-69.99,"[""CELL_001"", ""CELL_002"", ""CELL_003""]",-95.96,0
175,UE_0047,CELL_000,111.83,604.68,12.6,-69.99,"[""CELL_001"", ""CELL_002"", ""CELL_003""]",-91.36,0
180,UE_0047,CELL_000,112.26,603.49,12.6,-69.99,"[""CELL_001"", ""CELL_002"", ""CELL_003""]",-79.14,0
185,UE_0047,CELL_000,112.69,602.31,12.6,-69.99,"[""CELL_001"", ""CELL_002"", ""CELL_003""]",-96.46,0
190,UE_0047,CELL_000,113.12,601.12,12.6,-69.99,"[""CELL_001"", ""CELL_002"", ""CELL_003""]",-91.93,0
195,UE_0047,CELL_000,113.55,599.94,12.6,-69.99,"[""CELL_001"", ""CELL_002"", ""CELL_003""]",-106.48,0
200,UE_0047,CELL_000,113.98,598.75,12.6,-69.99,"[""CELL_001"", ""CELL_002"", ""CELL_003""]",-95.13,0
205,UE_0047,CELL_000,114.41,597.57,12.6,-69.99,"[""CELL_001"", ""CELL_002"", ""CELL_003""]",-99.31,0
210,UE_0047,CELL_000,114.84,596.39,12.6,-69.99,"[""CELL_001"", ""CELL_002"", ""CELL_003""]",-89.39,0
215,UE_0047,CELL_000,115.28,595.2,12.6,-69.99,"[""CELL_001"", ""CELL_002"", ""CELL_003""]",-103.01,0
220,UE_0047,CELL_000,115.71,594.02,12.6,-69.99,"[""CELL_001"", ""CELL_002"", ""CELL_003""]",-100.78,0
225,UE_0047,CELL_000,116.14,592.83,12.6,-69.99,"[""CELL_001"", ""CELL_002"", ""CELL_003""]",-84.96,0
230,UE_0047,CELL_000,116.57,591.65,23.04,-15.75,"[""CELL_001"", ""CELL_002"", ""CELL_003""]",-103.9,0
235,UE_0047,CELL_000,118.79,591.02,23.04,-15.75,"[""CELL_001"", ""CELL_002"", ""CELL_003""]",-98.05,0
240,UE_0047,CELL_000,121.0,590.4,23.04,-15.75,"[""CELL_001"", ""CELL_002"", ""CELL_003""]",-82.14,0
245,UE_0047,CELL_000,123.22,589.77,19.43,-106.8,"[""CELL_001"", ""CELL_002"", ""CELL_003""]",-99.94,0
250,UE_0047,CELL_000,122.66,587.91,19.43,-106.8,"[""CELL_001"", ""CELL_002"", ""CELL_003""]",-88.87,0
255,UE_0047,CELL_000,122.1,586.05,19.43,-106.8,"[""CELL_001"", ""CELL_002"", ""CELL_003""]",-98.94,0
260,UE_0047,CELL_000,121.54,584.19,19.43,-106.8,"[""CELL_001"", ""CELL_002"", ""CELL_003""]",-92.15,0
265,UE_0047,CELL_000,120.97,582.33,19.43,-106.8,"[""CELL_001"", ""CELL_002"", ""CELL_003""]",-101.42,0
270,UE_0047,CELL_000,120.41,580.47,19.43,-106.8,"[""CELL_001"", ""CELL_002"", ""CELL_003""]",-88.75,1
275,UE_0047,CELL_000,119.85,578.61,19.43,-106.8,"[""CELL_001"", ""CELL_002"", ""CELL_003""]",-104.89,0
280,UE_0047,CELL_000,119.29,576.75,19.43,-106.8,"[""CELL_001"", ""CELL_002"", ""CELL_003""]",-82.61,0
285,UE_0047,CELL_000,118.73,574.89,19.43,-106.8,"[""CELL_001"", ""CELL_002"", ""CELL_003""]",-105.17,0
290,UE_0047,CELL_000,118.17,573.03,19.43,-106.8,"[""CELL_001"", ""CELL_002"", ""CELL_003""]",-110.92,0
295,UE_0047,CELL_000,117.6,571.17,19.43,-106.8,"[""CELL_001"", ""CELL_002"", ""CELL_003""]",-111.99,0
300,UE_0047,CELL_000,117.04,569.31,19.43,-106.8,"[""CELL_001"", ""CELL_002"", ""CELL_003""]",-87.16,0
305,UE_0047,CELL_000,116.48,567.45,19.43,-106.8,"[""CELL_001"", ""CELL_002"", ""CELL_003""]",-98.3,0
310,UE_0047,CELL_000,115.92,565.59,19.43,-106.8,"[""CELL_001"", ""CELL_002"", ""CELL_003""]",-107.9,0
315,UE_0047,CELL_000,115.36,563.73,19.43,-106.8,"[""CELL_001"", ""CELL_002"", ""CELL_003""]",-81.96,1
320,UE_0047,CELL_000,114.8,561.87,19.43,-106.8,"[""CELL_001"", ""CELL_002"", ""CELL_003""]",-77.71,0
325,UE_0047,CELL_000,114.23,560.01,19.43,-106.8,"[""CELL_001"", ""CELL_002"", ""CELL_003""]",-90.1,0
330,UE_0047,CELL_000,113.67,558.15,19.43,-106.8,"[""CELL_001"", ""CELL_002"", ""CELL_003""]",-87.32,0
335,UE_0047,CELL_000,113.11,556.29,19.43,-106.8,"[""CELL_001"", ""CELL_002"", ""CELL_003""]",-96.97,0
340,UE_0047,CELL_000,112.55,554.43,19.43,-106.8,"[""CELL_001"", ""CELL_002"", ""CELL_003""]",-93.72,0
345,UE_0047,CELL_000,111.99,552.57,19.43,-106.8,"[""CELL_001"", ""CELL_002"", ""CELL_003""]",-78.42,0
350,UE_0047,CELL_000,111.43,550.71,19.43,-106.8,"[""CELL_001"", ""CELL_002"", ""CELL_003""]",-89.96,0
355,UE_0047,CELL_000,110.86,548.85,19.43,-106.8,"[""CELL_001"", ""CELL_002"", ""CELL_003""]",-91.22,0
360,UE_0047,CELL_000,110.3,546.99,19.43,-106.8,"[""CELL_001"", ""CELL_002"", ""CELL_003""]",-85.57,0
365,UE_0047,CELL_000,109.74,545.13,19.43,-106.8,"[""CELL_001"", ""CELL_002"", ""CELL_003""]",-102.65,0
370,UE_0047,CELL_000,109.18,543.27,19.43,-106.8,"[""CELL_001"", ""CELL_002"", ""CELL_003""]",-90.97,0
375,UE_0047,CELL_000,108.62,541.41,19.43,-106.8,"[""CELL_001"", ""CELL_002"", ""CELL_003""]",-99.94,0
380,UE_0047,CELL_000,108.06,539.55,19.43,-106.8,"[""CELL_001"", ""CELL_002"", ""CELL_003""]",-103.58,0
385,UE_0047,CELL_000,107.5,537.69,19.43,-106.8,"[""CELL_001"", ""CELL_002"", ""CELL_003""]",-70.62,0
390,UE_0047,CELL_000,106.93,535.83,19.43,-106.8,"[""CELL_001"", ""CELL_002"", ""CELL_003""]",-98.19,0
395,UE_0047,CELL_000,106.37,533.97,19.43,-106.8,"[""CELL_001"", ""CELL_002"", ""CELL_003""]",-83.06,0
400,UE_0047,CELL_000,105.81,532.11,19.43,-106.8,"[""CELL_001"", ""CELL_002"", ""CELL_003""]",-104.41,0
405,UE_0047,CELL_000,105.25,530.25,19.43,-106.8,"[""CELL_001"", ""CELL_002"", ""CELL_003""]",-117.95,0
410,UE_0047,CELL_000,104.69,528.39,19.43,-106.8,"[""CELL_001"", ""CELL_002"", ""CELL_003""]",-103.45,0
415,UE_0047,CELL_000,104.13,526.53,19.43,-106.8,"[""CELL_001"", ""CELL_002"", ""CELL_003""]",-96.84,0
420,UE_0047,CELL_000,103.56,524.67,23.81,89.91,"[""CELL_001"", ""CELL_002"", ""CELL_003""]",-105.23,0
425,UE_0047,CELL_000,103.57,527.05,23.81,89.91,"[""CELL_001"", ""CELL_002"", ""CELL_003""]",-86.43,0
430,UE_0047,CELL_000,103.57,529.43,23.81,89.91,"[""CELL_001"", ""CELL_002"", ""CELL_003""]",-109.56,0
435,UE_0047,CELL_000,103.57,531.81,23.81,89.91,"[""CELL_001"", ""CELL_002"", ""CELL_003""]",-80.88,0
440,UE_0047,CELL_000,103.58,534.19,23.81,89.91,"[""CELL_001"", ""CELL_002"", ""CELL_003""]",-82.02,0
445,UE_0047,CELL_000,103.58,536.57,23.81,89.91,"[""CELL_001"", ""CELL_002"", ""CELL_003""]",-103.39,0
450,UE_0047,CELL_000,103.59,538.95,23.81,89.91,"[""CELL_001"", ""CELL_002"", ""CELL_003""]",-90.5,0
455,UE_0047,CELL_000,103.59,541.33,23.81,89.91,"[""CELL_001"", ""CELL_002"", ""CELL_003""]",-91.48,0
460,UE_0047,CELL_000,103.59,543.71,23.81,89.91,"[""CELL_001"", ""CELL_002"", ""CELL_003""]",-104.6,0
465,UE_0047,CELL_000,103.6,546.09,23.81,89.91,"[""CELL_001"", ""CELL_002"", ""CELL_003""]",-73.46,0
470,UE_0047,CELL_000,103.6,548.48,23.81,89.91,"[""CELL_001"", ""CELL_002"", ""CELL_003""]",-95.33,0
475,UE_0047,CELL_000,103.6,550.86,23.81,89.91,"[""CELL_001"", ""CELL_002"", ""CELL_003""]",-107.32,0
480,UE_0047,CELL_000,103.61,553.24,23.81,89.91,"[""CELL_001"", ""CELL_002"", ""CELL_003""]",-91.16,0
485,UE_0047,CELL_000,103.61,555.62,23.81,89.91,"[""CELL_001"", ""CELL_002"", ""CELL_003""]",-88.99,0
490,UE_0047,CELL_000,103.61,558.0,23.81,89.91,"[""CELL_001"", ""CELL_002"", ""CELL_003""]",-112.0,0
495,UE_0047,CELL_000,103.62,560.38,23.81,89.91,"[""CELL_001"", ""CELL_002"", ""CELL_003""]",-104.19,1
0,UE_0048,CELL_005,524.08,781.11,16.53,-161.08,"[""CELL_006"", ""CELL_000"", ""CELL_001""]",-91.98,0
5,UE_0048,CELL_005,522.51,780.58,16.53,-161.08,"[""CELL_006"", ""CELL_000"", ""CELL_001""]",-93.23,0
10,UE_0048,CELL_005,520.95,780.04,16.53,-161.08,"[""CELL_006"", ""CELL_000"", ""CELL_001""]",-101.53,0
15,UE_0048,CELL_005,519.38,779.51,16.53,-161.08,"[""CELL_006"", ""CELL_000"", ""CELL_001""]",-95.41,0
20,UE_0048,CELL_005,517.82,778.97,16.53,-161.08,"[""CELL_006"", ""CELL_000"", ""CELL_001""]",-85.45,0
25,UE_0048,CELL_005,516.26,778.43,16.53,-161.08,"[""CELL_006"", ""CELL_000"", ""CELL_001""]",-87.09,0
30,UE_0048,CELL_005,514.69,777.9,16.53,-161.08,"[""CELL_006"", ""CELL_000"", ""CELL_001""]",-87.14,0
35,UE_0048,CELL_005,513.13,777.36,16.53,-161.08,"[""CELL_006"", ""CELL_000"", ""CELL_001""]",-102.68,0
40,UE_0048,CELL_005,511.56,776.83,16.53,-161.08,"[""CELL_006"", ""CELL_000"", ""CELL_001""]",-94.92,1
45,UE_0048,CELL_005,510.0,776.29,16.53,-161.08,"[""CELL_006"", ""CELL_000"", ""CELL_001""]",-105.69,0
50,UE_0048,CELL_005,508.44,775.75,16.53,-161.08,"[""CELL_006"", ""CELL_000"", ""CELL_001""]",-101.55,0
55,UE_0048,CELL_005,506.87,775.22,16.53,-161.08,"[""CELL_006"", ""CELL_000"", ""CELL_001""]",-88.13,0
60,UE_0048,CELL_005,505.31,774.68,16.53,-161.08,"[""CELL_006"", ""CELL_000"", ""CELL_001""]",-86.22,0
65,UE_0048,CELL_005,503.75,774.15,16.53,-161.08,"[""CELL_006"", ""CELL_000"", ""CELL_001""]",-91.59,0
70,UE_0048,CELL_005,502.18,773.61,16.53,-161.08,"[""CELL_006"", ""CELL_000"", ""CELL_001""]",-99.31,0
75,UE_0048,CELL_005,500.62,773.07,16.53,-161.08,"[""CELL_006"", ""CELL_000"", ""CELL_001""]",-99.53,0
80,UE_0048,CELL_005,499.05,772.54,16.53,-161.08,"[""CELL_006"", ""CELL_000"", ""CELL_001""]",-89.66,0
85,UE_0048,CELL_005,497.49,772.0,16.53,-161.08,"[""CELL_006"", ""CELL_000"", ""CELL_001""]",-84.42,0
90,UE_0048,CELL_005,495.93,771.47,16.53,-161.08,"[""CELL_006"", ""CELL_000"", ""CELL_001""]",-114.38,0
95,UE_0048,CELL_005,494.36,770.93,16.53,-161.08,"[""CELL_006"", ""CELL_000"", ""CELL_001""]",-97.25,0
100,UE_0048,CELL_005,492.8,770.39,16.53,-161.08,"[""CELL_006"", ""CELL_000"", ""CELL_001""]",-107.23,0
105,UE_0048,CELL_005,491.23,769.86,16.53,-161.08,"[""CELL_006"", ""CELL_000"", ""CELL_001""]",-87.5,0
110,UE_0048,CELL_005,489.67,769.32,16.53,-161.08,"[""CELL_006"", ""CELL_000"", ""CELL_001""]",-111.3,0
115,UE_0048,CELL_005,488.11,768.79,16.53,-161.08,"[""CELL_006"", ""CELL_000"", ""CELL_001""]",-97.38,0
120,UE_0048,CELL_005,486.54,768.25,16.53,-161.08,"[""CELL_006"", ""CELL_000"", ""CELL_001""]",-94.7,0
125,UE_0048,CELL_005,484.98,767.71,16.53,-161.08,"[""CELL_006"", ""CELL_000"", ""CELL_001""]",-110.26,0
130,UE_0048,CELL_005,483.42,767.18,16.53,-161.08,"[""CELL_006"", ""CELL_000"", ""CELL_001""]",-105.72,1
135,UE_0048,CELL_005,481.85,766.64,16.53,-161.08,"[""CELL_006"", ""CELL_000"", ""CELL_001""]",-94.06,0
140,UE_0048,CELL_001,480.29,766.11,16.53,-161.08,"[""CELL_002"", ""CELL_003"", ""CELL_004""]",-104.04,0
145,UE_0048,CELL_001,478.72,765.57,16.53,-161.08,"[""CELL_002"", ""CELL_003"", ""CELL_004""]",-80.43,0
150,UE_0048,CELL_001,477.16,765.03,16.53,-161.08,"[""CELL_002"", ""CELL_003"", ""CELL_004""]",-81.08,0
155,UE_0048,CELL_001,475.6,764.5,16.53,-161.08,"[""CELL_002"", ""CELL_003"", ""CELL_004""]",-103.49,0
160,UE_0048,CELL_001,474.03,763.96,16.53,-161.08,"[""CELL_002"", ""CELL_003"", ""CELL_004""]",-101.25,0
165,UE_0048,CELL_001,472.47,763.43,16.53,-161.08,"[""CELL_002"", ""CELL_003"", ""CELL_004""]",-93.79,0
170,UE_0048,CELL_001,470.9,762.89,16.53,-161.08,"[""CELL_002"", ""CELL_003"", ""CELL_004""]",-110.1,0
175,UE_0048,CELL_001,469.34,762.35,16.53,-161.08,"[""CELL_002"", ""CELL_003"", ""CELL_004""]",-110.32,0
180,UE_0048,CELL_001,467.78,761.82,16.53,-161.08,"[""CELL_002"", ""CELL_003"", ""CELL_004""]",-78.13,0
185,UE_0048,CELL_001,466.21,761.28,16.53,-161.08,"[""CELL_002"", ""CELL_003"", ""CELL_004""]",-85.03,0
190,UE_0048,CELL_001,464.65,760.75,16.53,-161.08,"[""CELL_002"", ""CELL_003"", ""CELL_004""]",-88.34,1
195,UE_0048,CELL_001,463.09,760.21,16.53,-161.08,"[""CELL_002"", ""CELL_003"", ""CELL_004""]",-103.45,0
200,UE_0048,CELL_001,461.52,759.67,16.53,-161.08,"[""CELL_002"", ""CELL_003"", ""CELL_004""]",-94.43,0
205,UE_0048,CELL_001,459.96,759.14,16.53,-161.08,"[""CELL_002"", ""CELL_003"", ""CELL_004""]",-82.82,0
210,UE_0048,CELL_001,458.39,758.6,16.53,-161.08,"[""CELL_002"", ""CELL_003"", ""CELL_004""]",-81.82,0
215,UE_0048,CELL_001,456.83,758.07,16.53,-161.08,"[""CELL_002"", ""CELL_003"", ""CELL_004""]",-87.52,0
220,UE_0048,CELL_001,455.27,757.53,16.53,-161.08,"[""CELL_002"", ""CELL_003"", ""CELL_004""]",-99.04,0
225,UE_0048,CELL_001,453.7,756.99,16.53,-161.08,"[""CELL_002"", ""CELL_003"", ""CELL_004""]",-109.55,0
230,UE_0048,CELL_001,452.14,756.46,16.53,-161.08,"[""CELL_002"", ""CELL_003"", ""CELL_004""]",-89.34,0
235,UE_0048,CELL_001,450.57,755.92,16.53,-161.08,"[""CELL_002"", ""CELL_003"", ""CELL_004""]",-85.52,0
240,UE_0048,CELL_001,449.01,755.39,16.53,-161.08,"[""CELL_002"", ""CELL_003"", ""CELL_004""]",-96.86,0
245,UE_0048,CELL_001,447.45,754.85,16.53,-161.08,"[""CELL_002"", ""CELL_003"", ""CELL_004""]",-104.84,0
250,UE_0048,CELL_001,445.88,754.31,16.53,-161.08,"[""CELL_002"", ""CELL_003"", ""CELL_004""]",-99.4,0
255,UE_0048,CELL_001,444.32,753.78,16.53,-161.08,"[""CELL_002"", ""CELL_003"", ""CELL_004""]",-91.39,0
260,UE_0048,CELL_001,442.75,753.24,16.53,-161.08,"[""CELL_002"", ""CELL_003"", ""CELL_004""]",-76.73,0
265,UE_0048,CELL_001,441.19,752.71,16.53,-161.08,"[""CELL_002"", ""CELL_003"", ""CELL_004""]",-81.55,0
270,UE_0048,CELL_001,439.63,752.17,16.53,-161.08,"[""CELL_002"", ""CELL_003"", ""CELL_004""]",-77.53,0
275,UE_0048,CELL_001,438.06,751.63,16.53,-161.08,"[""CELL_002"", ""CELL_003"", ""CELL_004""]",-94.38,0
280,UE_0048,CELL_001,436.5,751.1,16.53,-161.08,"[""CELL_002"", ""CELL_003"", ""CELL_004""]",-110.83,0
285,UE_0048,CELL_001,434.94,750.56,16.53,-161.08,"[""CELL_002"", ""CELL_003"", ""CELL_004""]",-109.87,1
290,UE_0048,CELL_001,433.37,750.03,7.86,-156.46,"[""CELL_002"", ""CELL_003"", ""CELL_004""]",-82.89,0
295,UE_0048,CELL_001,432.65,749.71,7.86,-156.46,"[""CELL_002"", ""CELL_003"", ""CELL_004""]",-87.62,0
300,UE_0048,CELL_001,431.93,749.4,26.03,-29.62,"[""CELL_002"", ""CELL_003"", ""CELL_004""]",-98.79,1
305,UE_0048,CELL_001,434.19,748.11,26.03,-29.62,"[""CELL_002"", ""CELL_003"", ""CELL_004""]",-93.78,0
310,UE_0048,CELL_001,436.46,746.82,26.03,-29.62,"[""CELL_002"", ""CELL_003"", ""CELL_004""]",-89.99,0
315,UE_0048,CELL_001,438.72,745.54,26.03,-29.62,"[""CELL_002"", ""CELL_003"", ""CELL_004""]",-95.84,0
320,UE_0048,CELL_001,440.98,744.25,26.03,-29.62,"[""CELL_002"", ""CELL_003"", ""CELL_004""]",-87.9,0
325,UE_0048,CELL_001,443.25,742.97,26.03,-29.62,"[""CELL_002"", ""CELL_003"", ""CELL_004""]",-93.53,0
330,UE_0048,CELL_001,445.51,741.68,26.03,-29.62,"[""CELL_002"", ""CELL_003"", ""CELL_004""]",-90.73,0
335,UE_0048,CELL_001,447.77,740.39,26.03,-29.62,"[""CELL_002"", ""CELL_003"", ""CELL_004""]",-80.38,0
340,UE_0048,CELL_001,450.03,739.11,26.03,-29.62,"[""CELL_002"", ""CELL_003"", ""CELL_004""]",-75.1,0
345,UE_0048,CELL_001,452.3,737.82,26.03,-29.62,"[""CELL_002"", ""CELL_003"", ""CELL_004""]",-104.8,0
350,UE_0048,CELL_001,454.56,736.53,26.03,-29.62,"[""CELL_002"", ""CELL_003"", ""CELL_004""]",-94.63,0
355,UE_0048,CELL_001,456.82,735.25,26.03,-29.62,"[""CELL_002"", ""CELL_003"", ""CELL_004""]",-94.65,0
360,UE_0048,CELL_001,459.09,733.96,26.03,-29.62,"[""CELL_002"", ""CELL_003"", ""CELL_004""]",-96.18,0
365,UE_0048,CELL_001,461.35,732.67,26.03,-29.62,"[""CELL_002"", ""CELL_003"", ""CELL_004""]",-100.55,0
370,UE_0048,CELL_001,463.61,731.39,26.03,-29.62,"[""CELL_002"", ""CELL_003"", ""CELL_004""]",-91.16,0
375,UE_0048,CELL_001,465.87,730.1,26.03,-29.62,"[""CELL_002"", ""CELL_003"", ""CELL_004""]",-91.96,0
380,UE_0048,CELL_001,468.14,728.81,26.03,-29.62,"[""CELL_002"", ""CELL_003"", ""CELL_004""]",-68.31,0
385,UE_0048,CELL_001,470.4,727.53,26.03,-29.62,"[""CELL_002"", ""CELL_003"", ""CELL_004""]",-88.73,0
390,UE_0048,CELL_001,472.66,726.24,26.03,-29.62,"[""CELL_002"", ""CELL_003"", ""CELL_004""]",-100.61,0
395,UE_0048,CELL_001,474.93,724.95,26.03,-29.62,"[""CELL_002"", ""CELL_003"", ""CELL_004""]",-93.43,0
400,UE_0048,CELL_001,477.19,723.67,26.03,-29.62,"[""CELL_002"", ""CELL_003"", ""CELL_004""]",-83.08,0
405,UE_0048,CELL_001,479.45,722.38,26.03,-29.62,"[""CELL_002"", ""CELL_003"", ""CELL_004""]",-88.55,0
410,UE_0048,CELL_001,481.72,721.09,26.03,-29.62,"[""CELL_002"", ""CELL_003"", ""CELL_004""]",-89.67,0
415,UE_0048,CELL_001,483.98,719.81,26.03,-29.62,"[""CELL_002"", ""CELL_003"", ""CELL_004""]",-96.16,0
420,UE_0048,CELL_001,486.24,718.52,26.03,-29.62,"[""CELL_002"", ""CELL_003"", ""CELL_004""]",-99.0,0
425,UE_0048,CELL_001,488.5,717.24,26.03,-29.62,"[""CELL_002"", ""CELL_003"", ""CELL_004""]",-106.37,0
430,UE_0048,CELL_001,490.77,715.95,26.03,-29.62,"[""CELL_002"", ""CELL_003"", ""CELL_004""]",-94.06,0
435,UE_0048,CELL_001,493.03,714.66,26.03,-29.62,"[""CELL_002"", ""CELL_003"", ""CELL_004""]",-93.24,0
440,UE_0048,CELL_001,495.29,713.38,26.03,-29.62,"[""CELL_002"", ""CELL_003"", ""CELL_004""]",-92.44,0
445,UE_0048,CELL_001,497.56,712.09,26.03,-29.62,"[""CELL_002"", ""CELL_003"", ""CELL_004""]",-104.72,0
450,UE_0048,CELL_001,499.82,710.8,26.03,-29.62,"[""CELL_002"", ""CELL_003"", ""CELL_004""]",-88.88,0
455,UE_0048,CELL_001,502.08,709.52,26.03,-29.62,"[""CELL_002"", ""CELL_003"", ""CELL_004""]",-92.84,0
460,UE_0048,CELL_001,504.35,708.23,26.03,-29.62,"[""CELL_002"", ""CELL_003"", ""CELL_004""]",-103.36,0
465,UE_0048,CELL_001,506.61,706.94,26.03,-29.62,"[""CELL_002"", ""CELL_003"", ""CELL_004""]",-91.47,0
470,UE_0048,CELL_001,508.87,705.66,26.03,-29.62,"[""CELL_002"", ""CELL_003"", ""CELL_004""]",-111.79,0
475,UE_0048,CELL_001,511.13,704.37,26.03,-29.62,"[""CELL_002"", ""CELL_003"", ""CELL_004""]",-66.35,0
480,UE_0048,CELL_001,513.4,703.08,26.03,-29.62,"[""CELL_002"", ""CELL_003"", ""CELL_004""]",-80.48,0
485,UE_0048,CELL_001,515.66,701.8,26.03,-29.62,"[""CELL_002"", ""CELL_003"", ""CELL_004""]",-96.45,1
490,UE_0048,CELL_001,517.92,700.51,26.03,-29.62,"[""CELL_002"", ""CELL_003"", ""CELL_004""]",-97.08,0
495,UE_0048,CELL_001,520.19,699.22,26.03,-29.62,"[""CELL_002"", ""CELL_003"", ""CELL_004""]",-80.56,0
0,UE_0049,CELL_002,783.47,413.78,13.06,27.98,"[""CELL_003"", ""CELL_004"", ""CELL_005""]",-104.22,0
5,UE_0049,CELL_002,784.63,414.39,13.06,27.98,"[""CELL_003"", ""CELL_004"", ""CELL_005""]",-95.23,0
10,UE_0049,CELL_002,785.78,415.01,13.06,27.98,"[""CELL_003"", ""CELL_004"", ""CELL_005""]",-106.67,0
15,UE_0049,CELL_002,786.93,415.62,13.06,27.98,"[""CELL_003"", ""CELL_004"", ""CELL_005""]",-86.32,1
20,UE_0049,CELL_002,788.08,416.23,13.06,27.98,"[""CELL_003"", ""CELL_004"", ""CELL_005""]",-105.1,0
25,UE_0049,CELL_002,789.24,416.84,13.06,27.98,"[""CELL_003"", ""CELL_004"", ""CELL_005""]",-91.0,0
30,UE_0049,CELL_002,790.39,417.46,13.06,27.98,"[""CELL_003"", ""CELL_004"", ""CELL_005""]",-102.15,0
35,UE_0049,CELL_002,791.54,418.07,13.06,27.98,"[""CELL_003"", ""CELL_004"", ""CELL_005""]",-108.86,0
40,UE_0049,CELL_002,792.7,418.68,13.06,27.98,"[""CELL_003"", ""CELL_004"", ""CELL_005""]",-90.04,1
45,UE_0049,CELL_002,793.85,419.29,13.06,27.98,"[""CELL_003"", ""CELL_004"", ""CELL_005""]",-97.47,0
50,UE_0049,CELL_002,795.0,419.91,13.06,27.98,"[""CELL_003"", ""CELL_004"", ""CELL_005""]",-99.39,0
55,UE_0049,CELL_002,796.16,420.52,13.06,27.98,"[""CELL_003"", ""CELL_004"", ""CELL_005""]",-104.37,0
60,UE_0049,CELL_002,797.31,421.13,13.06,27.98,"[""CELL_003"", ""CELL_004"", ""CELL_005""]",-92.64,0
65,UE_0049,CELL_002,798.46,421.74,13.06,27.98,"[""CELL_003"", ""CELL_004"", ""CELL_005""]",-112.3,0
70,UE_0049,CELL_002,799.62,422.36,13.06,27.98,"[""CELL_003"", ""CELL_004"", ""CELL_005""]",-81.79,0
75,UE_0049,CELL_002,800.77,422.97,13.06,27.98,"[""CELL_003"", ""CELL_004"", ""CELL_005""]",-107.19,0
80,UE_0049,CELL_002,801.92,423.58,13.06,27.98,"[""CELL_003"", ""CELL_004"", ""CELL_005""]",-99.66,0
85,UE_0049,CELL_003,803.07,424.19,13.06,27.98,"[""CELL_004"", ""CELL_005"", ""CELL_006""]",-86.92,0
90,UE_0049,CELL_003,804.23,424.81,13.06,27.98,"[""CELL_004"", ""CELL_005"", ""CELL_006""]",-89.1,0
95,UE_0049,CELL_003,805.38,425.42,13.06,27.98,"[""CELL_004"", ""CELL_005"", ""CELL_006""]",-101.99,0
100,UE_0049,CELL_003,806.53,426.03,13.06,27.98,"[""CELL_004"", ""CELL_005"", ""CELL_006""]",-90.87,0
105,UE_0049,CELL_003,807.69,426.64,13.06,27.98,"[""CELL_004"", ""CELL_005"", ""CELL_006""]",-89.08,0
110,UE_0049,CELL_003,808.84,427.26,13.06,27.98,"[""CELL_004"", ""CELL_005"", ""CELL_006""]",-108.2,0
115,UE_0049,CELL_003,809.99,427.87,13.06,27.98,"[""CELL_004"", ""CELL_005"", ""CELL_006""]",-87.24,0
120,UE_0049,CELL_003,811.15,428.48,13.06,27.98,"[""CELL_004"", ""CELL_005"", ""CELL_006""]",-96.28,0
125,UE_0049,CELL_003,812.3,429.09,13.06,27.98,"[""CELL_004"", ""CELL_005"", ""CELL_006""]",-89.62,0
130,UE_0049,CELL_003,813.45,429.71,13.06,27.98,"[""CELL_004"", ""CELL_005"", ""CELL_006""]",-84.78,0
135,UE_0049,CELL_003,814.61,430.32,13.06,27.98,"[""CELL_004"", ""CELL_005"", ""CELL_006""]",-99.14,0
140,UE_0049,CELL_003,815.76,430.93,13.06,27.98,"[""CELL_004"", ""CELL_005"", ""CELL_006""]",-98.55,0
145,UE_0049,CELL_003,816.91,431.54,13.06,27.98,"[""CELL_004"", ""CELL_005"", ""CELL_006""]",-68.42,0
150,UE_0049,CELL_003,818.06,432.16,13.06,27.98,"[""CELL_004"", ""CELL_005"", ""CELL_006""]",-104.57,0
155,UE_0049,CELL_003,819.22,432.77,13.06,27.98,"[""CELL_004"", ""CELL_005"", ""CELL_006""]",-91.2,0
160,UE_0049,CELL_003,820.37,433.38,13.06,27.98,"[""CELL_004"", ""CELL_005"", ""CELL_006""]",-73.22,0
165,UE_0049,CELL_003,821.52,433.99,13.06,27.98,"[""CELL_004"", ""CELL_005"", ""CELL_006""]",-92.65,0
170,UE_0049,CELL_003,822.68,434.61,13.06,27.98,"[""CELL_004"", ""CELL_005"", ""CELL_006""]",-91.08,0
175,UE_0049,CELL_003,823.83,435.22,13.06,27.98,"[""CELL_004"", ""CELL_005"", ""CELL_006""]",-81.96,0
180,UE_0049,CELL_003,824.98,435.83,13.06,27.98,"[""CELL_004"", ""CELL_005"", ""CELL_006""]",-99.23,0
185,UE_0049,CELL_003,826.14,436.44,13.06,27.98,"[""CELL_004"", ""CELL_005"", ""CELL_006""]",-103.36,1
190,UE_0049,CELL_003,827.29,437.06,13.06,27.98,"[""CELL_004"", ""CELL_005"", ""CELL_006""]",-84.92,0
195,UE_0049,CELL_003,828.44,437.67,13.06,27.98,"[""CELL_004"", ""CELL_005"", ""CELL_006""]",-104.2,0
200,UE_0049,CELL_003,829.59,438.28,13.06,27.98,"[""CELL_004"", ""CELL_005"", ""CELL_006""]",-84.93,0
205,UE_0049,CELL_003,830.75,438.89,13.06,27.98,"[""CELL_004"", ""CELL_005"", ""CELL_006""]",-95.57,0
210,UE_0049,CELL_003,831.9,439.51,13.06,27.98,"[""CELL_004"", ""CELL_005"", ""CELL_006""]",-93.59,0
215,UE_0049,CELL_003,833.05,440.12,13.06,27.98,"[""CELL_004"", ""CELL_005"", ""CELL_006""]",-86.75,0
220,UE_0049,CELL_003,834.21,440.73,13.06,27.98,"[""CELL_004"", ""CELL_005"", ""CELL_006""]",-106.44,1
225,UE_0049,CELL_003,835.36,441.34,13.06,27.98,"[""CELL_004"", ""CELL_005"", ""CELL_006""]",-80.46,0
230,UE_0049,CELL_003,836.51,441.96,13.06,27.98,"[""CELL_004"", ""CELL_005"", ""CELL_006""]",-103.12,0
235,UE_0049,CELL_003,837.67,442.57,13.06,27.98,"[""CELL_004"", ""CELL_005"", ""CELL_006""]",-102.79,0
240,UE_0049,CELL_003,838.82,443.18,13.06,27.98,"[""CELL_004"", ""CELL_005"", ""CELL_006""]",-91.37,0
245,UE_0049,CELL_003,839.97,443.79,13.06,27.98,"[""CELL_004"", ""CELL_005"", ""CELL_006""]",-106.7,0
250,UE_0049,CELL_003,841.13,444.41,13.06,27.98,"[""CELL_004"", ""CELL_005"", ""CELL_006""]",-103.48,0
255,UE_0049,CELL_003,842.28,445.02,13.06,27.98,"[""CELL_004"", ""CELL_005"", ""CELL_006""]",-84.21,0
260,UE_0049,CELL_003,843.43,445.63,13.06,27.98,"[""CELL_004"", ""CELL_005"", ""CELL_006""]",-117.69,0
265,UE_0049,CELL_003,844.58,446.24,13.06,27.98,"[""CELL_004"", ""CELL_005"", ""CELL_006""]",-91.3,0
270,UE_0049,CELL_003,845.74,446.86,13.06,27.98,"[""CELL_004"", ""CELL_005"", ""CELL_006""]",-82.75,0
275,UE_0049,CELL_003,846.89,447.47,13.06,27.98,"[""CELL_004"", ""CELL_005"", ""CELL_006""]",-98.84,0
280,UE_0049,CELL_003,848.04,448.08,13.06,27.98,"[""CELL_004"", ""CELL_005"", ""CELL_006""]",-106.52,0
285,UE_0049,CELL_003,849.2,448.69,13.06,27.98,"[""CELL_004"", ""CELL_005"", ""CELL_006""]",-96.36,0
290,UE_0049,CELL_003,850.35,449.31,13.06,27.98,"[""CELL_004"", ""CELL_005"", ""CELL_006""]",-101.05,0
295,UE_0049,CELL_005,851.5,449.92,13.06,27.98,"[""CELL_006"", ""CELL_000"", ""CELL_001""]",-94.25,0
300,UE_0049,CELL_005,852.66,450.53,13.06,27.98,"[""CELL_006"", ""CELL_000"", ""CELL_001""]",-81.76,0
305,UE_0049,CELL_005,853.81,451.14,13.06,27.98,"[""CELL_006"", ""CELL_000"", ""CELL_001""]",-76.04,0
310,UE_0049,CELL_005,854.96,451.76,13.06,27.98,"[""CELL_006"", ""CELL_000"", ""CELL_001""]",-76.13,0
315,UE_0049,CELL_005,856.12,452.37,13.06,27.98,"[""CELL_006"", ""CELL_000"", ""CELL_001""]",-99.57,0
320,UE_0049,CELL_005,857.27,452.98,13.06,27.98,"[""CELL_006"", ""CELL_000"", ""CELL_001""]",-85.63,0
325,UE_0049,CELL_005,858.42,453.6,13.06,27.98,"[""CELL_006"", ""CELL_000"", ""CELL_001""]",-92.17,0
330,UE_0049,CELL_005,859.57,454.21,13.06,27.98,"[""CELL_006"", ""CELL_000"", ""CELL_001""]",-101.29,0
335,UE_0049,CELL_005,860.73,454.82,13.06,27.98,"[""CELL_006"", ""CELL_000"", ""CELL_001""]",-105.19,0
340,UE_0049,CELL_005,861.88,455.43,13.06,27.98,"[""CELL_006"", ""CELL_000"", ""CELL_001""]",-107.2,0
345,UE_0049,CELL_005,863.03,456.05,13.06,27.98,"[""CELL_006"", ""CELL_000"", ""CELL_001""]",-88.85,0
350,UE_0049,CELL_005,864.19,456.66,13.06,27.98,"[""CELL_006"", ""CELL_000"", ""CELL_001""]",-85.91,0
355,UE_0049,CELL_005,865.34,457.27,13.06,27.98,"[""CELL_006"", ""CELL_000"", ""CELL_001""]",-92.93,0
360,UE_0049,CELL_005,866.49,457.88,13.06,27.98,"[""CELL_006"", ""CELL_000"", ""CELL_001""]",-95.98,0
365,UE_0049,CELL_005,867.65,458.5,13.06,27.98,"[""CELL_006"", ""CELL_000"", ""CELL_001""]",-102.72,0
370,UE_0049,CELL_005,868.8,459.11,13.06,27.98,"[""CELL_006"", ""CELL_000"", ""CELL_001""]",-101.8,0
375,UE_0049,CELL_005,869.95,459.72,13.06,27.98,"[""CELL_006"", ""CELL_000"", ""CELL_001""]",-101.42,0
380,UE_0049,CELL_005,871.1,460.33,13.06,27.98,"[""CELL_006"", ""CELL_000"", ""CELL_001""]",-90.35,0
385,UE_0049,CELL_005,872.26,460.95,13.06,27.98,"[""CELL_006"", ""CELL_000"", ""CELL_001""]",-76.44,0
390,UE_0049,CELL_005,873.41,461.56,13.06,27.98,"[""CELL_006"", ""CELL_000"", ""CELL_001""]",-112.13,0
395,UE_0049,CELL_005,874.56,462.17,13.06,27.98,"[""CELL_006"", ""CELL_000"", ""CELL_001""]",-94.39,0
400,UE_0049,CELL_005,875.72,462.78,27.82,-20.22,"[""CELL_006"", ""CELL_000"", ""CELL_001""]",-98.35,0
405,UE_0049,CELL_005,878.33,461.82,27.82,-20.22,"[""CELL_006"", ""CELL_000"", ""CELL_001""]",-106.95,0
410,UE_0049,CELL_005,880.94,460.86,27.82,-20.22,"[""CELL_006"", ""CELL_000"", ""CELL_001""]",-86.1,0
415,UE_0049,CELL_005,883.55,459.9,25.68,-30.58,"[""CELL_006"", ""CELL_000"", ""CELL_001""]",-117.83,0
420,UE_0049,CELL_005,885.76,458.59,25.68,-30.58,"[""CELL_006"", ""CELL_000"", ""CELL_001""]",-86.11,0
425,UE_0049,CELL_005,887.97,457.28,25.68,-30.58,"[""CELL_006"", ""CELL_000"", ""CELL_001""]",-85.16,0
430,UE_0049,CELL_005,890.18,455.98,25.68,-30.58,"[""CELL_006"", ""CELL_000"", ""CELL_001""]",-88.09,0
435,UE_0049,CELL_005,892.39,454.67,25.68,-30.58,"[""CELL_006"", ""CELL_000"", ""CELL_001""]",-93.96,0
440,UE_0049,CELL_005,894.6,453.36,25.68,-30.58,"[""CELL_006"", ""CELL_000"", ""CELL_001""]",-91.63,0
445,UE_0049,CELL_005,896.81,452.06,25.68,-30.58,"[""CELL_006"", ""CELL_000"", ""CELL_001""]",-95.21,0
450,UE_0049,CELL_005,899.03,450.75,25.68,-30.58,"[""CELL_006"", ""CELL_000"", ""CELL_001""]",-100.81,0
455,UE_0049,CELL_005,901.24,449.44,25.68,-30.58,"[""CELL_006"", ""CELL_000"", ""CELL_001""]",-90.03,0
460,UE_0049,CELL_005,903.45,448.14,22.8,-50.31,"[""CELL_006"", ""CELL_000"", ""CELL_001""]",-105.24,0
465,UE_0049,CELL_005,904.9,446.38,22.8,-50.31,"[""CELL_006"", ""CELL_000"", ""CELL_001""]",-87.31,0
470,UE_0049,CELL_005,906.36,444.63,22.8,-50.31,"[""CELL_006"", ""CELL_000"", ""CELL_001""]",-87.08,0
475,UE_0049,CELL_005,907.82,442.87,22.8,-50.31,"[""CELL_006"", ""CELL_000"", ""CELL_001""]",-87.64,0
480,UE_0049,CELL_005,909.27,441.12,22.8,-50.31,"[""CELL_006"", ""CELL_000"", ""CELL_001""]",-100.61,0
485,UE_0049,CELL_003,910.73,439.36,22.8,-50.31,"[""CELL_004"", ""CELL_005"", ""CELL_006""]",-111.56,0
490,UE_0049,CELL_003,912.18,437.61,22.8,-50.31,"[""CELL_004"", ""CELL_005"", ""CELL_006""]",-108.67,0
495,UE_0049,CELL_003,913.64,435.85,22.8,-50.31,"[""CELL_004"", ""CELL_005"", ""CELL_006""]",-71.02,0
