cell_id,scenario,snr_db,beam_index,nmse_mmse,nmse_ai,attack_type,attack_severity,trust_score,step,ue_count,load,twin_fidelity,x_m,y_m
CELL_000,UMa,12.33,25,0.024832,0.004809,normal,0.0,0.9902,0,25,0.205,0.9596,47.4,7.6
CELL_001,NTN-LEO,5.91,21,0.12159,0.02935,normal,0.0,0.9849,0,18,0.537,0.9577,200.1,21.1
CELL_002,InH,10.04,9,0.02531,0.004462,data_poisoning,0.5067,0.4446,0,28,0.94,0.9292,326.1,52.7
CELL_003,RIS,2.71,30,0.135664,0.056081,normal,0.0,0.9596,0,19,0.267,0.9555,505.3,40.8
CELL_004,UMa,12.5,30,0.048553,0.011108,normal,0.0,0.9597,0,28,0.643,0.9591,629.1,49.2
CELL_005,UMi,9.12,25,0.992013,0.209562,normal,0.0,0.9783,0,9,0.686,0.9432,802.5,66.7
CELL_006,InH,8.42,24,0.004602,0.001579,normal,0.0,0.9851,0,17,0.559,0.9599,40.1,197.0
CELL_007,RMa,11.22,12,0.023507,0.004537,normal,0.0,0.9825,0,13,0.561,0.9596,187.9,217.8
CELL_008,THz,-0.23,14,1.2,0.573046,csi_spoofing,0.665,0.2979,0,20,0.622,0.8743,339.8,207.7
CELL_009,RIS,0.19,4,0.565815,0.252529,normal,0.0,0.9829,0,27,0.643,0.9398,502.9,204.8
CELL_010,THz,5.38,14,0.359651,0.136547,normal,0.0,0.9511,0,8,0.579,0.9491,643.6,220.7
CELL_011,InH,9.42,28,0.102999,0.03415,normal,0.0,0.9711,0,24,0.554,0.9573,819.6,187.2
CELL_012,InH,-5.0,3,1.2,0.392781,adversarial,0.3988,0.5591,0,37,0.896,0.9046,45.4,360.7
CELL_013,UMa,9.87,16,0.015657,0.003644,normal,0.0,0.9927,0,39,0.736,0.9597,179.8,356.4
CELL_014,THz,21.26,18,0.073839,0.005851,pilot_contamination,0.7427,0.0605,0,9,0.222,0.915,355.9,367.6
CELL_015,RMa,4.64,10,0.005745,0.001156,data_poisoning,0.2657,0.715,0,24,0.756,0.944,495.6,361.3
CELL_016,THz,13.81,31,0.024088,0.004727,normal,0.0,0.9642,0,24,0.259,0.9596,666.6,334.3
CELL_017,NTN-LEO,16.67,13,0.033678,0.004959,normal,0.0,0.9973,0,37,0.428,0.9596,812.0,347.2
CELL_018,NTN-LEO,12.7,3,0.164983,0.043226,normal,0.0,0.9704,0,23,0.48,0.9565,60.5,484.3
CELL_019,UMa,13.77,0,0.146854,0.033068,normal,0.0,0.9762,0,13,0.369,0.9574,202.2,508.5
CELL_020,RIS,-4.39,19,0.424168,0.132387,normal,0.0,0.9728,0,37,0.442,0.9494,337.8,508.2
CELL_021,FR2-mmWave,4.77,0,0.02052,0.005306,normal,0.0,0.9892,0,18,0.412,0.9596,501.2,493.7
CELL_022,THz,7.49,26,0.005457,0.001932,normal,0.0,0.972,0,21,0.622,0.9598,648.5,496.2
CELL_023,RIS,2.12,11,0.059804,0.025171,normal,0.0,0.9908,0,33,0.9,0.958,809.1,496.3
CELL_000,RIS,15.48,3,0.002,0.001,jamming,0.2939,0.5612,1,30,0.69,0.9423,50.9,58.7
CELL_001,THz,12.03,17,0.020703,0.006257,normal,0.0,0.9906,1,23,0.732,0.9595,201.4,64.5
CELL_002,RIS,3.5,14,0.08234,0.033202,normal,0.0,0.9524,1,19,0.613,0.9573,375.7,50.0
CELL_003,NTN-LEO,19.6,1,0.002,0.001,normal,0.0,0.9984,1,20,0.578,0.9599,508.2,28.2
CELL_004,RMa,6.22,22,0.892359,0.160412,pilot_contamination,0.8616,0.05,1,35,0.52,0.8955,673.3,52.1
CELL_005,THz,9.45,6,0.068948,0.016323,normal,0.0,0.9825,1,14,0.386,0.9587,805.4,70.8
CELL_006,RIS,9.51,13,0.362006,0.056661,false_csi_injection,0.8814,0.0985,1,31,0.373,0.9026,61.7,207.8
CELL_007,FR2-mmWave,7.92,16,0.084751,0.015355,jamming,0.4495,0.356,1,16,0.504,0.9318,200.8,203.0
CELL_008,NTN-LEO,14.49,16,0.026503,0.002431,pilot_contamination,0.959,0.05,1,23,0.672,0.9023,350.6,198.4
CELL_009,FR2-mmWave,5.42,14,0.007765,0.002253,jamming,0.2022,0.6772,1,38,0.811,0.9477,493.1,175.3
CELL_010,THz,15.67,29,0.01862,0.003329,pilot_contamination,0.4075,0.4752,1,10,0.944,0.9353,671.1,201.8
CELL_011,THz,20.2,30,0.002,0.001,normal,0.0,0.9871,1,27,0.756,0.9599,806.3,200.7
CELL_012,FR2-mmWave,8.35,30,0.075659,0.018607,data_poisoning,0.3906,0.5978,1,17,0.664,0.9351,41.0,335.6
CELL_013,InH,14.01,29,0.002955,0.001,normal,0.0,0.9768,1,19,0.214,0.9599,208.4,342.8
CELL_014,RMa,14.98,16,0.002,0.001,normal,0.0,0.9599,1,21,0.765,0.9599,348.4,355.2
CELL_015,UMi,20.0,7,0.002,0.001,normal,0.0,0.9859,1,14,0.763,0.9599,516.8,330.5
CELL_016,FR2-mmWave,19.21,18,0.002,0.001,pilot_contamination,0.2355,0.7172,1,9,0.946,0.9458,618.9,358.8
CELL_017,RIS,-4.46,13,1.2,0.361788,jamming,0.6293,0.1042,1,29,0.365,0.8933,804.4,345.1
CELL_018,InH,11.69,25,0.018543,0.003605,normal,0.0,0.9527,1,20,0.89,0.9597,57.1,473.0
CELL_019,THz,13.19,26,0.002,0.001,normal,0.0,0.9798,1,14,0.871,0.9599,215.9,493.6
CELL_020,UMi,0.53,21,0.700387,0.213743,normal,0.0,0.9593,1,18,0.583,0.9429,364.9,507.3
CELL_021,UMi,15.04,24,0.002,0.001,false_csi_injection,0.3221,0.6406,1,10,0.401,0.9406,516.7,509.5
CELL_022,THz,13.27,30,0.014307,0.00413,normal,0.0,0.9862,1,15,0.259,0.9597,648.7,480.5
CELL_023,RMa,19.66,29,0.002,0.001,normal,0.0,0.9976,1,11,0.594,0.9599,791.8,495.5
CELL_000,FR2-mmWave,11.53,15,0.007755,0.002386,normal,0.0,0.9613,2,9,0.841,0.9598,41.4,49.6
CELL_001,RIS,13.93,18,0.002,0.001,normal,0.0,0.9602,2,39,0.831,0.9599,200.5,56.1
CELL_002,InH,19.15,29,0.048938,0.003634,csi_spoofing,0.9423,0.05,2,30,0.765,0.9032,352.9,56.0
CELL_003,THz,23.27,6,0.002,0.001,data_poisoning,0.1759,0.7843,2,24,0.607,0.9494,515.7,54.1
CELL_004,NTN-LEO,20.41,22,0.002,0.001,normal,0.0,0.9971,2,26,0.241,0.9599,634.9,35.7
CELL_005,FR2-mmWave,14.85,19,0.002,0.001,normal,0.0,0.9713,2,28,0.492,0.9599,812.3,46.3
CELL_006,FR2-mmWave,14.2,26,0.171382,0.041941,normal,0.0,0.974,2,11,0.395,0.9566,38.7,187.7
CELL_007,InH,31.75,17,0.002,0.001,normal,0.0,0.9513,2,16,0.787,0.9599,202.4,195.8
CELL_008,RIS,-0.56,6,1.2,0.882236,false_csi_injection,0.5253,0.4668,2,23,0.933,0.8579,346.2,183.2
CELL_009,NTN-LEO,19.21,30,0.035073,0.007002,normal,0.0,0.9539,2,16,0.527,0.9594,493.5,201.3
CELL_010,UMi,17.25,30,0.003765,0.001,normal,0.0,0.9764,2,10,0.472,0.9599,657.4,196.3
CELL_011,UMa,13.48,4,0.004053,0.001,pilot_contamination,0.6349,0.2294,2,21,0.684,0.9218,797.2,201.5
CELL_012,UMa,4.36,21,0.01378,0.003981,normal,0.0,0.9758,2,11,0.329,0.9597,65.7,341.1
CELL_013,RIS,9.34,7,0.028462,0.009464,normal,0.0,0.9658,2,39,0.666,0.9592,221.5,357.1
CELL_014,FR2-mmWave,-4.07,2,0.474087,0.147967,normal,0.0,0.9991,2,32,0.605,0.9482,356.3,340.2
CELL_015,InH,11.68,30,0.004286,0.001,normal,0.0,0.9805,2,31,0.423,0.9599,510.3,361.3
CELL_016,NTN-LEO,24.24,10,0.002,0.001,normal,0.0,0.9915,2,20,0.289,0.9599,639.3,356.1
CELL_017,THz,14.98,2,0.140788,0.023111,pilot_contamination,0.6384,0.2085,2,18,0.543,0.9198,813.2,330.3
CELL_018,FR2-mmWave,11.95,13,0.002,0.001,normal,0.0,0.9992,2,13,0.586,0.9599,68.7,502.6
CELL_019,InH,9.16,30,0.128001,0.028749,normal,0.0,0.9866,2,31,0.261,0.9577,201.2,493.6
CELL_020,THz,10.41,15,0.028841,0.009236,normal,0.0,0.9553,2,21,0.615,0.9593,349.5,493.6
CELL_021,FR2-mmWave,6.01,27,0.058221,0.019352,normal,0.0,0.9659,2,31,0.6,0.9585,501.5,493.3
CELL_022,RMa,15.1,21,0.031909,0.005084,normal,0.0,0.9611,2,12,0.514,0.9596,641.3,483.7
CELL_023,UMa,-1.32,27,0.042784,0.014228,normal,0.0,0.9976,2,33,0.481,0.9589,800.3,498.8
CELL_000,UMi,7.09,27,0.19114,0.068597,normal,0.0,0.9936,3,12,0.612,0.9545,54.9,66.5
CELL_001,RMa,1.95,23,0.053153,0.014968,normal,0.0,0.9793,3,8,0.723,0.9588,195.8,65.3
CELL_002,RIS,18.96,26,0.018804,0.00434,normal,0.0,0.9717,3,30,0.291,0.9597,334.3,52.4
CELL_003,UMa,19.67,18,0.014312,0.001924,normal,0.0,0.96,3,37,0.558,0.9598,505.0,61.1
CELL_004,InH,24.39,31,0.002,0.001,jamming,0.4516,0.3302,3,23,0.909,0.9328,645.8,40.0
CELL_005,THz,20.63,0,0.004041,0.001,normal,0.0,0.9639,3,38,0.867,0.9599,802.7,58.2
CELL_006,InH,13.18,5,0.002,0.001,normal,0.0,0.9747,3,8,0.388,0.9599,52.0,206.2
CELL_007,UMa,22.54,10,0.006148,0.001,jamming,0.7074,0.05,3,29,0.618,0.9175,206.4,206.7
CELL_008,RMa,18.9,22,0.002,0.001,normal,0.0,0.9659,3,28,0.432,0.9599,334.7,191.8
CELL_009,RMa,2.94,4,0.130698,0.036058,normal,0.0,0.9674,3,30,0.459,0.9571,493.9,207.6
CELL_010,NTN-LEO,1.16,5,0.050878,0.01477,normal,0.0,0.9681,3,20,0.202,0.9588,665.3,194.2
CELL_011,THz,18.66,28,0.05131,0.011989,normal,0.0,0.9728,3,9,0.615,0.959,796.3,174.6
CELL_012,UMa,21.38,10,0.002,0.001,normal,0.0,0.9872,3,32,0.927,0.9599,47.5,352.4
CELL_013,UMa,15.35,8,0.008796,0.001,pilot_contamination,0.451,0.4252,3,16,0.938,0.9329,204.2,350.0
CELL_014,RMa,22.69,9,0.013145,0.001,csi_spoofing,0.7722,0.1905,3,11,0.658,0.9136,345.5,364.4
CELL_015,RIS,18.66,5,0.003552,0.001,normal,0.0,0.9633,3,32,0.271,0.9599,503.7,341.5
CELL_016,InH,14.25,26,0.002,0.001,normal,0.0,0.9563,3,39,0.833,0.9599,650.9,326.1
CELL_017,UMa,18.08,6,0.010473,0.001949,normal,0.0,0.9832,3,33,0.211,0.9598,779.5,361.0
CELL_018,UMi,18.79,15,0.024117,0.005606,normal,0.0,0.9934,3,21,0.384,0.9596,44.8,493.8
CELL_019,UMi,12.94,21,0.028072,0.004984,normal,0.0,0.9528,3,15,0.819,0.9596,182.5,503.2
CELL_020,UMi,9.56,3,0.094953,0.025339,normal,0.0,0.9528,3,21,0.943,0.958,338.0,513.6
CELL_021,UMi,13.97,28,0.062166,0.013883,normal,0.0,0.9748,3,36,0.473,0.9589,499.3,475.6
CELL_022,NTN-LEO,-1.92,15,0.613286,0.142169,pilot_contamination,0.2536,0.6505,3,27,0.934,0.9334,648.3,497.4
CELL_023,NTN-LEO,11.92,26,0.002,0.001,normal,0.0,0.9624,3,31,0.386,0.9599,780.6,513.5
CELL_000,UMa,6.68,12,0.002,0.001,pilot_contamination,0.142,0.7802,4,25,0.307,0.9514,51.3,37.5
CELL_001,NTN-LEO,10.64,18,0.073555,0.020859,normal,0.0,0.9772,4,15,0.621,0.9583,183.9,50.7
CELL_002,THz,20.27,27,0.038197,0.005216,normal,0.0,0.9863,4,30,0.404,0.9596,344.0,67.6
CELL_003,UMa,-0.22,28,0.384569,0.075914,jamming,0.4148,0.3972,4,21,0.8,0.929,497.6,53.9
CELL_004,UMi,9.8,29,0.540636,0.118175,normal,0.0,0.9944,4,28,0.531,0.9505,649.0,70.3
CELL_005,FR2-mmWave,7.28,21,0.019204,0.004489,normal,0.0,0.9574,4,31,0.28,0.9596,789.8,45.4
CELL_006,NTN-LEO,15.17,21,0.107938,0.017512,normal,0.0,0.9859,4,8,0.464,0.9586,33.6,200.1
CELL_007,RMa,19.68,9,0.01307,0.001167,csi_spoofing,0.4864,0.4707,4,19,0.665,0.9307,192.0,222.4
CELL_008,UMa,6.35,23,0.040006,0.009994,normal,0.0,0.995,4,8,0.802,0.9592,350.8,220.8
CELL_009,FR2-mmWave,11.08,25,0.005263,0.001044,normal,0.0,0.9996,4,14,0.381,0.9599,496.7,199.3
CELL_010,RMa,10.37,15,0.06486,0.013652,normal,0.0,0.9512,4,13,0.379,0.9589,630.1,214.2
CELL_011,FR2-mmWave,4.38,15,0.294989,0.095322,normal,0.0,0.9882,4,21,0.596,0.9524,815.8,206.2
CELL_012,RIS,0.99,23,0.584936,0.126684,csi_spoofing,0.8156,0.1468,4,28,0.7,0.9009,68.0,344.4
CELL_013,UMa,12.7,2,0.026242,0.004869,normal,0.0,0.9607,4,12,0.426,0.9596,210.9,378.9
CELL_014,THz,12.07,13,0.543631,0.08737,jamming,0.9142,0.05,4,16,0.676,0.8982,353.2,329.6
CELL_015,RIS,-5.0,28,0.302926,0.113541,normal,0.0,0.9614,4,23,0.68,0.9509,492.9,349.8
CELL_016,THz,10.16,24,0.004541,0.001467,normal,0.0,0.9732,4,8,0.761,0.9599,652.2,356.7
CELL_017,FR2-mmWave,18.42,6,0.040046,0.005543,normal,0.0,0.9976,4,20,0.362,0.9596,806.6,356.7
CELL_018,RIS,0.73,18,0.40408,0.121762,normal,0.0,0.9798,4,33,0.391,0.9503,47.8,495.8
CELL_019,FR2-mmWave,14.18,14,0.040672,0.009959,normal,0.0,0.9541,4,35,0.653,0.9592,195.7,516.2
CELL_020,UMi,9.31,12,1.2,0.387715,jamming,0.6134,0.0943,4,22,0.301,0.8922,355.5,508.4
CELL_021,RIS,0.31,29,0.266015,0.082095,normal,0.0,0.9959,4,17,0.917,0.9534,503.7,511.3
CELL_022,RMa,4.04,14,0.550308,0.148175,normal,0.0,0.9881,4,13,0.657,0.9481,643.4,501.4
CELL_023,UMa,19.5,21,0.250634,0.022238,pilot_contamination,0.4739,0.4171,4,20,0.497,0.9298,803.0,528.5
CELL_000,RIS,6.3,1,0.002,0.001,normal,0.0,0.9733,5,27,0.676,0.9599,36.1,42.1
CELL_001,UMa,10.33,30,0.014627,0.001909,pilot_contamination,0.4806,0.3903,5,22,0.335,0.931,198.6,59.9
CELL_002,RIS,-4.49,12,0.46129,0.207073,normal,0.0,0.9708,5,36,0.753,0.9434,345.8,54.8
CELL_003,FR2-mmWave,2.22,23,0.51515,0.100289,data_poisoning,0.4771,0.473,5,32,0.801,0.9234,501.7,40.1
CELL_004,THz,16.0,18,0.002,0.001,normal,0.0,0.9548,5,29,0.594,0.9599,654.1,60.3
CELL_005,RIS,-5.0,2,0.028392,0.012745,normal,0.0,0.982,5,22,0.211,0.959,809.9,36.1
CELL_006,UMi,9.65,26,0.135793,0.021609,csi_spoofing,0.3063,0.6545,5,25,0.722,0.9399,60.7,204.2
CELL_007,FR2-mmWave,4.38,0,1.2,0.624914,false_csi_injection,0.7792,0.1786,5,30,0.909,0.8633,205.8,203.3
CELL_008,RIS,16.26,21,0.00645,0.00166,normal,0.0,0.9638,5,8,0.406,0.9599,369.1,217.0
CELL_009,InH,20.02,16,0.089118,0.01293,normal,0.0,0.9625,5,19,0.513,0.959,478.8,176.8
CELL_010,NTN-LEO,4.91,24,0.075809,0.019703,normal,0.0,0.9566,5,28,0.515,0.9584,636.2,218.2
CELL_011,RMa,14.5,12,0.002,0.001,false_csi_injection,0.5539,0.4168,5,16,0.528,0.9267,809.7,208.5
CELL_012,InH,12.01,7,0.002,0.001,pilot_contamination,0.1658,0.753,5,32,0.42,0.95,38.6,366.2
CELL_013,InH,20.49,22,0.07148,0.008822,normal,0.0,0.9586,5,8,0.534,0.9593,187.6,343.9
CELL_014,FR2-mmWave,20.24,6,0.092672,0.011599,normal,0.0,0.9601,5,23,0.252,0.9591,373.1,356.2
CELL_015,InH,6.74,27,0.277981,0.064952,normal,0.0,0.9572,5,39,0.466,0.9548,509.8,337.0
CELL_016,UMi,21.03,23,0.006359,0.001,pilot_contamination,0.5309,0.3297,5,28,0.288,0.9281,644.0,349.6
CELL_017,RMa,4.55,10,0.070707,0.018106,normal,0.0,0.9682,5,18,0.264,0.9586,806.3,336.9
CELL_018,InH,2.91,5,0.782978,0.321563,normal,0.0,0.9685,5,29,0.934,0.9343,29.8,488.2
CELL_019,RMa,14.53,8,0.167083,0.028643,normal,0.0,0.9888,5,12,0.322,0.9577,200.1,469.9
CELL_020,FR2-mmWave,21.06,11,0.002,0.001,jamming,0.272,0.5827,5,35,0.785,0.9436,343.7,514.0
CELL_021,UMi,7.09,3,0.143552,0.033817,normal,0.0,0.9954,5,22,0.891,0.9573,491.2,478.1
CELL_022,RIS,15.51,20,0.109986,0.022983,normal,0.0,0.9872,5,14,0.636,0.9582,648.7,497.0
CELL_023,RMa,4.64,7,0.015071,0.003825,normal,0.0,0.9932,5,23,0.67,0.9597,795.2,512.1
CELL_000,UMa,17.84,8,0.023457,0.003377,normal,0.0,0.9838,6,12,0.575,0.9597,45.4,50.1
CELL_001,FR2-mmWave,11.02,4,0.002985,0.001,normal,0.0,0.9901,6,26,0.304,0.9599,199.4,79.3
CELL_002,NTN-LEO,-5.0,2,0.093353,0.028697,normal,0.0,0.9922,6,19,0.786,0.9577,361.6,53.5
CELL_003,UMi,15.8,19,0.002894,0.001,normal,0.0,0.9637,6,10,0.203,0.9599,498.6,46.9
CELL_004,NTN-LEO,18.5,0,0.002751,0.001,normal,0.0,0.9917,6,21,0.325,0.9599,674.9,47.4
CELL_005,FR2-mmWave,14.34,14,0.07735,0.017002,normal,0.0,0.9802,6,19,0.893,0.9586,772.5,42.5
CELL_006,FR2-mmWave,3.67,4,0.491956,0.197303,normal,0.0,0.9767,6,39,0.914,0.9442,62.0,173.9
CELL_007,NTN-LEO,17.07,29,0.068933,0.012378,normal,0.0,0.9779,6,39,0.918,0.959,190.2,217.0
CELL_008,InH,9.53,12,0.002,0.001,normal,0.0,0.9637,6,8,0.274,0.9599,358.9,182.5
CELL_009,UMa,9.07,24,0.100435,0.022438,normal,0.0,0.9968,6,29,0.211,0.9582,487.5,201.3
CELL_010,RMa,25.46,11,0.002419,0.001,normal,0.0,0.99,6,32,0.647,0.9599,659.0,187.1
CELL_011,InH,2.61,5,1.2,0.424201,jamming,0.2527,0.6269,6,33,0.609,0.9109,799.1,184.0
CELL_012,FR2-mmWave,15.72,29,0.159385,0.04192,normal,0.0,0.9967,6,37,0.797,0.9566,47.0,362.5
CELL_013,FR2-mmWave,-3.04,13,0.600331,0.269488,normal,0.0,0.9822,6,28,0.553,0.9384,213.5,347.0
CELL_014,RIS,-5.0,12,0.042663,0.015991,normal,0.0,0.9861,6,8,0.293,0.9587,347.7,335.6
CELL_015,InH,17.61,0,0.024442,0.003707,normal,0.0,0.9552,6,9,0.596,0.9597,496.4,358.8
CELL_016,THz,11.97,29,0.005453,0.001161,normal,0.0,0.9592,6,33,0.906,0.9599,634.6,358.9
CELL_017,FR2-mmWave,18.84,6,0.717652,0.083644,adversarial,0.5869,0.3897,6,21,0.77,0.9181,806.8,369.4
CELL_018,THz,18.83,28,0.132093,0.030651,normal,0.0,0.9909,6,33,0.832,0.9575,62.3,487.2
CELL_019,InH,18.7,26,0.029911,0.004112,normal,0.0,0.9696,6,12,0.215,0.9597,191.3,493.2
CELL_020,RMa,15.49,2,0.049845,0.007844,normal,0.0,0.9616,6,37,0.209,0.9594,359.2,481.4
CELL_021,NTN-LEO,10.9,1,0.981449,0.186981,jamming,0.552,0.2037,6,26,0.517,0.9119,506.0,517.5
CELL_022,RMa,4.66,5,0.221538,0.064775,normal,0.0,0.9682,6,25,0.813,0.9548,631.4,482.2
CELL_023,UMa,5.78,8,0.308705,0.071111,csi_spoofing,0.1615,0.8359,6,19,0.743,0.9446,814.4,510.5
CELL_000,RMa,23.02,0,0.139724,0.014329,normal,0.0,0.9536,7,18,0.591,0.9589,54.6,38.8
CELL_001,RIS,14.18,15,0.010841,0.001884,normal,0.0,0.968,7,27,0.836,0.9598,203.1,48.3
CELL_002,RMa,10.84,20,0.695527,0.14141,normal,0.0,0.9799,7,26,0.339,0.9487,369.1,58.1
CELL_003,NTN-LEO,12.69,24,0.010451,0.001125,backdoor,0.8595,0.1114,7,35,0.618,0.9083,516.4,41.6
CELL_004,FR2-mmWave,20.33,2,0.004786,0.001,false_csi_injection,0.1758,0.7898,7,33,0.866,0.9494,654.9,44.7
CELL_005,RMa,27.27,16,0.002,0.001,normal,0.0,0.9537,7,37,0.614,0.9599,802.8,43.3
CELL_006,NTN-LEO,8.5,1,0.116852,0.016323,pilot_contamination,0.8888,0.05,7,25,0.485,0.9054,61.7,188.6
CELL_007,UMi,14.05,11,0.037578,0.004953,pilot_contamination,0.249,0.6995,7,39,0.542,0.9447,196.7,207.9
CELL_008,UMa,10.06,21,0.018278,0.003051,false_csi_injection,0.3714,0.6221,7,9,0.888,0.9375,361.2,205.3
CELL_009,UMa,8.32,27,1.2,0.359633,normal,0.0,0.9969,7,36,0.329,0.9312,485.5,201.8
CELL_010,InH,2.91,24,0.54536,0.081522,jamming,0.8777,0.05,7,28,0.902,0.9008,652.2,168.7
CELL_011,FR2-mmWave,16.04,7,0.002,0.001,normal,0.0,0.9635,7,34,0.772,0.9599,790.8,208.7
CELL_012,NTN-LEO,10.93,7,0.004404,0.001037,normal,0.0,0.9615,7,19,0.478,0.9599,58.0,350.8
CELL_013,InH,10.83,17,0.951262,0.124662,csi_spoofing,0.588,0.3775,7,19,0.415,0.9147,196.9,334.3
CELL_014,RMa,-0.61,19,0.268361,0.081639,normal,0.0,0.9545,7,8,0.9,0.9535,369.2,369.9
CELL_015,InH,30.15,27,0.002,0.001,normal,0.0,0.9583,7,36,0.587,0.9599,508.2,355.2
CELL_016,RIS,15.65,26,0.003466,0.001,normal,0.0,0.9677,7,22,0.871,0.9599,638.2,370.9
CELL_017,UMa,6.82,25,1.2,0.384732,normal,0.0,0.9758,7,28,0.467,0.9292,798.6,356.8
CELL_018,RMa,11.27,13,0.041661,0.007973,normal,0.0,0.9795,7,36,0.719,0.9594,32.0,498.7
CELL_019,FR2-mmWave,13.09,14,0.004409,0.001281,normal,0.0,0.9645,7,11,0.853,0.9599,208.4,501.6
CELL_020,THz,14.98,18,0.602012,0.121434,normal,0.0,0.9566,7,34,0.511,0.9503,356.4,501.3
CELL_021,UMa,17.46,30,0.002,0.001,data_poisoning,0.9019,0.0837,7,17,0.367,0.9058,512.4,504.7
CELL_022,RIS,9.32,10,0.713682,0.104513,jamming,0.8419,0.05,7,12,0.71,0.9011,642.2,473.9
CELL_023,RMa,4.44,8,0.151613,0.039724,normal,0.0,0.9738,7,33,0.637,0.9568,807.5,514.3
CELL_000,UMa,15.25,3,0.004004,0.001,jamming,0.5425,0.2365,8,23,0.696,0.9274,50.9,61.5
CELL_001,InH,14.03,4,0.18445,0.051744,normal,0.0,0.9571,8,17,0.689,0.9559,187.9,23.7
CELL_002,UMa,5.56,8,0.744933,0.182689,normal,0.0,0.9695,8,38,0.511,0.9454,340.6,42.7
CELL_003,InH,14.31,11,0.003122,0.001,normal,0.0,0.9686,8,31,0.875,0.9599,495.8,37.6
CELL_004,UMa,5.03,8,0.249636,0.064297,normal,0.0,0.9719,8,38,0.477,0.9549,657.6,38.2
CELL_005,UMa,26.24,5,0.048878,0.003165,pilot_contamination,0.7091,0.1078,8,9,0.629,0.9172,825.6,37.9
CELL_006,NTN-LEO,12.0,28,0.0175,0.00394,normal,0.0,0.9772,8,9,0.258,0.9597,56.7,195.4
CELL_007,InH,17.99,13,0.00382,0.001,normal,0.0,0.9938,8,23,0.715,0.9599,217.6,198.8
CELL_008,NTN-LEO,14.74,20,0.004172,0.001,normal,0.0,0.9842,8,18,0.569,0.9599,346.7,192.0
CELL_009,RMa,16.12,0,0.00618,0.001,normal,0.0,0.9875,8,35,0.909,0.9599,509.9,214.8
CELL_010,InH,31.74,20,0.002,0.001,normal,0.0,0.9776,8,39,0.575,0.9599,657.4,210.5
CELL_011,FR2-mmWave,1.16,27,1.2,0.224412,jamming,0.8292,0.05,8,30,0.492,0.8923,783.5,213.0
CELL_012,UMi,11.48,27,1.2,0.428348,data_poisoning,0.8233,0.1331,8,17,0.213,0.8763,50.6,369.9
CELL_013,UMa,17.02,4,0.002,0.001,normal,0.0,0.9856,8,11,0.649,0.9599,214.5,339.1
CELL_014,RIS,5.01,28,0.063543,0.016278,normal,0.0,0.9536,8,34,0.647,0.9587,361.3,362.2
CELL_015,RMa,1.41,1,1.2,0.392856,normal,0.0,0.9985,8,14,0.891,0.9286,511.9,345.2
CELL_016,RMa,14.14,8,0.011109,0.001859,normal,0.0,0.9699,8,11,0.88,0.9599,655.4,356.8
CELL_017,NTN-LEO,27.95,0,0.039918,0.003002,csi_spoofing,0.2045,0.7466,8,20,0.745,0.9475,797.4,329.1
CELL_018,RIS,12.14,7,0.025792,0.007761,normal,0.0,0.99,8,17,0.391,0.9594,38.1,524.2
CELL_019,UMa,4.67,10,0.021058,0.003582,jamming,0.3697,0.4635,8,13,0.408,0.9375,209.0,512.4
CELL_020,NTN-LEO,26.41,26,0.008222,0.00145,normal,0.0,0.9728,8,16,0.499,0.9599,362.4,504.5
CELL_021,RMa,1.59,18,0.456254,0.131674,normal,0.0,0.9756,8,28,0.936,0.9495,504.0,502.3
CELL_022,THz,17.13,2,0.176518,0.024721,jamming,0.7323,0.05,8,38,0.256,0.9141,644.1,499.2
CELL_023,InH,15.02,28,0.014225,0.003037,normal,0.0,0.9834,8,36,0.882,0.9598,792.6,505.2
CELL_000,UMa,15.18,24,0.0276,0.004724,normal,0.0,0.959,9,19,0.367,0.9596,56.4,50.4
CELL_001,RIS,19.5,6,0.117816,0.013356,data_poisoning,0.9065,0.0611,9,30,0.281,0.9045,211.8,56.2
CELL_002,UMi,5.09,11,0.002,0.001,normal,0.0,0.9777,9,21,0.605,0.9599,364.2,52.1
CELL_003,InH,21.35,23,0.002,0.001,normal,0.0,0.9636,9,17,0.543,0.9599,497.2,58.8
CELL_004,RMa,7.27,23,0.133769,0.03291,normal,0.0,0.9628,9,20,0.833,0.9574,650.6,51.2
CELL_005,THz,11.58,19,0.003402,0.001045,normal,0.0,0.951,9,31,0.764,0.9599,787.6,41.0
CELL_006,InH,19.05,5,0.002,0.001,false_csi_injection,0.7974,0.1616,9,14,0.219,0.9121,47.4,170.0
CELL_007,NTN-LEO,13.76,19,0.043769,0.007604,normal,0.0,0.9666,9,25,0.396,0.9594,197.5,207.0
CELL_008,UMi,19.41,28,0.26127,0.022615,pilot_contamination,0.5601,0.2873,9,36,0.604,0.9246,371.3,199.1
CELL_009,UMa,17.63,17,0.002,0.001,normal,0.0,0.9658,9,35,0.796,0.9599,503.9,211.3
CELL_010,RMa,22.93,31,0.002027,0.001,normal,0.0,0.9942,9,13,0.811,0.9599,655.9,196.3
CELL_011,THz,16.01,15,0.018353,0.003253,normal,0.0,0.968,9,35,0.734,0.9597,813.6,210.0
CELL_012,UMi,15.92,9,0.002,0.001,normal,0.0,0.9508,9,23,0.723,0.9599,52.2,345.0
CELL_013,UMa,13.44,5,0.002,0.001,normal,0.0,0.9842,9,30,0.923,0.9599,188.7,342.0
CELL_014,THz,8.6,5,0.01587,0.004174,normal,0.0,0.9999,9,36,0.922,0.9597,370.6,331.5
CELL_015,RIS,25.12,18,0.017953,0.002355,normal,0.0,0.9695,9,32,0.879,0.9598,497.4,361.9
CELL_016,InH,22.87,30,0.029678,0.004365,normal,0.0,0.9783,9,8,0.675,0.9597,665.1,368.2
CELL_017,NTN-LEO,21.9,12,0.002,0.001,normal,0.0,0.9818,9,9,0.809,0.9599,822.7,328.3
CELL_018,RMa,8.59,30,0.087156,0.019792,normal,0.0,0.9795,9,26,0.428,0.9584,80.5,511.1
CELL_019,RMa,5.83,10,0.376591,0.091626,normal,0.0,0.9758,9,26,0.389,0.9527,199.3,490.4
CELL_020,UMa,19.12,25,0.006666,0.001013,normal,0.0,0.9745,9,27,0.921,0.9599,338.2,503.6
CELL_021,RIS,9.23,18,0.011727,0.003475,normal,0.0,0.9632,9,8,0.606,0.9597,519.4,467.6
CELL_022,THz,12.13,5,0.010178,0.003064,normal,0.0,0.9989,9,12,0.912,0.9598,648.3,499.7
CELL_023,RMa,10.3,9,0.398041,0.08177,normal,0.0,0.975,9,35,0.653,0.9535,803.3,514.1
CELL_000,RMa,10.65,10,0.081341,0.016035,normal,0.0,0.9807,10,30,0.674,0.9587,72.1,58.2
CELL_001,THz,20.46,10,0.002,0.001,normal,0.0,0.9809,10,25,0.895,0.9599,201.1,62.5
CELL_002,UMa,5.83,31,0.017036,0.004132,normal,0.0,0.9555,10,33,0.414,0.9597,353.3,43.1
CELL_003,RIS,7.35,0,0.002,0.001,normal,0.0,0.9542,10,31,0.342,0.9599,494.0,50.0
CELL_004,UMi,3.81,19,0.796897,0.190147,csi_spoofing,0.813,0.1429,10,25,0.572,0.896,661.3,67.1
CELL_005,NTN-LEO,8.32,28,0.125338,0.038702,normal,0.0,0.9805,10,8,0.631,0.9569,803.8,67.7
CELL_006,UMi,9.0,14,0.522447,0.118157,normal,0.0,0.9832,10,23,0.78,0.9505,60.4,209.7
CELL_007,NTN-LEO,8.79,18,0.266805,0.061428,normal,0.0,0.994,10,33,0.304,0.9551,212.8,217.0
CELL_008,UMi,12.66,1,0.008523,0.00201,normal,0.0,0.9678,10,15,0.366,0.9598,362.9,217.8
CELL_009,UMa,20.98,12,0.004236,0.001,normal,0.0,0.9925,10,37,0.657,0.9599,513.1,182.4
CELL_010,NTN-LEO,5.13,11,0.075248,0.022195,normal,0.0,0.9546,10,26,0.623,0.9582,649.4,203.3
CELL_011,UMa,17.41,28,0.002,0.001,normal,0.0,0.9621,10,34,0.764,0.9599,790.5,192.3
CELL_012,InH,0.79,14,0.365018,0.160008,normal,0.0,0.9592,10,13,0.388,0.9472,29.4,359.8
CELL_013,RMa,16.19,26,0.002,0.001,normal,0.0,0.9575,10,30,0.363,0.9599,208.7,345.1
CELL_014,UMi,7.28,23,1.093952,0.187121,jamming,0.6191,0.1306,10,21,0.22,0.9079,347.4,351.4
CELL_015,NTN-LEO,4.4,28,0.014706,0.005763,normal,0.0,0.9656,10,18,0.903,0.9595,504.7,348.2
CELL_016,RMa,15.13,5,0.002,0.001,normal,0.0,0.9807,10,32,0.449,0.9599,655.7,355.2
CELL_017,RIS,24.05,22,0.002,0.001,normal,0.0,0.9782,10,26,0.664,0.9599,787.4,359.6
CELL_018,InH,9.55,20,0.074245,0.015868,normal,0.0,0.9973,10,20,0.457,0.9587,28.4,508.7
CELL_019,UMa,15.86,23,0.002,0.001,normal,0.0,0.952,10,28,0.638,0.9599,217.9,513.5
CELL_020,THz,19.49,31,0.092724,0.020927,normal,0.0,0.9691,10,28,0.512,0.9583,329.9,517.3
CELL_021,NTN-LEO,6.3,16,0.504818,0.07853,csi_spoofing,0.6049,0.3625,10,31,0.779,0.9174,494.2,484.3
CELL_022,THz,13.11,9,0.286295,0.05267,false_csi_injection,0.6461,0.3436,10,8,0.323,0.917,659.8,489.1
CELL_023,RMa,21.01,19,0.024633,0.002899,normal,0.0,0.993,10,13,0.908,0.9598,811.0,501.1
CELL_000,NTN-LEO,13.73,7,0.069517,0.012096,normal,0.0,0.982,11,32,0.794,0.959,55.2,60.8
CELL_001,UMa,19.45,2,0.009618,0.001221,normal,0.0,0.9515,11,8,0.259,0.9599,199.7,42.1
CELL_002,RIS,20.1,29,0.002,0.001,normal,0.0,0.9671,11,30,0.895,0.9599,365.3,44.1
CELL_003,UMa,19.03,5,0.003456,0.001,normal,0.0,0.9647,11,36,0.575,0.9599,509.5,57.1
CELL_004,THz,-3.55,24,0.276249,0.124008,normal,0.0,0.9828,11,34,0.418,0.9501,663.3,65.1
CELL_005,NTN-LEO,8.75,28,0.00521,0.001768,normal,0.0,0.9838,11,36,0.419,0.9599,807.5,56.0
CELL_006,RIS,26.18,0,0.034915,0.003908,pilot_contamination,0.5355,0.3087,11,13,0.77,0.9276,51.8,208.6
CELL_007,NTN-LEO,10.08,6,0.21016,0.057537,normal,0.0,0.9958,11,11,0.572,0.9554,214.7,206.4
CELL_008,InH,8.66,7,0.387494,0.086031,normal,0.0,0.9834,11,15,0.276,0.9531,358.7,187.6
CELL_009,RMa,10.8,2,0.033133,0.006658,normal,0.0,0.9839,11,24,0.38,0.9595,482.2,195.2
CELL_010,RIS,12.56,18,0.013144,0.001558,false_csi_injection,0.6521,0.3304,11,33,0.385,0.9207,643.8,193.5
CELL_011,FR2-mmWave,18.16,25,0.002,0.001,normal,0.0,0.9834,11,12,0.214,0.9599,802.1,217.9
CELL_012,THz,12.33,23,0.552692,0.144794,csi_spoofing,0.1172,0.84,11,39,0.477,0.9414,52.1,341.1
CELL_013,UMi,18.51,3,0.002,0.001,normal,0.0,0.9537,11,10,0.481,0.9599,190.6,358.9
CELL_014,UMi,14.58,26,0.036748,0.006238,normal,0.0,0.9565,11,11,0.75,0.9595,353.3,340.4
CELL_015,THz,9.9,4,0.62912,0.205127,normal,0.0,0.9873,11,30,0.404,0.9436,502.7,342.8
CELL_016,UMi,9.13,7,0.269715,0.090311,normal,0.0,0.9886,11,21,0.852,0.9528,655.5,337.1
CELL_017,NTN-LEO,12.96,15,1.097557,0.194356,normal,0.0,0.99,11,39,0.935,0.9445,826.5,347.5
CELL_018,RMa,17.46,3,0.02407,0.0034,normal,0.0,0.9626,11,37,0.792,0.9597,43.8,503.3
CELL_019,RMa,33.72,7,0.002,0.001,normal,0.0,0.9521,11,8,0.409,0.9599,211.1,490.2
CELL_020,RMa,9.85,16,0.011744,0.002399,normal,0.0,0.951,11,26,0.639,0.9598,369.9,499.2
CELL_021,FR2-mmWave,17.46,1,0.018715,0.003585,normal,0.0,0.9817,11,17,0.46,0.9597,505.2,498.5
CELL_022,UMi,17.51,5,0.068809,0.009741,pilot_contamination,0.2761,0.6536,11,34,0.466,0.9427,639.2,463.4
CELL_023,NTN-LEO,16.55,12,0.002,0.001,normal,0.0,0.9552,11,20,0.885,0.9599,803.3,503.5
CELL_000,RMa,16.15,16,0.05716,0.009817,normal,0.0,0.9859,12,29,0.717,0.9592,59.8,51.0
CELL_001,FR2-mmWave,10.39,11,0.002098,0.001,data_poisoning,0.2337,0.7584,12,19,0.479,0.9459,190.1,32.2
CELL_002,RIS,11.01,22,0.01159,0.002307,normal,0.0,0.9928,12,27,0.636,0.9598,350.2,60.8
CELL_003,FR2-mmWave,13.75,27,0.002,0.001,normal,0.0,0.9852,12,16,0.612,0.9599,496.2,76.4
CELL_004,THz,10.38,16,0.004079,0.001,false_csi_injection,0.8485,0.115,12,25,0.688,0.909,656.2,59.0
CELL_005,RMa,18.95,29,0.025169,0.002085,pilot_contamination,0.5443,0.3362,12,15,0.474,0.9272,792.5,50.9
CELL_006,RMa,19.43,14,0.002,0.001,pilot_contamination,0.2729,0.6452,12,17,0.272,0.9435,62.5,196.5
CELL_007,UMa,16.15,26,0.002,0.001,normal,0.0,0.986,12,23,0.334,0.9599,190.7,193.6
CELL_008,InH,7.98,5,1.2,0.386603,data_poisoning,0.751,0.2218,12,23,0.457,0.884,375.0,208.7
CELL_009,NTN-LEO,8.36,29,0.002,0.001,normal,0.0,0.9668,12,18,0.593,0.9599,512.7,206.2
CELL_010,UMi,6.47,3,0.959525,0.231837,normal,0.0,0.981,12,9,0.501,0.9415,665.1,216.3
CELL_011,FR2-mmWave,9.89,28,0.040858,0.011816,normal,0.0,0.9818,12,28,0.526,0.9591,799.0,171.6
CELL_012,NTN-LEO,17.94,23,0.046533,0.007799,backdoor,0.4388,0.5387,12,23,0.871,0.933,47.6,339.1
CELL_013,FR2-mmWave,8.19,8,0.002,0.001,normal,0.0,0.954,12,30,0.327,0.9599,213.4,342.1
CELL_014,RMa,6.74,0,0.263069,0.061677,normal,0.0,0.9744,12,16,0.905,0.9551,325.2,345.7
CELL_015,RMa,22.17,19,0.017176,0.001922,normal,0.0,0.9827,12,39,0.598,0.9598,497.9,356.5
CELL_016,THz,12.29,20,0.020703,0.004347,normal,0.0,0.9973,12,17,0.431,0.9597,667.3,369.3
CELL_017,UMa,31.55,18,0.002,0.001,pilot_contamination,0.3622,0.522,12,28,0.865,0.9382,779.3,336.4
CELL_018,RMa,-5.0,1,0.985886,0.29992,normal,0.0,0.9593,12,26,0.447,0.936,66.4,511.7
CELL_019,NTN-LEO,14.66,9,0.00276,0.001,normal,0.0,0.9997,12,21,0.564,0.9599,206.0,492.3
CELL_020,UMa,12.3,4,0.029222,0.005362,normal,0.0,0.9609,12,27,0.764,0.9596,377.5,497.9
CELL_021,RIS,21.5,11,0.007167,0.001225,csi_spoofing,0.1829,0.8126,12,17,0.328,0.9489,524.7,477.4
CELL_022,UMi,15.15,9,0.011973,0.002541,normal,0.0,0.9569,12,34,0.543,0.9598,640.9,527.0
CELL_023,NTN-LEO,5.43,29,0.162073,0.055389,normal,0.0,0.9712,12,37,0.781,0.9556,805.6,489.8
CELL_000,THz,3.21,30,1.2,0.423649,jamming,0.8147,0.05,13,19,0.823,0.8772,38.9,58.2
CELL_001,NTN-LEO,5.57,30,0.052877,0.019957,normal,0.0,0.993,13,35,0.657,0.9584,174.9,35.3
CELL_002,RMa,8.0,15,0.005132,0.001136,normal,0.0,0.959,13,32,0.568,0.9599,340.9,18.1
CELL_003,NTN-LEO,13.06,30,0.048195,0.011735,normal,0.0,0.9954,13,28,0.39,0.9591,481.8,68.2
CELL_004,RIS,-2.1,3,0.007408,0.003326,normal,0.0,0.9541,13,37,0.664,0.9597,635.1,45.3
CELL_005,InH,11.05,15,0.102069,0.020421,normal,0.0,0.9891,13,39,0.424,0.9584,786.1,64.8
CELL_006,UMi,-2.56,4,0.926593,0.288278,normal,0.0,0.9584,13,13,0.457,0.9369,54.5,211.3
CELL_007,RIS,9.3,22,0.0062,0.001274,data_poisoning,0.7168,0.2754,13,12,0.288,0.9169,207.3,215.7
CELL_008,UMa,5.36,1,0.983083,0.37348,normal,0.0,0.9749,13,29,0.828,0.9301,350.0,206.0
CELL_009,RIS,20.12,19,0.020515,0.001798,csi_spoofing,0.4679,0.5069,13,18,0.542,0.9318,498.4,203.1
CELL_010,UMa,17.85,31,0.012879,0.001295,csi_spoofing,0.4882,0.4773,13,36,0.939,0.9306,657.3,195.3
CELL_011,THz,0.49,12,0.137815,0.060966,normal,0.0,0.9864,13,12,0.309,0.9551,811.4,208.7
CELL_012,UMi,18.5,4,0.003473,0.001,normal,0.0,0.974,13,8,0.536,0.9599,35.0,356.7
CELL_013,UMi,0.46,6,0.208905,0.09249,normal,0.0,0.9946,13,8,0.648,0.9526,193.8,357.3
CELL_014,InH,27.95,16,0.002,0.001,normal,0.0,0.972,13,19,0.827,0.9599,331.2,368.3
CELL_015,RIS,12.64,0,0.074014,0.02187,normal,0.0,0.9862,13,22,0.495,0.9583,471.8,340.2
CELL_016,THz,17.29,12,0.008974,0.002217,normal,0.0,0.9731,13,11,0.793,0.9598,634.9,359.6
CELL_017,RMa,30.81,19,0.00264,0.001,normal,0.0,0.9791,13,15,0.459,0.9599,812.6,341.9
CELL_018,FR2-mmWave,12.92,21,0.010524,0.001189,csi_spoofing,0.7063,0.2463,13,27,0.321,0.9175,48.4,493.4
CELL_019,FR2-mmWave,22.02,27,0.014668,0.002967,normal,0.0,0.9892,13,20,0.251,0.9598,181.5,502.9
CELL_020,NTN-LEO,1.72,4,0.030132,0.008568,normal,0.0,0.9598,13,17,0.236,0.9593,348.4,508.9
CELL_021,InH,7.34,18,0.04472,0.015916,normal,0.0,0.9742,13,14,0.524,0.9587,521.7,496.1
CELL_022,NTN-LEO,16.35,25,0.422537,0.063259,normal,0.0,0.9764,13,34,0.458,0.9549,662.0,511.2
CELL_023,FR2-mmWave,6.97,8,1.153667,0.415748,normal,0.0,0.9841,13,21,0.597,0.9267,817.6,512.0
CELL_000,FR2-mmWave,18.78,2,0.011142,0.002591,normal,0.0,0.9856,14,18,0.465,0.9598,43.9,50.4
CELL_001,NTN-LEO,27.26,8,0.002,0.001,normal,0.0,0.9778,14,20,0.336,0.9599,210.0,59.1
CELL_002,FR2-mmWave,24.64,13,0.002,0.001,normal,0.0,0.9579,14,12,0.633,0.9599,346.1,41.6
CELL_003,FR2-mmWave,8.49,9,0.028584,0.006415,normal,0.0,0.9958,14,34,0.634,0.9595,512.6,28.0
CELL_004,UMi,29.15,10,0.002206,0.001,jamming,0.8902,0.05,14,33,0.773,0.9065,645.0,54.7
CELL_005,NTN-LEO,23.81,27,0.002,0.001,normal,0.0,0.9648,14,22,0.657,0.9599,800.1,47.5
CELL_006,InH,4.87,10,1.2,0.424474,normal,0.0,0.9881,14,34,0.823,0.926,69.8,198.9
CELL_007,InH,24.08,22,0.076246,0.007981,jamming,0.707,0.05,14,27,0.254,0.9169,196.6,201.2
CELL_008,THz,7.03,10,0.003489,0.001255,normal,0.0,0.9648,14,11,0.657,0.9599,352.3,208.2
CELL_009,UMa,23.21,23,0.002,0.001,normal,0.0,0.9764,14,11,0.516,0.9599,498.6,198.2
CELL_010,NTN-LEO,19.02,6,0.019841,0.001385,jamming,0.8776,0.05,14,29,0.866,0.9072,649.7,190.9
CELL_011,UMi,15.55,31,0.002,0.001,normal,0.0,0.9896,14,30,0.821,0.9599,781.8,181.1
CELL_012,UMi,6.7,25,0.03146,0.007576,normal,0.0,0.9986,14,37,0.328,0.9594,40.0,344.4
CELL_013,FR2-mmWave,17.56,21,0.010643,0.002601,normal,0.0,0.9515,14,28,0.893,0.9598,216.4,346.1
CELL_014,InH,18.5,6,0.066372,0.015614,normal,0.0,0.9954,14,39,0.795,0.9588,361.3,373.2
CELL_015,NTN-LEO,17.54,31,0.002,0.001,normal,0.0,0.9836,14,23,0.771,0.9599,488.6,358.0
CELL_016,RMa,23.1,3,0.007677,0.001,normal,0.0,0.9577,14,8,0.715,0.9599,666.2,368.3
CELL_017,InH,-1.54,18,0.393871,0.09006,false_csi_injection,0.3353,0.6376,14,31,0.362,0.9327,778.4,347.8
CELL_018,InH,12.32,22,0.208341,0.0623,normal,0.0,0.9636,14,39,0.217,0.955,63.0,475.2
CELL_019,RMa,2.78,24,0.524264,0.145541,normal,0.0,0.9897,14,38,0.359,0.9484,171.8,487.4
CELL_020,NTN-LEO,-5.0,22,0.799034,0.257586,normal,0.0,0.981,14,27,0.202,0.9394,375.3,493.4
CELL_021,UMa,10.08,20,0.104591,0.021179,normal,0.0,0.9864,14,28,0.343,0.9583,505.3,521.5
CELL_022,RIS,-1.07,12,0.208933,0.081518,pilot_contamination,0.105,0.8723,14,25,0.725,0.9472,647.5,490.4
CELL_023,NTN-LEO,11.02,15,0.056319,0.010451,false_csi_injection,0.8425,0.1553,14,25,0.506,0.9086,800.2,510.5
CELL_000,NTN-LEO,16.07,21,0.772843,0.122538,normal,0.0,0.9915,15,37,0.363,0.9502,57.6,39.2
CELL_001,NTN-LEO,20.25,16,0.029829,0.005681,normal,0.0,0.9929,15,22,0.947,0.9595,199.4,41.7
CELL_002,RIS,14.6,1,0.002,0.001,data_poisoning,0.4417,0.5495,15,39,0.303,0.9334,369.9,63.1
CELL_003,RIS,18.28,20,0.08539,0.011282,jamming,0.7664,0.05,15,27,0.581,0.9131,505.2,53.8
CELL_004,THz,7.09,0,0.859223,0.308416,normal,0.0,0.9846,15,23,0.482,0.9353,678.0,74.6
CELL_005,FR2-mmWave,33.87,21,0.002,0.001,normal,0.0,0.9508,15,8,0.227,0.9599,801.2,41.6
CELL_006,UMa,0.46,21,0.165382,0.051632,normal,0.0,0.9608,15,28,0.781,0.9559,33.1,225.2
CELL_007,RMa,1.85,6,0.044385,0.013434,normal,0.0,0.9731,15,24,0.799,0.9589,209.7,180.3
CELL_008,UMi,2.69,5,1.182599,0.259976,pilot_contamination,0.512,0.3817,15,35,0.793,0.9085,357.2,216.1
CELL_009,NTN-LEO,-1.66,24,1.2,0.728774,normal,0.0,0.9859,15,38,0.768,0.9017,502.5,208.5
CELL_010,RMa,9.37,29,0.37801,0.081948,normal,0.0,0.9926,15,27,0.818,0.9534,651.3,206.8
CELL_011,THz,8.03,14,0.132514,0.029481,adversarial,0.6217,0.3741,15,12,0.404,0.9203,798.1,198.4
CELL_012,THz,16.87,3,0.002,0.001,normal,0.0,0.9828,15,29,0.858,0.9599,60.5,364.7
CELL_013,RIS,20.8,19,0.004641,0.001,normal,0.0,0.9895,15,19,0.505,0.9599,197.5,345.1
CELL_014,RIS,17.65,21,0.054937,0.013379,normal,0.0,0.9565,15,38,0.911,0.9589,345.4,341.1
CELL_015,UMa,18.19,5,0.00788,0.001,pilot_contamination,0.3591,0.5417,15,13,0.267,0.9384,498.8,327.7
CELL_016,UMa,9.04,20,0.006896,0.001506,normal,0.0,0.9848,15,24,0.287,0.9599,649.8,337.7
CELL_017,FR2-mmWave,26.42,29,0.002,0.001,normal,0.0,0.9851,15,13,0.655,0.9599,798.0,362.8
CELL_018,UMi,16.5,20,0.184009,0.031863,normal,0.0,0.9805,15,20,0.662,0.9575,55.4,492.7
CELL_019,RIS,5.63,1,0.197768,0.074487,normal,0.0,0.9942,15,26,0.332,0.954,196.7,499.8
CELL_020,FR2-mmWave,4.36,25,0.130705,0.036245,pilot_contamination,0.1169,0.8529,15,32,0.418,0.9501,363.3,494.6
CELL_021,UMa,20.58,24,0.017907,0.002318,normal,0.0,0.9909,15,37,0.801,0.9598,495.0,485.4
CELL_022,FR2-mmWave,18.86,18,0.009023,0.001811,normal,0.0,0.9984,15,13,0.441,0.9599,656.0,520.3
CELL_023,UMa,19.0,16,0.002,0.001,normal,0.0,0.986,15,28,0.571,0.9599,800.9,496.7
CELL_000,NTN-LEO,-0.5,10,0.456252,0.140256,normal,0.0,0.9507,16,34,0.794,0.9488,40.9,59.4
CELL_001,FR2-mmWave,10.3,10,0.092838,0.01907,normal,0.0,0.9513,16,18,0.529,0.9585,198.9,50.1
CELL_002,RIS,7.29,19,0.114987,0.019394,data_poisoning,0.9145,0.0748,16,22,0.644,0.9036,349.3,63.8
CELL_003,FR2-mmWave,2.76,31,0.003686,0.001521,normal,0.0,0.9528,16,12,0.319,0.9599,518.3,37.5
CELL_004,UMa,15.97,11,0.076062,0.008376,false_csi_injection,0.6464,0.3211,16,12,0.392,0.9205,625.6,37.1
CELL_005,RMa,8.49,9,0.010092,0.002198,normal,0.0,0.979,16,22,0.882,0.9598,802.3,58.3
CELL_006,FR2-mmWave,32.82,0,0.006082,0.001,normal,0.0,0.959,16,35,0.92,0.9599,43.2,188.9
CELL_007,UMi,18.1,2,0.012005,0.001295,jamming,0.6527,0.0634,16,9,0.524,0.9207,214.2,197.5
CELL_008,THz,12.32,22,0.011465,0.003428,normal,0.0,0.9768,16,20,0.776,0.9597,359.8,172.5
CELL_009,NTN-LEO,26.66,28,0.002,0.001,normal,0.0,0.9762,16,28,0.754,0.9599,505.0,183.9
CELL_010,THz,-2.94,6,0.129585,0.058171,normal,0.0,0.9847,16,19,0.62,0.9553,656.1,204.4
CELL_011,FR2-mmWave,14.02,11,0.04106,0.007106,normal,0.0,0.9977,16,30,0.947,0.9594,783.0,194.0
CELL_012,InH,2.07,19,0.095718,0.028216,false_csi_injection,0.4305,0.5377,16,35,0.787,0.9319,35.2,342.2
CELL_013,THz,10.46,11,0.002,0.001,normal,0.0,0.9871,16,27,0.472,0.9599,185.7,363.7
CELL_014,THz,-2.17,26,0.70026,0.181479,pilot_contamination,0.7747,0.05,16,20,0.481,0.899,349.1,347.2
CELL_015,THz,7.59,29,0.002,0.001,normal,0.0,0.9573,16,30,0.752,0.9599,485.5,346.8
CELL_016,THz,10.83,27,1.2,0.543791,pilot_contamination,0.7233,0.0853,16,19,0.908,0.8731,635.4,352.9
CELL_017,THz,9.31,6,0.002,0.001,normal,0.0,0.9536,16,29,0.506,0.9599,792.0,364.2
CELL_018,RIS,5.78,24,0.312611,0.078419,normal,0.0,0.9882,16,10,0.433,0.9537,60.1,491.1
CELL_019,FR2-mmWave,13.83,26,0.004618,0.001037,normal,0.0,0.9748,16,12,0.52,0.9599,204.2,474.0
CELL_020,NTN-LEO,6.17,17,0.011007,0.002672,normal,0.0,0.9899,16,10,0.437,0.9598,362.4,514.2
CELL_021,UMa,8.82,15,0.221454,0.049996,normal,0.0,0.9574,16,25,0.345,0.956,510.2,499.9
CELL_022,InH,3.25,9,0.002,0.001,normal,0.0,0.9574,16,26,0.62,0.9599,639.9,499.0
CELL_023,THz,-1.43,5,0.62734,0.281613,normal,0.0,0.9513,16,34,0.571,0.9375,795.5,513.1
CELL_000,NTN-LEO,16.96,16,0.002,0.001,normal,0.0,0.9948,17,36,0.496,0.9599,29.8,33.2
CELL_001,FR2-mmWave,10.88,7,0.216196,0.043746,normal,0.0,0.9851,17,17,0.449,0.9565,205.5,37.4
CELL_002,InH,6.69,17,0.003083,0.001,pilot_contamination,0.5033,0.3892,17,38,0.375,0.9297,351.6,61.0
CELL_003,UMa,8.84,26,0.429947,0.091935,normal,0.0,0.9746,17,27,0.317,0.9526,499.6,58.0
CELL_004,UMi,13.08,1,0.002,0.001,normal,0.0,0.9652,17,29,0.317,0.9599,655.8,56.0
CELL_005,UMa,4.87,24,0.405811,0.113101,normal,0.0,0.9702,17,22,0.29,0.951,779.7,61.4
CELL_006,NTN-LEO,24.0,17,0.002,0.001,normal,0.0,0.9635,17,25,0.95,0.9599,53.7,187.0
CELL_007,RMa,9.13,31,0.014186,0.003332,normal,0.0,0.9976,17,21,0.487,0.9597,194.4,214.0
CELL_008,UMa,24.08,20,0.078738,0.007913,normal,0.0,0.9831,17,30,0.246,0.9594,356.6,207.5
CELL_009,UMa,17.57,20,0.002,0.001,normal,0.0,0.9942,17,27,0.202,0.9599,499.6,211.1
CELL_010,THz,16.91,6,0.005587,0.001402,normal,0.0,0.9743,17,11,0.321,0.9599,658.6,195.5
CELL_011,RMa,10.59,2,0.219365,0.023974,jamming,0.8239,0.05,17,34,0.29,0.9086,805.6,205.9
CELL_012,UMa,30.42,24,0.002,0.001,jamming,0.3568,0.4589,17,38,0.359,0.9385,52.7,325.3
CELL_013,RIS,1.72,26,0.142115,0.060557,normal,0.0,0.9669,17,39,0.915,0.9552,205.4,349.6
CELL_014,UMa,25.94,27,0.067865,0.0036,pilot_contamination,0.7293,0.0946,17,15,0.857,0.916,354.1,349.0
CELL_015,RMa,14.51,12,0.117731,0.01212,jamming,0.5229,0.2458,17,16,0.784,0.9277,507.0,355.8
CELL_016,InH,2.77,16,0.437207,0.137341,csi_spoofing,0.29,0.7052,17,11,0.594,0.9316,661.6,351.8
CELL_017,FR2-mmWave,7.24,21,0.006535,0.001545,normal,0.0,0.9976,17,9,0.331,0.9599,802.7,351.7
CELL_018,FR2-mmWave,30.02,7,0.014886,0.001953,normal,0.0,0.9713,17,20,0.364,0.9598,42.4,492.7
CELL_019,NTN-LEO,-4.01,13,0.18292,0.058968,normal,0.0,0.9823,17,17,0.485,0.9553,207.2,505.8
CELL_020,RMa,8.66,4,0.248521,0.053478,normal,0.0,0.9745,17,14,0.842,0.9557,360.6,515.0
CELL_021,UMa,23.66,22,0.002,0.001,normal,0.0,0.9885,17,12,0.596,0.9599,514.1,499.1
CELL_022,THz,2.36,4,0.569096,0.103003,pilot_contamination,0.7489,0.0859,17,29,0.502,0.9068,636.0,500.6
CELL_023,RIS,11.99,18,0.632936,0.121959,csi_spoofing,0.6333,0.3179,17,13,0.47,0.9122,785.2,509.9
CELL_000,RIS,13.73,28,0.002,0.001,normal,0.0,0.9655,18,36,0.593,0.9599,47.8,36.4
CELL_001,UMa,-2.59,17,0.346344,0.105278,normal,0.0,0.9607,18,16,0.775,0.9516,202.7,38.1
CELL_002,FR2-mmWave,18.78,23,0.013842,0.002788,normal,0.0,0.9594,18,23,0.518,0.9598,347.1,45.8
CELL_003,UMi,5.74,17,0.105983,0.026538,normal,0.0,0.9925,18,35,0.498,0.9579,496.3,38.1
CELL_004,RIS,13.36,2,0.025533,0.002864,csi_spoofing,0.7,0.282,18,13,0.521,0.9178,641.4,53.2
CELL_005,UMi,7.06,5,0.143573,0.034082,normal,0.0,0.9584,18,24,0.907,0.9573,799.3,58.0
CELL_006,FR2-mmWave,6.6,19,0.008773,0.003201,normal,0.0,0.9767,18,39,0.485,0.9597,54.1,192.2
CELL_007,THz,16.59,13,0.00263,0.001,normal,0.0,0.9919,18,25,0.751,0.9599,195.7,199.2
CELL_008,RIS,9.82,18,0.008512,0.002783,normal,0.0,0.9731,18,34,0.657,0.9598,356.3,204.6
CELL_009,RIS,6.41,23,0.003106,0.001,csi_spoofing,0.7866,0.1728,18,23,0.813,0.9127,503.1,197.9
CELL_010,RIS,30.55,14,0.002,0.001,normal,0.0,0.9916,18,36,0.392,0.9599,653.0,202.9
CELL_011,FR2-mmWave,18.52,8,0.013055,0.003068,normal,0.0,0.9725,18,16,0.59,0.9598,781.0,183.9
CELL_012,THz,18.71,11,0.002,0.001,normal,0.0,0.9734,18,11,0.601,0.9599,57.6,355.5
CELL_013,RMa,-5.0,7,0.334143,0.101135,normal,0.0,0.9529,18,10,0.764,0.9519,205.4,341.9
CELL_014,InH,14.52,10,0.0043,0.001,normal,0.0,0.9792,18,35,0.435,0.9599,338.9,357.1
CELL_015,THz,14.88,17,0.365925,0.05666,false_csi_injection,0.977,0.05,18,10,0.458,0.8968,494.6,346.0
CELL_016,RMa,9.32,2,1.186793,0.252779,normal,0.0,0.9683,18,39,0.463,0.9398,639.6,339.0
CELL_017,NTN-LEO,-0.36,30,0.286555,0.116966,normal,0.0,0.9645,18,38,0.589,0.9506,799.2,350.9
CELL_018,THz,6.48,16,0.009762,0.003576,normal,0.0,0.9583,18,12,0.672,0.9597,59.9,492.2
CELL_019,UMa,15.78,14,0.002,0.001,csi_spoofing,0.758,0.2224,18,28,0.781,0.9144,207.3,498.3
CELL_020,UMi,5.35,1,0.250298,0.069683,normal,0.0,0.9903,18,36,0.431,0.9544,345.9,483.9
CELL_021,FR2-mmWave,28.13,3,0.002,0.001,normal,0.0,0.9593,18,29,0.221,0.9599,495.8,515.5
CELL_022,InH,5.37,29,0.002692,0.001,normal,0.0,0.9649,18,32,0.645,0.9599,631.8,484.0
CELL_023,UMi,16.48,1,0.092706,0.014207,normal,0.0,0.9504,18,9,0.635,0.9589,791.7,499.9
CELL_000,NTN-LEO,16.9,15,0.22099,0.036094,pilot_contamination,0.2782,0.6197,19,15,0.227,0.9404,43.4,69.8
CELL_001,NTN-LEO,9.42,24,0.01275,0.002654,normal,0.0,0.9616,19,10,0.219,0.9598,179.8,59.6
CELL_002,NTN-LEO,13.41,16,0.030443,0.007757,normal,0.0,0.9529,19,19,0.551,0.9594,349.8,64.5
CELL_003,RIS,18.33,10,0.009268,0.001905,normal,0.0,0.9624,19,9,0.65,0.9598,494.5,49.5
CELL_004,InH,23.39,12,0.002,0.001,normal,0.0,0.9584,19,20,0.713,0.9599,655.1,32.2
CELL_005,NTN-LEO,11.67,11,0.002314,0.001,normal,0.0,0.9891,19,8,0.516,0.9599,802.9,38.0
CELL_006,RIS,1.08,2,0.273497,0.107114,normal,0.0,0.979,19,15,0.622,0.9514,48.3,177.2
CELL_007,RMa,18.12,16,0.002384,0.001,normal,0.0,0.9764,19,27,0.485,0.9599,184.6,184.5
CELL_008,NTN-LEO,14.88,29,0.094515,0.01323,data_poisoning,0.8959,0.065,19,15,0.22,0.9052,349.7,210.1
CELL_009,NTN-LEO,6.43,3,0.154566,0.037136,normal,0.0,0.9803,19,31,0.587,0.957,503.2,171.9
CELL_010,RIS,13.39,17,0.014341,0.004122,normal,0.0,0.9856,19,39,0.201,0.9597,657.7,202.0
CELL_011,FR2-mmWave,-0.71,10,0.08265,0.037101,normal,0.0,0.9597,19,16,0.207,0.957,834.5,204.6
CELL_012,THz,2.25,27,0.111742,0.034218,pilot_contamination,0.2952,0.6448,19,28,0.85,0.9396,54.1,370.5
CELL_013,RIS,19.57,31,0.005835,0.001313,normal,0.0,0.9507,19,30,0.488,0.9599,202.8,347.7
CELL_014,RIS,13.78,31,0.797228,0.157723,false_csi_injection,0.4326,0.5623,19,38,0.869,0.9214,346.0,354.0
CELL_015,RMa,-1.05,15,0.386799,0.121012,normal,0.0,0.9663,19,22,0.864,0.9503,518.1,341.9
CELL_016,UMa,20.81,1,0.002,0.001,normal,0.0,0.9989,19,28,0.631,0.9599,634.1,334.0
CELL_017,THz,23.64,28,0.077354,0.014541,normal,0.0,0.9725,19,28,0.245,0.9588,806.9,349.2
CELL_018,THz,17.28,3,0.005461,0.00135,normal,0.0,0.9925,19,32,0.682,0.9599,28.1,494.6
CELL_019,RIS,17.52,11,0.002,0.001,normal,0.0,0.9728,19,14,0.64,0.9599,210.2,514.7
CELL_020,RIS,20.69,28,0.002,0.001,normal,0.0,0.9926,19,35,0.202,0.9599,353.2,502.9
CELL_021,InH,8.35,25,0.002,0.001,normal,0.0,0.9965,19,29,0.304,0.9599,510.0,493.4
CELL_022,THz,5.25,22,0.168901,0.064407,normal,0.0,0.9906,19,11,0.847,0.9548,638.3,493.8
CELL_023,UMa,21.47,20,0.010573,0.001385,normal,0.0,0.9918,19,14,0.9,0.9599,801.4,508.4
CELL_000,RIS,8.8,23,0.18114,0.054532,normal,0.0,0.9903,20,18,0.397,0.9556,50.5,38.0
CELL_001,NTN-LEO,1.17,7,0.43002,0.126649,normal,0.0,0.9754,20,39,0.369,0.9499,193.3,61.5
CELL_002,RIS,22.7,20,0.002,0.001,normal,0.0,0.9819,20,26,0.769,0.9599,350.7,62.2
CELL_003,FR2-mmWave,16.51,19,0.002,0.001,normal,0.0,0.968,20,20,0.43,0.9599,502.1,40.0
CELL_004,InH,7.04,9,0.002,0.001,normal,0.0,0.9814,20,22,0.424,0.9599,641.4,60.3
CELL_005,InH,6.89,7,0.22908,0.041217,pilot_contamination,0.6272,0.2185,20,23,0.272,0.9191,816.3,51.9
CELL_006,THz,14.45,7,0.13331,0.027519,normal,0.0,0.9658,20,34,0.927,0.9578,51.5,208.1
CELL_007,InH,1.85,28,0.103698,0.044016,normal,0.0,0.9529,20,16,0.724,0.9565,180.5,176.9
CELL_008,InH,7.51,22,0.029405,0.010408,normal,0.0,0.9895,20,13,0.898,0.9592,337.6,210.8
CELL_009,UMi,7.64,29,0.614118,0.175263,csi_spoofing,0.2068,0.7737,20,15,0.823,0.9336,485.9,224.1
CELL_010,FR2-mmWave,21.87,6,0.002,0.001,normal,0.0,0.9549,20,10,0.856,0.9599,650.1,212.8
CELL_011,UMi,15.25,30,0.078686,0.016628,normal,0.0,0.9806,20,24,0.218,0.9587,800.3,200.0
CELL_012,UMa,13.65,4,0.085252,0.015132,normal,0.0,0.9901,20,39,0.776,0.9588,44.1,337.3
CELL_013,InH,3.26,23,0.937169,0.178705,pilot_contamination,0.8276,0.05,20,39,0.42,0.896,208.1,328.6
CELL_014,THz,9.13,25,0.018779,0.004837,normal,0.0,0.9526,20,18,0.826,0.9596,376.0,364.0
CELL_015,RIS,-3.67,18,0.695125,0.260544,normal,0.0,0.9791,20,17,0.928,0.9392,521.3,353.3
CELL_016,UMi,23.76,29,0.00291,0.001,normal,0.0,0.9761,20,14,0.254,0.9599,627.7,353.7
CELL_017,InH,-0.87,2,0.206592,0.092739,normal,0.0,0.9557,20,10,0.746,0.9526,814.0,344.0
CELL_018,RIS,15.58,11,0.002,0.001,normal,0.0,0.9556,20,36,0.471,0.9599,44.8,504.7
CELL_019,UMa,20.42,16,0.005447,0.001,normal,0.0,0.9604,20,20,0.34,0.9599,195.8,484.1
CELL_020,RIS,5.54,8,0.204826,0.047304,data_poisoning,0.7428,0.2457,20,33,0.385,0.9116,324.2,519.7
CELL_021,NTN-LEO,7.15,20,0.31814,0.072983,normal,0.0,0.967,20,28,0.374,0.9542,496.0,527.2
CELL_022,UMi,13.42,6,1.2,0.171809,pilot_contamination,0.5762,0.2605,20,14,0.479,0.9117,650.8,504.5
CELL_023,InH,19.27,6,0.171698,0.019393,pilot_contamination,0.128,0.8162,20,39,0.845,0.9508,782.3,495.9
CELL_000,UMi,9.15,14,0.486513,0.105069,normal,0.0,0.9514,21,38,0.221,0.9516,52.0,61.1
CELL_001,UMa,9.51,28,0.743299,0.1649,adversarial,0.1777,0.7873,21,17,0.281,0.9361,216.6,53.7
CELL_002,UMa,2.24,4,0.897539,0.184102,pilot_contamination,0.2872,0.6073,21,12,0.541,0.928,366.6,52.9
CELL_003,InH,10.12,5,0.002507,0.001,normal,0.0,0.9867,21,30,0.278,0.9599,492.8,64.5
CELL_004,RIS,26.76,0,0.002093,0.001,pilot_contamination,0.977,0.05,21,12,0.295,0.9013,662.6,45.7
CELL_005,THz,14.92,14,0.136361,0.03698,normal,0.0,0.9712,21,27,0.272,0.957,800.0,44.9
CELL_006,UMa,16.61,17,0.074567,0.012568,normal,0.0,0.9776,21,25,0.885,0.959,59.6,191.0
CELL_007,THz,15.12,27,0.063452,0.017079,normal,0.0,0.9921,21,15,0.599,0.9586,219.1,201.4
CELL_008,FR2-mmWave,13.07,7,0.012825,0.00373,normal,0.0,0.9705,21,22,0.53,0.9597,349.9,195.3
CELL_009,NTN-LEO,6.69,7,0.004146,0.001508,normal,0.0,0.9715,21,15,0.903,0.9599,507.4,196.8
CELL_010,THz,23.58,12,0.002,0.001,normal,0.0,0.9978,21,16,0.299,0.9599,654.0,203.2
CELL_011,UMi,13.15,28,0.737454,0.129619,normal,0.0,0.9838,21,23,0.2,0.9496,770.7,207.9
CELL_012,NTN-LEO,13.29,11,0.004089,0.001,normal,0.0,0.9543,21,10,0.498,0.9599,43.9,348.7
CELL_013,UMa,1.01,5,0.665079,0.289609,normal,0.0,0.9973,21,35,0.668,0.9368,206.2,343.4
CELL_014,UMa,5.88,27,0.01041,0.001865,csi_spoofing,0.4351,0.5432,21,9,0.269,0.9337,356.2,320.0
CELL_015,FR2-mmWave,12.53,14,0.002868,0.001,normal,0.0,0.9873,21,14,0.222,0.9599,482.9,347.7
CELL_016,InH,15.21,17,0.002,0.001,normal,0.0,0.9737,21,26,0.285,0.9599,637.1,343.4
CELL_017,UMa,21.93,31,0.005382,0.001,normal,0.0,0.9893,21,17,0.83,0.9599,807.6,363.8
CELL_018,NTN-LEO,17.92,15,0.031795,0.004929,pilot_contamination,0.2894,0.6527,21,26,0.374,0.9422,51.2,519.1
CELL_019,NTN-LEO,5.86,7,0.033116,0.007024,csi_spoofing,0.3359,0.6607,21,25,0.344,0.9393,185.1,487.8
CELL_020,NTN-LEO,17.41,7,0.002,0.001,normal,0.0,0.9507,21,11,0.287,0.9599,342.2,510.4
CELL_021,FR2-mmWave,13.01,31,0.002754,0.001,normal,0.0,0.9678,21,31,0.46,0.9599,497.4,507.3
CELL_022,NTN-LEO,9.51,20,0.002,0.001,normal,0.0,0.9586,21,10,0.397,0.9599,629.9,489.9
CELL_023,RMa,12.04,11,0.036804,0.006807,normal,0.0,0.9645,21,8,0.491,0.9595,807.1,511.6
CELL_000,FR2-mmWave,12.62,27,0.052554,0.01554,normal,0.0,0.9916,22,37,0.522,0.9588,53.7,28.3
CELL_001,NTN-LEO,13.96,6,0.032842,0.005652,normal,0.0,0.9968,22,27,0.278,0.9595,199.0,49.0
CELL_002,InH,8.48,14,0.002138,0.001,normal,0.0,0.9533,22,31,0.938,0.9599,341.2,45.3
CELL_003,NTN-LEO,7.54,13,0.269888,0.095426,normal,0.0,0.9915,22,34,0.758,0.9524,494.5,35.6
CELL_004,NTN-LEO,17.21,6,0.020052,0.003139,normal,0.0,0.9511,22,30,0.869,0.9597,647.6,45.7
CELL_005,RIS,22.43,26,0.007067,0.001,false_csi_injection,0.992,0.05,22,13,0.473,0.9004,780.6,21.4
CELL_006,NTN-LEO,6.8,26,0.063645,0.015895,normal,0.0,0.9657,22,10,0.756,0.9587,64.8,195.6
CELL_007,UMa,8.48,2,0.070593,0.015221,csi_spoofing,0.6623,0.3357,22,26,0.266,0.919,203.1,181.3
CELL_008,UMi,13.06,11,0.074326,0.013562,normal,0.0,0.9949,22,8,0.482,0.9589,354.7,202.4
CELL_009,UMa,17.44,28,0.002,0.001,normal,0.0,0.9554,22,18,0.641,0.9599,504.5,206.2
CELL_010,THz,4.46,0,0.132054,0.051649,normal,0.0,0.9616,22,8,0.378,0.9559,660.8,185.3
CELL_011,InH,11.66,13,0.01379,0.002685,normal,0.0,0.966,22,13,0.907,0.9598,794.4,196.8
CELL_012,InH,14.39,16,0.062501,0.010044,pilot_contamination,0.7582,0.0711,22,10,0.596,0.9137,39.3,322.9
CELL_013,RIS,4.92,4,0.042279,0.012174,false_csi_injection,0.3183,0.6677,22,26,0.88,0.9399,187.2,338.9
CELL_014,UMi,9.33,14,0.002,0.001,pilot_contamination,0.2787,0.6207,22,32,0.853,0.9432,364.5,350.2
CELL_015,RIS,22.26,0,0.002,0.001,normal,0.0,0.9784,22,35,0.748,0.9599,492.1,338.1
CELL_016,FR2-mmWave,32.82,0,0.006082,0.001,normal,0.0,0.959,22,25,0.319,0.9599,656.7,328.2
CELL_017,RIS,9.55,5,0.091108,0.030067,normal,0.0,0.983,22,24,0.892,0.9576,801.2,354.0
CELL_018,UMa,7.65,6,0.012975,0.002925,normal,0.0,0.9513,22,11,0.695,0.9598,57.9,503.9
CELL_019,FR2-mmWave,12.5,2,0.074794,0.008546,jamming,0.5204,0.2433,22,27,0.853,0.9281,203.3,483.2
CELL_020,THz,17.15,18,0.210672,0.052348,normal,0.0,0.9818,22,14,0.921,0.9558,353.0,501.7
CELL_021,FR2-mmWave,21.36,13,0.002277,0.001,normal,0.0,0.955,22,37,0.49,0.9599,503.0,492.6
CELL_022,NTN-LEO,10.84,28,0.020015,0.004729,normal,0.0,0.9511,22,37,0.432,0.9596,668.5,503.6
CELL_023,NTN-LEO,15.18,26,0.002,0.001,normal,0.0,0.9984,22,33,0.535,0.9599,799.2,489.0
CELL_000,FR2-mmWave,0.05,30,0.833115,0.311782,normal,0.0,0.9754,23,24,0.669,0.9351,37.7,46.2
CELL_001,THz,12.5,3,0.008318,0.001362,adversarial,0.1936,0.7776,23,34,0.854,0.9483,218.6,61.9
CELL_002,NTN-LEO,19.23,7,0.602999,0.077357,normal,0.0,0.9594,23,36,0.529,0.9538,327.4,50.7
CELL_003,NTN-LEO,16.83,0,0.031413,0.005014,normal,0.0,0.9831,23,8,0.869,0.9596,501.6,25.5
CELL_004,InH,1.08,16,0.42001,0.095786,false_csi_injection,0.6586,0.3346,23,24,0.415,0.9128,640.6,59.8
CELL_005,NTN-LEO,7.14,20,0.334138,0.119739,normal,0.0,0.9951,23,13,0.825,0.9504,812.2,53.5
CELL_006,THz,19.18,26,0.002,0.001,normal,0.0,0.951,23,23,0.67,0.9599,54.1,230.3
CELL_007,FR2-mmWave,13.62,16,0.021622,0.00616,normal,0.0,0.956,23,9,0.303,0.9595,219.5,207.2
CELL_008,FR2-mmWave,4.33,18,0.181881,0.071427,normal,0.0,0.9765,23,39,0.623,0.9543,356.0,206.1
CELL_009,UMa,16.06,20,1.136462,0.15856,false_csi_injection,0.1083,0.8769,23,20,0.237,0.9408,494.4,179.4
CELL_010,UMa,16.03,10,0.004565,0.001186,normal,0.0,0.9558,23,28,0.66,0.9599,653.0,194.5
CELL_011,UMa,10.59,7,0.002,0.001,normal,0.0,0.9673,23,17,0.507,0.9599,806.4,178.1
CELL_012,NTN-LEO,2.54,14,0.203383,0.056923,normal,0.0,0.9707,23,38,0.286,0.9554,51.7,353.1
CELL_013,UMa,-0.18,30,0.031384,0.00954,normal,0.0,0.9966,23,9,0.766,0.9592,193.5,340.6
CELL_014,FR2-mmWave,15.1,14,1.131847,0.240781,normal,0.0,0.9764,23,9,0.721,0.9407,367.6,358.3
CELL_015,UMi,16.92,24,0.002,0.001,normal,0.0,0.9822,23,11,0.694,0.9599,486.3,368.2
CELL_016,FR2-mmWave,15.6,25,0.002,0.001,normal,0.0,0.9525,23,14,0.399,0.9599,639.4,346.8
CELL_017,RIS,9.27,7,0.044726,0.006017,backdoor,0.6764,0.309,23,12,0.822,0.9189,818.0,322.6
CELL_018,THz,22.75,15,0.003341,0.001,normal,0.0,0.9832,23,26,0.545,0.9599,38.7,512.9
CELL_019,UMa,9.76,5,1.2,0.254836,normal,0.0,0.9557,23,16,0.255,0.9396,204.7,521.4
CELL_020,UMa,34.21,19,0.002,0.001,jamming,0.1577,0.754,23,30,0.559,0.9505,358.7,517.9
CELL_021,UMa,17.47,20,0.002,0.001,normal,0.0,0.9744,23,32,0.295,0.9599,486.1,495.0
CELL_022,RIS,9.38,25,0.136365,0.045269,normal,0.0,0.9704,23,24,0.695,0.9564,656.4,496.1
CELL_023,InH,18.72,9,0.005242,0.001,normal,0.0,0.9823,23,10,0.632,0.9599,794.3,493.7
CELL_000,RIS,22.72,4,0.009249,0.001814,normal,0.0,0.9971,24,22,0.865,0.9599,82.8,41.2
CELL_001,FR2-mmWave,12.68,25,0.029196,0.007591,normal,0.0,0.9635,24,24,0.5,0.9594,210.4,31.3
CELL_002,InH,7.37,15,0.003881,0.001,normal,0.0,0.9566,24,27,0.455,0.9599,349.7,44.3
CELL_003,RIS,19.92,1,0.074712,0.016563,normal,0.0,0.9934,24,12,0.351,0.9587,495.7,53.5
CELL_004,FR2-mmWave,20.67,20,0.002,0.001,data_poisoning,0.6551,0.299,24,33,0.388,0.9206,633.6,50.3
CELL_005,UMa,10.29,4,1.2,0.419454,normal,0.0,0.9523,24,37,0.38,0.9264,812.5,59.1
CELL_006,UMi,16.44,27,0.144833,0.018885,pilot_contamination,0.133,0.8286,24,9,0.755,0.9505,46.7,194.3
CELL_007,FR2-mmWave,3.92,24,0.173209,0.06893,normal,0.0,0.988,24,23,0.526,0.9545,212.2,208.6
CELL_008,UMi,15.59,22,0.035886,0.006021,normal,0.0,0.9767,24,12,0.711,0.9595,338.4,194.5
CELL_009,NTN-LEO,8.38,23,1.2,0.263543,csi_spoofing,0.8143,0.1596,24,16,0.428,0.8901,496.3,209.5
CELL_010,RIS,15.23,27,0.169856,0.045518,normal,0.0,0.9537,24,32,0.936,0.9564,652.1,179.1
CELL_011,THz,21.51,24,0.002525,0.001,normal,0.0,0.9858,24,8,0.832,0.9599,781.3,183.9
CELL_012,RIS,25.33,23,0.008623,0.001,csi_spoofing,0.8112,0.1724,24,31,0.378,0.9112,39.3,380.7
CELL_013,RMa,10.85,20,0.027963,0.005683,normal,0.0,0.9686,24,21,0.446,0.9595,210.1,345.5
CELL_014,THz,2.63,17,0.477966,0.14245,normal,0.0,0.9993,24,27,0.416,0.9486,348.1,328.1
CELL_015,RIS,13.44,6,0.061242,0.017567,normal,0.0,0.9534,24,14,0.516,0.9586,500.9,348.3
CELL_016,InH,20.73,17,0.023558,0.003863,normal,0.0,0.9686,24,38,0.526,0.9597,658.9,367.7
CELL_017,RMa,16.24,14,0.003595,0.001,normal,0.0,0.9788,24,38,0.589,0.9599,801.7,361.1
CELL_018,FR2-mmWave,1.27,31,0.544056,0.211791,normal,0.0,0.9549,24,37,0.448,0.9431,38.2,509.2
CELL_019,THz,14.07,8,0.017363,0.003367,normal,0.0,0.9841,24,15,0.348,0.9597,208.4,493.1
CELL_020,FR2-mmWave,10.43,23,0.802371,0.163873,normal,0.0,0.9741,24,8,0.78,0.9469,344.5,509.5
CELL_021,InH,25.58,14,0.002,0.001,normal,0.0,0.9648,24,19,0.358,0.9599,506.8,501.7
CELL_022,RIS,12.63,21,0.338197,0.041313,csi_spoofing,0.5705,0.4067,24,36,0.942,0.9225,659.0,500.0
CELL_023,RIS,-5.0,3,0.28132,0.087802,normal,0.0,0.9537,24,24,0.354,0.953,771.4,468.7
CELL_000,RMa,2.58,17,0.21609,0.034116,pilot_contamination,0.8268,0.05,25,27,0.352,0.9077,56.7,33.8
CELL_001,UMi,9.75,4,0.006185,0.001302,normal,0.0,0.951,25,9,0.881,0.9599,186.8,46.1
CELL_002,UMa,-5.0,10,1.2,0.312735,csi_spoofing,0.8962,0.0662,25,14,0.264,0.8812,340.6,58.0
CELL_003,RMa,18.2,3,0.028498,0.003957,normal,0.0,0.9746,25,26,0.508,0.9597,492.3,17.1
CELL_004,UMi,15.87,10,0.094279,0.013559,jamming,0.152,0.7704,25,33,0.841,0.9498,642.4,56.1
CELL_005,THz,1.24,17,0.167834,0.063083,csi_spoofing,0.1261,0.8377,25,39,0.239,0.9474,807.0,38.1
CELL_006,THz,10.2,22,0.00723,0.001329,jamming,0.6996,0.05,25,16,0.231,0.9179,44.9,202.5
CELL_007,RIS,21.48,10,0.018071,0.003744,normal,0.0,0.9505,25,37,0.429,0.9597,195.9,217.1
CELL_008,RIS,8.75,6,0.343667,0.050241,jamming,0.3789,0.4423,25,35,0.349,0.9332,354.1,199.9
CELL_009,NTN-LEO,12.61,31,0.037321,0.008185,normal,0.0,0.9628,25,39,0.396,0.9593,512.1,200.6
CELL_010,RIS,6.86,14,0.007581,0.001,pilot_contamination,0.9575,0.05,25,35,0.711,0.9025,650.2,206.2
CELL_011,THz,19.85,0,0.005199,0.001156,normal,0.0,0.983,25,33,0.451,0.9599,803.2,201.5
CELL_012,NTN-LEO,5.78,3,0.003543,0.001,normal,0.0,0.9656,25,32,0.781,0.9599,25.2,355.2
CELL_013,RMa,21.52,16,0.006604,0.001,normal,0.0,0.9799,25,39,0.653,0.9599,199.4,331.1
CELL_014,RIS,20.13,15,0.002,0.001,jamming,0.1062,0.8486,25,19,0.733,0.9535,339.4,336.5
CELL_015,NTN-LEO,14.83,23,0.681108,0.112328,normal,0.0,0.9956,25,18,0.563,0.951,495.1,360.2
CELL_016,RIS,23.32,0,0.010343,0.001223,backdoor,0.7047,0.2804,25,8,0.634,0.9176,664.1,334.8
CELL_017,UMi,10.91,0,0.002,0.001,normal,0.0,0.9636,25,32,0.714,0.9599,784.6,353.3
CELL_018,UMi,-3.01,4,0.303625,0.070726,pilot_contamination,0.581,0.3005,25,12,0.878,0.9195,54.0,518.7
CELL_019,UMa,1.63,31,0.293082,0.085947,normal,0.0,0.9673,25,15,0.809,0.9531,198.5,498.6
CELL_020,InH,4.24,14,1.2,0.640408,normal,0.0,0.9853,25,34,0.622,0.9088,344.8,488.2
CELL_021,RIS,15.67,9,0.002,0.001,normal,0.0,0.9743,25,12,0.437,0.9599,488.1,531.7
CELL_022,UMi,-0.76,5,1.2,0.502791,jamming,0.2163,0.6871,25,31,0.408,0.9068,647.7,497.7
CELL_023,RIS,0.22,14,0.049207,0.021943,normal,0.0,0.9567,25,37,0.482,0.9582,805.3,509.2
CELL_000,RMa,10.06,3,0.34144,0.069425,normal,0.0,0.9695,26,30,0.528,0.9544,46.1,63.1
CELL_001,UMi,12.68,26,0.019597,0.00364,normal,0.0,0.9963,26,24,0.214,0.9597,202.5,65.4
CELL_002,UMa,3.15,11,0.300728,0.090841,normal,0.0,0.9548,26,24,0.875,0.9527,343.7,59.4
CELL_003,NTN-LEO,5.93,10,0.006526,0.00105,pilot_contamination,0.5023,0.3722,26,36,0.451,0.9298,491.1,53.7
CELL_004,FR2-mmWave,15.64,2,0.010191,0.001561,pilot_contamination,0.7579,0.05,26,22,0.612,0.9144,644.0,28.3
CELL_005,THz,2.65,20,0.181549,0.059484,normal,0.0,0.992,26,36,0.332,0.9552,789.4,80.7
CELL_006,InH,-5.0,6,0.024218,0.007535,normal,0.0,0.9609,26,32,0.437,0.9594,33.5,185.7
CELL_007,NTN-LEO,-4.52,20,0.037446,0.011511,normal,0.0,0.9545,26,36,0.382,0.9591,225.0,208.9
CELL_008,UMa,1.32,28,0.464263,0.137704,normal,0.0,0.9828,26,10,0.755,0.949,359.5,210.9
CELL_009,InH,8.04,6,1.147086,0.222151,false_csi_injection,0.1185,0.8694,26,36,0.494,0.9351,497.8,213.4
CELL_010,NTN-LEO,7.28,15,0.002,0.001,backdoor,0.1331,0.8171,26,29,0.541,0.9519,640.7,202.2
CELL_011,UMi,6.06,19,0.141763,0.034066,normal,0.0,0.9961,26,33,0.329,0.9573,779.8,208.4
CELL_012,UMi,3.45,19,0.014431,0.003846,normal,0.0,0.9595,26,32,0.821,0.9597,32.4,355.6
CELL_013,RIS,15.77,3,0.002573,0.001,backdoor,0.7171,0.2425,26,39,0.784,0.9169,220.2,353.5
CELL_014,NTN-LEO,-5.0,25,0.767419,0.235911,normal,0.0,0.9741,26,38,0.461,0.9411,366.0,337.6
CELL_015,NTN-LEO,20.54,0,0.002,0.001,pilot_contamination,0.8427,0.05,26,10,0.439,0.9094,512.7,341.3
CELL_016,FR2-mmWave,-5.0,12,0.669741,0.300647,normal,0.0,0.9939,26,24,0.375,0.9359,650.4,339.5
CELL_017,RIS,21.36,12,0.002,0.001,normal,0.0,0.9728,26,24,0.525,0.9599,791.2,332.7
CELL_018,THz,-0.63,24,0.530566,0.238171,normal,0.0,0.9983,26,21,0.386,0.9409,45.4,504.9
CELL_019,InH,10.68,15,0.002,0.001,normal,0.0,0.9737,26,23,0.67,0.9599,184.7,496.5
CELL_020,FR2-mmWave,11.39,2,0.023636,0.00731,normal,0.0,0.9756,26,14,0.422,0.9594,359.8,489.6
CELL_021,InH,19.79,18,0.381157,0.084942,normal,0.0,0.9512,26,17,0.302,0.9532,487.3,501.9
CELL_022,RIS,8.63,8,0.056078,0.010959,csi_spoofing,0.4112,0.5701,26,33,0.234,0.9345,667.9,485.4
CELL_023,THz,18.45,22,0.002,0.001,normal,0.0,0.9965,26,14,0.537,0.9599,804.1,493.4
CELL_000,RIS,19.6,12,0.002,0.001,normal,0.0,0.9548,27,22,0.264,0.9599,43.9,28.3
CELL_001,UMi,10.98,29,0.045955,0.009158,normal,0.0,0.9595,27,11,0.44,0.9593,183.4,65.6
CELL_002,NTN-LEO,5.29,27,0.042376,0.01049,normal,0.0,0.9613,27,12,0.639,0.9592,362.2,51.0
CELL_003,InH,20.19,23,0.002,0.001,pilot_contamination,0.1432,0.7782,27,38,0.569,0.9513,494.9,47.8
CELL_004,THz,6.18,16,0.049516,0.018317,normal,0.0,0.9911,27,30,0.291,0.9585,661.0,47.2
CELL_005,THz,17.49,20,0.002,0.001,normal,0.0,0.9699,27,23,0.675,0.9599,786.6,43.2
CELL_006,RMa,14.18,12,1.2,0.303854,normal,0.0,0.9964,27,25,0.932,0.9357,53.1,211.0
CELL_007,RMa,8.44,8,0.271299,0.060011,normal,0.0,0.9711,27,17,0.314,0.9552,199.0,194.0
CELL_008,THz,31.89,14,0.002883,0.001,normal,0.0,0.9512,27,38,0.565,0.9599,355.4,213.3
CELL_009,FR2-mmWave,24.21,25,0.028307,0.003877,normal,0.0,0.9661,27,27,0.771,0.9597,501.6,186.8
CELL_010,RMa,6.67,25,0.00373,0.001,normal,0.0,0.9628,27,26,0.451,0.9599,667.6,177.4
CELL_011,THz,21.09,7,0.009325,0.001737,false_csi_injection,0.1087,0.8551,27,37,0.946,0.9533,801.0,223.3
CELL_012,UMa,18.19,5,0.00788,0.001,pilot_contamination,0.3591,0.5417,27,9,0.822,0.9384,60.9,356.6
CELL_013,InH,4.16,15,1.2,0.9,normal,0.0,0.9701,27,12,0.668,0.888,198.5,342.0
CELL_014,NTN-LEO,9.27,16,0.741666,0.161163,normal,0.0,0.9765,27,29,0.533,0.9471,356.5,337.4
CELL_015,InH,16.99,5,0.062152,0.009015,normal,0.0,0.9963,27,15,0.417,0.9593,496.4,329.6
CELL_016,FR2-mmWave,10.01,30,0.033406,0.005886,data_poisoning,0.74,0.242,27,9,0.372,0.9151,635.7,362.0
CELL_017,FR2-mmWave,16.39,23,0.022951,0.002252,jamming,0.4738,0.3183,27,37,0.299,0.9314,787.5,353.3
CELL_018,UMa,4.31,22,0.310706,0.08408,normal,0.0,0.9699,27,33,0.789,0.9533,41.6,492.0
CELL_019,FR2-mmWave,14.53,6,0.350608,0.076447,normal,0.0,0.9901,27,19,0.513,0.9539,195.7,508.5
CELL_020,NTN-LEO,-1.6,20,1.075894,0.211819,adversarial,0.619,0.3421,27,8,0.913,0.9059,348.3,489.1
CELL_021,FR2-mmWave,6.48,22,1.2,0.9,csi_spoofing,0.8578,0.102,27,34,0.872,0.8365,517.5,493.2
CELL_022,RMa,10.66,20,0.002,0.001,false_csi_injection,0.6621,0.316,27,27,0.415,0.9202,640.9,508.9
CELL_023,THz,19.5,14,0.002,0.001,normal,0.0,0.9641,27,15,0.267,0.9599,807.9,501.9
CELL_000,RIS,18.45,13,0.014185,0.00196,normal,0.0,0.9653,28,16,0.505,0.9598,49.4,52.2
CELL_001,UMa,7.44,3,0.791409,0.126068,jamming,0.7014,0.05,28,16,0.822,0.9078,200.3,47.9
CELL_002,NTN-LEO,8.68,2,0.016413,0.005002,normal,0.0,0.9741,28,26,0.899,0.9596,312.4,21.1
CELL_003,THz,7.87,7,0.05154,0.013447,csi_spoofing,0.3205,0.6582,28,16,0.62,0.9397,507.7,54.7
CELL_004,FR2-mmWave,9.93,2,0.002905,0.001,normal,0.0,0.9966,28,24,0.456,0.9599,629.5,46.3
CELL_005,RMa,15.91,11,0.007198,0.001,false_csi_injection,0.2057,0.782,28,23,0.525,0.9476,769.0,27.1
CELL_006,FR2-mmWave,11.04,1,0.038314,0.012,normal,0.0,0.9927,28,23,0.527,0.959,35.6,199.5
CELL_007,InH,7.78,25,0.025821,0.004026,backdoor,0.4809,0.5093,28,25,0.203,0.9308,189.4,184.8
CELL_008,UMa,12.7,1,0.338042,0.0697,normal,0.0,0.9861,28,9,0.3,0.9544,340.6,202.3
CELL_009,RMa,7.29,27,0.126255,0.029305,normal,0.0,0.9871,28,33,0.88,0.9577,497.9,204.3
CELL_010,THz,1.5,0,0.004667,0.001241,pilot_contamination,0.5865,0.2926,28,10,0.671,0.9247,648.9,203.8
CELL_011,NTN-LEO,11.78,15,0.003413,0.001,normal,0.0,0.9796,28,13,0.399,0.9599,801.5,201.7
CELL_012,UMa,7.07,23,0.110075,0.026954,normal,0.0,0.9597,28,25,0.251,0.9578,55.7,346.3
CELL_013,FR2-mmWave,11.84,15,0.002,0.001,normal,0.0,0.9542,28,32,0.811,0.9599,191.4,354.2
CELL_014,NTN-LEO,-0.47,3,0.088393,0.03968,normal,0.0,0.991,28,20,0.305,0.9568,335.6,339.7
CELL_015,UMi,17.59,10,0.004651,0.001,normal,0.0,0.9975,28,37,0.768,0.9599,511.6,336.7
CELL_016,FR2-mmWave,14.93,30,0.210898,0.019507,jamming,0.7555,0.05,28,29,0.842,0.9131,647.4,348.8
CELL_017,UMi,8.94,10,0.002,0.001,csi_spoofing,0.8971,0.0765,28,28,0.344,0.9061,800.8,339.1
CELL_018,NTN-LEO,12.19,5,0.130876,0.034981,normal,0.0,0.9724,28,21,0.373,0.9572,35.5,491.1
CELL_019,InH,14.45,25,0.009212,0.00152,normal,0.0,0.9969,28,11,0.46,0.9599,183.3,486.2
CELL_020,RMa,19.99,23,0.03042,0.002501,csi_spoofing,0.5151,0.4589,28,25,0.944,0.9289,346.4,498.2
CELL_021,FR2-mmWave,6.56,14,0.030229,0.004362,adversarial,0.834,0.1393,28,38,0.267,0.9096,486.8,509.6
CELL_022,THz,8.3,8,1.085296,0.373971,normal,0.0,0.9784,28,16,0.897,0.9301,646.3,524.6
CELL_023,THz,11.34,13,0.015213,0.004713,normal,0.0,0.9799,28,26,0.207,0.9596,797.6,492.7
CELL_000,InH,-4.19,28,0.556633,0.168858,normal,0.0,0.9614,29,26,0.688,0.9465,57.7,45.8
CELL_001,NTN-LEO,23.61,28,0.008228,0.001,jamming,0.2237,0.6818,29,17,0.672,0.9465,206.2,52.2
CELL_002,RMa,15.11,29,0.033541,0.005461,normal,0.0,0.9554,29,24,0.637,0.9596,356.5,58.6
CELL_003,FR2-mmWave,24.7,11,0.064048,0.006241,false_csi_injection,0.354,0.6085,29,34,0.517,0.9383,496.0,60.5
CELL_004,THz,20.74,0,0.002,0.001,normal,0.0,0.9579,29,38,0.365,0.9599,648.7,58.6
CELL_005,THz,25.43,24,0.002,0.001,pilot_contamination,0.9686,0.05,29,19,0.792,0.9018,805.4,36.7
CELL_006,UMa,7.75,10,0.099951,0.022444,normal,0.0,0.964,29,20,0.733,0.9582,68.2,201.8
CELL_007,NTN-LEO,12.04,7,0.119492,0.017228,adversarial,0.2563,0.7222,29,23,0.792,0.9432,190.0,211.6
CELL_008,THz,13.86,12,0.269472,0.076081,normal,0.0,0.9885,29,10,0.323,0.9539,357.7,199.3
CELL_009,UMa,7.08,3,0.003053,0.001,normal,0.0,0.9516,29,19,0.948,0.9599,494.7,199.9
CELL_010,RMa,29.95,19,0.002,0.001,normal,0.0,0.9712,29,27,0.944,0.9599,663.7,189.2
CELL_011,NTN-LEO,20.3,31,0.207972,0.025683,normal,0.0,0.9687,29,18,0.306,0.9579,802.3,187.6
CELL_012,InH,10.73,13,0.009458,0.002123,normal,0.0,0.9862,29,34,0.868,0.9598,42.6,351.8
CELL_013,UMi,21.26,1,0.002,0.001,normal,0.0,0.961,29,16,0.538,0.9599,223.5,373.4
CELL_014,NTN-LEO,8.19,6,0.029635,0.006617,normal,0.0,0.9808,29,38,0.773,0.9595,342.1,343.5
CELL_015,UMa,10.01,30,0.06163,0.012789,adversarial,0.2368,0.7273,29,19,0.619,0.9448,513.0,355.9
CELL_016,RIS,28.97,27,0.002,0.001,normal,0.0,0.9784,29,9,0.528,0.9599,653.9,357.1
CELL_017,RIS,9.64,8,0.105879,0.030909,normal,0.0,0.9535,29,34,0.652,0.9575,809.6,354.0
CELL_018,RMa,15.89,24,0.028918,0.004565,normal,0.0,0.9549,29,20,0.611,0.9596,79.9,490.7
CELL_019,NTN-LEO,6.3,30,0.059169,0.014292,normal,0.0,0.9517,29,21,0.55,0.9589,200.6,516.0
CELL_020,UMa,22.07,17,0.011849,0.001291,normal,0.0,0.9652,29,28,0.34,0.9599,341.9,510.4
CELL_021,RMa,-0.06,4,0.798765,0.241763,normal,0.0,0.9532,29,33,0.497,0.9407,480.5,480.3
CELL_022,UMi,4.36,8,0.641895,0.120582,pilot_contamination,0.4857,0.4034,29,17,0.488,0.9212,651.5,499.3
CELL_023,RMa,9.52,2,0.042837,0.008922,normal,0.0,0.9838,29,17,0.587,0.9593,787.4,496.3
CELL_000,THz,24.55,25,0.002267,0.001,normal,0.0,0.9738,30,38,0.636,0.9599,32.2,67.1
CELL_001,RIS,12.89,7,0.076308,0.022341,normal,0.0,0.9742,30,22,0.772,0.9582,184.9,60.7
CELL_002,NTN-LEO,-2.01,4,0.163044,0.066551,normal,0.0,0.9863,30,29,0.517,0.9547,354.3,61.8
CELL_003,RIS,14.33,13,0.005495,0.001,normal,0.0,0.971,30,39,0.885,0.9599,482.2,32.6
CELL_004,NTN-LEO,14.56,17,0.057633,0.011091,jamming,0.1693,0.7365,30,38,0.389,0.949,654.7,48.6
CELL_005,UMi,10.52,5,0.002,0.001,normal,0.0,0.9953,30,15,0.587,0.9599,798.8,67.5
CELL_006,RIS,11.83,10,0.002,0.001,normal,0.0,0.9836,30,14,0.461,0.9599,45.5,198.1
CELL_007,UMa,6.08,21,0.328197,0.078973,normal,0.0,0.9581,30,33,0.688,0.9537,188.2,196.5
CELL_008,RIS,-1.29,30,1.2,0.9,normal,0.0,0.9713,30,21,0.228,0.888,348.6,186.7
CELL_009,NTN-LEO,24.89,24,0.002,0.001,normal,0.0,0.9896,30,21,0.238,0.9599,513.5,211.1
CELL_010,InH,25.04,26,0.002,0.001,normal,0.0,0.9836,30,30,0.777,0.9599,652.9,199.2
CELL_011,InH,2.8,25,1.2,0.9,false_csi_injection,0.9359,0.0627,30,10,0.64,0.8318,805.5,207.2
CELL_012,FR2-mmWave,6.85,12,0.050006,0.014806,adversarial,0.1939,0.8044,30,21,0.532,0.9472,56.3,351.9
CELL_013,NTN-LEO,3.17,14,0.079164,0.025068,normal,0.0,0.9942,30,9,0.473,0.958,211.4,354.6
CELL_014,UMa,13.09,3,0.025861,0.004212,false_csi_injection,0.859,0.1361,30,35,0.264,0.9081,338.7,349.5
CELL_015,NTN-LEO,-2.86,8,0.392327,0.16014,normal,0.0,0.9792,30,39,0.809,0.9472,496.9,334.8
CELL_016,UMi,18.84,27,0.031618,0.007333,normal,0.0,0.9663,30,8,0.772,0.9594,633.4,357.4
CELL_017,RMa,14.73,30,0.099867,0.016231,normal,0.0,0.9624,30,34,0.709,0.9587,809.0,346.9
CELL_018,NTN-LEO,-2.12,6,0.098166,0.030177,normal,0.0,0.9862,30,23,0.629,0.9576,45.0,520.4
CELL_019,RIS,8.23,20,0.947625,0.170896,false_csi_injection,0.6122,0.3709,30,10,0.332,0.9096,195.5,498.0
CELL_020,NTN-LEO,20.43,24,0.002,0.001,normal,0.0,0.9742,30,14,0.427,0.9599,336.4,506.2
CELL_021,RIS,14.24,14,0.06365,0.011031,normal,0.0,0.9954,30,14,0.651,0.9591,498.4,499.2
CELL_022,RMa,17.88,12,0.06816,0.005587,jamming,0.6109,0.0961,30,21,0.694,0.9229,643.8,499.8
CELL_023,UMa,13.46,2,0.955056,0.110017,csi_spoofing,0.8567,0.1008,30,14,0.516,0.8998,814.9,497.0
CELL_000,THz,18.24,3,0.002,0.001,normal,0.0,0.972,31,24,0.672,0.9599,47.0,48.3
CELL_001,RIS,10.64,13,1.156291,0.265365,pilot_contamination,0.3105,0.6134,31,25,0.363,0.9201,189.5,64.6
CELL_002,THz,14.58,1,0.021964,0.006035,normal,0.0,0.9558,31,16,0.577,0.9595,347.0,62.0
CELL_003,FR2-mmWave,11.89,7,0.005395,0.001043,normal,0.0,0.9663,31,13,0.516,0.9599,501.9,54.6
CELL_004,NTN-LEO,-0.32,8,1.2,0.562785,normal,0.0,0.969,31,9,0.547,0.915,662.0,50.5
CELL_005,RMa,18.66,11,0.002,0.001,normal,0.0,0.9781,31,25,0.405,0.9599,793.3,38.3
CELL_006,THz,15.44,12,0.053289,0.014164,normal,0.0,0.9599,31,10,0.289,0.9589,62.9,190.2
CELL_007,UMi,20.75,9,0.002,0.001,normal,0.0,0.9671,31,13,0.801,0.9599,186.5,212.6
CELL_008,FR2-mmWave,10.73,18,0.042554,0.008669,normal,0.0,0.9848,31,17,0.351,0.9593,343.9,200.7
CELL_009,RIS,10.84,26,0.063437,0.011866,csi_spoofing,0.8368,0.1335,31,34,0.916,0.9088,478.2,191.0
CELL_010,UMa,28.52,10,0.002,0.001,normal,0.0,0.9707,31,34,0.559,0.9599,656.5,195.5
CELL_011,UMa,9.45,2,0.002,0.001,pilot_contamination,0.2009,0.7437,31,28,0.26,0.9479,816.2,194.9
CELL_012,InH,22.28,21,0.002,0.001,jamming,0.7458,0.05,31,11,0.877,0.9152,49.3,343.2
CELL_013,RIS,19.89,30,0.002,0.001,normal,0.0,0.9557,31,31,0.704,0.9599,198.1,364.4
CELL_014,NTN-LEO,19.68,19,0.004661,0.001,pilot_contamination,0.636,0.2091,31,14,0.851,0.9218,352.5,324.9
CELL_015,NTN-LEO,6.33,8,1.2,0.459611,csi_spoofing,0.9182,0.05,31,11,0.879,0.8681,505.9,332.6
CELL_016,UMa,6.39,0,0.019427,0.00323,csi_spoofing,0.6512,0.342,31,17,0.284,0.9207,644.6,350.8
CELL_017,RMa,14.91,24,0.002,0.001,normal,0.0,0.9754,31,37,0.786,0.9599,781.8,359.4
CELL_018,NTN-LEO,5.11,24,0.375898,0.076537,backdoor,0.2873,0.7019,31,31,0.646,0.9366,51.6,508.9
CELL_019,InH,13.58,29,0.017375,0.003944,normal,0.0,0.9676,31,19,0.375,0.9597,201.1,513.7
CELL_020,UMi,14.59,5,0.036163,0.006089,normal,0.0,0.9571,31,36,0.39,0.9595,356.9,507.2
CELL_021,FR2-mmWave,2.56,30,0.516302,0.107247,data_poisoning,0.3531,0.616,31,8,0.818,0.9302,493.4,501.0
CELL_022,UMi,15.63,2,0.003299,0.001,normal,0.0,0.966,31,19,0.317,0.9599,659.0,525.8
CELL_023,UMi,-4.7,9,0.529592,0.142999,csi_spoofing,0.1217,0.8623,31,30,0.793,0.9413,792.0,506.7
CELL_000,THz,7.36,3,0.002,0.001,csi_spoofing,0.3044,0.687,32,19,0.57,0.9417,48.6,59.9
CELL_001,RIS,29.22,8,0.002825,0.001,jamming,0.9634,0.05,32,24,0.873,0.9021,214.0,39.6
CELL_002,RMa,14.29,18,0.004939,0.001,normal,0.0,0.9671,32,38,0.729,0.9599,363.5,55.6
CELL_003,InH,17.01,22,0.014688,0.002872,normal,0.0,0.9565,32,25,0.261,0.9598,491.4,44.5
CELL_004,RMa,19.11,11,0.052998,0.007555,normal,0.0,0.9913,32,21,0.532,0.9594,635.1,33.2
CELL_005,UMa,16.06,10,0.00278,0.001,normal,0.0,0.996,32,38,0.272,0.9599,793.1,61.6
CELL_006,FR2-mmWave,19.46,1,0.002399,0.001,pilot_contamination,0.2617,0.6597,32,19,0.915,0.9442,62.3,206.6
CELL_007,InH,5.95,8,1.2,0.521883,normal,0.0,0.9995,32,30,0.765,0.9182,193.1,197.6
CELL_008,UMi,13.42,6,1.2,0.171809,pilot_contamination,0.5762,0.2605,32,32,0.633,0.9117,363.7,200.8
CELL_009,InH,0.33,1,0.883408,0.185823,false_csi_injection,0.6604,0.3301,32,32,0.748,0.9055,486.2,194.0
CELL_010,InH,2.33,31,0.065482,0.018595,normal,0.0,0.9864,32,35,0.791,0.9585,656.4,216.5
CELL_011,UMa,-0.03,6,0.536572,0.240867,normal,0.0,0.9981,32,35,0.418,0.9407,822.5,195.0
CELL_012,FR2-mmWave,11.52,27,0.590079,0.145757,normal,0.0,0.986,32,19,0.663,0.9483,54.4,336.0
CELL_013,RMa,30.36,23,0.002,0.001,normal,0.0,0.9646,32,18,0.253,0.9599,187.2,348.8
CELL_014,RMa,13.18,5,0.614631,0.109079,normal,0.0,0.9689,32,11,0.254,0.9513,343.9,339.9
CELL_015,RIS,21.39,26,0.00212,0.001,normal,0.0,0.9789,32,12,0.239,0.9599,484.5,332.4
CELL_016,UMa,2.67,15,0.075281,0.029878,normal,0.0,0.9824,32,31,0.459,0.9576,648.4,328.2
CELL_017,RIS,13.15,4,0.032245,0.00823,normal,0.0,0.9544,32,34,0.569,0.9593,788.2,353.6
CELL_018,RMa,-1.06,28,1.2,0.275976,data_poisoning,0.4883,0.4837,32,18,0.353,0.9086,61.1,494.8
CELL_019,UMa,18.35,22,0.002,0.001,jamming,0.9596,0.05,32,15,0.243,0.9023,202.3,481.2
CELL_020,UMa,11.62,16,0.006004,0.0012,normal,0.0,0.9635,32,15,0.29,0.9599,354.7,513.6
CELL_021,THz,11.21,23,0.002,0.001,normal,0.0,0.9799,32,29,0.487,0.9599,512.0,474.9
CELL_022,NTN-LEO,15.6,3,0.021693,0.004549,false_csi_injection,0.2325,0.7634,32,23,0.681,0.9457,656.7,497.8
CELL_023,NTN-LEO,12.93,14,0.060209,0.01111,normal,0.0,0.9905,32,36,0.206,0.9591,802.0,509.9
CELL_000,UMa,7.58,5,0.03118,0.007479,normal,0.0,0.9583,33,18,0.32,0.9594,34.8,48.4
CELL_001,THz,11.75,23,0.01839,0.003267,data_poisoning,0.9013,0.0604,33,26,0.33,0.9057,222.9,27.4
CELL_002,UMi,26.42,2,0.002,0.001,normal,0.0,0.9591,33,32,0.728,0.9599,332.1,63.2
CELL_003,UMi,16.57,27,0.002,0.001,normal,0.0,0.9969,33,12,0.268,0.9599,487.5,53.0
CELL_004,THz,5.87,6,0.002,0.001,normal,0.0,0.9686,33,37,0.799,0.9599,636.8,46.3
CELL_005,UMi,16.21,11,0.006902,0.001781,normal,0.0,0.988,33,22,0.43,0.9599,778.8,65.0
CELL_006,RIS,17.14,3,0.002,0.001,normal,0.0,0.9741,33,22,0.399,0.9599,57.0,209.9
CELL_007,THz,12.1,8,0.102538,0.023932,csi_spoofing,0.2657,0.6873,33,9,0.588,0.9421,203.9,190.9
CELL_008,FR2-mmWave,7.06,30,0.07348,0.026397,normal,0.0,0.9508,33,23,0.813,0.9579,368.8,197.4
CELL_009,FR2-mmWave,14.18,26,0.024444,0.004248,normal,0.0,0.9663,33,33,0.501,0.9597,507.7,182.3
CELL_010,UMi,5.52,18,0.352886,0.057705,false_csi_injection,0.6694,0.3054,33,15,0.339,0.9152,625.3,197.4
CELL_011,THz,2.7,1,0.243202,0.10056,normal,0.0,0.9737,33,12,0.37,0.952,798.3,197.0
CELL_012,FR2-mmWave,12.51,28,0.00329,0.001,normal,0.0,0.982,33,13,0.383,0.9599,49.4,339.8
CELL_013,UMa,15.46,3,0.202257,0.031836,normal,0.0,0.9971,33,35,0.718,0.9575,207.4,360.6
CELL_014,InH,5.34,14,0.05658,0.015074,jamming,0.3045,0.5609,33,19,0.328,0.9405,368.7,356.5
CELL_015,NTN-LEO,6.3,27,0.027358,0.006608,normal,0.0,0.9722,33,14,0.233,0.9595,496.9,345.0
CELL_016,UMa,19.09,6,0.080997,0.011238,normal,0.0,0.9979,33,25,0.527,0.9591,655.2,349.1
CELL_017,RIS,6.44,30,0.893359,0.268126,normal,0.0,0.9788,33,18,0.779,0.9385,793.1,357.5
CELL_018,RIS,10.29,26,0.018064,0.00581,normal,0.0,0.9659,33,13,0.319,0.9595,68.8,484.9
CELL_019,NTN-LEO,14.65,16,0.002,0.001,normal,0.0,0.9637,33,15,0.347,0.9599,195.4,477.2
CELL_020,UMi,9.0,15,0.804368,0.150148,jamming,0.7763,0.05,33,39,0.274,0.9014,362.4,510.0
CELL_021,UMi,12.67,5,0.013807,0.002565,normal,0.0,0.9547,33,33,0.365,0.9598,491.1,483.4
CELL_022,UMi,21.29,15,0.002,0.001,normal,0.0,0.9722,33,9,0.712,0.9599,642.4,499.2
CELL_023,THz,17.52,27,0.002,0.001,normal,0.0,0.9885,33,31,0.493,0.9599,801.4,508.7
CELL_000,NTN-LEO,2.71,27,0.128859,0.036445,normal,0.0,0.9533,34,34,0.241,0.9571,67.1,58.9
CELL_001,FR2-mmWave,18.09,27,0.007021,0.001311,data_poisoning,0.2543,0.7308,34,20,0.417,0.9446,211.4,65.7
CELL_002,NTN-LEO,8.55,14,0.073678,0.019081,normal,0.0,0.9576,34,34,0.669,0.9585,366.0,57.9
CELL_003,NTN-LEO,-0.7,3,0.434301,0.153467,normal,0.0,0.9957,34,22,0.492,0.9477,497.2,26.4
CELL_004,THz,27.96,22,0.002,0.001,normal,0.0,0.9724,34,38,0.286,0.9599,639.1,43.6
CELL_005,RIS,10.21,4,0.062095,0.012326,adversarial,0.7238,0.2466,34,37,0.374,0.9156,801.5,67.0
CELL_006,NTN-LEO,12.57,5,0.002,0.001,adversarial,0.1613,0.8122,34,18,0.747,0.9502,67.9,191.3
CELL_007,THz,5.52,22,0.005169,0.001953,normal,0.0,0.9956,34,32,0.813,0.9598,187.4,186.4
CELL_008,InH,15.08,18,0.006949,0.00148,normal,0.0,0.9679,34,37,0.308,0.9599,350.8,192.6
CELL_009,THz,10.61,15,0.088363,0.014771,jamming,0.9647,0.05,34,9,0.316,0.9009,498.2,214.3
CELL_010,UMi,21.56,21,0.086004,0.017755,normal,0.0,0.9779,34,15,0.512,0.9586,633.8,174.3
CELL_011,UMi,7.23,30,0.02097,0.007491,normal,0.0,0.9754,34,37,0.253,0.9594,818.7,192.7
CELL_012,NTN-LEO,12.96,9,0.007797,0.001685,normal,0.0,0.9816,34,24,0.856,0.9599,39.6,364.5
CELL_013,UMi,35.0,13,0.002,0.001,normal,0.0,0.9865,34,17,0.328,0.9599,200.3,329.6
CELL_014,UMa,7.44,19,0.081503,0.019661,normal,0.0,0.9606,34,38,0.67,0.9584,353.0,339.8
CELL_015,RMa,9.91,17,0.042177,0.009053,normal,0.0,0.9523,34,22,0.303,0.9593,512.5,355.7
CELL_016,RMa,19.56,23,0.005723,0.001,normal,0.0,0.9711,34,9,0.529,0.9599,645.5,355.7
CELL_017,UMi,10.5,31,0.086465,0.027598,normal,0.0,0.9999,34,11,0.316,0.9578,789.8,366.0
CELL_018,FR2-mmWave,8.58,30,0.238866,0.047126,data_poisoning,0.9256,0.0523,34,35,0.603,0.9007,53.3,490.1
CELL_019,FR2-mmWave,5.79,22,0.002,0.001,normal,0.0,0.9767,34,19,0.371,0.9599,206.9,511.0
CELL_020,RMa,12.37,4,1.07665,0.114543,jamming,0.6843,0.05,34,24,0.814,0.9098,349.8,504.2
CELL_021,InH,14.96,21,0.006827,0.001137,normal,0.0,0.9591,34,25,0.417,0.9599,501.7,502.0
CELL_022,RIS,1.08,5,0.254398,0.049293,jamming,0.4284,0.3655,34,19,0.627,0.9304,642.7,523.9
CELL_023,InH,2.13,24,0.537421,0.22614,normal,0.0,0.9841,34,30,0.637,0.9419,792.6,479.5
CELL_000,RIS,23.11,27,0.004492,0.001,normal,0.0,0.9704,35,37,0.499,0.9599,70.2,44.2
CELL_001,NTN-LEO,7.85,18,0.096536,0.012468,csi_spoofing,0.9759,0.05,35,25,0.458,0.9004,193.9,60.2
CELL_002,UMa,13.01,4,0.172544,0.032725,normal,0.0,0.997,35,20,0.906,0.9574,339.9,57.8
CELL_003,RIS,12.93,22,0.016228,0.004744,normal,0.0,0.996,35,11,0.354,0.9596,505.6,49.8
CELL_004,FR2-mmWave,13.51,19,0.336213,0.09621,normal,0.0,0.9738,35,8,0.803,0.9523,665.9,67.1
CELL_005,InH,0.95,1,0.860545,0.166957,pilot_contamination,0.4892,0.4014,35,32,0.32,0.9173,801.1,84.7
CELL_006,UMi,24.37,4,0.027591,0.001574,csi_spoofing,0.7757,0.2215,35,34,0.465,0.9133,46.8,198.0
CELL_007,UMi,3.65,17,0.270413,0.089641,normal,0.0,0.963,35,37,0.861,0.9528,193.5,192.3
CELL_008,FR2-mmWave,18.62,14,0.01706,0.00247,adversarial,0.2258,0.7291,35,36,0.576,0.9463,355.0,204.4
CELL_009,RMa,8.95,18,0.199484,0.042871,normal,0.0,0.985,35,16,0.869,0.9566,488.1,210.3
CELL_010,RMa,13.82,12,0.008766,0.001488,normal,0.0,0.9965,35,27,0.266,0.9599,643.0,207.1
CELL_011,THz,19.85,0,0.005199,0.001156,normal,0.0,0.983,35,10,0.483,0.9599,802.0,188.3
CELL_012,RIS,13.64,4,0.083506,0.014892,normal,0.0,0.952,35,15,0.311,0.9588,45.8,351.3
CELL_013,UMi,2.49,13,0.295823,0.066331,false_csi_injection,0.2316,0.7186,35,16,0.248,0.9408,217.3,364.1
CELL_014,FR2-mmWave,13.16,27,0.010988,0.003185,normal,0.0,0.9666,35,31,0.278,0.9597,361.2,347.3
CELL_015,RIS,9.46,20,0.06289,0.01848,normal,0.0,0.9797,35,24,0.932,0.9585,521.6,357.1
CELL_016,RMa,12.27,8,0.002,0.001,pilot_contamination,0.8095,0.05,35,28,0.691,0.9114,645.0,347.6
CELL_017,RIS,14.08,16,0.002,0.001,normal,0.0,0.9979,35,17,0.6,0.9599,803.4,368.5
CELL_018,UMa,18.81,1,0.125029,0.011079,pilot_contamination,0.4255,0.4538,35,22,0.779,0.9336,63.3,527.6
CELL_019,FR2-mmWave,20.32,9,0.002,0.001,normal,0.0,0.9909,35,25,0.672,0.9599,199.3,518.4
CELL_020,FR2-mmWave,11.39,22,0.140203,0.034816,normal,0.0,0.9861,35,24,0.429,0.9572,339.0,481.3
CELL_021,THz,-1.37,7,0.057614,0.025863,normal,0.0,0.9988,35,33,0.245,0.9579,510.5,514.6
CELL_022,NTN-LEO,18.86,11,0.003742,0.001,normal,0.0,0.9579,35,9,0.469,0.9599,643.0,505.4
CELL_023,UMa,10.98,4,0.140292,0.022329,csi_spoofing,0.5713,0.3808,35,11,0.383,0.9239,798.0,497.1
CELL_000,THz,3.62,7,1.159651,0.465815,normal,0.0,0.9774,36,36,0.903,0.9227,48.6,38.9
CELL_001,FR2-mmWave,12.92,22,0.007136,0.002087,normal,0.0,0.9973,36,12,0.881,0.9598,202.1,55.1
CELL_002,THz,7.78,11,1.2,0.275739,jamming,0.2771,0.5993,36,28,0.466,0.9213,376.8,55.5
CELL_003,UMa,25.36,19,0.002,0.001,normal,0.0,0.9536,36,16,0.587,0.9599,486.7,32.3
CELL_004,RMa,11.6,14,0.009964,0.002041,normal,0.0,0.9885,36,32,0.235,0.9598,654.7,67.5
CELL_005,UMi,6.68,25,0.432108,0.101199,normal,0.0,0.991,36,14,0.342,0.9519,818.7,31.4
CELL_006,RMa,13.86,2,0.041157,0.007286,normal,0.0,0.9639,36,22,0.775,0.9594,47.6,188.8
CELL_007,RMa,20.66,2,0.002,0.001,normal,0.0,0.9719,36,13,0.447,0.9599,197.5,199.7
CELL_008,FR2-mmWave,0.39,11,0.061232,0.027172,normal,0.0,0.9523,36,13,0.834,0.9578,342.3,212.8
CELL_009,UMi,16.39,1,0.449095,0.040285,csi_spoofing,0.8962,0.0679,36,32,0.521,0.903,510.0,200.9
CELL_010,NTN-LEO,13.73,14,0.009402,0.001965,normal,0.0,0.9696,36,21,0.409,0.9598,647.9,202.3
CELL_011,UMi,28.07,18,0.00366,0.001,normal,0.0,0.9838,36,29,0.831,0.9599,795.0,200.8
CELL_012,RIS,18.09,4,0.023601,0.005647,normal,0.0,0.9564,36,11,0.896,0.9595,54.1,357.0
CELL_013,UMi,8.78,18,0.14664,0.017915,jamming,0.7649,0.05,36,20,0.305,0.9127,186.8,344.4
CELL_014,THz,1.68,15,1.2,0.844659,csi_spoofing,0.6803,0.319,36,17,0.432,0.8516,368.1,358.0
CELL_015,THz,13.61,30,0.007046,0.002009,normal,0.0,0.9879,36,12,0.525,0.9598,509.7,369.4
CELL_016,NTN-LEO,6.07,23,0.02922,0.004543,csi_spoofing,0.6764,0.2819,36,15,0.439,0.9191,637.3,367.1
CELL_017,THz,8.26,14,0.002,0.001,normal,0.0,0.9712,36,38,0.477,0.9599,802.1,350.3
CELL_018,UMi,14.17,11,0.010912,0.002416,normal,0.0,0.9677,36,38,0.784,0.9598,50.7,485.7
CELL_019,InH,10.32,21,0.131855,0.027249,normal,0.0,0.9807,36,15,0.629,0.9578,190.1,513.3
CELL_020,UMi,15.57,2,0.173748,0.015316,pilot_contamination,0.941,0.05,36,11,0.757,0.9023,348.9,521.1
CELL_021,FR2-mmWave,4.64,29,0.228255,0.088775,normal,0.0,0.9849,36,35,0.624,0.9529,493.3,488.1
CELL_022,NTN-LEO,13.89,22,0.005861,0.001,false_csi_injection,0.4856,0.5077,36,18,0.29,0.9308,653.6,499.4
CELL_023,RIS,11.55,19,0.010456,0.001748,pilot_contamination,0.6032,0.2743,36,10,0.808,0.9237,798.7,470.5
CELL_000,InH,17.12,19,0.002,0.001,normal,0.0,0.999,37,38,0.845,0.9599,57.5,62.6
CELL_001,FR2-mmWave,-0.23,23,0.23577,0.105837,normal,0.0,0.9633,37,24,0.527,0.9515,192.8,55.1
CELL_002,UMi,20.33,8,0.002009,0.001,normal,0.0,0.9995,37,33,0.878,0.9599,356.8,44.7
CELL_003,THz,11.43,4,0.006744,0.002083,normal,0.0,0.9727,37,25,0.654,0.9598,495.1,56.1
CELL_004,UMi,23.93,25,0.002,0.001,normal,0.0,0.9511,37,32,0.771,0.9599,650.6,57.3
CELL_005,RMa,8.19,23,0.248489,0.032683,false_csi_injection,0.9809,0.05,37,33,0.301,0.8985,803.5,30.9
CELL_006,THz,18.6,25,0.002,0.001,false_csi_injection,0.5312,0.4241,37,33,0.571,0.928,60.4,198.2
CELL_007,RMa,8.64,21,0.008834,0.001424,adversarial,0.313,0.6431,37,13,0.259,0.9411,208.3,198.7
CELL_008,RIS,13.66,24,0.002,0.001,normal,0.0,0.9884,37,27,0.571,0.9599,349.5,198.2
CELL_009,UMa,5.22,2,1.2,0.531636,normal,0.0,0.99,37,19,0.396,0.9175,489.7,218.4
CELL_010,NTN-LEO,14.42,10,0.101669,0.018244,normal,0.0,0.9971,37,33,0.393,0.9585,640.5,194.4
CELL_011,InH,8.28,11,0.132946,0.037257,normal,0.0,0.9615,37,21,0.449,0.957,813.5,202.2
CELL_012,FR2-mmWave,28.56,14,0.002,0.001,adversarial,0.6915,0.2782,37,22,0.76,0.9184,54.7,344.5
CELL_013,UMa,10.25,10,0.379403,0.056753,false_csi_injection,0.5312,0.4223,37,8,0.767,0.9236,204.9,352.1
CELL_014,UMi,13.31,31,0.052692,0.012096,normal,0.0,0.9931,37,12,0.469,0.959,340.0,325.7
CELL_015,THz,20.59,4,0.004116,0.001,csi_spoofing,0.3943,0.58,37,8,0.534,0.9363,474.5,361.9
CELL_016,InH,14.59,4,0.011993,0.003294,normal,0.0,0.9966,37,31,0.636,0.9597,671.0,344.2
CELL_017,RMa,13.44,24,0.044075,0.00418,jamming,0.8842,0.05,37,20,0.743,0.9066,786.5,358.8
CELL_018,UMi,15.59,21,0.060611,0.006501,data_poisoning,0.5353,0.45,37,8,0.904,0.9274,21.8,483.6
CELL_019,UMi,6.96,30,0.037088,0.013368,normal,0.0,0.9581,37,29,0.421,0.9589,198.0,493.6
CELL_020,RMa,21.85,25,0.021928,0.002548,normal,0.0,0.9845,37,16,0.391,0.9598,356.1,504.3
CELL_021,UMa,-3.67,14,0.568063,0.146268,false_csi_injection,0.2143,0.7711,37,29,0.555,0.9354,485.9,510.1
CELL_022,THz,12.06,10,0.022916,0.006917,normal,0.0,0.998,37,13,0.86,0.9594,631.5,497.2
CELL_023,RIS,4.65,22,0.322797,0.125493,normal,0.0,0.9702,37,30,0.637,0.95,813.8,511.0
CELL_000,RIS,2.65,28,0.092424,0.038268,normal,0.0,0.9938,38,26,0.321,0.9569,62.0,44.7
CELL_001,RMa,10.42,24,1.2,0.707221,data_poisoning,0.57,0.3896,38,10,0.948,0.8692,187.8,68.7
CELL_002,FR2-mmWave,16.9,14,0.004532,0.001,normal,0.0,0.953,38,29,0.378,0.9599,363.8,45.7
CELL_003,RIS,8.15,13,0.069538,0.021431,normal,0.0,0.9937,38,15,0.553,0.9583,478.4,36.5
CELL_004,THz,9.26,27,0.002,0.001,normal,0.0,0.9648,38,19,0.433,0.9599,632.0,61.5
CELL_005,NTN-LEO,10.95,28,0.102545,0.020301,normal,0.0,0.9981,38,32,0.948,0.9584,799.4,24.8
CELL_006,InH,3.98,4,0.286108,0.113629,normal,0.0,0.9778,38,15,0.367,0.9509,30.1,200.9
CELL_007,InH,13.28,11,0.019256,0.005558,normal,0.0,0.9834,38,22,0.217,0.9596,187.1,179.4
CELL_008,InH,13.04,8,0.207,0.0392,normal,0.0,0.9687,38,32,0.55,0.9569,341.4,189.5
CELL_009,InH,18.39,12,0.002,0.001,normal,0.0,0.9659,38,37,0.407,0.9599,497.3,183.9
CELL_010,NTN-LEO,13.51,16,0.002,0.001,normal,0.0,0.9623,38,39,0.334,0.9599,653.1,210.4
CELL_011,UMi,4.46,7,0.726394,0.190117,normal,0.0,0.9725,38,38,0.487,0.9448,796.3,183.8
CELL_012,RIS,11.58,17,0.422143,0.129667,normal,0.0,0.957,38,18,0.755,0.9496,37.4,349.1
CELL_013,InH,12.99,30,0.002,0.001,pilot_contamination,0.4649,0.4158,38,9,0.602,0.932,198.0,335.5
CELL_014,UMa,5.78,28,0.071675,0.022031,normal,0.0,0.9652,38,26,0.745,0.9582,335.9,330.5
CELL_015,UMi,-1.14,14,0.246335,0.11058,normal,0.0,0.9864,38,12,0.8,0.9512,503.3,372.5
CELL_016,InH,7.75,25,0.024435,0.004939,jamming,0.671,0.05,38,24,0.647,0.9193,656.2,352.9
CELL_017,RMa,19.21,31,0.002,0.001,normal,0.0,0.9863,38,32,0.786,0.9599,785.9,353.4
CELL_018,FR2-mmWave,10.09,27,0.355212,0.075164,csi_spoofing,0.5712,0.3918,38,24,0.728,0.9197,42.5,492.5
CELL_019,FR2-mmWave,16.04,23,0.002,0.001,normal,0.0,0.9582,38,22,0.686,0.9599,194.6,515.9
CELL_020,FR2-mmWave,12.79,1,0.002891,0.001,normal,0.0,0.9556,38,25,0.225,0.9599,355.9,491.2
CELL_021,InH,7.34,11,0.13153,0.022077,csi_spoofing,0.9252,0.05,38,15,0.427,0.9027,503.7,506.4
CELL_022,RMa,25.6,0,0.002,0.001,normal,0.0,0.9704,38,32,0.88,0.9599,649.3,485.1
CELL_023,RIS,21.47,6,0.002,0.001,normal,0.0,0.9657,38,34,0.333,0.9599,809.5,494.6
CELL_000,RMa,10.2,9,0.052676,0.005984,jamming,0.8912,0.05,39,22,0.79,0.906,54.3,38.7
CELL_001,InH,6.97,24,0.085391,0.030775,normal,0.0,0.9918,39,16,0.328,0.9575,195.6,54.9
CELL_002,InH,11.13,8,0.157726,0.031445,normal,0.0,0.9658,39,27,0.513,0.9575,356.4,64.3
CELL_003,UMa,18.15,20,0.046827,0.006404,normal,0.0,0.9764,39,20,0.694,0.9595,518.5,56.9
CELL_004,InH,0.13,31,0.569233,0.212439,normal,0.0,0.9599,39,30,0.451,0.943,653.6,57.9
CELL_005,InH,29.43,26,0.002,0.001,backdoor,0.5639,0.3939,39,37,0.581,0.9261,810.5,56.7
CELL_006,THz,23.72,29,0.002337,0.001,normal,0.0,0.9848,39,13,0.374,0.9599,37.9,186.1
CELL_007,RIS,3.15,27,0.02757,0.011241,normal,0.0,0.998,39,21,0.277,0.9591,186.6,214.3
CELL_008,RIS,0.52,28,0.626815,0.193097,csi_spoofing,0.4365,0.5197,39,17,0.618,0.9184,334.1,189.6
CELL_009,RIS,15.6,24,0.065339,0.017263,normal,0.0,0.9512,39,37,0.689,0.9586,504.4,198.0
CELL_010,UMa,15.07,24,0.117125,0.01869,jamming,0.6035,0.132,39,31,0.468,0.9223,625.8,196.5
CELL_011,UMa,13.86,12,0.002,0.001,normal,0.0,0.9684,39,32,0.869,0.9599,815.8,196.9
CELL_012,FR2-mmWave,17.56,2,0.026884,0.003944,normal,0.0,0.9618,39,37,0.257,0.9597,45.0,354.1
CELL_013,UMi,14.63,6,0.002,0.001,normal,0.0,0.9902,39,31,0.806,0.9599,194.9,348.2
CELL_014,RMa,-0.4,16,0.670483,0.203165,normal,0.0,0.9663,39,17,0.302,0.9437,366.8,367.7
CELL_015,FR2-mmWave,-5.0,25,0.067743,0.03041,normal,0.0,0.987,39,12,0.376,0.9576,507.3,358.3
CELL_016,UMa,-5.0,9,0.778154,0.349313,normal,0.0,0.9953,39,26,0.872,0.9321,644.5,352.9
CELL_017,RIS,9.99,21,0.340388,0.110632,normal,0.0,0.9981,39,27,0.784,0.9511,799.1,340.6
CELL_018,UMi,9.4,3,0.320072,0.042931,false_csi_injection,0.6099,0.3723,39,23,0.387,0.92,41.3,489.9
CELL_019,UMi,11.63,3,0.356366,0.087629,normal,0.0,0.9823,39,12,0.571,0.953,196.4,495.3
CELL_020,UMa,12.85,29,0.007376,0.002057,normal,0.0,0.9967,39,21,0.671,0.9598,350.3,483.0
CELL_021,RIS,11.3,1,1.2,0.292075,false_csi_injection,0.9065,0.0632,39,34,0.899,0.8822,499.5,507.6
CELL_022,RMa,26.32,14,0.022882,0.002324,normal,0.0,0.9976,39,20,0.351,0.9598,675.3,493.8
CELL_023,InH,6.06,23,0.007727,0.00197,normal,0.0,0.9948,39,22,0.873,0.9598,811.0,507.5
CELL_000,InH,19.28,15,0.002,0.001,normal,0.0,0.9823,40,8,0.937,0.9599,76.6,43.4
CELL_001,InH,8.75,4,0.002,0.001,normal,0.0,0.9895,40,22,0.74,0.9599,207.8,45.6
CELL_002,UMa,1.6,21,0.203651,0.061011,normal,0.0,0.955,40,14,0.664,0.9551,361.1,30.2
CELL_003,UMi,15.61,21,0.009917,0.002063,normal,0.0,0.9613,40,24,0.802,0.9598,505.3,59.9
CELL_004,NTN-LEO,10.24,3,0.009189,0.001378,data_poisoning,0.3466,0.604,40,21,0.472,0.9391,647.8,37.4
CELL_005,THz,12.48,30,1.2,0.513699,normal,0.0,0.9784,40,21,0.243,0.9189,801.6,49.9
CELL_006,THz,6.48,27,0.002,0.001,csi_spoofing,0.2414,0.722,40,22,0.66,0.9454,63.3,184.3
CELL_007,RIS,-5.0,24,0.274916,0.12341,normal,0.0,0.966,40,8,0.384,0.9501,198.6,215.8
CELL_008,UMa,14.29,29,0.016344,0.002889,normal,0.0,0.98,40,27,0.904,0.9598,326.9,189.2
CELL_009,THz,25.43,24,0.002,0.001,pilot_contamination,0.9686,0.05,40,31,0.407,0.9018,472.1,212.5
CELL_010,RIS,4.78,10,0.156686,0.054337,normal,0.0,0.9708,40,8,0.745,0.9557,636.0,217.2
CELL_011,RMa,12.49,28,0.005192,0.001,normal,0.0,0.9515,40,16,0.377,0.9599,800.9,189.0
CELL_012,UMi,-0.5,2,0.129871,0.039397,normal,0.0,0.9512,40,35,0.813,0.9568,35.8,343.8
CELL_013,THz,24.57,13,0.004524,0.001,backdoor,0.6034,0.3581,40,32,0.316,0.9237,202.2,358.8
CELL_014,RIS,14.33,8,0.399465,0.0739,false_csi_injection,0.1615,0.817,40,35,0.671,0.9444,341.0,347.7
CELL_015,UMa,9.46,2,1.077362,0.138814,pilot_contamination,0.6645,0.1987,40,9,0.756,0.909,498.6,348.4
CELL_016,RIS,19.14,10,0.002,0.001,normal,0.0,0.9928,40,21,0.938,0.9599,645.7,355.5
CELL_017,UMi,11.6,27,0.044193,0.013563,normal,0.0,0.9659,40,19,0.282,0.9589,785.1,358.5
CELL_018,UMi,-1.79,28,0.085375,0.018864,backdoor,0.3924,0.6049,40,26,0.883,0.9349,38.2,510.1
CELL_019,UMa,14.76,7,0.041049,0.007716,normal,0.0,0.9836,40,21,0.855,0.9594,200.9,528.5
CELL_020,THz,16.76,0,0.005504,0.001,normal,0.0,0.97,40,20,0.49,0.9599,353.6,496.4
CELL_021,UMa,16.08,24,0.004734,0.001,normal,0.0,0.9637,40,25,0.746,0.9599,494.0,512.4
CELL_022,RMa,20.74,16,0.002353,0.001,normal,0.0,0.9508,40,24,0.488,0.9599,655.7,501.9
CELL_023,RMa,0.19,10,0.515718,0.155188,normal,0.0,0.9879,40,36,0.397,0.9476,793.7,492.0
CELL_000,RMa,20.01,21,0.00924,0.001132,normal,0.0,0.9693,41,20,0.795,0.9599,42.2,40.2
CELL_001,FR2-mmWave,13.86,23,0.128564,0.036298,normal,0.0,0.9581,41,25,0.915,0.9571,199.2,40.2
CELL_002,InH,14.71,18,0.005416,0.001,data_poisoning,0.6138,0.3495,41,25,0.437,0.9231,344.0,69.4
CELL_003,InH,24.94,25,0.008095,0.001,normal,0.0,0.9544,41,18,0.503,0.9599,490.2,61.9
CELL_004,NTN-LEO,14.95,0,0.16453,0.037051,normal,0.0,0.9914,41,18,0.33,0.957,652.4,43.1
CELL_005,THz,14.74,16,0.002,0.001,csi_spoofing,0.1797,0.7736,41,22,0.387,0.9491,811.7,68.9
CELL_006,NTN-LEO,24.03,9,0.002,0.001,normal,0.0,0.9758,41,27,0.928,0.9599,11.1,204.5
CELL_007,FR2-mmWave,15.81,9,0.002822,0.001,normal,0.0,0.9784,41,35,0.204,0.9599,206.2,199.7
CELL_008,FR2-mmWave,15.24,11,0.006486,0.001057,normal,0.0,0.9733,41,37,0.202,0.9599,361.7,189.1
CELL_009,NTN-LEO,13.07,20,0.092893,0.016681,normal,0.0,0.9999,41,36,0.601,0.9587,473.7,200.6
CELL_010,UMa,4.46,27,0.002,0.001,data_poisoning,0.7431,0.2315,41,28,0.873,0.9153,636.7,185.1
CELL_011,InH,15.25,5,0.00351,0.001,normal,0.0,0.9628,41,30,0.431,0.9599,803.7,210.1
CELL_012,RMa,20.36,18,0.047267,0.003752,adversarial,0.5451,0.4426,41,36,0.415,0.927,57.9,349.7
CELL_013,InH,8.13,6,0.081127,0.013623,pilot_contamination,0.6856,0.1736,41,20,0.563,0.9178,187.7,359.5
CELL_014,RMa,6.51,30,0.146917,0.035207,normal,0.0,0.9947,41,35,0.814,0.9572,362.9,339.1
CELL_015,RIS,15.58,8,0.066147,0.015294,normal,0.0,0.9981,41,26,0.801,0.9588,497.5,357.0
CELL_016,FR2-mmWave,1.21,5,0.007052,0.002088,normal,0.0,0.9574,41,22,0.794,0.9598,666.4,353.2
CELL_017,NTN-LEO,13.83,30,0.059068,0.012291,normal,0.0,0.9705,41,13,0.87,0.959,785.2,339.0
CELL_018,UMa,15.29,18,0.216438,0.038869,normal,0.0,0.9663,41,25,0.856,0.9569,63.1,500.0
CELL_019,NTN-LEO,-2.67,31,0.021423,0.006906,normal,0.0,0.9818,41,35,0.501,0.9594,186.4,514.6
CELL_020,RMa,3.05,11,0.006828,0.001909,normal,0.0,0.9886,41,10,0.566,0.9598,352.1,488.6
CELL_021,UMa,6.46,26,0.256533,0.041885,jamming,0.7351,0.05,41,26,0.688,0.9125,496.8,490.2
CELL_022,THz,-5.0,19,1.2,0.9,normal,0.0,0.9504,41,39,0.324,0.888,634.5,495.2
CELL_023,RIS,1.74,20,1.2,0.653274,normal,0.0,0.9872,41,28,0.416,0.9077,801.8,493.7
CELL_000,UMi,12.01,26,0.32858,0.058134,csi_spoofing,0.8827,0.0748,42,36,0.531,0.9024,56.7,46.6
CELL_001,RMa,13.18,18,0.002767,0.001,normal,0.0,0.974,42,27,0.259,0.9599,188.5,15.2
CELL_002,UMa,16.12,27,0.019818,0.003494,normal,0.0,0.964,42,38,0.526,0.9597,355.8,50.0
CELL_003,RMa,21.82,4,0.004111,0.001,normal,0.0,0.9516,42,39,0.209,0.9599,492.0,31.4
CELL_004,RMa,18.84,3,0.01187,0.001,jamming,0.5711,0.185,42,13,0.509,0.9257,666.3,66.7
CELL_005,UMa,-2.95,18,0.431196,0.136838,normal,0.0,0.9655,42,22,0.206,0.9491,803.9,48.7
CELL_006,UMa,14.84,12,0.185685,0.018718,pilot_contamination,0.6604,0.1814,42,33,0.815,0.9189,56.5,179.9
CELL_007,UMa,18.91,12,0.007895,0.001036,normal,0.0,0.9983,42,25,0.536,0.9599,205.3,213.6
CELL_008,UMi,22.02,21,0.003589,0.001,normal,0.0,0.9939,42,17,0.217,0.9599,353.4,211.2
CELL_009,FR2-mmWave,-0.43,27,0.180278,0.056266,normal,0.0,0.9677,42,10,0.643,0.9555,495.4,198.2
CELL_010,RMa,5.67,2,0.072397,0.017653,normal,0.0,0.9656,42,14,0.601,0.9586,639.3,197.2
CELL_011,InH,12.39,27,0.002,0.001,normal,0.0,0.9509,42,10,0.501,0.9599,783.1,156.9
CELL_012,RMa,26.37,13,0.002,0.001,normal,0.0,0.9759,42,26,0.638,0.9599,44.0,337.7
CELL_013,InH,19.23,19,0.006986,0.001232,normal,0.0,0.9766,42,11,0.42,0.9599,203.2,346.8
CELL_014,RMa,10.86,25,0.12845,0.028053,normal,0.0,0.9659,42,20,0.358,0.9578,367.2,349.0
CELL_015,FR2-mmWave,-5.0,26,0.717436,0.290809,normal,0.0,0.9823,42,23,0.364,0.9367,501.8,342.1
CELL_016,UMi,9.62,30,0.002,0.001,normal,0.0,0.9806,42,26,0.383,0.9599,648.3,345.9
CELL_017,THz,35.0,10,0.002,0.001,normal,0.0,0.9594,42,8,0.536,0.9599,812.0,344.7
CELL_018,RIS,11.24,5,0.312565,0.097169,normal,0.0,0.9609,42,15,0.665,0.9522,48.8,471.5
CELL_019,NTN-LEO,29.61,4,0.00512,0.001,normal,0.0,0.987,42,35,0.705,0.9599,191.4,494.7
CELL_020,UMi,9.45,13,0.081852,0.01262,false_csi_injection,0.9434,0.05,42,22,0.577,0.9024,338.6,492.9
CELL_021,UMi,14.03,27,0.007236,0.00203,normal,0.0,0.9859,42,21,0.782,0.9598,496.4,492.4
CELL_022,NTN-LEO,4.16,11,0.163183,0.047208,adversarial,0.3497,0.6471,42,36,0.914,0.9352,639.5,515.7
CELL_023,NTN-LEO,4.08,30,0.512809,0.174482,normal,0.0,0.9946,42,37,0.945,0.946,796.8,469.1
CELL_000,FR2-mmWave,15.63,2,0.002,0.001,normal,0.0,0.977,43,22,0.247,0.9599,67.3,50.8
CELL_001,NTN-LEO,26.72,3,0.002,0.001,normal,0.0,0.9518,43,9,0.939,0.9599,206.9,51.8
CELL_002,UMi,-4.64,6,0.771082,0.233912,normal,0.0,0.9997,43,33,0.652,0.9413,367.5,48.1
CELL_003,RMa,19.01,6,0.010462,0.001,pilot_contamination,0.5848,0.2733,43,29,0.721,0.9248,479.6,52.0
CELL_004,RIS,22.55,23,0.008572,0.001694,normal,0.0,0.95,43,38,0.592,0.9599,650.2,45.4
CELL_005,UMa,20.1,5,0.002,0.001,false_csi_injection,0.8991,0.0749,43,32,0.771,0.906,772.9,52.9
CELL_006,UMi,21.67,30,0.017618,0.001236,jamming,0.4756,0.2974,43,36,0.589,0.9314,59.4,204.6
CELL_007,THz,18.14,9,0.005975,0.001427,normal,0.0,0.9564,43,35,0.624,0.9599,209.6,191.8
CELL_008,UMa,-2.85,31,0.918853,0.334473,normal,0.0,0.963,43,17,0.553,0.9332,337.0,221.3
CELL_009,UMi,6.38,27,0.040935,0.00538,jamming,0.8516,0.05,43,32,0.851,0.9085,494.0,204.9
CELL_010,InH,3.67,4,0.407313,0.109284,false_csi_injection,0.519,0.459,43,26,0.42,0.9201,658.8,189.9
CELL_011,NTN-LEO,4.74,5,0.279994,0.051934,jamming,0.268,0.619,43,20,0.826,0.9398,789.8,208.5
CELL_012,UMa,10.46,5,0.002229,0.001,false_csi_injection,0.8508,0.1253,43,29,0.491,0.9089,58.9,345.3
CELL_013,NTN-LEO,11.26,31,0.183714,0.057081,normal,0.0,0.9745,43,39,0.747,0.9554,209.6,316.2
CELL_014,THz,15.32,8,0.002,0.001,normal,0.0,0.9725,43,22,0.298,0.9599,352.5,348.4
CELL_015,FR2-mmWave,9.28,18,0.020143,0.004892,jamming,0.2555,0.6333,43,17,0.694,0.9443,492.0,362.2
CELL_016,UMa,0.16,0,0.437911,0.132334,normal,0.0,0.9653,43,36,0.403,0.9494,650.3,334.9
CELL_017,RIS,6.03,13,0.013846,0.005147,normal,0.0,0.9715,43,29,0.478,0.9596,795.2,356.0
CELL_018,THz,8.93,31,0.004682,0.001579,normal,0.0,0.992,43,11,0.561,0.9599,54.8,507.7
CELL_019,UMa,8.99,19,1.100404,0.246641,normal,0.0,0.9976,43,13,0.347,0.9403,214.7,494.4
CELL_020,THz,15.37,3,0.002,0.001,normal,0.0,0.9999,43,21,0.34,0.9599,364.3,497.3
CELL_021,RIS,9.68,29,1.057862,0.28099,normal,0.0,0.9863,43,10,0.201,0.9375,488.4,491.3
CELL_022,RIS,7.27,26,0.025437,0.009075,normal,0.0,0.9584,43,37,0.766,0.9593,673.5,482.4
CELL_023,FR2-mmWave,18.53,6,0.00581,0.001184,normal,0.0,0.9574,43,9,0.739,0.9599,806.8,523.9
CELL_000,UMa,9.22,27,0.002,0.001,csi_spoofing,0.1995,0.7961,44,22,0.401,0.948,48.3,69.7
CELL_001,NTN-LEO,12.1,29,0.034041,0.006277,normal,0.0,0.9655,44,15,0.421,0.9595,185.5,61.7
CELL_002,THz,8.98,11,0.139976,0.033794,normal,0.0,0.9568,44,25,0.656,0.9573,342.2,49.6
CELL_003,InH,-2.33,8,0.610064,0.273858,normal,0.0,0.9979,44,11,0.214,0.9381,506.2,45.9
CELL_004,UMa,17.71,15,0.067459,0.010062,normal,0.0,0.9885,44,17,0.919,0.9592,633.0,47.4
CELL_005,RMa,-2.98,2,1.153554,0.303716,false_csi_injection,0.1305,0.8271,44,20,0.73,0.9279,802.0,34.0
CELL_006,UMa,8.18,25,0.34272,0.096437,normal,0.0,0.981,44,32,0.817,0.9523,67.9,203.0
CELL_007,NTN-LEO,25.25,14,0.002,0.001,normal,0.0,0.9833,44,13,0.319,0.9599,193.2,181.1
CELL_008,UMa,2.14,10,0.431324,0.127734,normal,0.0,0.9645,44,11,0.859,0.9498,359.4,200.0
CELL_009,InH,11.7,1,0.30719,0.059691,normal,0.0,0.9777,44,29,0.893,0.9552,492.8,224.0
CELL_010,InH,2.29,6,1.2,0.374309,csi_spoofing,0.4915,0.5046,44,19,0.238,0.9006,668.2,222.4
CELL_011,UMa,11.91,18,0.036116,0.007132,csi_spoofing,0.4745,0.4963,44,23,0.673,0.931,797.6,209.0
CELL_012,FR2-mmWave,5.62,22,0.02985,0.011247,normal,0.0,0.97,44,36,0.276,0.9591,33.6,319.1
CELL_013,RIS,14.48,24,0.057142,0.009789,normal,0.0,0.9951,44,13,0.436,0.9592,212.6,351.5
CELL_014,RIS,17.56,15,0.01492,0.003647,normal,0.0,0.983,44,37,0.939,0.9597,345.4,323.9
CELL_015,RIS,12.52,13,0.776001,0.155233,csi_spoofing,0.1586,0.7952,44,11,0.444,0.9381,488.5,357.3
CELL_016,FR2-mmWave,9.76,8,0.06456,0.018758,normal,0.0,0.9687,44,16,0.678,0.9585,638.7,342.8
CELL_017,THz,6.88,21,0.01715,0.006198,normal,0.0,0.985,44,37,0.408,0.9595,807.6,350.8
CELL_018,UMa,13.19,15,0.014925,0.004322,normal,0.0,0.9507,44,16,0.775,0.9597,39.4,480.2
CELL_019,RIS,11.68,30,0.002,0.001,normal,0.0,0.9896,44,28,0.529,0.9599,191.1,509.6
CELL_020,UMa,17.08,12,0.004828,0.001,normal,0.0,0.9899,44,15,0.894,0.9599,362.6,503.4
CELL_021,InH,17.88,2,0.004254,0.001026,normal,0.0,0.971,44,32,0.512,0.9599,492.3,499.7
CELL_022,THz,14.31,14,0.003732,0.001036,normal,0.0,0.961,44,21,0.236,0.9599,642.0,501.8
CELL_023,RIS,19.41,3,0.002,0.001,normal,0.0,0.9799,44,10,0.353,0.9599,800.2,519.8
CELL_000,RIS,9.72,1,0.303658,0.088382,normal,0.0,0.9866,45,24,0.835,0.9529,64.6,30.3
CELL_001,NTN-LEO,11.67,11,0.002314,0.001,normal,0.0,0.9891,45,11,0.841,0.9599,198.5,63.6
CELL_002,NTN-LEO,13.08,16,0.022813,0.003676,pilot_contamination,0.571,0.3136,45,37,0.563,0.9254,353.0,40.9
CELL_003,UMa,14.53,3,0.015356,0.001844,csi_spoofing,0.6513,0.3343,45,8,0.862,0.9208,491.8,25.2
CELL_004,RIS,-0.93,30,0.667468,0.299627,normal,0.0,0.9844,45,12,0.59,0.936,649.5,34.5
CELL_005,UMi,17.5,18,0.012381,0.003034,normal,0.0,0.9716,45,33,0.763,0.9598,816.7,51.1
CELL_006,UMi,11.7,10,0.030845,0.00595,normal,0.0,0.9906,45,28,0.383,0.9595,48.6,208.1
CELL_007,THz,8.67,8,0.034376,0.011694,normal,0.0,0.9887,45,8,0.363,0.9591,205.0,189.6
CELL_008,NTN-LEO,32.52,20,0.002,0.001,normal,0.0,0.9669,45,21,0.774,0.9599,348.5,177.8
CELL_009,FR2-mmWave,3.29,28,0.462324,0.142789,pilot_contamination,0.2425,0.687,45,30,0.917,0.934,506.1,207.8
CELL_010,UMa,11.94,4,0.013699,0.002865,normal,0.0,0.9861,45,31,0.562,0.9598,648.0,204.8
CELL_011,RIS,15.94,24,0.002,0.001,normal,0.0,0.984,45,18,0.485,0.9599,811.9,215.2
CELL_012,FR2-mmWave,21.65,8,0.002,0.001,normal,0.0,0.9956,45,23,0.685,0.9599,50.0,344.0
CELL_013,FR2-mmWave,4.12,27,0.020147,0.005345,normal,0.0,0.9662,45,14,0.378,0.9596,203.9,345.8
CELL_014,THz,4.47,20,0.010785,0.004216,normal,0.0,0.9963,45,18,0.885,0.9597,343.0,343.2
CELL_015,RMa,14.3,6,0.002,0.001,normal,0.0,0.9752,45,29,0.78,0.9599,487.4,370.8
CELL_016,FR2-mmWave,7.58,28,0.007604,0.002684,normal,0.0,0.9956,45,37,0.602,0.9598,662.6,365.5
CELL_017,FR2-mmWave,8.1,3,1.2,0.284413,csi_spoofing,0.7547,0.2122,45,8,0.859,0.892,814.6,329.4
CELL_018,NTN-LEO,15.59,26,0.003714,0.001,normal,0.0,0.9641,45,30,0.297,0.9599,54.3,504.1
CELL_019,NTN-LEO,22.41,28,0.015899,0.001294,csi_spoofing,0.285,0.6891,45,36,0.51,0.9428,201.1,506.1
CELL_020,InH,19.51,17,0.002,0.001,normal,0.0,0.9645,45,29,0.875,0.9599,357.2,520.9
CELL_021,UMa,10.04,31,0.193034,0.041775,normal,0.0,0.9966,45,19,0.619,0.9567,497.3,478.2
CELL_022,THz,20.15,18,0.002,0.001,normal,0.0,0.9807,45,37,0.597,0.9599,664.8,499.7
CELL_023,UMi,24.44,17,0.002,0.001,normal,0.0,0.9608,45,24,0.798,0.9599,808.6,495.4
CELL_000,NTN-LEO,11.05,15,0.029633,0.009277,normal,0.0,0.9947,46,25,0.282,0.9593,44.3,48.6
CELL_001,FR2-mmWave,13.55,26,0.002,0.001,adversarial,0.5061,0.4533,46,32,0.21,0.9296,181.9,57.0
CELL_002,RIS,17.52,8,0.025074,0.00364,normal,0.0,0.9748,46,14,0.758,0.9597,360.1,32.8
CELL_003,FR2-mmWave,9.55,16,0.059586,0.01265,normal,0.0,0.9804,46,21,0.243,0.959,486.7,55.7
CELL_004,InH,10.66,22,0.017642,0.003592,normal,0.0,0.9797,46,20,0.849,0.9597,654.8,51.3
CELL_005,FR2-mmWave,1.86,19,0.85444,0.301103,normal,0.0,0.9738,46,10,0.41,0.9359,821.0,58.6
CELL_006,RIS,7.14,20,0.002,0.001,normal,0.0,0.958,46,37,0.601,0.9599,33.2,185.4
CELL_007,UMa,16.41,4,0.016064,0.00256,normal,0.0,0.9764,46,23,0.326,0.9598,205.8,184.3
CELL_008,NTN-LEO,8.14,28,0.004029,0.001396,normal,0.0,0.9657,46,8,0.432,0.9599,361.3,211.0
CELL_009,FR2-mmWave,10.86,30,0.003954,0.001103,normal,0.0,0.9724,46,9,0.716,0.9599,500.8,185.5
CELL_010,UMi,0.84,13,0.215558,0.065052,normal,0.0,0.9718,46,38,0.366,0.9548,651.1,196.9
CELL_011,RMa,-0.69,15,0.002,0.001,false_csi_injection,0.6634,0.3323,46,25,0.876,0.9201,793.0,191.2
CELL_012,RIS,8.04,0,1.2,0.330437,pilot_contamination,0.6602,0.2035,46,29,0.761,0.894,35.9,356.3
CELL_013,RIS,12.65,11,0.002,0.001,normal,0.0,0.9674,46,39,0.228,0.9599,199.0,349.2
CELL_014,THz,21.77,20,0.002,0.001,normal,0.0,0.9973,46,33,0.573,0.9599,351.8,348.1
CELL_015,RIS,9.28,15,0.016552,0.003554,normal,0.0,0.9602,46,15,0.689,0.9597,510.6,341.8
CELL_016,RMa,24.41,7,0.002,0.001,normal,0.0,0.977,46,24,0.912,0.9599,663.5,336.2
CELL_017,FR2-mmWave,16.74,27,0.181579,0.038365,backdoor,0.168,0.8216,46,15,0.36,0.9469,798.5,348.9
CELL_018,THz,18.23,14,0.002,0.001,normal,0.0,0.9746,46,16,0.8,0.9599,52.0,494.0
CELL_019,THz,15.84,12,0.009758,0.001744,normal,0.0,0.96,46,26,0.821,0.9599,181.2,514.9
CELL_020,UMi,5.69,17,0.020768,0.00521,normal,0.0,0.9782,46,32,0.23,0.9596,364.0,498.7
CELL_021,InH,13.39,26,0.013353,0.002488,normal,0.0,0.9675,46,33,0.741,0.9598,478.0,503.2
CELL_022,NTN-LEO,5.66,5,0.034932,0.008657,normal,0.0,0.985,46,32,0.614,0.9593,636.9,489.4
CELL_023,NTN-LEO,8.34,2,0.108782,0.02552,normal,0.0,0.9507,46,14,0.534,0.958,792.8,501.8
CELL_000,FR2-mmWave,5.05,21,0.639883,0.156557,pilot_contamination,0.5255,0.3282,47,9,0.286,0.9159,42.1,41.2
CELL_001,NTN-LEO,33.59,1,0.002,0.001,normal,0.0,0.9709,47,24,0.831,0.9599,205.3,44.1
CELL_002,InH,19.22,10,0.010501,0.001588,normal,0.0,0.9558,47,33,0.547,0.9599,350.8,49.9
CELL_003,UMi,3.06,8,0.152965,0.043784,false_csi_injection,0.4282,0.5576,47,37,0.716,0.9308,499.6,58.6
CELL_004,RMa,7.89,15,0.237513,0.056972,normal,0.0,0.9834,47,9,0.81,0.9554,632.8,35.9
CELL_005,UMi,13.57,13,0.005018,0.001,normal,0.0,0.9817,47,23,0.216,0.9599,801.7,41.5
CELL_006,NTN-LEO,11.92,5,1.2,0.346819,csi_spoofing,0.3053,0.6783,47,27,0.705,0.9139,48.2,211.2
CELL_007,THz,5.81,24,0.012633,0.00473,normal,0.0,0.9957,47,34,0.369,0.9596,209.5,200.4
CELL_008,RMa,12.59,17,0.059496,0.010936,normal,0.0,0.9998,47,31,0.722,0.9591,345.2,206.8
CELL_009,UMi,19.01,5,0.002,0.001,normal,0.0,0.9891,47,39,0.787,0.9599,493.7,193.7
CELL_010,UMi,18.87,4,0.002717,0.001,normal,0.0,0.9715,47,9,0.885,0.9599,664.1,193.7
CELL_011,THz,3.77,19,0.148284,0.05929,normal,0.0,0.9557,47,13,0.68,0.9553,801.3,178.6
CELL_012,InH,18.07,25,0.004146,0.001,normal,0.0,0.9683,47,10,0.435,0.9599,57.4,339.2
CELL_013,UMa,25.58,6,0.002,0.001,normal,0.0,0.9722,47,20,0.54,0.9599,207.9,351.8
CELL_014,UMi,5.69,1,1.2,0.487382,normal,0.0,0.9613,47,13,0.319,0.921,348.5,347.6
CELL_015,THz,10.92,8,0.057441,0.01279,normal,0.0,0.9805,47,25,0.822,0.959,492.1,352.1
CELL_016,UMi,21.64,21,0.002,0.001,normal,0.0,0.9506,47,27,0.934,0.9599,653.0,333.7
CELL_017,NTN-LEO,10.85,6,0.011573,0.003648,normal,0.0,0.9777,47,32,0.328,0.9597,790.6,349.7
CELL_018,RIS,16.72,29,0.002,0.001,normal,0.0,0.957,47,16,0.338,0.9599,54.7,504.5
CELL_019,RMa,16.75,20,0.143453,0.021507,normal,0.0,0.9623,47,39,0.845,0.9583,198.1,503.4
CELL_020,InH,8.24,9,0.027261,0.007653,normal,0.0,0.9865,47,25,0.75,0.9594,330.8,506.5
CELL_021,NTN-LEO,12.4,0,0.00899,0.00268,normal,0.0,0.9984,47,37,0.645,0.9598,493.1,505.8
CELL_022,InH,7.76,13,0.059189,0.015004,normal,0.0,0.9613,47,33,0.33,0.9588,666.1,509.2
CELL_023,UMa,29.71,28,0.002,0.001,normal,0.0,0.9981,47,39,0.765,0.9599,790.6,496.2
CELL_000,RIS,25.11,4,0.002,0.001,normal,0.0,0.9719,48,21,0.642,0.9599,59.1,32.3
CELL_001,RIS,11.19,4,0.044447,0.011127,normal,0.0,0.9686,48,37,0.227,0.9591,212.5,51.9
CELL_002,FR2-mmWave,-5.0,17,1.018906,0.389161,adversarial,0.1489,0.8193,48,24,0.294,0.9199,383.3,42.0
CELL_003,RMa,28.11,13,0.005713,0.001,jamming,0.6716,0.05,48,22,0.758,0.9196,496.3,58.5
CELL_004,RMa,19.14,15,0.018401,0.002369,normal,0.0,0.9588,48,39,0.698,0.9598,635.5,56.1
CELL_005,RIS,22.96,7,0.002,0.001,normal,0.0,0.9615,48,28,0.462,0.9599,824.6,50.2
CELL_006,THz,20.66,17,0.002,0.001,normal,0.0,0.9638,48,22,0.501,0.9599,61.3,185.3
CELL_007,UMi,16.28,5,0.00548,0.001,data_poisoning,0.784,0.1933,48,11,0.447,0.9129,209.6,196.6
CELL_008,RIS,18.33,1,0.079537,0.018843,normal,0.0,0.9866,48,25,0.788,0.9585,347.2,197.4
CELL_009,NTN-LEO,8.11,20,0.122257,0.027398,normal,0.0,0.9973,48,20,0.456,0.9578,482.7,196.8
CELL_010,THz,-0.64,27,0.022219,0.009974,normal,0.0,0.9897,48,24,0.242,0.9592,649.7,197.7
CELL_011,UMi,6.09,3,0.096295,0.023777,normal,0.0,0.9681,48,20,0.279,0.9581,797.1,180.1
CELL_012,UMi,7.43,26,0.051461,0.018263,normal,0.0,0.9695,48,37,0.56,0.9585,36.7,359.9
CELL_013,FR2-mmWave,13.83,30,0.010771,0.003046,normal,0.0,0.9594,48,24,0.256,0.9598,204.2,348.9
CELL_014,UMa,8.13,20,0.123882,0.018999,false_csi_injection,0.4395,0.5525,48,15,0.239,0.9321,351.0,341.9
CELL_015,RIS,11.32,26,0.002,0.001,normal,0.0,0.9754,48,13,0.474,0.9599,501.3,353.7
CELL_016,UMa,7.52,3,0.002,0.001,normal,0.0,0.9862,48,37,0.775,0.9599,643.6,350.1
CELL_017,InH,19.28,1,0.027729,0.003693,normal,0.0,0.9707,48,32,0.868,0.9597,815.0,347.0
CELL_018,THz,-3.82,21,0.712878,0.320011,normal,0.0,0.9688,48,30,0.279,0.9344,66.5,499.3
CELL_019,UMa,12.88,28,0.005504,0.001287,normal,0.0,0.9743,48,32,0.565,0.9599,203.6,501.5
CELL_020,InH,18.61,1,0.003052,0.001,normal,0.0,0.9764,48,28,0.324,0.9599,379.6,496.6
CELL_021,UMa,10.27,15,0.005599,0.001127,normal,0.0,0.9517,48,29,0.258,0.9599,509.7,492.6
CELL_022,RMa,11.12,29,0.176778,0.034279,normal,0.0,0.9985,48,28,0.85,0.9573,652.7,483.1
CELL_023,RIS,18.69,14,0.004226,0.001,normal,0.0,0.9906,48,13,0.893,0.9599,794.9,493.1
CELL_000,UMi,9.66,10,1.05571,0.223063,normal,0.0,0.9689,49,29,0.217,0.9422,61.4,50.1
CELL_001,UMa,15.41,31,0.288691,0.048349,normal,0.0,0.9875,49,28,0.691,0.9561,204.1,50.8
CELL_002,RMa,20.47,15,0.029248,0.002096,pilot_contamination,0.7104,0.1443,49,39,0.787,0.9172,345.9,40.9
CELL_003,UMa,17.55,8,0.002,0.001,normal,0.0,0.9968,49,9,0.729,0.9599,520.8,30.1
CELL_004,THz,13.23,4,0.00732,0.002116,normal,0.0,0.9811,49,22,0.307,0.9598,633.8,68.9
CELL_005,FR2-mmWave,14.61,7,0.480915,0.048029,pilot_contamination,0.6949,0.1463,49,38,0.865,0.9145,803.2,60.0
CELL_006,FR2-mmWave,19.82,17,0.002,0.001,normal,0.0,0.988,49,25,0.782,0.9599,54.5,192.7
CELL_007,UMa,12.4,3,0.015145,0.002953,normal,0.0,0.9576,49,28,0.466,0.9598,191.8,196.6
CELL_008,NTN-LEO,8.55,22,0.03768,0.008146,normal,0.0,0.9643,49,8,0.699,0.9593,348.3,194.2
CELL_009,NTN-LEO,-2.75,4,1.2,0.9,normal,0.0,0.9808,49,13,0.262,0.888,503.6,170.0
CELL_010,UMi,7.92,3,0.192993,0.067363,normal,0.0,0.9821,49,35,0.671,0.9546,679.0,206.4
CELL_011,InH,6.37,14,1.2,0.815059,adversarial,0.238,0.7169,49,14,0.45,0.8805,822.6,191.5
CELL_012,UMi,1.03,8,0.244068,0.056461,pilot_contamination,0.522,0.3575,49,15,0.666,0.9242,44.4,364.4
CELL_013,THz,6.61,7,0.020506,0.007479,normal,0.0,0.9802,49,39,0.244,0.9594,196.0,378.6
CELL_014,RMa,29.23,19,0.002,0.001,jamming,0.6182,0.092,49,36,0.592,0.9228,357.3,354.8
CELL_015,FR2-mmWave,-5.0,30,1.2,0.386721,data_poisoning,0.4672,0.4928,49,16,0.288,0.901,499.0,354.6
CELL_016,RMa,17.24,31,0.01652,0.003426,normal,0.0,0.9631,49,26,0.253,0.9597,631.4,344.1
CELL_017,UMa,11.94,26,0.149945,0.031358,normal,0.0,0.9568,49,34,0.432,0.9575,782.3,360.7
CELL_018,RMa,11.82,29,0.012091,0.002256,normal,0.0,0.9734,49,30,0.323,0.9598,62.1,501.4
CELL_019,UMa,7.82,17,0.238387,0.053234,normal,0.0,0.9809,49,33,0.415,0.9557,191.1,518.3
CELL_020,RIS,12.05,22,0.01103,0.002938,normal,0.0,0.9538,49,37,0.517,0.9598,335.8,509.8
CELL_021,NTN-LEO,3.79,31,0.010127,0.002703,normal,0.0,0.9692,49,24,0.739,0.9598,491.7,511.2
CELL_022,InH,9.25,13,0.50043,0.069562,pilot_contamination,0.5104,0.3595,49,38,0.881,0.9238,641.2,513.0
CELL_023,FR2-mmWave,15.11,23,0.100259,0.026992,normal,0.0,0.9886,49,30,0.618,0.9578,817.4,510.4
CELL_000,UMa,13.62,30,0.005638,0.001,normal,0.0,0.9965,50,28,0.839,0.9599,49.0,64.2
CELL_001,UMa,1.57,24,1.2,0.267768,csi_spoofing,0.7119,0.2439,50,8,0.501,0.8959,184.4,64.1
CELL_002,RMa,1.13,7,0.773727,0.132445,csi_spoofing,0.8948,0.0774,50,16,0.453,0.8957,351.2,55.1
CELL_003,InH,23.88,30,0.002341,0.001,normal,0.0,0.9859,50,36,0.294,0.9599,508.5,39.6
CELL_004,RMa,9.61,17,0.254676,0.033244,pilot_contamination,0.5991,0.2753,50,21,0.353,0.9214,658.1,54.7
CELL_005,NTN-LEO,16.18,28,0.108216,0.02463,normal,0.0,0.9982,50,34,0.275,0.958,802.1,53.1
CELL_006,RMa,6.66,18,0.08892,0.021045,normal,0.0,0.9734,50,34,0.406,0.9583,23.8,217.0
CELL_007,RIS,13.98,30,0.002,0.001,normal,0.0,0.9964,50,26,0.846,0.9599,188.3,176.4
CELL_008,RIS,13.65,1,0.309321,0.054504,normal,0.0,0.9588,50,13,0.207,0.9556,363.7,198.0
CELL_009,RIS,-3.17,22,0.126051,0.056584,normal,0.0,0.9726,50,20,0.909,0.9555,496.8,189.7
CELL_010,RMa,8.89,0,0.105627,0.022506,normal,0.0,0.9692,50,19,0.214,0.9582,635.5,194.8
CELL_011,InH,-0.17,20,0.220221,0.082542,normal,0.0,0.9935,50,32,0.404,0.9534,797.8,197.8
CELL_012,FR2-mmWave,19.89,4,0.006194,0.001058,normal,0.0,0.9998,50,24,0.871,0.9599,30.4,361.8
CELL_013,FR2-mmWave,3.83,14,0.986552,0.393725,normal,0.0,0.9927,50,34,0.877,0.9285,178.8,350.7
CELL_014,THz,9.12,31,0.065452,0.021926,normal,0.0,0.9711,50,34,0.874,0.9582,358.8,346.0
CELL_015,FR2-mmWave,24.54,22,0.075793,0.005096,pilot_contamination,0.3659,0.5523,50,37,0.919,0.9376,505.7,356.9
CELL_016,RIS,15.54,30,0.002537,0.001,normal,0.0,0.9685,50,26,0.334,0.9599,651.8,347.5
CELL_017,UMi,16.01,8,0.002,0.001,normal,0.0,0.9611,50,12,0.439,0.9599,792.2,362.1
CELL_018,NTN-LEO,11.23,2,0.163333,0.031933,normal,0.0,0.9595,50,15,0.842,0.9574,39.7,507.2
CELL_019,UMi,13.32,28,0.026387,0.007602,normal,0.0,0.9835,50,39,0.734,0.9594,211.0,496.5
CELL_020,UMa,13.72,6,0.042789,0.00777,normal,0.0,0.9944,50,17,0.654,0.9594,340.7,499.9
CELL_021,NTN-LEO,9.34,2,0.37525,0.058925,data_poisoning,0.6798,0.3011,50,17,0.504,0.9145,513.4,509.1
CELL_022,InH,5.8,21,0.912813,0.249833,normal,0.0,0.9774,50,23,0.231,0.94,666.6,511.8
CELL_023,THz,8.17,27,0.002,0.001,normal,0.0,0.9614,50,24,0.597,0.9599,798.5,495.0
CELL_000,NTN-LEO,19.94,10,0.005654,0.001,false_csi_injection,0.5689,0.4035,51,21,0.42,0.9258,68.7,44.3
CELL_001,InH,4.14,17,0.471342,0.117076,csi_spoofing,0.6662,0.2905,51,38,0.819,0.9107,200.0,41.1
CELL_002,RIS,-0.83,11,0.449559,0.201807,normal,0.0,0.9932,51,33,0.678,0.9439,347.1,60.5
CELL_003,NTN-LEO,18.5,0,0.002751,0.001,normal,0.0,0.9917,51,30,0.523,0.9599,485.5,26.2
CELL_004,InH,10.47,12,0.117746,0.02343,normal,0.0,0.954,51,37,0.939,0.9581,661.4,70.6
CELL_005,NTN-LEO,23.79,27,0.002,0.001,pilot_contamination,0.5347,0.3566,51,25,0.485,0.9278,791.1,49.5
CELL_006,NTN-LEO,-1.47,4,0.567634,0.254811,normal,0.0,0.9953,51,24,0.562,0.9396,48.9,192.8
CELL_007,THz,5.28,19,0.07427,0.028296,normal,0.0,0.9797,51,16,0.228,0.9577,201.9,192.2
CELL_008,UMi,17.99,5,0.093969,0.010533,csi_spoofing,0.236,0.7613,51,39,0.935,0.945,364.9,189.1
CELL_009,THz,16.1,28,0.010568,0.002738,normal,0.0,0.9782,51,36,0.535,0.9598,517.2,206.7
CELL_010,RMa,6.88,9,0.019235,0.00454,normal,0.0,0.9711,51,39,0.265,0.9596,654.9,199.1
CELL_011,FR2-mmWave,0.51,0,1.2,0.9,normal,0.0,0.9644,51,39,0.338,0.888,813.2,201.0
CELL_012,UMi,10.11,23,0.01156,0.002664,normal,0.0,0.9507,51,26,0.379,0.9598,53.6,359.5
CELL_013,UMa,12.81,31,0.08781,0.014835,backdoor,0.7758,0.206,51,29,0.802,0.9123,198.0,346.9
CELL_014,RIS,12.86,3,0.352778,0.059311,pilot_contamination,0.7951,0.05,51,13,0.474,0.9075,357.7,339.3
CELL_015,RMa,5.93,15,0.136133,0.032805,normal,0.0,0.9505,51,38,0.693,0.9574,503.4,335.2
CELL_016,RIS,27.46,31,0.002,0.001,normal,0.0,0.9515,51,16,0.928,0.9599,635.5,334.0
CELL_017,FR2-mmWave,2.0,1,0.403997,0.117226,normal,0.0,0.9583,51,20,0.495,0.9506,791.5,344.3
CELL_018,InH,2.32,3,0.021341,0.007405,normal,0.0,0.9982,51,34,0.207,0.9594,51.0,517.6
CELL_019,RIS,11.82,0,0.024688,0.007517,normal,0.0,0.9622,51,20,0.795,0.9594,204.8,503.3
CELL_020,UMi,11.66,17,0.033453,0.006366,false_csi_injection,0.6973,0.2572,51,21,0.942,0.9177,368.0,506.0
CELL_021,RMa,20.66,26,0.04686,0.005727,normal,0.0,0.989,51,21,0.53,0.9595,479.1,490.9
CELL_022,InH,9.41,25,0.162163,0.023073,adversarial,0.8006,0.1699,51,14,0.698,0.9101,638.2,527.3
CELL_023,NTN-LEO,20.96,18,0.002129,0.001,normal,0.0,0.9513,51,39,0.21,0.9599,818.5,506.4
CELL_000,UMi,17.98,19,0.025586,0.004784,normal,0.0,0.9947,52,27,0.685,0.9596,38.1,41.6
CELL_001,THz,7.31,9,0.004676,0.001666,normal,0.0,0.9715,52,15,0.32,0.9599,201.2,63.3
CELL_002,THz,13.0,8,0.026822,0.007821,normal,0.0,0.9999,52,9,0.678,0.9594,365.3,42.1
CELL_003,THz,15.87,0,0.25561,0.066811,normal,0.0,0.9797,52,21,0.495,0.9547,495.3,64.6
CELL_004,UMa,15.34,5,0.234601,0.038363,normal,0.0,0.9661,52,34,0.245,0.9569,653.9,65.9
CELL_005,InH,10.66,26,0.203644,0.064645,normal,0.0,0.962,52,19,0.5,0.9548,824.8,43.2
CELL_006,THz,5.28,14,0.016092,0.006129,normal,0.0,0.9857,52,13,0.898,0.9595,35.8,199.2
CELL_007,FR2-mmWave,8.0,11,0.109226,0.030943,normal,0.0,0.9709,52,35,0.48,0.9575,198.4,177.8
CELL_008,UMa,22.43,12,0.002,0.001,normal,0.0,0.9996,52,35,0.407,0.9599,338.8,182.7
CELL_009,RIS,19.51,22,0.037527,0.008464,normal,0.0,0.9838,52,37,0.399,0.9593,504.4,189.0
CELL_010,UMa,26.17,11,0.002289,0.001,normal,0.0,0.9695,52,27,0.481,0.9599,650.7,204.9
CELL_011,FR2-mmWave,20.41,22,0.024052,0.00522,normal,0.0,0.9963,52,35,0.52,0.9596,805.3,224.8
CELL_012,NTN-LEO,30.28,5,0.002,0.001,normal,0.0,0.9614,52,10,0.323,0.9599,64.5,348.6
CELL_013,RIS,19.59,31,0.10787,0.014196,normal,0.0,0.9775,52,28,0.555,0.9589,204.5,349.2
CELL_014,RIS,11.25,7,0.14173,0.027911,normal,0.0,0.9896,52,32,0.781,0.9578,357.6,362.0
CELL_015,UMa,20.93,1,0.010912,0.001273,normal,0.0,0.985,52,21,0.555,0.9599,521.2,347.5
CELL_016,RIS,18.48,5,0.003684,0.001,normal,0.0,0.9828,52,33,0.854,0.9599,646.8,361.9
CELL_017,RIS,1.11,19,0.307467,0.13348,normal,0.0,0.9867,52,9,0.411,0.9493,803.7,340.7
CELL_018,FR2-mmWave,9.79,30,0.019738,0.003685,jamming,0.4346,0.3555,52,37,0.273,0.9336,59.5,500.3
CELL_019,RMa,10.74,15,0.151502,0.030307,normal,0.0,0.9746,52,19,0.727,0.9576,202.3,497.5
CELL_020,RMa,-3.05,29,1.01029,0.307344,normal,0.0,0.9857,52,11,0.882,0.9354,366.1,497.9
CELL_021,UMi,3.77,21,1.2,0.768895,false_csi_injection,0.5893,0.4066,52,37,0.636,0.8631,515.2,512.8
CELL_022,RMa,8.12,18,0.096933,0.021443,normal,0.0,0.9564,52,30,0.354,0.9583,661.7,503.6
CELL_023,UMi,3.51,29,0.119355,0.039757,normal,0.0,0.9534,52,8,0.627,0.9568,805.7,489.5
CELL_000,RMa,13.69,13,0.003177,0.001,normal,0.0,0.9808,53,18,0.21,0.9599,57.8,34.6
CELL_001,UMi,6.46,27,0.815675,0.244611,normal,0.0,0.9906,53,12,0.816,0.9404,205.5,71.3
CELL_002,UMi,20.29,6,0.006943,0.001,normal,0.0,0.9841,53,28,0.417,0.9599,353.4,65.5
CELL_003,InH,13.63,9,0.008515,0.001512,normal,0.0,0.9509,53,39,0.276,0.9599,508.4,62.2
CELL_004,RMa,9.62,6,0.003188,0.001,csi_spoofing,0.1464,0.8231,53,33,0.326,0.9511,657.4,56.7
CELL_005,NTN-LEO,18.8,13,0.013114,0.001042,pilot_contamination,0.7052,0.1126,53,26,0.231,0.9176,816.1,70.1
CELL_006,InH,12.32,0,0.266823,0.034492,csi_spoofing,0.4104,0.5578,53,14,0.737,0.9326,57.6,194.4
CELL_007,THz,20.77,28,0.002,0.001,normal,0.0,0.9781,53,10,0.266,0.9599,196.5,193.1
CELL_008,RIS,24.21,18,0.002,0.001,normal,0.0,0.9789,53,38,0.342,0.9599,367.3,224.4
CELL_009,UMi,8.98,21,0.009362,0.003152,normal,0.0,0.9631,53,32,0.388,0.9597,505.8,201.2
CELL_010,UMi,14.36,15,0.009153,0.001752,normal,0.0,0.9736,53,24,0.54,0.9599,661.4,186.6
CELL_011,NTN-LEO,17.23,25,0.002,0.001,pilot_contamination,0.4861,0.3744,53,8,0.541,0.9308,792.1,205.9
CELL_012,RIS,15.38,31,0.020406,0.005437,normal,0.0,0.9818,53,39,0.912,0.9596,62.1,360.1
CELL_013,RIS,6.77,29,0.002542,0.001,normal,0.0,0.98,53,11,0.407,0.9599,207.5,347.7
CELL_014,NTN-LEO,26.41,26,0.008222,0.00145,normal,0.0,0.9728,53,36,0.719,0.9599,370.7,360.7
CELL_015,InH,-5.0,6,0.671405,0.251653,normal,0.0,0.9723,53,29,0.81,0.9399,490.8,328.5
CELL_016,UMa,0.91,23,0.548445,0.176687,normal,0.0,0.9787,53,11,0.536,0.9459,646.2,342.9
CELL_017,RIS,16.88,19,0.002,0.001,normal,0.0,0.9618,53,19,0.892,0.9599,784.7,345.5
CELL_018,FR2-mmWave,27.39,11,0.011872,0.002094,normal,0.0,0.9755,53,9,0.51,0.9598,47.3,507.8
CELL_019,InH,20.17,25,0.002,0.001,normal,0.0,0.9611,53,18,0.304,0.9599,201.2,497.2
CELL_020,RIS,21.71,15,0.059867,0.012281,normal,0.0,0.9891,53,12,0.497,0.959,363.5,502.4
CELL_021,RMa,15.42,3,0.009758,0.001601,normal,0.0,0.9928,53,28,0.275,0.9599,510.8,506.6
CELL_022,THz,6.33,22,0.184562,0.044977,false_csi_injection,0.5417,0.4474,53,15,0.622,0.9239,631.9,497.7
CELL_023,RMa,9.92,29,0.387264,0.079257,normal,0.0,0.9634,53,12,0.401,0.9537,797.0,498.2
CELL_000,NTN-LEO,3.67,0,0.464785,0.140005,normal,0.0,0.9941,54,10,0.563,0.9488,68.9,50.3
CELL_001,NTN-LEO,-0.01,10,0.413824,0.146231,normal,0.0,0.9599,54,13,0.717,0.9483,196.6,36.7
CELL_002,UMi,19.24,25,0.002,0.001,normal,0.0,0.9526,54,27,0.593,0.9599,365.1,52.5
CELL_003,UMi,34.03,19,0.002,0.001,normal,0.0,0.9798,54,25,0.444,0.9599,517.0,55.5
CELL_004,InH,11.28,8,0.003428,0.001,csi_spoofing,0.3773,0.6097,54,17,0.845,0.9373,643.9,68.7
CELL_005,RIS,12.4,8,0.038247,0.003777,jamming,0.9432,0.05,54,39,0.486,0.9031,793.8,39.0
CELL_006,InH,10.08,26,1.2,0.413096,normal,0.0,0.9531,54,38,0.878,0.927,50.3,201.6
CELL_007,UMi,14.38,27,0.002,0.001,normal,0.0,0.9623,54,11,0.873,0.9599,197.4,209.7
CELL_008,InH,17.97,28,0.002395,0.001,jamming,0.134,0.7763,54,16,0.228,0.9519,353.0,187.8
CELL_009,THz,10.23,2,0.063328,0.020412,normal,0.0,0.9594,54,24,0.548,0.9584,537.3,188.4
CELL_010,NTN-LEO,13.49,12,0.004483,0.001,normal,0.0,0.9823,54,21,0.72,0.9599,643.5,200.0
CELL_011,RIS,10.41,29,0.005877,0.001882,normal,0.0,0.9839,54,23,0.551,0.9598,802.9,193.9
CELL_012,InH,22.0,23,0.05155,0.005828,normal,0.0,0.9673,54,19,0.876,0.9595,27.2,337.1
CELL_013,RIS,6.3,6,0.540346,0.199097,normal,0.0,0.9955,54,13,0.292,0.9441,203.5,349.4
CELL_014,RMa,-3.03,24,1.098882,0.303605,false_csi_injection,0.2208,0.7775,54,39,0.516,0.9225,362.9,360.5
CELL_015,UMa,21.13,25,0.055163,0.005418,csi_spoofing,0.7455,0.236,54,15,0.288,0.9148,527.0,359.4
CELL_016,UMa,29.74,5,0.002,0.001,jamming,0.7307,0.05,54,35,0.61,0.9161,652.6,338.4
CELL_017,RMa,14.71,10,0.002,0.001,normal,0.0,0.9803,54,21,0.682,0.9599,802.2,350.9
CELL_018,THz,11.86,18,0.068691,0.020886,normal,0.0,0.96,54,15,0.368,0.9583,57.7,499.8
CELL_019,RMa,14.98,16,0.002,0.001,normal,0.0,0.9599,54,21,0.808,0.9599,183.1,502.5
CELL_020,RIS,18.34,4,0.118115,0.027968,normal,0.0,0.964,54,33,0.26,0.9578,368.9,518.4
CELL_021,THz,8.87,25,0.003467,0.001171,normal,0.0,0.9636,54,17,0.305,0.9599,518.2,509.8
CELL_022,THz,19.31,20,0.002,0.001,normal,0.0,0.9976,54,14,0.295,0.9599,643.4,502.8
CELL_023,FR2-mmWave,12.49,14,0.343317,0.102013,normal,0.0,0.9842,54,10,0.453,0.9518,782.0,479.7
CELL_000,RMa,6.99,19,0.247553,0.032737,jamming,0.7341,0.05,55,16,0.398,0.9133,56.0,53.7
CELL_001,UMa,21.3,25,0.012162,0.001492,normal,0.0,0.9712,55,26,0.819,0.9599,210.5,52.7
CELL_002,NTN-LEO,11.9,16,0.005404,0.001025,normal,0.0,0.9992,55,28,0.815,0.9599,353.5,50.8
CELL_003,NTN-LEO,12.95,19,0.161976,0.017597,csi_spoofing,0.7918,0.1633,55,30,0.484,0.9111,506.1,36.8
CELL_004,UMa,3.8,28,1.2,0.9,jamming,0.2213,0.6745,55,8,0.868,0.8747,681.8,58.5
CELL_005,InH,6.63,14,0.169751,0.03828,adversarial,0.2993,0.6931,55,35,0.579,0.939,813.8,49.7
CELL_006,THz,10.67,19,0.023745,0.00525,jamming,0.312,0.5489,55,17,0.474,0.9409,40.9,198.7
CELL_007,RIS,7.42,31,1.2,0.337511,normal,0.0,0.9815,55,12,0.238,0.933,189.7,216.3
CELL_008,UMa,2.53,8,0.119174,0.047513,normal,0.0,0.9614,55,13,0.266,0.9562,375.2,184.5
CELL_009,NTN-LEO,11.92,29,0.002,0.001,normal,0.0,0.9558,55,25,0.833,0.9599,484.2,184.4
CELL_010,FR2-mmWave,10.35,11,0.013312,0.004272,normal,0.0,0.9691,55,19,0.578,0.9597,626.9,186.3
CELL_011,RIS,9.65,29,0.00453,0.00149,normal,0.0,0.9662,55,14,0.749,0.9599,809.3,228.2
CELL_012,RMa,1.9,10,0.673221,0.189934,normal,0.0,0.9936,55,8,0.724,0.9448,53.9,344.0
CELL_013,RMa,13.83,8,0.022115,0.002403,pilot_contamination,0.5294,0.3406,55,33,0.84,0.928,203.6,327.5
CELL_014,FR2-mmWave,11.74,15,0.026034,0.006375,normal,0.0,0.9503,55,11,0.369,0.9595,329.5,325.2
CELL_015,RMa,17.56,2,0.002,0.001,normal,0.0,0.9902,55,13,0.73,0.9599,484.3,370.0
CELL_016,RIS,25.35,15,0.002401,0.001,normal,0.0,0.9778,55,34,0.803,0.9599,665.3,347.4
CELL_017,UMa,21.45,5,0.016824,0.001855,jamming,0.116,0.8045,55,26,0.806,0.9529,820.4,337.4
CELL_018,UMi,11.44,3,0.052905,0.010767,normal,0.0,0.963,55,20,0.219,0.9591,63.1,506.2
CELL_019,RIS,22.54,0,0.002,0.001,normal,0.0,0.9991,55,39,0.843,0.9599,191.3,479.6
CELL_020,UMa,10.85,2,0.19743,0.039852,normal,0.0,0.9617,55,38,0.396,0.9568,359.9,500.4
CELL_021,THz,16.54,4,0.002,0.001,normal,0.0,0.986,55,33,0.726,0.9599,505.9,488.7
CELL_022,FR2-mmWave,16.72,30,0.035441,0.004872,pilot_contamination,0.9816,0.05,55,8,0.925,0.9007,669.3,515.3
CELL_023,FR2-mmWave,17.37,12,0.033195,0.004919,normal,0.0,0.9884,55,34,0.309,0.9596,792.3,496.8
CELL_000,UMi,7.59,29,0.030703,0.007835,normal,0.0,0.9683,56,35,0.51,0.9594,58.6,29.2
CELL_001,RMa,11.53,4,0.025009,0.003752,data_poisoning,0.3552,0.6197,56,38,0.223,0.9384,202.0,41.6
CELL_002,InH,10.42,1,0.00623,0.001238,jamming,0.4997,0.2968,56,8,0.208,0.9299,341.5,57.7
CELL_003,InH,15.89,8,0.365135,0.060389,normal,0.0,0.9878,56,19,0.326,0.9552,472.6,30.3
CELL_004,UMi,17.86,27,0.194433,0.020716,false_csi_injection,0.3184,0.6582,56,36,0.527,0.9392,668.3,71.8
CELL_005,NTN-LEO,8.71,9,0.076037,0.012598,false_csi_injection,0.5261,0.4524,56,26,0.443,0.9274,781.5,39.9
CELL_006,THz,18.16,6,0.010739,0.001043,adversarial,0.7574,0.2104,56,19,0.887,0.9145,51.4,183.8
CELL_007,UMa,-4.39,7,1.2,0.535843,adversarial,0.7626,0.2088,56,37,0.527,0.8714,193.8,211.8
CELL_008,THz,13.48,17,0.002,0.001,normal,0.0,0.9965,56,12,0.727,0.9599,330.3,212.1
CELL_009,FR2-mmWave,1.81,22,0.043355,0.012553,normal,0.0,0.9665,56,32,0.926,0.959,513.1,192.6
CELL_010,RIS,12.35,28,0.018416,0.004849,normal,0.0,0.9549,56,21,0.611,0.9596,662.9,186.1
CELL_011,InH,6.85,9,0.983481,0.216111,adversarial,0.1027,0.875,56,22,0.709,0.9365,818.7,210.3
CELL_012,UMi,19.85,1,0.010135,0.001484,normal,0.0,0.974,56,33,0.735,0.9599,48.2,339.1
CELL_013,UMi,23.24,24,0.00962,0.001388,normal,0.0,0.9846,56,12,0.757,0.9599,212.6,355.5
CELL_014,InH,12.33,20,0.005796,0.001094,normal,0.0,0.9691,56,16,0.735,0.9599,351.2,361.0
CELL_015,InH,0.75,11,1.2,0.412937,normal,0.0,0.986,56,21,0.387,0.927,527.3,340.8
CELL_016,UMi,5.41,6,0.028561,0.007246,normal,0.0,0.9524,56,27,0.664,0.9594,665.9,351.1
CELL_017,THz,30.32,6,0.002069,0.001,csi_spoofing,0.7554,0.2402,56,26,0.469,0.9146,798.7,351.8
CELL_018,RMa,2.7,22,1.2,0.346619,jamming,0.2804,0.5921,56,13,0.649,0.9154,52.1,494.2
CELL_019,RMa,12.97,13,0.054371,0.009818,normal,0.0,0.9882,56,17,0.34,0.9592,188.3,495.0
CELL_020,RIS,17.82,20,0.003153,0.001,pilot_contamination,0.5207,0.3432,56,36,0.564,0.9287,323.0,500.9
CELL_021,InH,13.58,2,0.186656,0.019549,false_csi_injection,0.8651,0.1164,56,22,0.809,0.9065,486.0,504.1
CELL_022,UMi,25.27,11,0.002,0.001,normal,0.0,0.9916,56,35,0.835,0.9599,675.6,478.0
CELL_023,NTN-LEO,11.83,17,0.037332,0.007102,normal,0.0,0.9692,56,10,0.358,0.9594,817.0,504.3
CELL_000,THz,10.42,0,0.116806,0.021834,data_poisoning,0.8894,0.0878,57,13,0.875,0.9049,42.1,65.4
CELL_001,THz,5.73,28,0.062796,0.023576,normal,0.0,0.9743,57,18,0.354,0.9581,191.6,21.3
CELL_002,THz,18.29,30,0.002267,0.001,normal,0.0,0.9879,57,15,0.281,0.9599,357.7,53.9
CELL_003,UMi,7.78,27,1.2,0.280827,csi_spoofing,0.6788,0.2857,57,25,0.292,0.8968,488.3,55.8
CELL_004,InH,0.13,31,0.569233,0.212439,normal,0.0,0.9599,57,30,0.825,0.943,647.0,52.8
CELL_005,THz,11.5,10,0.183763,0.056612,normal,0.0,0.979,57,35,0.556,0.9555,804.0,46.1
CELL_006,FR2-mmWave,16.08,5,0.002584,0.001,normal,0.0,0.9545,57,15,0.247,0.9599,23.1,198.3
CELL_007,RIS,13.92,5,0.286803,0.080797,normal,0.0,0.9941,57,13,0.335,0.9535,205.9,220.9
CELL_008,THz,17.63,5,0.004419,0.001077,normal,0.0,0.9512,57,22,0.439,0.9599,363.3,218.5
CELL_009,NTN-LEO,18.01,23,0.056911,0.011977,normal,0.0,0.9634,57,14,0.572,0.959,503.8,213.4
CELL_010,RIS,1.41,23,0.015308,0.004734,csi_spoofing,0.3815,0.5686,57,19,0.504,0.9367,644.5,195.8
CELL_011,UMa,3.05,4,0.124709,0.037203,normal,0.0,0.9552,57,36,0.823,0.957,803.7,203.1
CELL_012,InH,-3.67,26,0.302973,0.136005,normal,0.0,0.9709,57,12,0.216,0.9491,65.6,368.2
CELL_013,UMi,16.74,2,0.035697,0.004313,jamming,0.5335,0.2259,57,30,0.469,0.9276,206.3,347.2
CELL_014,THz,17.28,22,0.002,0.001,pilot_contamination,0.1352,0.7919,57,20,0.587,0.9518,336.7,351.1
CELL_015,RMa,20.25,10,0.003108,0.001,jamming,0.5624,0.1964,57,26,0.902,0.9262,502.1,345.7
CELL_016,NTN-LEO,4.14,23,0.088944,0.02382,normal,0.0,0.9845,57,22,0.329,0.9581,658.0,372.2
CELL_017,RIS,8.04,0,1.2,0.330437,pilot_contamination,0.6602,0.2035,57,39,0.228,0.894,802.5,345.5
CELL_018,InH,3.37,8,0.204535,0.082818,normal,0.0,0.9929,57,15,0.766,0.9534,45.1,495.9
CELL_019,NTN-LEO,6.82,1,0.002,0.001,normal,0.0,0.9949,57,21,0.375,0.9599,182.5,505.9
CELL_020,THz,13.87,21,0.035169,0.007902,data_poisoning,0.2286,0.7267,57,28,0.218,0.9457,347.7,508.4
CELL_021,RMa,11.88,10,0.044111,0.00511,pilot_contamination,0.5798,0.2832,57,10,0.447,0.9248,526.3,515.0
CELL_022,InH,18.81,10,0.017539,0.001316,jamming,0.9592,0.05,57,12,0.328,0.9023,651.1,503.3
CELL_023,RIS,8.43,8,0.039579,0.013579,normal,0.0,0.9763,57,8,0.46,0.9589,795.7,517.3
CELL_000,NTN-LEO,15.22,10,0.002588,0.001,normal,0.0,0.959,58,9,0.239,0.9599,40.2,27.9
CELL_001,NTN-LEO,19.54,29,0.002657,0.001,normal,0.0,0.9674,58,20,0.237,0.9599,210.1,44.9
CELL_002,InH,17.43,10,0.009476,0.001382,normal,0.0,0.9932,58,34,0.776,0.9599,343.4,45.5
CELL_003,UMi,12.74,0,0.173617,0.032155,normal,0.0,0.9655,58,23,0.849,0.9574,467.2,63.7
CELL_004,UMi,23.03,15,0.002,0.001,normal,0.0,0.9842,58,36,0.248,0.9599,650.6,46.3
CELL_005,FR2-mmWave,15.09,24,0.370574,0.087443,normal,0.0,0.9842,58,17,0.28,0.953,830.8,71.8
CELL_006,THz,13.38,30,0.014096,0.004052,normal,0.0,0.9786,58,18,0.457,0.9597,40.2,200.5
CELL_007,InH,-0.51,10,0.281995,0.105696,normal,0.0,0.9657,58,30,0.49,0.9515,189.3,183.0
CELL_008,NTN-LEO,20.03,17,0.002,0.001,normal,0.0,0.9593,58,11,0.477,0.9599,358.1,187.4
CELL_009,UMi,20.9,14,0.002,0.001,normal,0.0,0.959,58,25,0.52,0.9599,503.3,193.6
CELL_010,THz,18.69,14,0.068068,0.015887,normal,0.0,0.9584,58,38,0.21,0.9587,663.3,186.8
CELL_011,THz,17.28,29,0.050834,0.008645,pilot_contamination,0.3846,0.5279,58,8,0.698,0.9362,802.6,218.4
CELL_012,FR2-mmWave,13.81,30,0.268778,0.030513,data_poisoning,0.5853,0.4132,58,39,0.74,0.9224,76.3,348.5
CELL_013,RMa,9.67,6,0.004166,0.001,normal,0.0,0.9824,58,19,0.488,0.9599,189.2,373.1
CELL_014,UMi,8.46,31,0.002,0.001,false_csi_injection,0.1139,0.8423,58,27,0.209,0.9531,360.7,371.6
CELL_015,RIS,1.82,8,1.179343,0.187102,jamming,0.815,0.05,58,11,0.225,0.8961,506.1,367.2
CELL_016,FR2-mmWave,21.05,9,0.004131,0.001,data_poisoning,0.1989,0.7953,58,28,0.55,0.948,654.5,355.5
CELL_017,InH,21.91,25,0.003747,0.001,adversarial,0.7788,0.1935,58,18,0.923,0.9132,792.6,349.0
CELL_018,THz,-2.15,14,1.006786,0.283367,csi_spoofing,0.6733,0.3087,58,35,0.866,0.8969,46.1,502.4
CELL_019,RIS,21.2,23,0.002,0.001,normal,0.0,0.9891,58,34,0.259,0.9599,204.7,494.7
CELL_020,RIS,29.69,24,0.016227,0.002426,normal,0.0,0.9762,58,14,0.906,0.9598,331.7,496.7
CELL_021,UMi,4.6,1,0.517802,0.135617,normal,0.0,0.9697,58,34,0.685,0.9492,495.8,487.6
CELL_022,InH,9.21,19,0.012302,0.002757,normal,0.0,0.9975,58,20,0.468,0.9598,638.8,486.6
CELL_023,InH,30.53,26,0.002,0.001,data_poisoning,0.5299,0.4577,58,39,0.239,0.9281,809.4,515.7
CELL_000,RIS,12.7,30,0.00581,0.001713,normal,0.0,0.9919,59,28,0.892,0.9599,28.0,47.0
CELL_001,THz,12.02,10,0.268975,0.052087,data_poisoning,0.6184,0.3486,59,10,0.208,0.9187,189.2,33.7
CELL_002,UMi,6.44,22,0.376222,0.08899,normal,0.0,0.9533,59,35,0.504,0.9529,352.7,64.5
CELL_003,InH,30.24,16,0.002,0.001,normal,0.0,0.9733,59,9,0.451,0.9599,494.0,47.5
CELL_004,InH,11.08,4,0.237145,0.047042,normal,0.0,0.9664,59,21,0.493,0.9562,633.6,49.9
CELL_005,THz,11.32,22,0.025003,0.007751,normal,0.0,0.9743,59,20,0.517,0.9594,779.5,50.4
CELL_006,NTN-LEO,14.02,4,0.097259,0.016693,normal,0.0,0.9639,59,34,0.506,0.9587,53.1,199.5
CELL_007,NTN-LEO,21.3,10,0.125586,0.00916,csi_spoofing,0.6193,0.3786,59,12,0.557,0.9221,225.6,190.0
CELL_008,UMa,10.49,9,0.020165,0.004488,normal,0.0,0.9861,59,11,0.318,0.9596,356.1,210.3
CELL_009,RMa,2.44,13,1.2,0.438443,false_csi_injection,0.9191,0.0799,59,11,0.831,0.8698,503.6,210.8
CELL_010,UMa,-5.0,23,0.691768,0.230044,normal,0.0,0.986,59,8,0.599,0.9416,633.5,202.7
CELL_011,RMa,23.23,18,0.002,0.001,normal,0.0,0.9941,59,16,0.546,0.9599,801.7,194.9
CELL_012,NTN-LEO,12.8,12,0.204029,0.050215,normal,0.0,0.9592,59,21,0.488,0.956,18.4,341.0
CELL_013,UMi,2.14,0,0.027913,0.009744,normal,0.0,0.9773,59,35,0.63,0.9592,201.3,336.6
CELL_014,FR2-mmWave,12.36,29,0.002,0.001,normal,0.0,0.9826,59,18,0.272,0.9599,344.7,325.6
CELL_015,RMa,-2.88,31,0.826277,0.252784,normal,0.0,0.9531,59,33,0.94,0.9398,524.1,324.4
CELL_016,UMi,16.14,25,0.002,0.001,normal,0.0,0.991,59,14,0.917,0.9599,647.0,362.1
CELL_017,FR2-mmWave,-1.51,0,0.097303,0.043679,normal,0.0,0.978,59,12,0.757,0.9565,779.9,363.5
CELL_018,FR2-mmWave,12.77,26,0.051616,0.010402,csi_spoofing,0.4692,0.5208,59,23,0.557,0.931,52.5,506.2
CELL_019,UMa,2.35,26,0.650354,0.20221,normal,0.0,0.998,59,31,0.588,0.9438,214.0,479.3
CELL_020,RMa,28.45,2,0.006653,0.001,pilot_contamination,0.5471,0.3311,59,39,0.589,0.9271,343.0,476.2
CELL_021,THz,4.96,5,0.016291,0.00627,normal,0.0,0.9545,59,23,0.928,0.9595,498.7,473.2
CELL_022,UMi,-0.21,5,0.542737,0.167914,normal,0.0,0.9881,59,11,0.306,0.9466,648.7,490.8
CELL_023,UMa,15.12,6,0.036972,0.004938,data_poisoning,0.1678,0.8048,59,30,0.637,0.9495,789.2,486.0
CELL_000,THz,22.43,13,0.11275,0.009223,pilot_contamination,0.5095,0.3814,60,9,0.696,0.9287,41.4,35.8
CELL_001,UMa,14.51,5,0.026838,0.005857,normal,0.0,0.985,60,16,0.732,0.9595,188.6,50.7
CELL_002,THz,20.14,27,0.053128,0.011665,normal,0.0,0.9777,60,31,0.849,0.9591,337.7,32.9
CELL_003,FR2-mmWave,27.49,10,0.002225,0.001,pilot_contamination,0.541,0.301,60,20,0.592,0.9275,481.3,34.7
CELL_004,NTN-LEO,14.45,3,0.012619,0.00208,normal,0.0,0.9956,60,34,0.738,0.9598,675.1,55.3
CELL_005,InH,6.98,22,0.004469,0.001,pilot_contamination,0.2296,0.7165,60,22,0.916,0.9461,815.7,46.6
CELL_006,THz,-0.81,26,0.037988,0.017053,normal,0.0,0.9913,60,39,0.945,0.9586,42.1,198.4
CELL_007,THz,27.24,14,0.002388,0.001,normal,0.0,0.9742,60,34,0.518,0.9599,208.6,200.5
CELL_008,THz,15.43,23,0.013099,0.003483,normal,0.0,0.9615,60,22,0.764,0.9597,361.6,199.4
CELL_009,InH,10.69,7,0.057777,0.011386,normal,0.0,0.9507,60,27,0.496,0.9591,497.1,201.9
CELL_010,RIS,15.0,30,0.497446,0.091899,pilot_contamination,0.1094,0.8642,60,34,0.908,0.9461,662.8,195.9
CELL_011,UMi,15.29,31,0.027141,0.005727,normal,0.0,0.9704,60,14,0.572,0.9595,800.7,195.5
CELL_012,InH,3.27,3,0.600385,0.243822,normal,0.0,0.9846,60,14,0.835,0.9405,50.2,350.6
CELL_013,UMa,25.67,31,0.030059,0.002951,normal,0.0,0.972,60,38,0.225,0.9598,196.5,345.7
CELL_014,THz,12.25,3,0.078556,0.016141,pilot_contamination,0.3909,0.5161,60,24,0.499,0.9353,347.4,340.6
CELL_015,NTN-LEO,14.02,24,0.007234,0.001799,normal,0.0,1.0,60,30,0.326,0.9599,509.3,346.1
CELL_016,UMa,6.47,5,0.712162,0.177083,normal,0.0,0.9823,60,32,0.35,0.9458,629.0,370.5
CELL_017,UMa,15.28,30,0.103691,0.012335,jamming,0.2246,0.6707,60,10,0.354,0.9455,791.4,371.6
CELL_018,InH,17.32,27,0.026583,0.002116,pilot_contamination,0.9896,0.05,60,11,0.346,0.9005,33.6,504.3
CELL_019,THz,17.74,31,0.002,0.001,normal,0.0,0.9721,60,10,0.942,0.9599,196.5,488.5
CELL_020,UMi,21.29,25,0.114158,0.014194,normal,0.0,0.9866,60,32,0.586,0.9589,345.8,481.7
CELL_021,NTN-LEO,21.08,28,0.002,0.001,normal,0.0,0.9717,60,21,0.902,0.9599,505.8,524.0
CELL_022,UMa,6.95,1,0.085201,0.017601,jamming,0.1097,0.802,60,20,0.721,0.952,656.9,487.6
CELL_023,UMi,7.28,23,1.093952,0.187121,jamming,0.6191,0.1306,60,10,0.929,0.9079,797.0,518.1
CELL_000,RIS,21.71,13,0.004444,0.001,normal,0.0,0.9752,61,34,0.854,0.9599,43.4,35.8
CELL_001,UMi,10.01,3,0.030996,0.008129,normal,0.0,0.9893,61,31,0.476,0.9593,214.2,63.1
CELL_002,RIS,12.0,18,0.046519,0.014074,normal,0.0,0.984,61,37,0.509,0.9589,324.5,45.3
CELL_003,FR2-mmWave,34.35,28,0.002875,0.001,normal,0.0,0.9675,61,22,0.348,0.9599,521.8,58.5
CELL_004,RMa,3.23,28,0.658291,0.180667,normal,0.0,0.9957,61,33,0.287,0.9455,660.5,53.9
CELL_005,UMa,13.91,22,0.011592,0.002109,normal,0.0,0.9861,61,13,0.701,0.9598,788.7,42.6
CELL_006,UMi,0.16,23,0.106612,0.034145,false_csi_injection,0.3858,0.5883,61,17,0.51,0.9341,35.3,176.2
CELL_007,UMi,9.3,23,0.002,0.001,pilot_contamination,0.1028,0.8726,61,24,0.724,0.9538,192.0,218.3
CELL_008,RIS,17.76,22,0.00392,0.001,pilot_contamination,0.93,0.05,61,29,0.304,0.9041,352.9,197.9
CELL_009,NTN-LEO,12.73,10,0.002,0.001,normal,0.0,0.9959,61,17,0.715,0.9599,485.0,216.7
CELL_010,NTN-LEO,26.22,3,0.002438,0.001,false_csi_injection,0.9754,0.05,61,37,0.387,0.9014,661.3,182.8
CELL_011,FR2-mmWave,1.9,29,0.848583,0.140472,pilot_contamination,0.8235,0.05,61,33,0.586,0.8994,785.5,187.1
CELL_012,RMa,5.86,27,0.243832,0.061144,normal,0.0,0.9603,61,36,0.639,0.9551,53.4,337.5
CELL_013,THz,24.49,24,0.002,0.001,normal,0.0,0.9925,61,10,0.363,0.9599,213.5,363.5
CELL_014,InH,15.24,20,0.747326,0.100983,data_poisoning,0.6243,0.3329,61,8,0.676,0.9145,345.4,358.4
CELL_015,UMa,18.94,16,0.112516,0.025992,normal,0.0,0.9524,61,9,0.62,0.9579,503.7,342.1
CELL_016,RMa,4.96,21,0.272594,0.046382,csi_spoofing,0.5248,0.4721,61,16,0.41,0.9248,625.9,359.0
CELL_017,NTN-LEO,6.8,2,0.010568,0.002929,normal,0.0,0.9502,61,12,0.882,0.9598,808.0,344.5
CELL_018,RIS,3.06,3,0.153228,0.031762,jamming,0.2331,0.64,61,38,0.815,0.9435,58.1,487.1
CELL_019,UMi,14.23,11,0.018175,0.003137,normal,0.0,0.9901,61,16,0.229,0.9597,175.1,505.5
CELL_020,UMi,15.6,24,0.003477,0.001,data_poisoning,0.7948,0.1731,61,10,0.733,0.9122,362.9,510.9
CELL_021,InH,12.81,16,0.002,0.001,normal,0.0,0.9602,61,20,0.906,0.9599,524.7,485.1
CELL_022,InH,9.4,6,0.012754,0.001758,false_csi_injection,0.7045,0.2867,61,15,0.743,0.9176,655.6,490.8
CELL_023,InH,28.21,20,0.002,0.001,data_poisoning,0.9013,0.0846,61,12,0.393,0.9058,799.5,515.0
CELL_000,NTN-LEO,18.63,10,0.010911,0.001447,normal,0.0,0.9518,62,22,0.883,0.9599,45.3,56.3
CELL_001,THz,15.72,30,0.085408,0.02246,normal,0.0,0.9803,62,22,0.867,0.9582,203.7,54.5
CELL_002,InH,10.78,28,0.009948,0.002001,normal,0.0,0.9999,62,15,0.742,0.9598,333.8,72.5
CELL_003,RIS,7.37,2,0.013858,0.003259,normal,0.0,0.9806,62,20,0.751,0.9597,504.8,45.0
CELL_004,InH,8.91,27,0.005011,0.001068,normal,0.0,0.9957,62,17,0.872,0.9599,638.8,37.2
CELL_005,NTN-LEO,24.25,23,0.002,0.001,normal,0.0,0.9586,62,25,0.493,0.9599,804.9,46.1
CELL_006,UMa,-3.61,6,0.002,0.001,normal,0.0,0.9762,62,31,0.234,0.9599,50.4,201.0
CELL_007,FR2-mmWave,15.57,21,0.027612,0.004914,false_csi_injection,0.5067,0.4533,62,10,0.261,0.9292,195.8,190.3
CELL_008,InH,6.91,16,0.200572,0.025834,jamming,0.8471,0.05,62,30,0.61,0.9071,347.6,206.0
CELL_009,NTN-LEO,9.38,12,0.020427,0.002485,csi_spoofing,0.9551,0.05,62,35,0.202,0.9025,497.2,208.6
CELL_010,InH,13.94,28,0.224623,0.037168,data_poisoning,0.8668,0.1282,62,16,0.243,0.905,652.1,219.5
CELL_011,InH,7.54,18,0.023977,0.006133,normal,0.0,0.9548,62,32,0.899,0.9595,805.9,212.3
CELL_012,RIS,19.73,6,0.019569,0.004372,normal,0.0,0.9708,62,36,0.786,0.9597,30.7,366.4
CELL_013,THz,10.71,29,0.206093,0.049496,pilot_contamination,0.2472,0.702,62,15,0.734,0.9412,221.2,351.0
CELL_014,RMa,14.8,2,0.149753,0.01789,csi_spoofing,0.5001,0.4868,62,35,0.544,0.9286,356.9,341.5
CELL_015,UMi,9.66,13,0.010654,0.001379,false_csi_injection,0.738,0.2284,62,14,0.679,0.9156,487.0,340.3
CELL_016,UMi,14.88,2,0.524233,0.048114,csi_spoofing,0.9902,0.05,62,24,0.634,0.8967,634.3,345.5
CELL_017,NTN-LEO,4.24,15,0.002,0.001,jamming,0.4878,0.2726,62,16,0.21,0.9307,804.1,346.3
CELL_018,RMa,11.12,13,0.002,0.001,false_csi_injection,0.1407,0.8474,62,27,0.797,0.9515,64.0,493.3
CELL_019,UMa,15.94,7,0.005937,0.001,normal,0.0,0.9864,62,16,0.949,0.9599,192.2,478.2
CELL_020,FR2-mmWave,14.48,1,0.335129,0.092445,normal,0.0,0.9641,62,19,0.374,0.9526,351.3,506.9
CELL_021,UMi,21.22,8,0.00394,0.001,normal,0.0,0.9602,62,11,0.837,0.9599,519.4,484.3
CELL_022,InH,16.56,4,0.002,0.001,normal,0.0,0.9747,62,26,0.913,0.9599,647.9,490.3
CELL_023,THz,14.59,14,0.120715,0.033152,normal,0.0,0.9626,62,34,0.662,0.9573,808.7,504.2
CELL_000,RMa,11.72,18,0.046199,0.008841,normal,0.0,0.9586,63,10,0.746,0.9593,49.9,41.4
CELL_001,THz,18.79,22,0.002,0.001,normal,0.0,0.9722,63,27,0.253,0.9599,193.9,22.4
CELL_002,RIS,6.2,7,0.2059,0.050786,normal,0.0,0.9884,63,25,0.555,0.9559,350.1,32.5
CELL_003,THz,14.94,3,0.250795,0.067967,normal,0.0,0.9889,63,18,0.762,0.9546,518.6,36.4
CELL_004,InH,11.42,22,0.010183,0.00222,normal,0.0,0.9789,63,31,0.529,0.9598,638.8,40.8
CELL_005,UMi,7.73,10,0.021242,0.006078,normal,0.0,0.9713,63,8,0.602,0.9595,787.6,51.0
CELL_006,FR2-mmWave,18.21,14,0.008693,0.002069,normal,0.0,0.9593,63,9,0.692,0.9598,62.6,216.5
CELL_007,UMi,23.14,22,0.040197,0.00449,csi_spoofing,0.9087,0.083,63,15,0.619,0.9051,197.6,195.3
CELL_008,RIS,2.65,1,1.2,0.417829,normal,0.0,0.9508,63,33,0.421,0.9266,340.1,205.4
CELL_009,UMa,10.56,26,0.406921,0.090282,normal,0.0,0.9591,63,20,0.488,0.9528,526.2,194.9
CELL_010,InH,15.54,2,0.099791,0.014934,data_poisoning,0.3855,0.5834,63,10,0.617,0.9357,659.6,215.5
CELL_011,UMa,15.41,11,0.002,0.001,false_csi_injection,0.873,0.0782,63,8,0.345,0.9075,797.0,208.2
CELL_012,NTN-LEO,10.08,19,0.31952,0.08748,normal,0.0,0.9668,63,21,0.934,0.953,66.2,347.0
CELL_013,THz,11.07,14,0.002,0.001,normal,0.0,0.9507,63,25,0.406,0.9599,198.3,357.6
CELL_014,RMa,4.98,18,0.259875,0.065142,normal,0.0,0.9593,63,12,0.634,0.9548,354.2,350.5
CELL_015,THz,22.31,3,0.025186,0.003556,normal,0.0,0.9962,63,38,0.589,0.9597,497.9,350.0
CELL_016,NTN-LEO,26.24,29,0.002,0.001,normal,0.0,0.9564,63,29,0.7,0.9599,643.8,355.7
CELL_017,UMa,11.96,4,0.002,0.001,false_csi_injection,0.2759,0.7204,63,24,0.746,0.9434,810.5,355.8
CELL_018,RMa,17.0,9,0.073824,0.00881,pilot_contamination,0.2029,0.7242,63,9,0.936,0.9471,53.6,484.0
CELL_019,FR2-mmWave,11.74,6,0.370065,0.041161,false_csi_injection,0.9281,0.0645,63,9,0.747,0.901,178.5,513.3
CELL_020,RIS,8.33,0,0.015015,0.004597,normal,0.0,0.9706,63,23,0.674,0.9596,342.0,516.6
CELL_021,UMi,15.36,27,0.028509,0.007603,normal,0.0,0.9555,63,28,0.531,0.9594,506.5,520.1
CELL_022,THz,13.27,23,0.572271,0.11506,normal,0.0,0.9969,63,28,0.322,0.9508,657.0,517.5
CELL_023,RMa,14.71,22,0.009646,0.001639,normal,0.0,0.9912,63,30,0.373,0.9599,818.7,528.4
CELL_000,NTN-LEO,10.92,6,0.002537,0.001,normal,0.0,0.9944,64,24,0.823,0.9599,40.1,26.2
CELL_001,UMa,-4.05,13,0.009319,0.00223,false_csi_injection,0.4064,0.5533,64,14,0.842,0.9354,199.0,49.7
CELL_002,RIS,12.71,2,1.2,0.381778,normal,0.0,0.9583,64,25,0.815,0.9295,351.3,40.8
CELL_003,InH,-4.55,2,1.2,0.571057,normal,0.0,0.9711,64,9,0.653,0.9143,526.1,53.6
CELL_004,UMa,22.74,8,0.002,0.001,false_csi_injection,0.3596,0.593,64,8,0.904,0.9383,650.0,46.5
CELL_005,NTN-LEO,11.69,2,0.046868,0.006415,data_poisoning,0.7988,0.1526,64,36,0.374,0.9116,807.6,57.2
CELL_006,FR2-mmWave,8.81,30,0.002,0.001,pilot_contamination,0.1096,0.8327,64,23,0.758,0.9533,59.6,194.6
CELL_007,InH,15.29,22,0.042357,0.011324,normal,0.0,0.9646,64,32,0.337,0.9591,199.0,208.7
CELL_008,UMi,11.62,5,0.008864,0.001151,data_poisoning,0.6096,0.3617,64,24,0.787,0.9233,350.2,192.0
CELL_009,UMa,17.04,24,0.005912,0.001,jamming,0.5909,0.168,64,25,0.516,0.9245,500.1,194.2
CELL_010,THz,6.34,15,0.395762,0.111593,data_poisoning,0.2805,0.7005,64,9,0.728,0.9342,643.0,211.9
CELL_011,InH,22.51,13,0.002,0.001,normal,0.0,0.9817,64,38,0.501,0.9599,810.7,182.2
CELL_012,UMi,4.41,18,0.667444,0.09795,pilot_contamination,0.8973,0.05,64,18,0.309,0.8983,51.4,357.9
CELL_013,NTN-LEO,10.51,17,0.501736,0.10132,normal,0.0,0.9753,64,9,0.826,0.9519,209.9,347.3
CELL_014,RMa,6.66,18,0.08892,0.021045,normal,0.0,0.9734,64,19,0.824,0.9583,327.4,350.6
CELL_015,UMi,-3.59,1,0.467409,0.144608,normal,0.0,0.9654,64,28,0.507,0.9484,503.7,359.2
CELL_016,FR2-mmWave,35.0,30,0.002,0.001,normal,0.0,0.9745,64,13,0.373,0.9599,638.1,353.4
CELL_017,FR2-mmWave,6.78,23,1.107661,0.401651,normal,0.0,0.9863,64,11,0.423,0.9279,790.1,365.9
CELL_018,InH,13.67,13,0.017367,0.002978,normal,0.0,0.959,64,14,0.429,0.9598,40.6,493.4
CELL_019,InH,19.99,9,0.059701,0.013193,normal,0.0,0.9596,64,25,0.457,0.9589,205.7,512.6
CELL_020,UMa,11.62,1,0.026453,0.005718,normal,0.0,0.9815,64,24,0.481,0.9595,328.5,505.8
CELL_021,UMa,19.1,15,0.002,0.001,data_poisoning,0.6791,0.3054,64,26,0.661,0.9192,504.3,521.8
CELL_022,RIS,7.35,28,1.2,0.547146,normal,0.0,0.9819,64,31,0.827,0.9162,633.6,504.1
CELL_023,RIS,15.98,21,0.004152,0.001,normal,0.0,0.9536,64,33,0.491,0.9599,780.6,517.5
CELL_000,InH,9.72,19,0.058972,0.01381,normal,0.0,0.983,65,39,0.634,0.9589,52.7,55.8
CELL_001,FR2-mmWave,26.52,15,0.00345,0.001,normal,0.0,0.98,65,10,0.221,0.9599,218.0,64.5
CELL_002,NTN-LEO,16.39,30,0.002,0.001,normal,0.0,0.9852,65,13,0.206,0.9599,327.4,54.8
CELL_003,NTN-LEO,11.03,28,0.004246,0.001,normal,0.0,0.9995,65,31,0.899,0.9599,491.2,42.6
CELL_004,RIS,8.76,3,0.027404,0.006019,normal,0.0,0.9518,65,15,0.245,0.9595,676.2,56.0
CELL_005,InH,5.51,26,0.055626,0.017268,normal,0.0,0.9665,65,37,0.544,0.9586,811.3,76.6
CELL_006,RMa,16.53,11,0.041593,0.006255,normal,0.0,0.9659,65,26,0.678,0.9595,47.9,196.2
CELL_007,UMa,-0.73,1,0.394137,0.169956,normal,0.0,0.9688,65,25,0.888,0.9464,209.6,195.0
CELL_008,RIS,13.89,26,0.019853,0.003552,data_poisoning,0.6431,0.3244,65,14,0.594,0.9211,344.0,208.5
CELL_009,NTN-LEO,-5.0,24,0.654332,0.201147,normal,0.0,0.9891,65,33,0.438,0.9439,487.1,182.1
CELL_010,RMa,19.84,5,0.002,0.001,normal,0.0,0.9581,65,13,0.449,0.9599,682.2,200.8
CELL_011,UMa,21.68,0,0.009152,0.001215,normal,0.0,0.9755,65,38,0.871,0.9599,816.6,181.7
CELL_012,RMa,17.95,19,0.079786,0.012537,normal,0.0,0.9984,65,18,0.392,0.959,37.6,366.7
CELL_013,RMa,2.1,30,0.398325,0.112134,normal,0.0,0.9618,65,17,0.701,0.951,195.7,363.3
CELL_014,UMa,21.4,0,0.003154,0.001,normal,0.0,0.953,65,30,0.258,0.9599,350.6,340.5
CELL_015,UMa,24.96,8,0.002,0.001,normal,0.0,0.9883,65,26,0.828,0.9599,495.4,353.4
CELL_016,THz,2.22,21,1.179409,0.494976,normal,0.0,0.9715,65,30,0.325,0.9204,677.4,322.6
CELL_017,RMa,14.4,23,0.002,0.001,normal,0.0,0.9935,65,9,0.469,0.9599,810.4,334.6
CELL_018,RMa,10.0,3,0.214667,0.044081,normal,0.0,0.9565,65,20,0.552,0.9565,45.8,491.7
CELL_019,UMi,10.46,13,0.063814,0.012702,normal,0.0,0.9507,65,8,0.628,0.959,182.1,476.8
CELL_020,THz,14.05,6,0.005234,0.001,data_poisoning,0.5505,0.4413,65,29,0.727,0.9269,338.5,519.6
CELL_021,FR2-mmWave,2.89,10,0.303884,0.124898,normal,0.0,0.9709,65,37,0.472,0.95,511.4,511.3
CELL_022,UMa,8.22,29,1.2,0.659948,false_csi_injection,0.8254,0.1411,65,37,0.925,0.8577,660.1,506.0
CELL_023,UMa,14.0,26,0.003985,0.001,data_poisoning,0.4941,0.4812,65,36,0.399,0.9303,811.6,492.2
CELL_000,NTN-LEO,30.08,25,0.002,0.001,data_poisoning,0.3449,0.6175,66,25,0.367,0.9392,63.8,28.5
CELL_001,FR2-mmWave,22.33,3,0.006026,0.001203,normal,0.0,0.9695,66,16,0.731,0.9599,221.6,56.7
CELL_002,THz,-2.55,20,0.002,0.001,normal,0.0,0.9617,66,26,0.933,0.9599,361.0,66.4
CELL_003,THz,17.85,17,0.002,0.001,normal,0.0,0.9693,66,15,0.724,0.9599,521.1,53.7
CELL_004,UMa,2.69,0,1.2,0.484842,normal,0.0,0.9521,66,30,0.737,0.9212,620.4,42.0
CELL_005,UMi,21.3,14,0.003864,0.001,normal,0.0,0.9562,66,27,0.383,0.9599,781.3,27.3
CELL_006,InH,4.92,15,0.201351,0.077587,normal,0.0,0.9989,66,17,0.944,0.9538,51.5,207.4
CELL_007,UMa,21.84,27,0.002,0.001,normal,0.0,0.9665,66,22,0.883,0.9599,190.1,211.4
CELL_008,NTN-LEO,15.29,17,0.004937,0.001,normal,0.0,0.9629,66,35,0.31,0.9599,352.8,227.1
CELL_009,InH,14.48,3,0.002,0.001,data_poisoning,0.3058,0.6507,66,21,0.483,0.9416,489.4,218.8
CELL_010,THz,7.28,5,0.186137,0.066392,normal,0.0,0.9657,66,23,0.897,0.9547,651.3,192.5
CELL_011,InH,-3.22,8,1.2,0.423325,normal,0.0,0.9639,66,33,0.9,0.9261,813.9,188.5
CELL_012,FR2-mmWave,8.72,23,0.002,0.001,normal,0.0,0.9843,66,15,0.27,0.9599,64.2,337.3
CELL_013,RMa,5.68,18,0.35987,0.087595,normal,0.0,0.984,66,30,0.663,0.953,196.0,329.5
CELL_014,NTN-LEO,20.79,19,0.028071,0.003372,normal,0.0,0.9896,66,34,0.525,0.9597,345.6,345.3
CELL_015,UMa,28.5,15,0.003104,0.001,jamming,0.7244,0.05,66,20,0.487,0.9165,509.3,353.3
CELL_016,RMa,10.86,25,0.12845,0.028053,normal,0.0,0.9659,66,38,0.704,0.9578,658.0,349.0
CELL_017,FR2-mmWave,15.66,30,0.006193,0.001632,normal,0.0,0.9544,66,27,0.228,0.9599,813.3,339.3
CELL_018,THz,10.54,26,0.002,0.001,normal,0.0,0.9565,66,9,0.415,0.9599,63.0,515.9
CELL_019,FR2-mmWave,12.52,23,0.028414,0.006249,data_poisoning,0.3312,0.6252,66,23,0.568,0.9396,199.1,477.0
CELL_020,NTN-LEO,12.72,25,0.119017,0.02173,normal,0.0,0.9962,66,22,0.843,0.9583,323.9,504.1
CELL_021,RMa,0.65,10,0.144146,0.036889,false_csi_injection,0.1302,0.8542,66,26,0.611,0.9492,505.4,500.0
CELL_022,FR2-mmWave,15.54,3,0.084345,0.016057,jamming,0.2722,0.5863,66,35,0.789,0.9424,687.6,479.6
CELL_023,FR2-mmWave,12.16,14,0.005975,0.001797,normal,0.0,0.9644,66,37,0.784,0.9599,807.2,502.9
CELL_000,UMi,7.52,29,0.159363,0.040463,jamming,0.2744,0.5819,67,22,0.64,0.9403,71.1,55.1
CELL_001,RIS,17.15,29,0.106948,0.026572,normal,0.0,0.9814,67,14,0.619,0.9579,212.9,41.9
CELL_002,RMa,10.2,4,0.080591,0.017083,normal,0.0,0.9785,67,10,0.215,0.9586,345.4,66.3
CELL_003,RIS,0.03,29,1.2,0.23655,jamming,0.6807,0.05,67,26,0.776,0.9002,488.1,69.1
CELL_004,RMa,2.8,9,0.070654,0.01926,normal,0.0,0.9626,67,8,0.269,0.9585,624.5,43.6
CELL_005,InH,16.2,17,0.143428,0.011776,pilot_contamination,0.9846,0.05,67,27,0.632,0.9,781.8,47.6
CELL_006,UMa,14.58,0,0.045194,0.008948,jamming,0.211,0.6956,67,23,0.203,0.9466,50.9,180.6
CELL_007,UMi,13.32,1,0.186364,0.035302,pilot_contamination,0.4644,0.4004,67,35,0.452,0.9293,207.6,210.7
CELL_008,UMa,10.84,17,0.068395,0.013812,normal,0.0,0.9697,67,33,0.297,0.9589,339.5,187.9
CELL_009,UMi,-0.26,12,0.3645,0.114034,jamming,0.312,0.5268,67,9,0.581,0.9322,477.1,187.5
CELL_010,UMi,18.5,4,0.003473,0.001,normal,0.0,0.974,67,18,0.726,0.9599,661.2,192.9
CELL_011,RMa,14.57,30,0.298324,0.048869,normal,0.0,0.9699,67,15,0.663,0.9561,803.4,196.7
CELL_012,InH,6.07,23,0.078015,0.01916,normal,0.0,0.9584,67,10,0.24,0.9585,73.1,342.0
CELL_013,RMa,19.56,2,0.002,0.001,normal,0.0,0.985,67,29,0.729,0.9599,203.9,360.9
CELL_014,UMi,2.6,26,1.2,0.613235,normal,0.0,0.9649,67,34,0.688,0.9109,354.2,324.9
CELL_015,NTN-LEO,12.15,23,0.002,0.001,normal,0.0,0.9902,67,11,0.399,0.9599,495.8,332.9
CELL_016,UMa,3.9,23,0.313607,0.092179,normal,0.0,0.9508,67,13,0.834,0.9526,636.5,347.0
CELL_017,THz,-2.98,23,0.792373,0.355696,normal,0.0,0.9621,67,32,0.667,0.9315,815.0,344.7
CELL_018,UMa,11.85,4,0.008886,0.001758,normal,0.0,0.9935,67,9,0.928,0.9599,43.4,494.1
CELL_019,RMa,13.33,18,0.267581,0.047852,normal,0.0,0.9816,67,37,0.245,0.9562,201.6,481.7
CELL_020,UMa,22.94,9,0.002,0.001,normal,0.0,0.9882,67,35,0.621,0.9599,341.7,485.3
CELL_021,RIS,15.08,6,0.039398,0.006477,normal,0.0,0.9985,67,24,0.386,0.9595,503.9,500.2
CELL_022,UMa,11.11,2,0.15306,0.029592,normal,0.0,0.9798,67,18,0.805,0.9576,659.0,484.6
CELL_023,InH,12.71,16,0.002,0.001,normal,0.0,0.9738,67,12,0.765,0.9599,802.6,509.1
CELL_000,FR2-mmWave,16.81,12,0.110133,0.01416,false_csi_injection,0.1457,0.8045,68,38,0.348,0.9501,52.8,62.7
CELL_001,InH,19.24,0,0.002,0.001,normal,0.0,0.9635,68,21,0.804,0.9599,208.2,54.7
CELL_002,RIS,9.37,26,0.021924,0.007281,normal,0.0,0.9825,68,9,0.585,0.9594,342.7,53.1
CELL_003,RIS,5.87,6,0.004036,0.001508,normal,0.0,0.9652,68,31,0.7,0.9599,509.5,68.8
CELL_004,UMa,14.82,4,0.00823,0.001433,normal,0.0,0.9702,68,32,0.926,0.9599,651.9,40.0
CELL_005,InH,18.76,12,0.002346,0.001,pilot_contamination,0.2875,0.6132,68,35,0.539,0.9427,792.2,37.1
CELL_006,NTN-LEO,8.85,2,0.272532,0.062599,normal,0.0,0.9764,68,34,0.648,0.955,50.6,193.4
CELL_007,RIS,16.79,21,0.139799,0.027596,normal,0.0,0.9682,68,8,0.413,0.9578,189.7,208.5
CELL_008,RMa,7.95,13,0.00828,0.001141,false_csi_injection,0.937,0.05,68,30,0.548,0.9037,354.6,211.4
CELL_009,UMa,13.09,13,0.092926,0.025683,normal,0.0,0.9864,68,21,0.612,0.9579,470.9,187.6
CELL_010,RIS,30.51,6,0.002,0.001,normal,0.0,0.9912,68,12,0.773,0.9599,648.8,218.4
CELL_011,RIS,0.5,18,0.201262,0.061696,normal,0.0,0.9894,68,17,0.417,0.9551,801.7,216.5
CELL_012,RIS,16.61,22,0.027814,0.00518,csi_spoofing,0.3474,0.6473,68,10,0.396,0.9387,54.3,341.6
CELL_013,RIS,11.66,22,0.274761,0.067488,normal,0.0,0.9609,68,9,0.474,0.9546,193.2,331.4
CELL_014,FR2-mmWave,-3.1,29,0.157213,0.049068,normal,0.0,0.9702,68,12,0.477,0.9561,352.7,356.3
CELL_015,NTN-LEO,7.51,12,0.041976,0.009646,normal,0.0,0.9582,68,37,0.54,0.9592,503.6,333.0
CELL_016,UMi,-1.92,23,0.765065,0.202027,data_poisoning,0.1834,0.8138,68,35,0.208,0.9328,649.3,341.0
CELL_017,NTN-LEO,15.14,8,0.002,0.001,normal,0.0,0.9602,68,20,0.689,0.9599,816.1,352.8
CELL_018,THz,19.19,16,0.002,0.001,normal,0.0,0.9749,68,29,0.687,0.9599,38.9,503.5
CELL_019,InH,7.81,31,0.896727,0.20035,normal,0.0,0.9582,68,38,0.23,0.944,211.2,502.7
CELL_020,RIS,-5.0,2,0.028392,0.012745,normal,0.0,0.982,68,15,0.715,0.959,338.0,523.2
CELL_021,UMi,14.21,31,0.784533,0.077372,pilot_contamination,0.9377,0.05,68,37,0.405,0.8975,507.5,504.7
CELL_022,RIS,8.18,13,0.293029,0.060693,pilot_contamination,0.6726,0.1798,68,12,0.442,0.9148,646.7,493.2
CELL_023,NTN-LEO,7.63,0,0.087598,0.019693,normal,0.0,0.9991,68,27,0.587,0.9584,797.3,512.3
CELL_000,FR2-mmWave,8.95,1,0.005951,0.002006,normal,0.0,0.9971,69,32,0.778,0.9598,57.9,58.3
CELL_001,FR2-mmWave,11.45,20,0.02514,0.005134,false_csi_injection,0.5425,0.431,69,33,0.507,0.927,192.1,77.1
CELL_002,THz,7.86,19,0.01525,0.005334,normal,0.0,0.9759,69,26,0.924,0.9596,361.4,47.5
CELL_003,FR2-mmWave,9.88,13,0.020234,0.006602,normal,0.0,0.9994,69,19,0.786,0.9595,501.2,58.7
CELL_004,FR2-mmWave,-5.0,26,0.29316,0.1316,normal,0.0,0.9887,69,26,0.221,0.9495,618.7,86.7
CELL_005,FR2-mmWave,2.07,23,0.269077,0.11345,normal,0.0,0.9805,69,37,0.854,0.9509,799.9,57.9
CELL_006,RIS,15.0,6,0.051931,0.008569,normal,0.0,0.9929,69,32,0.201,0.9593,60.4,201.8
CELL_007,UMa,9.17,16,0.100476,0.023629,normal,0.0,0.9798,69,39,0.32,0.9581,165.4,207.6
CELL_008,RIS,23.55,22,0.002,0.001,normal,0.0,0.9589,69,9,0.844,0.9599,351.7,193.2
CELL_009,RIS,5.99,13,0.794122,0.183658,csi_spoofing,0.6977,0.2638,69,17,0.423,0.9034,494.0,172.5
CELL_010,UMa,14.41,8,0.008819,0.00186,normal,0.0,0.9762,69,34,0.317,0.9599,633.8,195.3
CELL_011,NTN-LEO,21.96,16,0.002,0.001,normal,0.0,0.9768,69,14,0.247,0.9599,800.5,187.8
CELL_012,THz,-0.95,1,0.013234,0.005159,data_poisoning,0.1269,0.8566,69,34,0.709,0.952,51.7,355.3
CELL_013,NTN-LEO,8.05,31,0.151147,0.03326,backdoor,0.4135,0.5434,69,8,0.227,0.9325,204.6,369.9
CELL_014,UMa,11.37,27,0.497743,0.100636,normal,0.0,0.9875,69,29,0.878,0.9519,357.6,367.4
CELL_015,RMa,19.84,5,0.002,0.001,normal,0.0,0.9581,69,22,0.242,0.9599,494.8,353.1
CELL_016,FR2-mmWave,12.41,30,0.043737,0.010423,normal,0.0,0.9857,69,8,0.362,0.9592,630.8,336.0
CELL_017,NTN-LEO,20.67,30,0.018956,0.001301,csi_spoofing,0.9934,0.05,69,12,0.547,0.9003,798.6,350.4
CELL_018,RMa,20.55,20,0.13008,0.015447,normal,0.0,0.9833,69,14,0.886,0.9588,60.5,501.1
CELL_019,THz,33.41,5,0.002,0.001,normal,0.0,0.9691,69,17,0.934,0.9599,195.6,505.3
CELL_020,RMa,9.6,18,0.743873,0.094196,csi_spoofing,0.7898,0.2074,69,28,0.767,0.9051,346.5,513.0
CELL_021,UMi,6.76,29,1.2,0.424221,backdoor,0.6847,0.3086,69,32,0.397,0.885,492.6,513.3
CELL_022,NTN-LEO,16.0,5,0.029336,0.004473,normal,0.0,0.9927,69,30,0.55,0.9596,680.4,485.3
CELL_023,InH,3.63,3,0.002,0.001,normal,0.0,0.966,69,28,0.587,0.9599,799.7,489.1
CELL_000,FR2-mmWave,27.83,14,0.002,0.001,normal,0.0,0.96,70,38,0.543,0.9599,56.9,39.2
CELL_001,FR2-mmWave,7.44,12,0.206326,0.047892,normal,0.0,0.9987,70,33,0.346,0.9562,163.3,50.0
CELL_002,FR2-mmWave,1.73,25,0.090621,0.034766,normal,0.0,0.9738,70,38,0.357,0.9572,323.5,44.0
CELL_003,InH,11.43,10,1.2,0.532543,pilot_contamination,0.9746,0.05,70,21,0.454,0.8589,503.0,43.0
CELL_004,RIS,23.68,31,0.002,0.001,normal,0.0,0.9825,70,8,0.387,0.9599,656.6,72.5
CELL_005,FR2-mmWave,3.01,17,0.531811,0.217731,normal,0.0,0.9837,70,9,0.674,0.9426,811.5,33.9
CELL_006,RMa,14.1,5,0.024275,0.004248,normal,0.0,0.97,70,21,0.81,0.9597,39.6,170.1
CELL_007,NTN-LEO,16.58,21,0.002,0.001,normal,0.0,0.9715,70,35,0.27,0.9599,194.3,185.2
CELL_008,THz,11.2,8,0.049061,0.00867,jamming,0.7104,0.05,70,25,0.835,0.9167,370.0,204.9
CELL_009,FR2-mmWave,11.47,25,0.05606,0.017288,normal,0.0,0.9705,70,8,0.279,0.9586,508.0,194.3
CELL_010,THz,6.38,29,0.040584,0.011622,normal,0.0,0.9886,70,23,0.334,0.9591,654.9,200.4
CELL_011,RIS,21.84,22,0.002,0.001,normal,0.0,0.957,70,10,0.508,0.9599,791.1,197.1
CELL_012,InH,3.39,10,0.013359,0.005405,normal,0.0,0.9669,70,14,0.747,0.9596,58.6,349.7
CELL_013,RIS,19.79,18,0.173656,0.027525,jamming,0.2854,0.5849,70,22,0.772,0.9407,178.6,348.6
CELL_014,UMi,5.51,24,0.53024,0.078976,pilot_contamination,0.8056,0.05,70,28,0.587,0.9053,355.7,347.1
CELL_015,RIS,12.81,1,0.084884,0.024929,normal,0.0,0.9725,70,29,0.318,0.958,502.6,358.4
CELL_016,InH,15.02,4,0.026441,0.007145,normal,0.0,0.9812,70,9,0.782,0.9594,631.2,355.1
CELL_017,FR2-mmWave,-5.0,26,0.717436,0.290809,normal,0.0,0.9823,70,21,0.596,0.9367,802.7,355.0
CELL_018,UMi,20.97,27,0.002,0.001,normal,0.0,0.998,70,26,0.903,0.9599,59.3,501.2
CELL_019,UMa,14.14,26,0.019356,0.003252,normal,0.0,0.9912,70,11,0.305,0.9597,187.5,524.3
CELL_020,InH,3.51,5,0.095308,0.028415,normal,0.0,0.9552,70,19,0.836,0.9577,331.5,472.5
CELL_021,RIS,9.46,24,0.197144,0.039057,jamming,0.5777,0.1698,70,10,0.433,0.9222,484.1,501.4
CELL_022,NTN-LEO,8.59,19,1.2,0.596749,normal,0.0,0.9739,70,29,0.712,0.9123,644.8,491.2
CELL_023,InH,29.81,29,0.002,0.001,normal,0.0,0.9706,70,31,0.255,0.9599,822.2,492.8
CELL_000,UMa,14.65,29,0.002,0.001,data_poisoning,0.1093,0.8562,71,18,0.259,0.9534,44.8,40.6
CELL_001,THz,16.39,2,0.006032,0.001545,normal,0.0,0.9672,71,20,0.836,0.9599,209.4,68.1
CELL_002,FR2-mmWave,20.78,0,0.014557,0.00311,normal,0.0,0.9845,71,22,0.811,0.9598,335.1,45.9
CELL_003,RMa,6.07,12,0.111658,0.026782,normal,0.0,0.9654,71,28,0.377,0.9579,477.6,40.2
CELL_004,NTN-LEO,22.75,29,0.002491,0.001,normal,0.0,0.9964,71,25,0.817,0.9599,638.2,39.4
CELL_005,RIS,14.38,24,0.620352,0.150701,normal,0.0,0.9777,71,28,0.821,0.9479,798.7,68.5
CELL_006,NTN-LEO,2.02,28,0.821169,0.153462,jamming,0.4048,0.3838,71,8,0.535,0.9234,53.6,203.0
CELL_007,THz,17.11,29,0.00613,0.001526,normal,0.0,0.9853,71,35,0.598,0.9599,212.5,201.3
CELL_008,InH,10.04,4,0.253556,0.039566,csi_spoofing,0.2749,0.7092,71,17,0.4,0.9403,347.4,215.6
CELL_009,UMi,20.57,1,0.002,0.001,normal,0.0,0.9936,71,8,0.239,0.9599,502.1,196.5
CELL_010,UMi,9.0,14,0.522447,0.118157,normal,0.0,0.9832,71,34,0.585,0.9505,639.2,214.1
CELL_011,UMi,15.0,23,0.002,0.001,csi_spoofing,0.1793,0.7807,71,31,0.568,0.9492,787.3,201.9
CELL_012,NTN-LEO,5.16,4,0.052863,0.011819,false_csi_injection,0.1084,0.8658,71,19,0.242,0.9526,48.4,360.4
CELL_013,THz,17.18,16,0.01655,0.004109,normal,0.0,0.9565,71,13,0.744,0.9597,213.4,347.9
CELL_014,THz,6.98,1,0.018871,0.004933,normal,0.0,0.9844,71,23,0.723,0.9596,323.6,352.8
CELL_015,InH,-1.95,9,0.963399,0.240371,jamming,0.7708,0.05,71,25,0.436,0.8945,510.5,377.0
CELL_016,THz,18.19,16,0.009547,0.001521,normal,0.0,0.9665,71,27,0.38,0.9599,639.6,351.7
CELL_017,RIS,3.34,1,0.092532,0.037495,normal,0.0,0.9853,71,28,0.58,0.957,798.6,355.9
CELL_018,InH,11.5,11,0.002,0.001,normal,0.0,0.9796,71,12,0.352,0.9599,35.0,495.0
CELL_019,FR2-mmWave,6.86,12,0.009377,0.002252,normal,0.0,0.9747,71,19,0.369,0.9598,204.5,508.2
CELL_020,NTN-LEO,0.5,31,1.2,0.493255,normal,0.0,0.9778,71,11,0.906,0.9205,350.4,515.7
CELL_021,FR2-mmWave,24.18,3,0.00275,0.001,normal,0.0,0.9847,71,36,0.366,0.9599,509.9,508.3
CELL_022,InH,17.04,24,0.014019,0.001172,jamming,0.8947,0.05,71,15,0.505,0.9062,652.8,504.0
CELL_023,UMa,10.82,29,0.043136,0.011331,false_csi_injection,0.1739,0.7995,71,16,0.798,0.9487,818.0,489.4
CELL_000,UMi,11.14,5,0.002818,0.001,normal,0.0,0.9535,72,25,0.61,0.9599,89.9,57.6
CELL_001,UMi,17.32,12,0.002,0.001,normal,0.0,0.9926,72,9,0.544,0.9599,188.5,41.0
CELL_002,NTN-LEO,7.51,5,0.071107,0.025162,normal,0.0,0.9594,72,31,0.315,0.958,352.0,54.6
CELL_003,InH,6.69,13,0.141965,0.026751,adversarial,0.6456,0.3394,72,33,0.838,0.9191,518.3,69.6
CELL_004,UMa,8.92,22,0.093908,0.02062,normal,0.0,0.9931,72,8,0.804,0.9584,656.6,55.8
CELL_005,FR2-mmWave,22.31,29,0.012363,0.002469,normal,0.0,0.9813,72,12,0.27,0.9598,806.9,46.6
CELL_006,THz,19.82,30,0.002,0.001,normal,0.0,0.9621,72,37,0.563,0.9599,61.7,204.7
CELL_007,UMi,17.11,29,0.002032,0.001,normal,0.0,0.9774,72,35,0.472,0.9599,187.3,201.3
CELL_008,UMi,2.5,29,0.147301,0.06128,normal,0.0,0.97,72,28,0.561,0.9551,332.8,199.2
CELL_009,RIS,21.24,29,0.002,0.001,normal,0.0,0.9766,72,32,0.547,0.9599,498.0,200.6
CELL_010,RIS,3.9,27,0.003182,0.001046,normal,0.0,0.9965,72,17,0.291,0.9599,630.4,209.9
CELL_011,RIS,21.23,18,0.002875,0.001,pilot_contamination,0.7888,0.05,72,24,0.504,0.9126,824.2,191.4
CELL_012,RIS,4.01,11,0.016379,0.004363,normal,0.0,0.9958,72,36,0.877,0.9597,41.5,367.0
CELL_013,UMi,14.22,11,0.171453,0.037876,normal,0.0,0.9984,72,34,0.849,0.957,195.5,364.2
CELL_014,THz,23.84,16,0.002,0.001,normal,0.0,0.9676,72,36,0.686,0.9599,333.4,347.6
CELL_015,FR2-mmWave,3.98,29,0.761401,0.203038,normal,0.0,0.962,72,11,0.351,0.9438,485.5,360.3
CELL_016,RMa,19.0,27,0.002,0.001,data_poisoning,0.4326,0.5275,72,35,0.365,0.934,658.0,362.0
CELL_017,UMa,11.58,14,0.165312,0.032286,normal,0.0,0.9586,72,11,0.556,0.9574,795.4,349.6
CELL_018,THz,21.0,7,0.002,0.001,normal,0.0,0.9955,72,23,0.786,0.9599,59.0,502.6
CELL_019,UMa,2.34,4,0.128975,0.038644,jamming,0.276,0.5901,72,29,0.913,0.9403,206.2,493.1
CELL_020,UMi,1.75,19,1.2,0.9,normal,0.0,0.9602,72,18,0.888,0.888,361.8,508.3
CELL_021,THz,13.52,3,0.026479,0.007572,normal,0.0,0.9751,72,26,0.805,0.9594,517.1,515.0
CELL_022,InH,22.77,31,0.002406,0.001,jamming,0.7691,0.05,72,14,0.478,0.9138,648.2,508.1
CELL_023,RIS,1.32,2,0.033573,0.014483,normal,0.0,0.95,72,10,0.932,0.9588,805.5,486.9
CELL_000,THz,8.67,11,0.012611,0.002973,normal,0.0,0.958,73,25,0.225,0.9598,53.6,74.1
CELL_001,InH,9.43,9,0.089174,0.023923,normal,0.0,0.993,73,32,0.944,0.9581,200.1,69.3
CELL_002,NTN-LEO,-0.93,18,0.3131,0.107354,normal,0.0,0.9617,73,23,0.57,0.9514,353.9,28.6
CELL_003,NTN-LEO,11.68,7,0.006192,0.001164,normal,0.0,0.9698,73,20,0.257,0.9599,516.9,46.7
CELL_004,RIS,4.13,19,0.003282,0.001163,normal,0.0,0.9748,73,27,0.824,0.9599,650.6,51.7
CELL_005,FR2-mmWave,20.7,4,0.009728,0.002085,normal,0.0,0.9741,73,14,0.487,0.9598,806.9,54.3
CELL_006,RMa,20.08,13,0.163649,0.020497,normal,0.0,0.9848,73,12,0.641,0.9584,43.0,200.5
CELL_007,RIS,-3.96,21,1.2,0.594971,pilot_contamination,0.6254,0.2051,73,39,0.606,0.8749,204.9,207.2
CELL_008,UMa,16.15,28,0.004448,0.001,normal,0.0,0.974,73,32,0.932,0.9599,355.5,202.0
CELL_009,InH,5.71,25,1.2,0.701381,normal,0.0,0.9893,73,19,0.905,0.9039,495.4,205.6
CELL_010,UMa,9.27,22,0.028435,0.004247,pilot_contamination,0.3788,0.5386,73,38,0.621,0.9369,641.5,193.2
CELL_011,NTN-LEO,5.0,14,0.004892,0.001881,normal,0.0,0.9875,73,9,0.89,0.9598,806.9,203.3
CELL_012,RIS,13.08,17,0.035158,0.006437,normal,0.0,0.9744,73,36,0.276,0.9595,26.2,351.6
CELL_013,RMa,4.49,19,0.179913,0.047047,normal,0.0,0.986,73,36,0.211,0.9562,191.3,347.0
CELL_014,RIS,4.78,27,0.20035,0.051115,data_poisoning,0.3426,0.6478,73,11,0.491,0.9354,348.3,353.9
CELL_015,RMa,24.83,24,0.002,0.001,csi_spoofing,0.2705,0.7136,73,19,0.748,0.9437,483.3,350.6
CELL_016,UMi,13.32,1,0.186364,0.035302,pilot_contamination,0.4644,0.4004,73,29,0.26,0.9293,658.2,325.4
CELL_017,UMi,19.52,1,0.007656,0.001,normal,0.0,0.9523,73,33,0.307,0.9599,801.0,343.6
CELL_018,InH,14.49,10,0.005001,0.001379,normal,0.0,0.9907,73,20,0.673,0.9599,32.0,486.1
CELL_019,NTN-LEO,19.02,6,0.019841,0.001385,jamming,0.8776,0.05,73,10,0.825,0.9072,205.6,511.2
CELL_020,InH,23.11,30,0.005666,0.001,normal,0.0,0.9696,73,20,0.92,0.9599,373.4,494.2
CELL_021,UMi,16.65,6,0.002242,0.001,normal,0.0,0.9687,73,29,0.807,0.9599,506.2,488.5
CELL_022,FR2-mmWave,9.05,17,0.002,0.001,normal,0.0,0.9922,73,17,0.529,0.9599,648.3,492.6
CELL_023,UMi,12.02,5,0.00649,0.001962,normal,0.0,0.9614,73,30,0.524,0.9598,790.6,492.9
CELL_000,THz,0.07,24,0.259289,0.116164,normal,0.0,0.9907,74,16,0.41,0.9507,40.1,45.2
CELL_001,InH,4.66,26,0.068811,0.022011,normal,0.0,0.9722,74,14,0.703,0.9582,232.1,73.7
CELL_002,NTN-LEO,12.59,31,0.033093,0.006079,normal,0.0,0.9998,74,35,0.573,0.9595,342.6,49.0
CELL_003,RMa,15.68,3,0.008864,0.001414,normal,0.0,0.9817,74,19,0.723,0.9599,490.0,34.2
CELL_004,InH,-1.08,21,0.222111,0.068718,normal,0.0,0.96,74,29,0.798,0.9545,640.7,35.4
CELL_005,NTN-LEO,0.48,14,0.468511,0.105404,adversarial,0.3232,0.6409,74,13,0.534,0.9322,788.5,65.5
CELL_006,RMa,13.21,3,0.002,0.001,normal,0.0,0.9931,74,18,0.668,0.9599,62.9,190.1
CELL_007,UMa,17.96,26,0.002,0.001,normal,0.0,0.9792,74,22,0.844,0.9599,196.5,184.5
CELL_008,FR2-mmWave,16.08,1,0.015497,0.004018,normal,0.0,0.9954,74,26,0.773,0.9597,347.7,211.4
CELL_009,InH,4.07,7,0.873973,0.229868,data_poisoning,0.2142,0.7828,74,22,0.643,0.9288,506.2,194.9
CELL_010,FR2-mmWave,5.2,25,0.036653,0.011503,normal,0.0,0.9958,74,13,0.724,0.9591,650.6,209.5
CELL_011,InH,8.06,28,0.002,0.001,normal,0.0,0.9655,74,10,0.604,0.9599,787.6,209.9
CELL_012,NTN-LEO,13.18,3,0.010438,0.002684,normal,0.0,0.9824,74,36,0.296,0.9598,45.8,345.3
CELL_013,RMa,5.8,9,0.013462,0.003342,normal,0.0,0.9574,74,15,0.381,0.9597,195.1,355.0
CELL_014,RIS,6.99,1,0.01767,0.005677,normal,0.0,0.9848,74,30,0.447,0.9595,343.9,359.0
CELL_015,RIS,6.39,19,0.026563,0.009757,normal,0.0,0.9857,74,35,0.681,0.9592,516.3,342.7
CELL_016,NTN-LEO,10.61,31,0.002599,0.001,false_csi_injection,0.715,0.2446,74,34,0.452,0.917,624.3,352.7
CELL_017,InH,14.0,5,0.008394,0.001871,normal,0.0,0.9945,74,37,0.226,0.9599,794.0,366.2
CELL_018,THz,4.97,5,0.085758,0.025863,normal,0.0,0.9702,74,30,0.84,0.9579,39.1,475.5
CELL_019,RIS,13.71,28,0.020088,0.002847,jamming,0.4784,0.3047,74,31,0.295,0.9311,213.2,492.3
CELL_020,InH,21.11,27,0.002,0.001,normal,0.0,0.9502,74,17,0.86,0.9599,343.7,502.5
CELL_021,UMi,15.36,1,0.01325,0.002422,normal,0.0,0.9624,74,38,0.496,0.9598,501.1,492.2
CELL_022,UMa,19.68,5,0.010876,0.001877,normal,0.0,0.9777,74,21,0.591,0.9598,660.1,487.2
CELL_023,RIS,-5.0,28,0.058502,0.015588,jamming,0.5959,0.1412,74,27,0.438,0.923,791.4,488.9
CELL_000,RMa,21.14,2,0.030217,0.003856,normal,0.0,0.9812,75,23,0.336,0.9597,45.4,58.3
CELL_001,THz,11.03,2,0.002,0.001,normal,0.0,0.9855,75,36,0.629,0.9599,199.5,55.9
CELL_002,UMi,5.57,21,0.031091,0.011733,normal,0.0,0.9954,75,23,0.494,0.9591,350.4,57.6
CELL_003,RMa,-1.55,0,1.2,0.9,jamming,0.9108,0.05,75,37,0.265,0.8334,485.1,37.6
CELL_004,NTN-LEO,27.26,4,0.002,0.001,normal,0.0,0.9696,75,39,0.709,0.9599,651.9,60.3
CELL_005,THz,18.38,28,0.028402,0.006714,normal,0.0,0.9832,75,30,0.291,0.9595,786.1,66.3
CELL_006,UMi,13.0,29,0.002113,0.001,pilot_contamination,0.6482,0.2014,75,37,0.355,0.921,65.6,194.0
CELL_007,FR2-mmWave,5.9,8,0.009431,0.002154,jamming,0.5297,0.2127,75,17,0.589,0.928,196.0,180.6
CELL_008,RIS,12.47,3,0.041871,0.009953,normal,0.0,0.9971,75,25,0.858,0.9592,337.7,200.5
CELL_009,UMi,14.8,3,0.038652,0.003737,data_poisoning,0.9403,0.05,75,39,0.274,0.9033,512.4,185.7
CELL_010,FR2-mmWave,6.72,27,0.006211,0.002257,normal,0.0,0.9569,75,35,0.538,0.9598,649.9,212.5
CELL_011,InH,11.76,8,0.012626,0.002534,normal,0.0,0.9729,75,27,0.286,0.9598,802.9,192.6
CELL_012,InH,24.09,10,0.002,0.001,normal,0.0,0.9725,75,29,0.627,0.9599,37.7,373.3
CELL_013,UMi,4.06,3,0.802725,0.16964,pilot_contamination,0.1697,0.755,75,8,0.744,0.9362,174.9,329.5
CELL_014,FR2-mmWave,1.72,27,0.202259,0.071621,normal,0.0,0.9684,75,13,0.375,0.9543,346.5,348.2
CELL_015,UMi,16.1,12,0.021072,0.002997,jamming,0.8096,0.05,75,31,0.498,0.9112,505.5,338.4
CELL_016,THz,21.89,3,0.002,0.001,pilot_contamination,0.1631,0.7757,75,10,0.804,0.9501,659.1,368.4
CELL_017,UMi,1.78,29,0.194369,0.082671,normal,0.0,0.9951,75,9,0.639,0.9534,800.4,350.0
CELL_018,NTN-LEO,9.04,19,0.028686,0.006178,normal,0.0,0.9856,75,14,0.334,0.9595,37.1,482.8
CELL_019,InH,-0.59,1,0.533208,0.199855,normal,0.0,0.9878,75,18,0.766,0.944,222.8,482.8
CELL_020,UMa,2.7,20,0.26166,0.071932,normal,0.0,0.9668,75,16,0.842,0.9542,352.9,522.8
CELL_021,UMi,26.31,8,0.002,0.001,normal,0.0,0.9974,75,31,0.897,0.9599,518.3,497.9
CELL_022,RMa,-3.48,20,0.253093,0.042971,jamming,0.7584,0.05,75,36,0.275,0.9111,634.1,496.5
CELL_023,RMa,9.09,21,0.002,0.001,jamming,0.6983,0.05,75,28,0.842,0.918,806.1,479.9
CELL_000,NTN-LEO,18.04,16,0.003076,0.001,normal,0.0,0.9895,76,24,0.508,0.9599,33.3,58.3
CELL_001,NTN-LEO,4.23,0,0.01909,0.004389,data_poisoning,0.1171,0.8747,76,14,0.772,0.9526,210.6,46.0
CELL_002,RIS,13.91,11,0.143961,0.040583,normal,0.0,0.9969,76,23,0.444,0.9568,321.2,59.8
CELL_003,NTN-LEO,11.48,25,0.226013,0.033365,csi_spoofing,0.2854,0.6679,76,8,0.83,0.9402,501.7,71.6
CELL_004,THz,16.19,5,0.002,0.001,adversarial,0.9586,0.05,76,23,0.517,0.9024,653.9,52.9
CELL_005,InH,-3.23,3,0.296026,0.110955,normal,0.0,0.9992,76,18,0.78,0.9511,817.7,70.0
CELL_006,RIS,6.84,17,0.146977,0.043475,normal,0.0,0.9733,76,11,0.705,0.9565,48.1,210.8
CELL_007,NTN-LEO,12.79,1,0.166071,0.048803,normal,0.0,0.9599,76,8,0.417,0.9561,206.4,224.8
CELL_008,InH,16.15,9,0.006283,0.001,normal,0.0,0.9793,76,8,0.412,0.9599,360.5,202.2
CELL_009,UMa,4.89,26,0.006106,0.00163,normal,0.0,0.9752,76,33,0.258,0.9599,508.9,207.4
CELL_010,RIS,16.17,2,0.149185,0.030283,normal,0.0,0.981,76,39,0.565,0.9576,661.1,190.4
CELL_011,UMi,3.17,18,0.228882,0.06297,normal,0.0,0.9657,76,10,0.616,0.955,757.2,201.1
CELL_012,InH,21.86,19,0.002,0.001,csi_spoofing,0.3764,0.6179,76,23,0.57,0.9373,67.4,353.5
CELL_013,THz,16.91,31,0.003596,0.001,normal,0.0,0.953,76,12,0.651,0.9599,205.4,349.1
CELL_014,UMi,4.06,2,0.106306,0.028264,normal,0.0,0.9783,76,12,0.541,0.9577,346.5,351.5
CELL_015,NTN-LEO,11.89,3,0.002,0.001,normal,0.0,0.9675,76,25,0.533,0.9599,503.3,331.9
CELL_016,InH,11.49,5,0.007062,0.001,csi_spoofing,0.7686,0.2096,76,37,0.469,0.9138,637.6,330.9
CELL_017,THz,19.42,21,0.002,0.001,normal,0.0,0.952,76,35,0.464,0.9599,793.0,361.5
CELL_018,NTN-LEO,-5.0,13,1.2,0.803728,normal,0.0,0.9676,76,20,0.704,0.8957,62.8,508.6
CELL_019,THz,24.3,2,0.024465,0.002866,adversarial,0.611,0.3576,76,21,0.841,0.9231,213.4,505.3
CELL_020,RMa,14.07,14,0.007081,0.001241,normal,0.0,0.9822,76,13,0.778,0.9599,332.7,470.4
CELL_021,InH,5.77,31,0.098958,0.030435,normal,0.0,0.9845,76,11,0.482,0.9576,495.1,499.1
CELL_022,THz,29.36,7,0.002,0.001,normal,0.0,0.9625,76,15,0.746,0.9599,644.3,506.2
CELL_023,RIS,22.69,17,0.002217,0.001,normal,0.0,0.9679,76,23,0.856,0.9599,791.5,515.7
CELL_000,InH,-0.13,11,1.2,0.822993,csi_spoofing,0.6496,0.3017,77,13,0.273,0.8552,46.4,43.5
CELL_001,RIS,9.51,13,0.339958,0.090914,normal,0.0,0.9611,77,28,0.404,0.9527,190.4,34.0
CELL_002,UMi,11.66,20,0.089367,0.015924,adversarial,0.9024,0.094,77,29,0.805,0.9046,357.3,50.2
CELL_003,RIS,-5.0,13,0.206535,0.092714,normal,0.0,0.9712,77,39,0.337,0.9526,489.8,62.7
CELL_004,UMa,32.67,7,0.002,0.001,normal,0.0,0.981,77,19,0.884,0.9599,647.5,44.9
CELL_005,RIS,11.89,23,0.00736,0.002236,normal,0.0,0.991,77,29,0.809,0.9598,806.9,37.4
CELL_006,NTN-LEO,27.82,27,0.005375,0.001,jamming,0.3084,0.5314,77,36,0.668,0.9414,55.5,198.1
CELL_007,RIS,13.03,19,0.154758,0.028712,pilot_contamination,0.527,0.3374,77,25,0.488,0.9261,186.2,221.6
CELL_008,FR2-mmWave,1.19,3,0.58802,0.254646,normal,0.0,0.961,77,34,0.544,0.9396,364.9,193.0
CELL_009,FR2-mmWave,3.84,6,0.003831,0.001528,normal,0.0,0.9751,77,10,0.745,0.9599,518.5,202.0
CELL_010,FR2-mmWave,10.07,2,0.014202,0.004603,normal,0.0,0.9533,77,27,0.733,0.9596,636.1,215.4
CELL_011,UMi,20.77,20,0.002,0.001,normal,0.0,0.9511,77,15,0.818,0.9599,782.3,198.1
CELL_012,NTN-LEO,3.71,17,0.006507,0.002607,normal,0.0,0.9724,77,37,0.765,0.9598,65.6,356.3
CELL_013,UMi,24.45,16,0.002,0.001,pilot_contamination,0.4086,0.4768,77,32,0.817,0.9354,188.6,336.7
CELL_014,NTN-LEO,-2.76,30,1.163173,0.352429,normal,0.0,0.9805,77,10,0.334,0.9318,337.2,358.1
CELL_015,THz,1.61,12,0.0732,0.023372,normal,0.0,0.9745,77,12,0.764,0.9581,498.9,334.5
CELL_016,InH,6.71,9,0.186856,0.030937,data_poisoning,0.4502,0.5069,77,17,0.259,0.9305,664.4,339.7
CELL_017,THz,23.73,28,0.002,0.001,normal,0.0,0.9707,77,15,0.245,0.9599,796.2,366.2
CELL_018,THz,16.99,3,0.021206,0.005303,normal,0.0,0.987,77,18,0.343,0.9596,48.9,488.6
CELL_019,UMa,22.29,10,0.002706,0.001,false_csi_injection,0.7485,0.2503,77,10,0.745,0.915,207.2,504.3
CELL_020,InH,13.55,15,0.128466,0.029194,normal,0.0,0.9614,77,23,0.498,0.9577,352.6,478.5
CELL_021,UMa,6.45,28,0.043707,0.006226,pilot_contamination,0.8009,0.05,77,30,0.272,0.9114,505.5,487.8
CELL_022,RMa,7.95,29,0.002,0.001,normal,0.0,0.9934,77,27,0.259,0.9599,640.8,521.2
CELL_023,InH,4.53,22,1.2,0.635881,normal,0.0,0.9681,77,15,0.949,0.9091,804.4,497.7
CELL_000,RIS,8.29,1,0.206333,0.027706,csi_spoofing,0.836,0.1333,78,10,0.908,0.9076,40.3,42.7
CELL_001,RMa,4.56,21,0.245303,0.06475,normal,0.0,0.9587,78,14,0.871,0.9548,195.3,61.6
CELL_002,THz,21.04,28,0.003599,0.001,normal,0.0,0.9798,78,37,0.445,0.9599,367.1,51.7
CELL_003,InH,5.66,7,0.156142,0.038131,normal,0.0,0.9897,78,32,0.904,0.9569,512.1,53.7
CELL_004,UMa,11.93,11,0.105433,0.02027,normal,0.0,0.9898,78,33,0.838,0.9584,647.6,64.1
CELL_005,UMa,16.41,2,0.002,0.001,normal,0.0,0.9948,78,15,0.892,0.9599,803.2,51.4
CELL_006,InH,23.57,14,0.021637,0.002244,normal,0.0,0.9798,78,26,0.662,0.9598,69.4,215.0
CELL_007,THz,15.61,15,0.129782,0.020228,pilot_contamination,0.7109,0.1464,78,38,0.437,0.9157,180.0,203.1
CELL_008,RMa,19.03,2,0.0035,0.001,pilot_contamination,0.5307,0.3308,78,16,0.84,0.9281,362.5,206.2
CELL_009,InH,10.99,5,0.071951,0.015974,normal,0.0,0.9676,78,11,0.684,0.9587,503.8,204.2
CELL_010,FR2-mmWave,32.82,0,0.006082,0.001,normal,0.0,0.959,78,26,0.354,0.9599,648.2,206.9
CELL_011,THz,21.88,21,0.002376,0.001,pilot_contamination,0.4356,0.4725,78,39,0.637,0.9338,815.1,200.0
CELL_012,UMi,14.3,11,0.002,0.001,normal,0.0,0.962,78,13,0.906,0.9599,41.9,362.1
CELL_013,FR2-mmWave,15.95,30,0.007601,0.001196,normal,0.0,0.9775,78,8,0.949,0.9599,203.2,363.8
CELL_014,UMa,-2.05,29,0.59415,0.216277,normal,0.0,0.9712,78,8,0.359,0.9427,350.4,349.5
CELL_015,NTN-LEO,8.98,18,0.070794,0.015024,normal,0.0,0.9919,78,14,0.363,0.9588,505.1,351.2
CELL_016,RMa,2.31,16,0.015327,0.00433,normal,0.0,0.9939,78,13,0.35,0.9597,654.3,349.3
CELL_017,THz,18.19,25,0.008251,0.001965,normal,0.0,0.9975,78,19,0.525,0.9598,784.7,340.9
CELL_018,THz,2.69,26,1.2,0.830423,jamming,0.5878,0.1423,78,14,0.892,0.8583,57.6,510.3
CELL_019,RIS,8.32,22,0.151071,0.052027,normal,0.0,0.963,78,39,0.617,0.9558,184.0,502.3
CELL_020,NTN-LEO,8.84,18,0.123722,0.022116,false_csi_injection,0.4339,0.5169,78,24,0.846,0.9322,342.6,497.7
CELL_021,UMi,-2.11,22,1.2,0.841633,adversarial,0.2769,0.7053,78,39,0.755,0.8761,499.0,513.3
CELL_022,NTN-LEO,4.85,11,0.180851,0.0463,normal,0.0,0.9964,78,8,0.879,0.9563,652.6,502.8
CELL_023,THz,9.54,19,0.030839,0.006137,backdoor,0.786,0.1668,78,9,0.689,0.9123,804.7,502.9
CELL_000,UMa,13.36,16,1.093117,0.190242,normal,0.0,0.9563,79,13,0.447,0.9448,49.9,41.7
CELL_001,UMa,22.89,30,0.014017,0.002564,normal,0.0,0.988,79,26,0.593,0.9598,185.2,56.6
CELL_002,THz,14.87,20,0.003235,0.001,jamming,0.2866,0.575,79,16,0.311,0.9427,349.7,35.3
CELL_003,NTN-LEO,10.58,25,0.072342,0.014302,normal,0.0,0.9849,79,33,0.937,0.9589,476.8,51.1
CELL_004,RIS,12.57,25,0.015134,0.003951,normal,0.0,0.9551,79,32,0.484,0.9597,647.8,49.0
CELL_005,FR2-mmWave,15.55,12,0.005039,0.001334,normal,0.0,0.9989,79,13,0.808,0.9599,798.2,49.9
CELL_006,RMa,12.25,23,0.09086,0.016723,normal,0.0,0.9555,79,14,0.234,0.9587,67.3,186.1
CELL_007,THz,-0.06,9,0.698234,0.181714,adversarial,0.9146,0.0581,79,26,0.857,0.8906,204.2,201.1
CELL_008,RIS,11.74,8,0.053623,0.016374,normal,0.0,0.9868,79,16,0.34,0.9587,353.3,206.0
CELL_009,RIS,12.44,0,0.27449,0.051177,normal,0.0,0.9944,79,14,0.493,0.9559,474.2,181.5
CELL_010,UMi,8.67,17,0.590334,0.078876,data_poisoning,0.8969,0.092,79,26,0.302,0.8999,678.1,186.3
CELL_011,UMa,24.47,16,0.002,0.001,jamming,0.7341,0.05,79,26,0.674,0.9159,783.9,224.2
CELL_012,UMi,18.33,18,0.002,0.001,normal,0.0,0.9913,79,27,0.247,0.9599,49.6,342.5
CELL_013,RMa,3.64,15,0.321672,0.08491,normal,0.0,0.9983,79,19,0.504,0.9532,186.3,355.4
CELL_014,UMa,6.32,6,0.005496,0.001375,normal,0.0,0.9756,79,28,0.342,0.9599,369.2,345.1
CELL_015,RMa,12.86,17,0.121254,0.021695,normal,0.0,0.9679,79,31,0.947,0.9583,490.2,346.1
CELL_016,UMa,0.55,4,0.012226,0.003988,normal,0.0,0.9536,79,8,0.846,0.9597,659.0,350.3
CELL_017,UMa,21.21,28,0.006331,0.001,normal,0.0,0.9979,79,26,0.243,0.9599,819.2,353.8
CELL_018,RIS,6.86,27,0.41475,0.078474,jamming,0.9841,0.05,79,24,0.436,0.8947,61.7,494.7
CELL_019,FR2-mmWave,9.52,12,0.110707,0.036575,normal,0.0,0.9712,79,36,0.561,0.9571,204.6,491.6
CELL_020,THz,22.68,5,0.002022,0.001,normal,0.0,0.9718,79,12,0.676,0.9599,351.5,499.1
CELL_021,THz,21.3,12,0.024572,0.00366,normal,0.0,0.9885,79,15,0.273,0.9597,493.1,493.1
CELL_022,RIS,24.24,31,0.007732,0.001,jamming,0.4614,0.3173,79,19,0.478,0.9322,653.4,511.4
CELL_023,UMi,-2.11,22,1.2,0.841633,adversarial,0.2769,0.7053,79,31,0.546,0.8761,788.2,521.5
CELL_000,InH,24.11,17,0.005388,0.001,normal,0.0,0.9711,80,19,0.545,0.9599,57.7,58.7
CELL_001,THz,8.23,9,0.060452,0.017922,pilot_contamination,0.116,0.8188,80,25,0.679,0.9516,184.7,63.6
CELL_002,NTN-LEO,19.41,24,0.017424,0.002262,normal,0.0,0.9878,80,22,0.268,0.9598,364.5,65.3
CELL_003,UMa,11.45,27,0.077548,0.015775,normal,0.0,0.9764,80,23,0.584,0.9587,503.2,52.3
CELL_004,FR2-mmWave,15.48,10,0.022728,0.006032,normal,0.0,0.9735,80,9,0.383,0.9595,641.4,66.5
CELL_005,NTN-LEO,8.79,18,0.266805,0.061428,normal,0.0,0.994,80,17,0.367,0.9551,786.1,65.6
CELL_006,FR2-mmWave,9.06,14,0.076266,0.00976,false_csi_injection,0.8534,0.1003,80,29,0.268,0.908,11.7,198.1
CELL_007,NTN-LEO,20.14,27,0.002,0.001,normal,0.0,0.9737,80,25,0.397,0.9599,198.8,207.1
CELL_008,THz,10.67,14,0.009293,0.002949,normal,0.0,0.9681,80,27,0.406,0.9598,348.3,206.1
CELL_009,NTN-LEO,6.84,13,0.246144,0.089072,normal,0.0,0.9727,80,32,0.53,0.9529,503.0,193.2
CELL_010,InH,5.2,16,0.17905,0.032023,adversarial,0.4198,0.5517,80,23,0.333,0.9323,647.6,205.9
CELL_011,THz,11.91,30,0.042619,0.009096,normal,0.0,0.9522,80,29,0.809,0.9593,792.7,193.5
CELL_012,FR2-mmWave,11.11,9,0.002,0.001,normal,0.0,0.9588,80,33,0.836,0.9599,41.6,360.1
CELL_013,UMa,0.83,12,0.654376,0.189995,backdoor,0.2286,0.7604,80,37,0.449,0.9311,191.4,357.0
CELL_014,RMa,11.36,12,0.266097,0.055093,normal,0.0,0.9654,80,21,0.29,0.9556,348.9,370.9
CELL_015,UMa,13.55,9,0.380003,0.036663,jamming,0.8584,0.05,80,22,0.443,0.9056,501.6,356.6
CELL_016,RIS,16.88,0,0.002,0.001,normal,0.0,0.9995,80,31,0.204,0.9599,658.9,355.6
CELL_017,RMa,8.29,21,0.149931,0.044508,normal,0.0,0.9733,80,38,0.786,0.9564,804.5,356.6
CELL_018,RIS,8.4,24,0.017558,0.005362,normal,0.0,0.9999,80,23,0.599,0.9596,54.6,503.0
CELL_019,UMa,11.65,21,0.011456,0.002715,normal,0.0,0.9689,80,11,0.268,0.9598,194.4,480.0
CELL_020,UMi,10.43,23,0.002,0.001,normal,0.0,0.9923,80,11,0.549,0.9599,368.8,496.9
CELL_021,UMa,17.95,16,0.011255,0.002108,normal,0.0,0.9585,80,36,0.691,0.9598,494.5,494.5
CELL_022,InH,14.88,3,0.005809,0.001009,normal,0.0,0.9726,80,24,0.793,0.9599,650.2,496.5
CELL_023,InH,9.88,17,0.020917,0.004557,normal,0.0,0.9699,80,36,0.878,0.9596,784.4,528.4
CELL_000,UMi,14.32,4,0.25683,0.056499,normal,0.0,0.9994,81,8,0.799,0.9555,56.3,56.0
CELL_001,THz,17.49,5,0.005933,0.001454,normal,0.0,0.985,81,30,0.904,0.9599,186.8,71.3
CELL_002,UMi,11.66,20,0.089367,0.015924,adversarial,0.9024,0.094,81,36,0.217,0.9046,321.1,29.7
CELL_003,RMa,4.9,25,0.082351,0.020683,normal,0.0,0.9902,81,20,0.775,0.9583,492.0,53.7
CELL_004,InH,6.81,14,0.027205,0.006523,normal,0.0,0.957,81,38,0.875,0.9595,655.7,37.4
CELL_005,THz,2.33,18,1.016365,0.316284,normal,0.0,0.9634,81,34,0.684,0.9347,823.2,70.7
CELL_006,RIS,0.82,0,1.2,0.9,normal,0.0,0.9991,81,14,0.355,0.888,65.0,210.4
CELL_007,RIS,13.15,4,0.032245,0.00823,normal,0.0,0.9544,81,22,0.291,0.9593,207.7,214.5
CELL_008,THz,23.21,19,0.002,0.001,normal,0.0,0.9671,81,21,0.532,0.9599,354.7,193.3
CELL_009,FR2-mmWave,1.99,23,0.398101,0.15142,normal,0.0,0.995,81,22,0.495,0.9479,512.7,200.6
CELL_010,FR2-mmWave,24.91,14,0.002,0.001,normal,0.0,0.9624,81,8,0.599,0.9599,632.4,192.5
CELL_011,FR2-mmWave,0.93,6,0.737017,0.267883,normal,0.0,0.962,81,12,0.37,0.9386,794.4,204.3
CELL_012,FR2-mmWave,19.17,13,0.008586,0.001964,normal,0.0,0.9835,81,8,0.67,0.9598,22.8,362.8
CELL_013,THz,24.75,26,0.002975,0.001,normal,0.0,0.9576,81,34,0.482,0.9599,210.4,352.0
CELL_014,RMa,16.99,1,0.008925,0.001291,normal,0.0,0.9844,81,33,0.813,0.9599,343.6,342.3
CELL_015,THz,-2.98,23,0.792373,0.355696,normal,0.0,0.9621,81,34,0.507,0.9315,513.9,326.0
CELL_016,InH,13.64,26,0.05307,0.010497,normal,0.0,0.9817,81,38,0.946,0.9592,642.3,349.9
CELL_017,RMa,12.64,19,0.065427,0.010132,csi_spoofing,0.1356,0.8597,81,36,0.874,0.9511,809.3,350.8
CELL_018,UMi,20.52,22,0.078351,0.012977,normal,0.0,0.9592,81,19,0.525,0.959,29.7,511.3
CELL_019,THz,24.74,4,0.002162,0.001,false_csi_injection,0.3123,0.6504,81,20,0.807,0.9412,211.6,479.7
CELL_020,RIS,6.16,6,0.60651,0.149871,normal,0.0,0.9989,81,28,0.806,0.948,346.6,478.6
CELL_021,UMa,17.91,8,0.052465,0.009842,normal,0.0,0.9577,81,19,0.329,0.9592,493.9,500.1
CELL_022,THz,11.82,9,0.004723,0.001,pilot_contamination,0.4648,0.3928,81,29,0.765,0.932,631.5,495.9
CELL_023,UMa,5.52,29,0.072373,0.013737,csi_spoofing,0.4337,0.5632,81,38,0.625,0.9329,816.4,495.3
CELL_000,NTN-LEO,15.99,24,0.002579,0.001,normal,0.0,0.96,82,18,0.566,0.9599,38.0,51.2
CELL_001,UMi,5.16,0,0.074138,0.016494,csi_spoofing,0.9025,0.0582,82,36,0.224,0.9045,201.4,60.0
CELL_002,UMi,11.95,8,0.002,0.001,normal,0.0,0.9981,82,15,0.683,0.9599,360.1,46.4
CELL_003,THz,18.82,28,0.002,0.001,normal,0.0,0.9851,82,17,0.381,0.9599,489.9,61.9
CELL_004,UMa,18.15,20,0.046827,0.006404,normal,0.0,0.9764,82,11,0.728,0.9595,640.8,50.8
CELL_005,THz,10.51,7,0.654584,0.208918,normal,0.0,0.9985,82,19,0.607,0.9433,797.9,49.0
CELL_006,THz,16.74,9,0.254742,0.064342,normal,0.0,0.9698,82,26,0.341,0.9549,48.9,204.3
CELL_007,THz,11.28,8,0.110686,0.023366,normal,0.0,0.9755,82,22,0.321,0.9581,215.5,196.4
CELL_008,RMa,7.72,4,1.2,0.294478,normal,0.0,0.9652,82,30,0.904,0.9364,346.8,186.5
CELL_009,RIS,4.25,26,0.278563,0.10969,normal,0.0,0.9574,82,13,0.672,0.9512,502.8,204.3
CELL_010,FR2-mmWave,15.51,22,0.325461,0.050506,adversarial,0.8808,0.0771,82,27,0.517,0.9031,650.5,218.5
CELL_011,InH,19.96,24,0.022157,0.001714,jamming,0.56,0.2114,82,20,0.478,0.9263,798.9,206.8
CELL_012,RMa,8.99,30,1.2,0.254452,csi_spoofing,0.4436,0.5184,82,36,0.83,0.913,52.6,361.1
CELL_013,FR2-mmWave,0.06,17,0.3139,0.140642,normal,0.0,0.9755,82,29,0.629,0.9487,193.5,347.0
CELL_014,UMa,15.78,31,0.116983,0.019451,normal,0.0,0.952,82,13,0.484,0.9584,352.2,358.1
CELL_015,RMa,12.45,8,0.0077,0.001395,normal,0.0,0.9724,82,26,0.945,0.9599,483.5,340.9
CELL_016,InH,10.75,18,0.063949,0.012563,normal,0.0,0.9516,82,23,0.603,0.959,639.2,355.7
CELL_017,RMa,15.9,22,0.020797,0.003187,normal,0.0,0.9993,82,23,0.7,0.9597,776.5,350.2
CELL_018,UMi,27.34,22,0.002,0.001,normal,0.0,0.9766,82,9,0.741,0.9599,39.6,486.8
CELL_019,FR2-mmWave,14.75,26,0.002,0.001,normal,0.0,0.9591,82,24,0.806,0.9599,169.4,504.1
CELL_020,THz,26.25,13,0.005382,0.001,normal,0.0,0.9801,82,10,0.915,0.9599,345.0,513.1
CELL_021,RIS,16.02,15,0.330688,0.085946,normal,0.0,0.977,82,13,0.42,0.9531,491.0,510.2
CELL_022,FR2-mmWave,7.11,31,0.105022,0.024968,normal,0.0,0.9766,82,24,0.738,0.958,646.2,507.3
CELL_023,NTN-LEO,9.31,12,1.2,0.696582,jamming,0.7946,0.05,82,38,0.382,0.8566,793.4,483.6
CELL_000,RMa,10.86,7,0.071494,0.014227,normal,0.0,0.9939,83,22,0.819,0.9589,37.7,32.2
CELL_001,UMa,17.57,30,0.017373,0.001493,pilot_contamination,0.7184,0.1108,83,24,0.457,0.9168,184.8,63.1
CELL_002,RMa,9.13,24,0.068664,0.014744,normal,0.0,0.9536,83,24,0.235,0.9588,339.2,43.8
CELL_003,InH,5.97,1,0.036407,0.008974,normal,0.0,0.9897,83,34,0.558,0.9593,515.7,47.9
CELL_004,RIS,17.18,7,0.006777,0.001088,adversarial,0.5963,0.4025,83,12,0.438,0.9241,652.4,54.7
CELL_005,NTN-LEO,7.1,15,0.00353,0.001,normal,0.0,0.9523,83,12,0.337,0.9599,790.7,61.0
CELL_006,NTN-LEO,24.54,6,0.002937,0.001,normal,0.0,0.9859,83,25,0.566,0.9599,43.3,193.6
CELL_007,InH,6.73,23,0.014224,0.005167,normal,0.0,0.9967,83,37,0.943,0.9596,179.7,186.9
CELL_008,UMi,11.46,26,0.018751,0.002664,adversarial,0.9521,0.05,83,31,0.499,0.9027,340.3,180.6
CELL_009,RMa,12.21,28,0.056503,0.010419,normal,0.0,0.9846,83,28,0.376,0.9592,520.1,191.2
CELL_010,UMi,6.29,18,0.64756,0.195374,normal,0.0,0.9955,83,33,0.786,0.9444,665.6,203.8
CELL_011,NTN-LEO,10.51,16,0.012624,0.002504,normal,0.0,0.9936,83,30,0.314,0.9598,794.8,233.6
CELL_012,UMi,16.11,3,0.002,0.001,normal,0.0,0.9918,83,14,0.651,0.9599,55.1,335.7
CELL_013,InH,18.33,22,0.002,0.001,normal,0.0,0.9638,83,11,0.451,0.9599,194.1,340.8
CELL_014,RIS,15.77,28,0.0172,0.004513,normal,0.0,0.983,83,26,0.77,0.9596,350.6,344.9
CELL_015,NTN-LEO,11.19,11,0.002,0.001,normal,0.0,0.9865,83,35,0.547,0.9599,516.4,351.9
CELL_016,THz,8.96,31,0.255049,0.066151,normal,0.0,0.9902,83,38,0.641,0.9547,641.0,356.4
CELL_017,RMa,10.17,8,0.109521,0.022058,normal,0.0,0.9831,83,22,0.871,0.9582,800.8,346.3
CELL_018,NTN-LEO,15.94,1,0.002,0.001,normal,0.0,0.956,83,24,0.643,0.9599,47.7,474.7
CELL_019,NTN-LEO,5.49,16,0.343149,0.083991,pilot_contamination,0.1351,0.7972,83,34,0.845,0.9452,204.5,502.3
CELL_020,THz,22.13,26,0.007675,0.001,normal,0.0,0.982,83,9,0.669,0.9599,352.6,514.2
CELL_021,UMa,15.01,26,0.098613,0.017019,normal,0.0,0.969,83,30,0.598,0.9586,493.4,484.8
CELL_022,InH,1.8,19,0.504086,0.151121,normal,0.0,0.9741,83,33,0.388,0.9479,647.7,500.3
CELL_023,NTN-LEO,0.94,20,0.255545,0.061518,adversarial,0.2059,0.7445,83,22,0.895,0.9427,804.1,483.3
CELL_000,FR2-mmWave,8.32,9,0.047634,0.016404,normal,0.0,0.9862,84,24,0.462,0.9587,69.6,45.6
CELL_001,THz,25.78,26,0.002,0.001,normal,0.0,0.9682,84,32,0.773,0.9599,193.8,43.7
CELL_002,UMa,12.28,0,0.115208,0.012695,adversarial,0.8991,0.0633,84,39,0.201,0.905,321.8,45.9
CELL_003,UMi,6.84,31,0.062425,0.015427,normal,0.0,0.9998,84,25,0.521,0.9588,504.7,46.9
CELL_004,UMa,12.15,9,0.141842,0.027692,normal,0.0,0.9722,84,13,0.344,0.9578,659.6,52.4
CELL_005,RMa,2.14,5,0.178712,0.050231,normal,0.0,0.962,84,24,0.591,0.956,807.1,54.8
CELL_006,RMa,13.49,30,0.051656,0.005319,data_poisoning,0.8147,0.174,84,39,0.691,0.9107,45.5,206.2
CELL_007,RMa,12.52,6,0.407943,0.050662,false_csi_injection,0.505,0.4872,84,30,0.431,0.9256,212.7,184.2
CELL_008,RIS,3.15,27,0.02757,0.011241,normal,0.0,0.998,84,11,0.455,0.9591,332.4,198.4
CELL_009,UMi,20.55,3,0.013868,0.002294,normal,0.0,0.9549,84,28,0.851,0.9598,499.4,224.6
CELL_010,InH,15.32,30,0.002,0.001,jamming,0.6141,0.0957,84,11,0.914,0.9231,655.1,207.8
CELL_011,UMi,6.12,17,0.021666,0.005343,normal,0.0,0.9915,84,17,0.386,0.9596,818.8,218.7
CELL_012,NTN-LEO,13.31,30,0.031342,0.009034,normal,0.0,0.9582,84,35,0.821,0.9593,34.5,363.8
CELL_013,RIS,9.53,16,0.018663,0.00446,jamming,0.2643,0.6106,84,20,0.306,0.9438,216.1,332.7
CELL_014,UMi,12.57,17,0.030532,0.007228,normal,0.0,0.9509,84,31,0.404,0.9594,349.2,354.3
CELL_015,FR2-mmWave,15.9,11,0.021364,0.005579,normal,0.0,0.9976,84,35,0.504,0.9596,506.8,357.6
CELL_016,THz,10.54,20,0.002,0.001,normal,0.0,0.9865,84,33,0.792,0.9599,668.8,338.6
CELL_017,FR2-mmWave,3.35,4,1.2,0.9,normal,0.0,0.9892,84,17,0.648,0.888,795.9,344.5
CELL_018,THz,14.61,8,0.021217,0.005824,normal,0.0,0.9989,84,9,0.248,0.9595,65.1,495.2
CELL_019,UMi,13.16,22,0.02538,0.003161,adversarial,0.4054,0.5899,84,30,0.526,0.9354,213.3,502.0
CELL_020,UMi,20.74,23,0.077084,0.010767,normal,0.0,0.9788,84,20,0.762,0.9591,382.9,499.7
CELL_021,RIS,5.61,1,0.206262,0.06952,normal,0.0,0.9799,84,28,0.761,0.9544,512.3,506.3
CELL_022,InH,23.53,30,0.002,0.001,normal,0.0,0.9957,84,32,0.383,0.9599,640.1,497.8
CELL_023,RMa,-0.25,28,0.018771,0.005743,normal,0.0,0.9961,84,27,0.33,0.9595,805.8,487.5
CELL_000,UMa,3.02,17,0.886931,0.240848,normal,0.0,0.9589,85,34,0.361,0.9407,59.6,54.9
CELL_001,FR2-mmWave,11.24,2,0.002,0.001,normal,0.0,0.9879,85,15,0.542,0.9599,183.3,50.1
CELL_002,NTN-LEO,0.71,25,1.2,0.839939,normal,0.0,0.9619,85,22,0.942,0.8928,348.9,38.2
CELL_003,UMi,-1.03,23,0.021549,0.009673,normal,0.0,0.9796,85,18,0.79,0.9592,485.1,61.6
CELL_004,RIS,-5.0,21,1.2,0.387438,false_csi_injection,0.7427,0.2411,85,39,0.452,0.8844,666.5,37.7
CELL_005,FR2-mmWave,19.94,20,0.002786,0.001,normal,0.0,0.9528,85,12,0.844,0.9599,797.5,53.1
CELL_006,NTN-LEO,3.89,0,0.002,0.001,jamming,0.4085,0.4021,85,38,0.442,0.9354,33.7,214.9
CELL_007,FR2-mmWave,7.55,12,0.033382,0.004268,jamming,0.8172,0.05,85,32,0.361,0.9106,217.2,186.9
CELL_008,UMi,5.03,30,0.038755,0.009708,normal,0.0,0.9544,85,12,0.893,0.9592,365.8,201.5
CELL_009,UMa,15.95,2,0.002,0.001,normal,0.0,0.9537,85,18,0.258,0.9599,500.5,205.4
CELL_010,THz,6.19,9,1.2,0.866043,pilot_contamination,0.322,0.6069,85,24,0.289,0.8714,661.7,188.0
CELL_011,NTN-LEO,20.21,2,0.003499,0.001,normal,0.0,0.9727,85,8,0.763,0.9599,808.4,177.2
CELL_012,RMa,4.96,24,0.247162,0.04749,data_poisoning,0.2969,0.7,85,13,0.227,0.9384,46.2,351.9
CELL_013,UMi,3.9,18,0.002,0.001,normal,0.0,0.9759,85,22,0.528,0.9599,182.4,354.9
CELL_014,FR2-mmWave,12.78,5,0.002,0.001,normal,0.0,0.9891,85,9,0.895,0.9599,352.6,344.6
CELL_015,FR2-mmWave,-3.46,16,0.078967,0.022474,csi_spoofing,0.6444,0.3396,85,32,0.294,0.9195,497.7,335.2
CELL_016,FR2-mmWave,7.4,22,0.389861,0.138502,normal,0.0,0.9575,85,26,0.586,0.9489,653.7,347.0
CELL_017,FR2-mmWave,8.63,4,0.043525,0.012037,normal,0.0,0.975,85,9,0.846,0.959,791.5,346.6
CELL_018,UMi,10.94,31,0.109124,0.015421,csi_spoofing,0.4874,0.4981,85,11,0.454,0.9295,62.7,483.5
CELL_019,RMa,17.51,8,0.002,0.001,normal,0.0,0.9515,85,22,0.494,0.9599,201.2,519.9
CELL_020,FR2-mmWave,10.6,23,0.128055,0.040732,normal,0.0,0.9837,85,10,0.27,0.9567,354.3,501.9
CELL_021,RIS,9.42,8,0.002,0.001,normal,0.0,0.9727,85,21,0.711,0.9599,513.9,493.1
CELL_022,RMa,19.51,10,0.002,0.001,normal,0.0,0.9619,85,17,0.92,0.9599,655.0,509.4
CELL_023,UMa,29.02,19,0.026147,0.001586,pilot_contamination,0.8229,0.05,85,13,0.928,0.9105,818.2,481.7
CELL_000,FR2-mmWave,9.25,28,0.044053,0.011065,jamming,0.2189,0.6643,86,8,0.698,0.946,52.7,51.3
CELL_001,RMa,4.96,21,0.272594,0.046382,csi_spoofing,0.5248,0.4721,86,15,0.705,0.9248,210.9,19.7
CELL_002,InH,21.38,30,0.015826,0.001797,normal,0.0,0.9554,86,31,0.672,0.9599,354.8,47.9
CELL_003,InH,26.86,3,0.002,0.001,normal,0.0,0.9966,86,9,0.226,0.9599,497.5,51.4
CELL_004,UMa,7.69,14,0.222325,0.040334,pilot_contamination,0.1749,0.7541,86,24,0.616,0.9463,631.5,30.4
CELL_005,RMa,14.24,7,0.184021,0.030649,normal,0.0,0.9717,86,30,0.455,0.9575,809.3,40.3
CELL_006,THz,-1.5,14,1.2,0.57087,normal,0.0,0.9862,86,9,0.629,0.9143,59.5,196.8
CELL_007,RMa,17.06,19,0.004183,0.001,normal,0.0,0.9684,86,34,0.549,0.9599,204.0,186.5
CELL_008,UMa,7.71,18,0.898828,0.316,normal,0.0,0.9723,86,19,0.614,0.9347,357.7,213.2
CELL_009,UMa,27.63,0,0.002,0.001,normal,0.0,0.9922,86,21,0.362,0.9599,497.5,189.3
CELL_010,NTN-LEO,-2.08,15,0.145867,0.045563,normal,0.0,0.9565,86,38,0.275,0.9564,650.0,181.4
CELL_011,THz,15.58,7,0.010784,0.002851,normal,0.0,0.988,86,17,0.503,0.9598,804.0,197.4
CELL_012,InH,2.81,1,0.037871,0.010563,normal,0.0,0.9766,86,30,0.376,0.9592,49.8,334.0
CELL_013,RIS,9.2,27,0.044622,0.014909,normal,0.0,0.9888,86,19,0.349,0.9588,214.1,358.0
CELL_014,UMa,18.14,14,0.018769,0.002998,normal,0.0,0.9605,86,15,0.692,0.9598,336.5,349.2
CELL_015,NTN-LEO,9.9,18,0.028254,0.004261,adversarial,0.3619,0.6092,86,24,0.628,0.9379,497.0,347.8
CELL_016,RIS,13.32,23,0.493705,0.089355,normal,0.0,0.9526,86,20,0.645,0.9529,664.1,346.7
CELL_017,InH,14.64,5,0.031534,0.0047,data_poisoning,0.1047,0.8555,86,22,0.764,0.9533,797.5,350.9
CELL_018,THz,22.79,8,0.002,0.001,normal,0.0,0.9686,86,29,0.895,0.9599,41.1,489.0
CELL_019,InH,12.66,10,0.129943,0.024159,normal,0.0,0.9714,86,10,0.584,0.9581,183.1,476.3
CELL_020,THz,10.73,24,0.002,0.001,normal,0.0,0.9858,86,10,0.582,0.9599,370.7,489.7
CELL_021,UMi,3.11,19,0.285123,0.116373,normal,0.0,0.9709,86,22,0.813,0.9507,496.8,489.2
CELL_022,FR2-mmWave,31.52,22,0.002,0.001,normal,0.0,0.9714,86,21,0.344,0.9599,650.5,506.4
CELL_023,UMi,-2.54,22,0.223283,0.069467,normal,0.0,0.972,86,26,0.943,0.9544,798.9,523.4
CELL_000,UMi,4.11,14,0.720231,0.210041,normal,0.0,0.9755,87,13,0.565,0.9432,56.1,71.0
CELL_001,NTN-LEO,21.42,31,0.146869,0.00985,pilot_contamination,0.8465,0.05,87,12,0.714,0.9084,213.4,49.3
CELL_002,NTN-LEO,12.78,9,0.043856,0.004893,csi_spoofing,0.7985,0.1723,87,15,0.415,0.9117,330.6,35.7
CELL_003,FR2-mmWave,10.99,7,0.002,0.001,normal,0.0,0.9609,87,11,0.373,0.9599,511.5,44.2
CELL_004,InH,18.88,18,0.002,0.001,normal,0.0,0.9824,87,27,0.566,0.9599,662.2,51.3
CELL_005,THz,17.48,27,0.002,0.001,normal,0.0,0.9581,87,39,0.607,0.9599,797.4,36.8
CELL_006,FR2-mmWave,9.19,15,0.07805,0.017006,normal,0.0,0.994,87,32,0.729,0.9586,19.8,172.7
CELL_007,THz,14.02,30,0.010666,0.001952,pilot_contamination,0.4798,0.4177,87,23,0.484,0.9311,173.9,197.6
CELL_008,UMa,-1.43,11,0.191751,0.059657,normal,0.0,0.9904,87,31,0.672,0.9552,344.6,201.8
CELL_009,RMa,9.5,10,0.072926,0.012449,jamming,0.1339,0.7795,87,39,0.603,0.951,521.6,178.1
CELL_010,FR2-mmWave,18.1,31,0.005203,0.001244,normal,0.0,0.9871,87,36,0.722,0.9599,654.7,207.9
CELL_011,UMi,27.12,1,0.004189,0.001,normal,0.0,0.9826,87,26,0.778,0.9599,795.2,194.6
CELL_012,UMi,12.17,31,0.010236,0.001947,normal,0.0,0.9634,87,10,0.477,0.9598,65.6,351.4
CELL_013,NTN-LEO,11.4,7,0.009241,0.001793,normal,0.0,0.9613,87,8,0.372,0.9599,205.4,336.3
CELL_014,THz,17.0,18,0.092093,0.023022,normal,0.0,0.9535,87,14,0.629,0.9582,343.4,356.6
CELL_015,UMa,8.8,25,0.022903,0.004838,jamming,0.4909,0.2981,87,31,0.46,0.9302,509.2,340.9
CELL_016,UMa,9.66,18,0.221102,0.027729,jamming,0.6709,0.05,87,29,0.324,0.9175,666.7,339.2
CELL_017,FR2-mmWave,9.46,19,0.035423,0.011729,normal,0.0,0.9535,87,25,0.773,0.9591,781.1,347.7
CELL_018,RIS,-1.95,4,0.603206,0.188266,normal,0.0,0.9838,87,11,0.5,0.9449,44.2,487.8
CELL_019,RIS,1.47,7,0.387503,0.166391,normal,0.0,0.9837,87,19,0.501,0.9467,201.6,494.5
CELL_020,UMi,20.95,13,0.002,0.001,normal,0.0,0.9942,87,21,0.857,0.9599,334.7,469.4
CELL_021,RMa,18.61,4,0.015334,0.002036,normal,0.0,0.9705,87,35,0.241,0.9598,497.3,502.9
CELL_022,RMa,4.89,28,0.554315,0.149745,normal,0.0,0.9564,87,22,0.78,0.948,643.3,497.0
CELL_023,THz,0.13,3,0.372199,0.115858,data_poisoning,0.439,0.5264,87,35,0.238,0.9244,793.1,504.5
CELL_000,FR2-mmWave,6.03,27,0.185123,0.068824,normal,0.0,0.9565,88,12,0.76,0.9545,67.9,42.3
CELL_001,FR2-mmWave,21.51,1,0.002,0.001,normal,0.0,0.9947,88,15,0.739,0.9599,211.7,42.9
CELL_002,RIS,8.7,15,0.069409,0.023589,normal,0.0,0.9534,88,19,0.858,0.9581,333.4,59.1
CELL_003,UMa,16.21,11,0.002687,0.001,jamming,0.5132,0.2365,88,36,0.39,0.9291,499.4,47.7
CELL_004,RMa,16.93,17,0.002,0.001,pilot_contamination,0.9324,0.05,88,38,0.625,0.904,659.2,42.6
CELL_005,RMa,2.27,19,0.415011,0.115448,normal,0.0,0.9936,88,24,0.34,0.9508,802.5,54.1
CELL_006,FR2-mmWave,11.62,3,0.264607,0.051226,normal,0.0,0.9739,88,34,0.303,0.9559,65.5,211.9
CELL_007,UMi,22.69,12,0.002,0.001,false_csi_injection,0.1355,0.826,88,25,0.942,0.9518,189.7,210.2
CELL_008,FR2-mmWave,22.83,14,0.002,0.001,data_poisoning,0.7218,0.2318,88,24,0.52,0.9166,368.3,181.9
CELL_009,NTN-LEO,6.35,10,0.156813,0.057691,normal,0.0,0.9791,88,27,0.39,0.9554,500.5,196.1
CELL_010,THz,26.23,10,0.006883,0.001,data_poisoning,0.9759,0.05,88,23,0.942,0.9014,644.7,190.0
CELL_011,NTN-LEO,4.28,13,0.045191,0.011829,normal,0.0,0.9597,88,20,0.746,0.9591,816.8,191.0
CELL_012,InH,9.14,16,0.004402,0.001,false_csi_injection,0.6511,0.3199,88,30,0.856,0.9209,60.6,334.0
CELL_013,FR2-mmWave,9.49,18,0.203738,0.067386,normal,0.0,0.9782,88,17,0.577,0.9546,189.9,334.0
CELL_014,InH,4.53,6,0.002424,0.001,jamming,0.5989,0.1509,88,32,0.238,0.924,351.0,329.7
CELL_015,UMa,12.63,1,0.82906,0.149757,normal,0.0,0.9625,88,17,0.93,0.948,486.5,340.8
CELL_016,FR2-mmWave,13.31,9,0.002,0.001,normal,0.0,0.9676,88,36,0.801,0.9599,640.7,363.2
CELL_017,InH,4.33,29,1.2,0.46565,normal,0.0,0.9913,88,26,0.573,0.9227,811.5,347.7
CELL_018,UMa,3.17,5,1.2,0.9,jamming,0.8538,0.05,88,22,0.614,0.8368,39.8,480.7
CELL_019,InH,14.48,5,0.012906,0.002819,normal,0.0,0.9502,88,18,0.45,0.9598,188.4,485.0
CELL_020,RMa,10.97,7,0.027521,0.006277,normal,0.0,0.9617,88,18,0.722,0.9595,355.2,534.2
CELL_021,RMa,19.78,2,0.030481,0.003848,normal,0.0,0.9807,88,11,0.884,0.9597,493.4,501.4
CELL_022,THz,9.85,8,0.040823,0.008188,false_csi_injection,0.7302,0.2561,88,34,0.265,0.9155,630.2,506.9
CELL_023,RMa,5.66,7,0.009976,0.00195,data_poisoning,0.22,0.7784,88,15,0.409,0.9466,814.4,496.4
CELL_000,NTN-LEO,12.55,20,0.063033,0.011382,normal,0.0,0.9715,89,35,0.447,0.9591,37.1,65.4
CELL_001,RMa,21.59,14,0.005538,0.001,normal,0.0,0.9658,89,15,0.664,0.9599,205.9,50.7
CELL_002,UMi,11.0,24,0.116523,0.036545,normal,0.0,0.9665,89,32,0.739,0.9571,338.6,56.8
CELL_003,InH,2.24,22,0.611888,0.256583,normal,0.0,0.9691,89,15,0.413,0.9395,496.6,70.2
CELL_004,THz,3.33,5,0.042839,0.017367,normal,0.0,0.9779,89,35,0.219,0.9586,660.8,48.4
CELL_005,RMa,14.57,30,0.298324,0.048869,normal,0.0,0.9699,89,29,0.617,0.9561,803.1,50.5
CELL_006,InH,11.39,2,1.2,0.296835,pilot_contamination,0.5894,0.2645,89,9,0.804,0.9009,47.1,214.7
CELL_007,RMa,14.93,8,0.002,0.001,normal,0.0,0.9964,89,18,0.392,0.9599,209.5,222.9
CELL_008,RIS,23.19,8,0.006325,0.001214,normal,0.0,0.9751,89,35,0.648,0.9599,364.8,216.3
CELL_009,FR2-mmWave,8.82,19,1.2,0.883248,pilot_contamination,0.8103,0.05,89,38,0.248,0.8407,503.9,200.2
CELL_010,RIS,11.18,12,0.007934,0.002185,normal,0.0,0.9983,89,15,0.529,0.9598,650.5,196.1
CELL_011,UMi,16.78,24,0.046185,0.007025,normal,0.0,0.9867,89,37,0.906,0.9594,799.6,203.8
CELL_012,NTN-LEO,7.17,16,0.002,0.001,normal,0.0,0.9934,89,36,0.247,0.9599,61.0,355.3
CELL_013,UMa,14.19,6,0.004665,0.001,normal,0.0,0.9642,89,38,0.601,0.9599,206.5,353.1
CELL_014,THz,-0.93,16,0.545994,0.245097,normal,0.0,0.9731,89,11,0.893,0.9404,354.2,338.2
CELL_015,RMa,2.85,10,0.183688,0.057364,normal,0.0,0.9773,89,27,0.266,0.9554,487.5,357.2
CELL_016,UMi,14.02,24,0.104553,0.018238,pilot_contamination,0.5811,0.3022,89,13,0.827,0.9237,670.3,347.7
CELL_017,RMa,17.37,24,0.002,0.001,normal,0.0,0.9633,89,13,0.738,0.9599,816.9,351.4
CELL_018,FR2-mmWave,4.09,14,1.136705,0.23511,jamming,0.6406,0.0815,89,10,0.729,0.9028,60.4,490.3
CELL_019,NTN-LEO,-0.69,15,0.117551,0.052769,normal,0.0,0.9557,89,13,0.616,0.9558,188.5,494.9
CELL_020,FR2-mmWave,14.87,2,0.002,0.001,normal,0.0,0.9881,89,8,0.767,0.9599,355.9,499.4
CELL_021,UMa,16.6,11,0.023607,0.003495,normal,0.0,0.9792,89,9,0.353,0.9597,499.9,494.7
CELL_022,UMa,5.42,30,0.033176,0.004508,pilot_contamination,0.9391,0.05,89,39,0.86,0.9033,638.3,482.6
CELL_023,UMi,15.64,26,0.007799,0.001306,normal,0.0,0.9955,89,11,0.852,0.9599,816.9,498.3
CELL_000,RIS,7.37,2,0.013858,0.003259,normal,0.0,0.9806,90,34,0.489,0.9597,68.7,67.2
CELL_001,THz,17.41,30,0.063308,0.015571,normal,0.0,0.9676,90,30,0.529,0.9588,196.7,55.7
CELL_002,UMa,15.45,28,0.024816,0.004035,normal,0.0,0.9536,90,24,0.848,0.9597,344.7,56.4
CELL_003,FR2-mmWave,13.15,11,0.014388,0.003325,normal,0.0,0.9904,90,37,0.352,0.9597,493.6,37.7
CELL_004,NTN-LEO,10.68,26,0.244497,0.049001,normal,0.0,0.9881,90,32,0.362,0.9561,633.8,50.2
CELL_005,RIS,-5.0,16,0.07636,0.034278,normal,0.0,0.9765,90,9,0.548,0.9573,793.2,51.0
CELL_006,RMa,6.55,26,0.284414,0.04839,pilot_contamination,0.3153,0.601,90,22,0.494,0.9372,43.1,200.5
CELL_007,FR2-mmWave,10.26,30,0.023581,0.007592,normal,0.0,0.9608,90,29,0.512,0.9594,188.9,195.7
CELL_008,THz,8.33,12,0.243205,0.083717,normal,0.0,0.991,90,31,0.652,0.9533,348.5,190.2
CELL_009,RIS,19.57,16,0.030734,0.002862,backdoor,0.3869,0.606,90,36,0.35,0.9366,500.0,210.9
CELL_010,UMa,23.11,19,0.002,0.001,jamming,0.8019,0.05,90,24,0.521,0.9118,650.2,195.8
CELL_011,NTN-LEO,12.79,3,0.005414,0.001,normal,0.0,0.9971,90,22,0.252,0.9599,800.5,224.4
CELL_012,THz,16.34,31,0.002,0.001,normal,0.0,0.9877,90,10,0.666,0.9599,54.2,336.7
CELL_013,FR2-mmWave,25.77,7,0.038545,0.005057,normal,0.0,0.996,90,16,0.711,0.9596,180.9,370.6
CELL_014,UMi,12.94,26,0.002,0.001,normal,0.0,0.9849,90,37,0.528,0.9599,354.8,356.3
CELL_015,UMi,12.22,9,0.300432,0.041481,jamming,0.6751,0.05,90,30,0.554,0.9162,480.7,387.6
CELL_016,InH,21.99,22,0.005266,0.001,normal,0.0,0.9869,90,13,0.347,0.9599,658.9,344.4
CELL_017,RIS,7.51,22,0.078964,0.015446,pilot_contamination,0.4093,0.4921,90,9,0.341,0.9342,792.0,360.2
CELL_018,FR2-mmWave,2.43,10,0.10119,0.037945,normal,0.0,0.9708,90,27,0.305,0.957,67.7,507.6
CELL_019,UMa,30.74,18,0.002,0.001,jamming,0.8235,0.05,90,29,0.52,0.9105,221.4,547.5
CELL_020,NTN-LEO,10.71,24,0.002,0.001,normal,0.0,0.9841,90,14,0.785,0.9599,335.4,498.7
CELL_021,FR2-mmWave,1.08,16,0.166641,0.072406,normal,0.0,0.9885,90,36,0.201,0.9542,503.8,511.4
CELL_022,InH,17.91,19,0.002,0.001,normal,0.0,0.9779,90,21,0.725,0.9599,645.6,508.8
CELL_023,THz,1.41,31,0.169514,0.054508,normal,0.0,0.9758,90,14,0.299,0.9556,788.9,496.8
CELL_000,RMa,4.72,8,0.461935,0.119695,normal,0.0,0.9934,91,10,0.874,0.9504,21.6,48.9
CELL_001,RIS,11.9,23,0.033928,0.009093,normal,0.0,0.9971,91,13,0.275,0.9593,184.8,48.4
CELL_002,RMa,-1.11,10,0.447335,0.136085,normal,0.0,0.9803,91,19,0.436,0.9491,333.8,37.2
CELL_003,FR2-mmWave,5.7,21,0.232945,0.049531,jamming,0.7185,0.05,91,35,0.861,0.9129,507.6,54.1
CELL_004,FR2-mmWave,10.09,4,0.253803,0.07284,normal,0.0,0.9898,91,11,0.385,0.9542,664.4,38.4
CELL_005,UMi,8.24,5,0.107082,0.024194,normal,0.0,0.992,91,34,0.268,0.9581,799.4,59.1
CELL_006,RIS,5.97,10,0.30906,0.063594,pilot_contamination,0.9214,0.05,91,10,0.405,0.8996,47.7,211.0
CELL_007,FR2-mmWave,2.42,12,0.461357,0.173046,normal,0.0,0.9808,91,34,0.54,0.9462,209.4,211.4
CELL_008,UMi,5.41,29,0.195917,0.04854,false_csi_injection,0.5723,0.3878,91,26,0.569,0.9218,356.9,200.5
CELL_009,RIS,12.93,22,0.016228,0.004744,normal,0.0,0.996,91,36,0.724,0.9596,513.2,206.2
CELL_010,THz,13.94,31,0.002,0.001,normal,0.0,0.9562,91,9,0.678,0.9599,669.1,189.9
CELL_011,UMa,17.37,22,0.002,0.001,jamming,0.3676,0.4846,91,24,0.805,0.9379,804.0,201.1
CELL_012,THz,15.9,2,0.002,0.001,normal,0.0,0.9732,91,39,0.576,0.9599,51.5,349.0
CELL_013,RMa,20.68,8,0.01811,0.001824,adversarial,0.1448,0.8369,91,11,0.482,0.9512,208.8,365.0
CELL_014,RMa,1.02,30,0.299048,0.095696,normal,0.0,0.9739,91,20,0.861,0.9523,362.4,357.9
CELL_015,NTN-LEO,16.56,16,0.037605,0.008423,normal,0.0,0.987,91,26,0.427,0.9593,493.4,349.9
CELL_016,FR2-mmWave,5.13,3,0.653889,0.168905,false_csi_injection,0.5004,0.4786,91,29,0.361,0.9165,658.2,339.5
CELL_017,UMi,10.41,2,0.390504,0.125039,normal,0.0,0.9574,91,28,0.876,0.95,810.1,370.3
CELL_018,UMa,10.07,25,0.118665,0.024102,normal,0.0,0.9892,91,18,0.886,0.9581,62.4,503.4
CELL_019,FR2-mmWave,3.22,14,0.33381,0.071242,data_poisoning,0.8879,0.0711,91,29,0.808,0.901,213.5,503.5
CELL_020,InH,12.27,29,0.052179,0.012265,adversarial,0.2474,0.732,91,10,0.728,0.9442,347.3,521.2
CELL_021,InH,9.58,2,0.014653,0.003033,normal,0.0,0.9852,91,36,0.634,0.9598,487.3,489.2
CELL_022,THz,10.36,6,0.015771,0.004375,csi_spoofing,0.1315,0.8272,91,37,0.68,0.9518,642.6,504.3
CELL_023,NTN-LEO,18.32,16,0.002,0.001,data_poisoning,0.4811,0.4859,91,16,0.578,0.9311,794.0,523.5
CELL_000,FR2-mmWave,8.38,30,0.03203,0.011008,normal,0.0,0.9948,92,18,0.352,0.9591,49.1,44.9
CELL_001,THz,1.91,2,0.40589,0.126401,adversarial,0.3442,0.6526,92,11,0.489,0.9292,218.7,39.9
CELL_002,THz,12.07,13,0.543631,0.08737,jamming,0.9142,0.05,92,21,0.679,0.8982,352.2,65.6
CELL_003,InH,-2.45,2,1.2,0.30418,adversarial,0.8644,0.1238,92,10,0.909,0.8838,518.6,40.5
CELL_004,InH,22.13,31,0.002,0.001,normal,0.0,0.9647,92,36,0.82,0.9599,627.3,58.4
CELL_005,RIS,7.21,12,0.241957,0.070599,normal,0.0,0.9808,92,19,0.685,0.9544,814.1,45.1
CELL_006,THz,-5.0,24,0.381561,0.171283,normal,0.0,0.9736,92,36,0.436,0.9463,49.0,211.2
CELL_007,UMi,-2.83,7,0.608245,0.273041,normal,0.0,0.9945,92,26,0.478,0.9382,196.5,209.0
CELL_008,UMa,24.69,11,0.002,0.001,pilot_contamination,0.2275,0.6977,92,8,0.48,0.9463,350.1,190.9
CELL_009,UMi,21.96,7,0.091174,0.010676,csi_spoofing,0.9301,0.05,92,14,0.288,0.9033,513.1,190.2
CELL_010,RIS,22.71,28,0.004673,0.001,normal,0.0,0.9758,92,33,0.296,0.9599,646.6,201.5
CELL_011,InH,7.1,19,0.374494,0.134359,normal,0.0,0.967,92,23,0.923,0.9493,787.9,212.4
CELL_012,FR2-mmWave,8.42,10,0.142448,0.048891,normal,0.0,0.9598,92,28,0.469,0.9561,28.9,368.6
CELL_013,InH,28.18,30,0.002,0.001,normal,0.0,0.9737,92,11,0.414,0.9599,225.3,364.3
CELL_014,RMa,17.09,1,0.016957,0.002498,normal,0.0,0.9907,92,12,0.766,0.9598,339.4,335.1
CELL_015,RMa,29.09,22,0.002,0.001,pilot_contamination,0.9369,0.05,92,26,0.378,0.9037,483.6,350.0
CELL_016,UMi,18.49,13,0.002389,0.001,normal,0.0,0.9992,92,33,0.947,0.9599,643.2,366.6
CELL_017,NTN-LEO,-4.12,13,0.322337,0.097665,normal,0.0,0.9815,92,28,0.922,0.9522,795.8,335.7
CELL_018,InH,4.04,24,0.14836,0.040921,normal,0.0,0.967,92,31,0.236,0.9567,37.3,494.6
CELL_019,UMa,-1.25,11,1.021359,0.187238,jamming,0.7962,0.05,92,26,0.424,0.8972,208.8,476.3
CELL_020,RIS,14.33,21,0.002,0.001,normal,0.0,0.9649,92,22,0.495,0.9599,347.1,501.1
CELL_021,UMa,10.72,15,0.113457,0.023834,normal,0.0,0.9515,92,28,0.674,0.9581,489.1,514.6
CELL_022,UMi,6.19,27,0.059833,0.01471,normal,0.0,0.9803,92,35,0.256,0.9588,647.2,510.6
CELL_023,THz,14.61,25,0.025637,0.007038,normal,0.0,0.9663,92,13,0.881,0.9594,782.4,514.7
CELL_000,InH,12.39,25,0.022084,0.003778,data_poisoning,0.9544,0.05,93,20,0.86,0.9024,66.3,57.4
CELL_001,RIS,6.26,25,1.2,0.567496,pilot_contamination,0.4274,0.4631,93,35,0.24,0.889,198.7,31.2
CELL_002,NTN-LEO,4.54,7,0.002,0.001,normal,0.0,0.968,93,34,0.712,0.9599,340.1,67.2
CELL_003,FR2-mmWave,22.55,17,0.002,0.001,normal,0.0,0.9657,93,26,0.752,0.9599,493.5,33.3
CELL_004,RMa,26.07,24,0.002,0.001,jamming,0.9573,0.05,93,15,0.84,0.9025,646.6,36.8
CELL_005,UMi,-4.83,27,0.489636,0.151485,normal,0.0,0.9502,93,33,0.306,0.9479,785.4,20.3
CELL_006,THz,10.75,24,0.009078,0.001936,csi_spoofing,0.5035,0.4498,93,25,0.944,0.9296,41.5,186.9
CELL_007,InH,16.64,22,0.002679,0.001,normal,0.0,0.9921,93,20,0.448,0.9599,211.3,205.2
CELL_008,UMa,19.52,21,0.04446,0.005846,normal,0.0,0.977,93,9,0.26,0.9595,317.1,154.5
CELL_009,UMa,17.66,6,0.003098,0.001,normal,0.0,0.9917,93,28,0.344,0.9599,491.4,173.4
CELL_010,UMi,14.12,17,1.2,0.329361,normal,0.0,0.9641,93,22,0.764,0.9337,667.5,208.2
CELL_011,RIS,3.35,24,0.38107,0.138637,normal,0.0,0.9771,93,26,0.838,0.9489,782.6,197.7
CELL_012,THz,12.39,1,0.002,0.001,normal,0.0,0.9839,93,8,0.48,0.9599,43.7,372.4
CELL_013,InH,-1.95,8,0.213028,0.043082,adversarial,0.6514,0.3373,93,23,0.865,0.9175,214.2,351.2
CELL_014,InH,2.79,20,0.306838,0.126494,normal,0.0,0.9515,93,16,0.623,0.9499,351.1,353.3
CELL_015,THz,9.66,9,0.026253,0.00594,normal,0.0,0.956,93,17,0.664,0.9595,499.6,325.8
CELL_016,UMa,12.23,21,0.233374,0.024704,data_poisoning,0.9435,0.05,93,39,0.502,0.9014,641.5,350.0
CELL_017,UMi,12.65,12,0.062709,0.014797,normal,0.0,0.9968,93,34,0.715,0.9588,791.8,341.6
CELL_018,InH,7.89,0,0.005974,0.001699,normal,0.0,0.9988,93,37,0.666,0.9599,49.2,485.9
CELL_019,UMi,3.8,10,0.276145,0.091056,normal,0.0,0.9602,93,10,0.877,0.9527,212.3,498.0
CELL_020,UMi,17.71,5,0.008388,0.001206,normal,0.0,0.9757,93,24,0.782,0.9599,355.0,483.5
CELL_021,THz,-2.47,9,0.221134,0.099267,normal,0.0,0.9676,93,28,0.345,0.9521,503.2,480.3
CELL_022,THz,8.08,17,0.038467,0.00963,normal,0.0,0.9911,93,25,0.481,0.9592,637.4,494.5
CELL_023,RMa,19.08,10,0.086371,0.008081,backdoor,0.3676,0.6196,93,21,0.332,0.9373,809.4,479.8
CELL_000,NTN-LEO,24.1,24,0.002,0.001,normal,0.0,0.9756,94,8,0.568,0.9599,74.3,52.4
CELL_001,RIS,1.47,10,0.292274,0.125524,normal,0.0,0.9505,94,11,0.359,0.95,209.4,53.5
CELL_002,RMa,13.62,23,0.310196,0.043861,jamming,0.1706,0.7441,94,34,0.518,0.9463,342.1,20.8
CELL_003,FR2-mmWave,19.11,29,0.002,0.001,normal,0.0,0.9994,94,39,0.92,0.9599,499.3,47.8
CELL_004,NTN-LEO,20.54,19,0.005767,0.001245,normal,0.0,0.9962,94,36,0.353,0.9599,654.3,77.6
CELL_005,RMa,5.54,4,0.030764,0.004239,pilot_contamination,0.9902,0.05,94,15,0.633,0.9002,808.5,59.1
CELL_006,NTN-LEO,9.32,17,0.489024,0.062314,pilot_contamination,0.6711,0.1653,94,21,0.597,0.9147,28.0,217.9
CELL_007,FR2-mmWave,18.78,30,0.004763,0.001,normal,0.0,0.9737,94,8,0.784,0.9599,194.0,197.4
CELL_008,UMi,3.78,17,0.182745,0.073046,normal,0.0,0.9577,94,10,0.746,0.9542,358.3,214.8
CELL_009,RMa,16.6,11,0.037471,0.006653,normal,0.0,0.9749,94,36,0.843,0.9595,507.0,225.2
CELL_010,FR2-mmWave,16.37,21,0.006236,0.001,pilot_contamination,0.9417,0.05,94,18,0.366,0.9034,640.1,192.4
CELL_011,UMi,13.99,17,0.247555,0.069571,normal,0.0,0.9956,94,33,0.891,0.9544,788.3,211.0
CELL_012,THz,4.03,7,0.032038,0.012702,normal,0.0,0.9996,94,22,0.547,0.959,56.6,362.7
CELL_013,InH,5.98,20,0.632953,0.0916,false_csi_injection,0.7983,0.1894,94,26,0.646,0.9048,208.1,339.2
CELL_014,NTN-LEO,16.06,10,0.101953,0.021904,normal,0.0,0.9716,94,36,0.805,0.9582,350.1,335.9
CELL_015,RMa,9.54,15,0.454429,0.093984,normal,0.0,0.9934,94,13,0.349,0.9525,486.6,369.1
CELL_016,RIS,13.49,12,0.037649,0.01078,normal,0.0,0.9791,94,37,0.845,0.9591,631.3,342.7
CELL_017,UMa,16.81,25,0.173813,0.016013,false_csi_injection,0.6639,0.3123,94,20,0.361,0.9189,796.4,334.9
CELL_018,UMa,22.08,22,0.00712,0.001,normal,0.0,0.9927,94,14,0.413,0.9599,84.7,510.7
CELL_019,RIS,6.67,17,0.457134,0.101563,csi_spoofing,0.748,0.2061,94,19,0.825,0.907,196.4,477.9
CELL_020,RIS,18.98,29,0.077135,0.015404,normal,0.0,0.9665,94,28,0.644,0.9588,377.0,511.4
CELL_021,FR2-mmWave,22.93,0,0.002,0.001,normal,0.0,0.9537,94,19,0.792,0.9599,489.6,503.1
CELL_022,InH,15.0,5,0.007504,0.001205,normal,0.0,0.9632,94,29,0.764,0.9599,656.3,504.2
CELL_023,THz,27.33,30,0.002012,0.001,adversarial,0.7059,0.273,94,24,0.331,0.9176,802.3,489.8
CELL_000,InH,11.37,1,0.004253,0.001316,normal,0.0,0.9823,95,25,0.883,0.9599,58.1,42.5
CELL_001,RMa,10.76,9,0.021174,0.004232,normal,0.0,0.9874,95,8,0.438,0.9597,202.6,42.8
CELL_002,THz,-5.0,22,0.002319,0.001,adversarial,0.2175,0.7589,95,35,0.363,0.9469,353.7,56.1
CELL_003,InH,16.83,6,0.01747,0.003443,normal,0.0,0.9906,95,28,0.926,0.9597,481.8,43.0
CELL_004,FR2-mmWave,9.25,5,0.118808,0.032096,normal,0.0,0.978,95,29,0.361,0.9574,661.6,36.6
CELL_005,NTN-LEO,24.62,15,0.002,0.001,normal,0.0,0.9767,95,35,0.399,0.9599,784.3,35.2
CELL_006,RMa,24.52,19,0.005684,0.001,normal,0.0,0.9576,95,39,0.877,0.9599,36.1,184.8
CELL_007,NTN-LEO,20.77,27,0.002181,0.001,normal,0.0,0.9849,95,20,0.821,0.9599,200.2,196.8
CELL_008,InH,22.55,3,0.017944,0.002683,normal,0.0,0.9508,95,21,0.874,0.9598,344.3,200.9
CELL_009,FR2-mmWave,8.86,15,0.233624,0.059235,false_csi_injection,0.1577,0.8059,95,10,0.462,0.9458,491.6,177.4
CELL_010,UMi,9.76,2,0.666647,0.176544,normal,0.0,0.985,95,38,0.833,0.9459,652.9,182.3
CELL_011,InH,9.31,23,0.021163,0.00504,normal,0.0,0.9954,95,32,0.721,0.9596,781.3,185.8
CELL_012,NTN-LEO,20.82,13,0.002,0.001,normal,0.0,0.9746,95,35,0.918,0.9599,41.0,347.7
CELL_013,UMi,1.76,16,1.2,0.618331,normal,0.0,0.9774,95,26,0.661,0.9105,197.3,335.9
CELL_014,UMi,7.51,0,0.218606,0.077364,normal,0.0,0.9919,95,25,0.898,0.9538,355.4,338.7
CELL_015,RIS,14.58,11,0.002,0.001,normal,0.0,0.976,95,19,0.447,0.9599,481.9,362.4
CELL_016,FR2-mmWave,13.61,13,0.002373,0.001,pilot_contamination,0.1594,0.759,95,22,0.839,0.9504,660.1,363.1
CELL_017,FR2-mmWave,7.05,7,0.05597,0.013206,normal,0.0,0.9945,95,20,0.925,0.9589,820.9,363.7
CELL_018,UMi,10.99,5,0.308448,0.061438,normal,0.0,0.9574,95,38,0.63,0.9551,61.2,476.1
CELL_019,UMi,-4.07,9,1.2,0.447942,jamming,0.5137,0.243,95,9,0.834,0.8933,192.9,504.8
CELL_020,InH,-3.96,31,0.029297,0.009371,normal,0.0,0.9844,95,9,0.369,0.9593,347.5,477.2
CELL_021,InH,13.53,20,0.017567,0.003173,pilot_contamination,0.5449,0.3305,95,15,0.42,0.9271,515.5,512.5
CELL_022,THz,10.2,25,0.002,0.001,normal,0.0,0.9597,95,21,0.275,0.9599,648.8,490.3
CELL_023,UMa,20.75,12,0.01399,0.001907,normal,0.0,0.979,95,20,0.23,0.9598,789.4,500.0
CELL_000,UMa,21.37,13,0.04427,0.009217,normal,0.0,0.968,96,26,0.336,0.9593,70.2,51.6
CELL_001,NTN-LEO,7.75,27,0.063677,0.022357,normal,0.0,0.9922,96,16,0.34,0.9582,207.0,34.2
CELL_002,InH,16.16,22,0.004595,0.001,csi_spoofing,0.4055,0.5459,96,20,0.215,0.9356,341.0,75.4
CELL_003,InH,16.99,11,0.002,0.001,normal,0.0,0.9723,96,39,0.855,0.9599,479.3,47.5
CELL_004,UMa,22.55,17,0.027043,0.002986,normal,0.0,0.977,96,25,0.753,0.9598,646.9,67.9
CELL_005,THz,16.66,30,0.002,0.001,jamming,0.7088,0.05,96,25,0.585,0.9174,815.1,57.7
CELL_006,THz,2.42,27,0.134797,0.05621,normal,0.0,0.9577,96,11,0.943,0.9555,30.1,215.6
CELL_007,RMa,4.4,3,0.14829,0.03844,normal,0.0,0.9961,96,21,0.945,0.9569,190.4,204.6
CELL_008,NTN-LEO,7.35,15,0.562665,0.126871,false_csi_injection,0.6459,0.3158,96,25,0.402,0.9111,338.4,204.9
CELL_009,RMa,20.65,19,0.076472,0.009107,normal,0.0,0.9989,96,14,0.347,0.9593,505.7,191.8
CELL_010,FR2-mmWave,16.16,28,0.002,0.001,csi_spoofing,0.9657,0.05,96,9,0.892,0.902,662.2,181.9
CELL_011,FR2-mmWave,4.94,18,1.2,0.501725,normal,0.0,0.9611,96,11,0.511,0.9199,799.4,188.7
CELL_012,THz,9.38,7,0.741845,0.246335,normal,0.0,0.9515,96,21,0.2,0.9403,41.3,368.4
CELL_013,NTN-LEO,13.2,25,0.02731,0.005839,normal,0.0,0.9973,96,11,0.306,0.9595,204.5,363.2
CELL_014,RIS,-0.71,2,1.2,0.403003,data_poisoning,0.3367,0.653,96,27,0.718,0.9076,325.4,352.0
CELL_015,THz,19.99,16,0.099388,0.015823,normal,0.0,0.9858,96,23,0.693,0.9587,493.1,355.1
CELL_016,InH,15.88,19,0.51683,0.051769,pilot_contamination,0.5365,0.3343,96,28,0.565,0.9237,642.0,346.9
CELL_017,FR2-mmWave,10.65,23,0.026483,0.005355,normal,0.0,0.9517,96,20,0.91,0.9596,795.7,351.1
CELL_018,RMa,-0.07,6,0.142795,0.032657,data_poisoning,0.303,0.6924,96,11,0.734,0.9392,47.7,503.5
CELL_019,RIS,18.34,4,0.118115,0.027968,normal,0.0,0.964,96,28,0.408,0.9578,206.4,495.9
CELL_020,THz,-4.2,21,0.951437,0.321291,normal,0.0,0.9937,96,10,0.603,0.9343,351.4,503.9
CELL_021,UMa,21.31,3,0.00377,0.001,normal,0.0,0.9897,96,32,0.81,0.9599,479.9,501.4
CELL_022,FR2-mmWave,17.51,17,0.010768,0.002294,normal,0.0,0.9658,96,28,0.685,0.9598,648.7,485.8
CELL_023,THz,0.28,6,0.430205,0.191529,normal,0.0,0.9718,96,17,0.853,0.9447,803.6,495.4
CELL_000,THz,-0.88,0,0.259252,0.116378,normal,0.0,0.9817,97,13,0.776,0.9507,63.7,57.6
CELL_001,InH,15.92,9,0.002,0.001,normal,0.0,0.9993,97,19,0.549,0.9599,177.3,41.3
CELL_002,FR2-mmWave,-2.64,14,0.00461,0.001728,normal,0.0,0.9592,97,36,0.601,0.9599,353.1,56.5
CELL_003,RIS,-4.54,28,0.465146,0.208804,normal,0.0,0.9525,97,27,0.259,0.9433,490.0,55.1
CELL_004,RMa,20.65,19,0.076472,0.009107,normal,0.0,0.9989,97,38,0.805,0.9593,668.1,45.4
CELL_005,THz,-5.0,5,0.816813,0.309824,csi_spoofing,0.1566,0.8106,97,16,0.477,0.9258,784.0,53.1
CELL_006,THz,7.98,17,0.018769,0.006538,normal,0.0,0.9599,97,19,0.283,0.9595,38.3,189.2
CELL_007,UMa,17.79,16,0.021358,0.002145,jamming,0.3137,0.559,97,14,0.286,0.941,192.4,214.8
CELL_008,THz,2.65,31,0.668242,0.276684,normal,0.0,0.9706,97,12,0.371,0.9379,385.4,196.0
CELL_009,UMi,11.8,21,0.712462,0.079475,data_poisoning,0.9079,0.0523,97,36,0.437,0.8992,507.1,193.3
CELL_010,InH,9.43,16,0.007802,0.001849,normal,0.0,0.9806,97,25,0.862,0.9599,659.9,212.2
CELL_011,THz,20.92,4,0.002,0.001,normal,0.0,0.9818,97,25,0.829,0.9599,801.6,188.0
CELL_012,UMi,6.96,27,0.003919,0.001025,normal,0.0,0.9878,97,22,0.727,0.9599,81.0,361.8
CELL_013,InH,1.94,24,0.006484,0.002279,normal,0.0,0.9851,97,30,0.289,0.9598,207.0,344.9
CELL_014,FR2-mmWave,-5.0,21,0.799139,0.323927,normal,0.0,0.9981,97,31,0.629,0.9341,360.2,317.7
CELL_015,UMa,24.74,25,0.002,0.001,normal,0.0,0.9945,97,24,0.421,0.9599,502.2,350.7
CELL_016,UMi,17.25,30,0.003765,0.001,normal,0.0,0.9764,97,23,0.521,0.9599,653.6,359.4
CELL_017,UMa,6.24,18,1.2,0.373111,pilot_contamination,0.9873,0.05,97,35,0.864,0.8709,791.0,350.6
CELL_018,UMa,-2.94,23,0.002,0.001,normal,0.0,0.9638,97,22,0.931,0.9599,43.4,487.2
CELL_019,THz,23.73,28,0.002,0.001,normal,0.0,0.9707,97,9,0.905,0.9599,211.6,517.2
CELL_020,THz,16.22,27,0.004697,0.001211,normal,0.0,0.9726,97,32,0.208,0.9599,347.6,496.2
CELL_021,RIS,13.12,18,0.002,0.001,normal,0.0,0.9856,97,9,0.491,0.9599,497.1,520.5
CELL_022,InH,21.55,31,0.002,0.001,normal,0.0,0.9921,97,17,0.679,0.9599,654.0,509.9
CELL_023,NTN-LEO,7.39,11,0.325492,0.088208,normal,0.0,0.9612,97,18,0.435,0.9529,793.6,506.5
CELL_000,RMa,9.25,15,0.017569,0.00368,normal,0.0,0.9682,98,30,0.693,0.9597,51.3,45.9
CELL_001,THz,8.37,18,0.273322,0.093945,normal,0.0,0.9966,98,20,0.928,0.9525,185.8,54.9
CELL_002,FR2-mmWave,15.89,28,0.008576,0.00224,normal,0.0,0.97,98,39,0.218,0.9598,316.7,58.4
CELL_003,THz,10.42,8,0.011039,0.003534,normal,0.0,0.9808,98,19,0.236,0.9597,500.0,24.1
CELL_004,InH,14.67,27,0.002,0.001,normal,0.0,0.971,98,34,0.31,0.9599,657.6,41.9
CELL_005,RMa,10.29,19,0.073788,0.014957,normal,0.0,0.9764,98,33,0.374,0.9588,805.5,41.0
CELL_006,RIS,20.79,18,0.03678,0.006013,normal,0.0,0.9901,98,14,0.713,0.9595,37.4,186.9
CELL_007,RIS,2.7,3,0.230291,0.06449,normal,0.0,0.9784,98,37,0.42,0.9548,186.2,208.8
CELL_008,UMa,20.45,12,0.007141,0.001,normal,0.0,0.9501,98,25,0.939,0.9599,342.9,200.9
CELL_009,InH,20.54,5,0.002197,0.001,normal,0.0,0.9908,98,34,0.351,0.9599,509.2,183.1
CELL_010,FR2-mmWave,25.24,28,0.003628,0.001,normal,0.0,0.9606,98,23,0.361,0.9599,663.7,198.9
CELL_011,UMa,21.13,25,0.055163,0.005418,csi_spoofing,0.7455,0.236,98,24,0.344,0.9148,798.7,198.2
CELL_012,RMa,9.23,9,0.048291,0.006147,jamming,0.6708,0.0514,98,26,0.593,0.9193,85.9,340.9
CELL_013,InH,16.97,4,0.006537,0.00128,normal,0.0,0.97,98,15,0.385,0.9599,197.9,348.9
CELL_014,FR2-mmWave,-5.0,24,0.942287,0.422993,normal,0.0,0.9979,98,21,0.647,0.9262,325.0,348.7
CELL_015,RIS,4.24,8,0.241394,0.078389,normal,0.0,0.9729,98,18,0.285,0.9537,485.9,357.3
CELL_016,UMa,22.53,15,0.022671,0.00287,normal,0.0,0.9743,98,30,0.266,0.9598,648.5,341.3
CELL_017,UMa,-1.75,15,0.431858,0.186222,normal,0.0,0.9559,98,13,0.837,0.9451,794.5,360.1
CELL_018,InH,21.39,5,0.002,0.001,csi_spoofing,0.322,0.6705,98,39,0.543,0.9406,59.3,511.1
CELL_019,UMi,18.37,8,0.002,0.001,normal,0.0,0.9839,98,13,0.947,0.9599,200.3,506.7
CELL_020,FR2-mmWave,3.62,0,0.471286,0.169941,normal,0.0,0.9661,98,9,0.676,0.9464,352.1,507.4
CELL_021,THz,19.16,5,0.036106,0.004382,jamming,0.9301,0.05,98,21,0.776,0.9038,496.5,501.3
CELL_022,UMa,5.65,11,0.101068,0.026969,false_csi_injection,0.3315,0.6578,98,23,0.721,0.938,644.0,480.8
CELL_023,UMi,20.99,26,0.002,0.001,pilot_contamination,0.1466,0.798,98,34,0.56,0.9511,797.9,507.2
CELL_000,InH,8.38,25,0.235554,0.052573,normal,0.0,0.9827,99,12,0.692,0.9558,75.2,40.0
CELL_001,UMa,16.08,20,0.312579,0.032187,jamming,0.357,0.4531,99,25,0.508,0.936,188.8,41.2
CELL_002,InH,20.13,18,0.002117,0.001,normal,0.0,0.9744,99,24,0.554,0.9599,364.6,68.0
CELL_003,UMa,7.18,15,0.145026,0.035358,normal,0.0,0.9789,99,31,0.427,0.9572,494.4,38.0
CELL_004,InH,3.24,13,0.115265,0.030976,normal,0.0,0.96,99,20,0.58,0.9575,642.7,67.1
CELL_005,UMa,23.69,0,0.033621,0.003881,normal,0.0,1.0,99,36,0.641,0.9597,790.1,43.0
CELL_006,RIS,9.32,10,0.713682,0.104513,jamming,0.8419,0.05,99,36,0.439,0.9011,47.6,179.7
CELL_007,FR2-mmWave,9.68,10,0.111604,0.021032,csi_spoofing,0.9531,0.05,99,33,0.236,0.9011,179.3,196.6
CELL_008,THz,-5.0,30,0.042825,0.014461,normal,0.0,0.9809,99,34,0.839,0.9588,348.2,191.8
CELL_009,THz,13.42,14,0.030117,0.008645,normal,0.0,0.9901,99,22,0.916,0.9593,486.6,204.6
CELL_010,NTN-LEO,20.02,16,0.002769,0.001,normal,0.0,0.9975,99,11,0.712,0.9599,635.3,199.5
CELL_011,THz,27.81,13,0.002,0.001,jamming,0.3199,0.5142,99,22,0.345,0.9407,779.5,212.2
CELL_012,THz,23.69,28,0.065013,0.012192,normal,0.0,0.9534,99,20,0.597,0.959,52.4,345.7
CELL_013,UMi,18.03,2,0.005334,0.001,normal,0.0,0.9554,99,37,0.555,0.9599,231.0,341.5
CELL_014,UMa,12.51,16,0.027523,0.004242,backdoor,0.5848,0.385,99,19,0.334,0.9246,332.7,352.8
CELL_015,UMa,25.25,17,0.002,0.001,normal,0.0,0.9731,99,13,0.734,0.9599,482.6,336.3
CELL_016,UMi,13.68,24,0.834263,0.093406,csi_spoofing,0.6539,0.3111,99,27,0.209,0.9133,663.5,342.7
CELL_017,NTN-LEO,3.4,16,0.058441,0.012037,jamming,0.2085,0.683,99,25,0.838,0.9465,800.0,350.2
CELL_018,UMa,19.41,1,0.00999,0.001275,normal,0.0,0.9541,99,32,0.24,0.9599,49.2,490.5
CELL_019,UMa,4.58,26,0.107271,0.028737,normal,0.0,0.9525,99,32,0.558,0.9577,195.4,489.4
CELL_020,UMi,12.44,3,0.005716,0.001701,normal,0.0,0.9667,99,39,0.879,0.9599,345.0,494.2
CELL_021,InH,8.31,12,1.2,0.294834,normal,0.0,0.9602,99,17,0.668,0.9364,492.0,497.1
CELL_022,UMa,11.48,29,0.141959,0.032874,adversarial,0.3102,0.6866,99,23,0.34,0.9388,646.1,504.7
CELL_023,InH,4.41,5,0.644624,0.185908,normal,0.0,0.9688,99,27,0.573,0.9451,815.4,494.5
CELL_000,UMi,1.21,2,0.394763,0.170866,normal,0.0,0.9521,100,13,0.636,0.9463,43.7,41.2
CELL_001,InH,16.11,21,0.002,0.001,normal,0.0,0.9929,100,12,0.878,0.9599,208.7,48.9
CELL_002,RIS,20.39,0,0.002,0.001,pilot_contamination,0.5447,0.3352,100,35,0.595,0.9272,341.6,63.1
CELL_003,NTN-LEO,8.14,27,0.026616,0.006765,normal,0.0,0.9712,100,12,0.829,0.9595,479.3,61.3
CELL_004,InH,-4.13,1,1.2,0.831711,false_csi_injection,0.5063,0.4643,100,11,0.575,0.8631,615.7,58.8
CELL_005,UMa,18.22,16,0.002,0.001,normal,0.0,0.9999,100,24,0.696,0.9599,807.7,50.9
CELL_006,FR2-mmWave,20.28,28,0.026647,0.003412,jamming,0.6242,0.0779,100,19,0.352,0.9223,57.1,165.2
CELL_007,UMa,7.72,21,0.194866,0.053934,normal,0.0,0.9899,100,19,0.898,0.9557,189.1,197.3
CELL_008,UMi,17.06,23,0.009478,0.002364,normal,0.0,0.9998,100,14,0.365,0.9598,330.0,219.6
CELL_009,FR2-mmWave,-5.0,14,1.2,0.538551,data_poisoning,0.879,0.0822,100,39,0.452,0.8642,502.1,186.5
CELL_010,THz,-5.0,8,0.864024,0.288388,jamming,0.2327,0.6333,100,33,0.912,0.923,650.2,209.1
CELL_011,NTN-LEO,2.95,7,1.2,0.716192,normal,0.0,0.9867,100,30,0.673,0.9027,810.6,187.4
CELL_012,UMa,19.77,3,0.002,0.001,adversarial,0.3867,0.6036,100,30,0.708,0.9367,45.9,361.6
CELL_013,RMa,29.42,10,0.002,0.001,csi_spoofing,0.9572,0.05,100,37,0.629,0.9025,203.7,352.5
CELL_014,NTN-LEO,21.47,28,0.010258,0.001479,normal,0.0,0.9724,100,35,0.491,0.9599,349.2,350.3
CELL_015,FR2-mmWave,12.06,27,0.004075,0.001,normal,0.0,0.9769,100,37,0.678,0.9599,521.2,341.0
CELL_016,THz,14.81,6,0.003609,0.001,normal,0.0,0.9579,100,19,0.513,0.9599,641.9,339.4
CELL_017,RIS,15.03,9,0.008831,0.002089,normal,0.0,0.9652,100,19,0.238,0.9598,794.4,344.8
CELL_018,InH,17.38,1,0.006118,0.001,normal,0.0,0.9838,100,22,0.797,0.9599,51.7,490.5
CELL_019,UMi,3.16,10,0.097898,0.039904,normal,0.0,0.9989,100,19,0.468,0.9568,183.3,509.0
CELL_020,RMa,12.85,6,0.003494,0.001,normal,0.0,0.9942,100,8,0.781,0.9599,339.3,503.7
CELL_021,InH,8.63,14,0.011468,0.002633,normal,0.0,0.967,100,14,0.447,0.9598,498.1,485.2
CELL_022,UMa,29.35,22,0.002,0.001,normal,0.0,0.9869,100,33,0.447,0.9599,648.6,508.5
CELL_023,NTN-LEO,14.41,4,0.002,0.001,normal,0.0,0.9963,100,18,0.781,0.9599,803.5,494.4
CELL_000,THz,6.54,26,0.025213,0.009216,normal,0.0,0.9689,101,36,0.866,0.9593,38.1,45.5
CELL_001,InH,12.17,29,0.033357,0.004362,false_csi_injection,0.706,0.2855,101,15,0.361,0.9173,195.4,59.5
CELL_002,UMi,14.76,11,0.008194,0.001769,normal,0.0,0.9729,101,16,0.664,0.9599,344.4,72.6
CELL_003,FR2-mmWave,31.47,2,0.002,0.001,normal,0.0,0.9538,101,32,0.643,0.9599,509.5,31.5
CELL_004,RIS,9.7,11,0.002,0.001,pilot_contamination,0.6615,0.1811,101,13,0.32,0.9202,650.6,50.8
CELL_005,RMa,15.72,28,0.02441,0.003797,normal,0.0,0.9817,101,23,0.294,0.9597,802.5,47.0
CELL_006,InH,-5.0,18,0.345095,0.104687,normal,0.0,0.9795,101,25,0.24,0.9516,41.2,166.5
CELL_007,InH,9.57,18,0.002,0.001,normal,0.0,0.9844,101,16,0.548,0.9599,170.4,197.7
CELL_008,UMi,14.52,12,0.008042,0.001754,normal,0.0,0.9589,101,30,0.227,0.9599,357.1,222.5
CELL_009,InH,12.79,26,0.002332,0.001,normal,0.0,0.9858,101,34,0.746,0.9599,496.2,208.7
CELL_010,UMa,-1.03,6,0.063184,0.012877,pilot_contamination,0.5101,0.3604,101,38,0.937,0.9284,645.3,198.2
CELL_011,UMi,19.31,29,0.022355,0.002972,normal,0.0,0.9913,101,14,0.87,0.9598,803.3,197.4
CELL_012,RMa,7.27,9,0.299257,0.069503,normal,0.0,0.9862,101,25,0.65,0.9544,50.3,345.9
CELL_013,InH,17.29,11,0.069234,0.012522,csi_spoofing,0.3511,0.6145,101,28,0.784,0.9379,193.9,323.7
CELL_014,THz,22.64,2,0.002958,0.001,normal,0.0,0.9726,101,8,0.848,0.9599,351.0,358.3
CELL_015,RIS,27.91,25,0.004191,0.001,normal,0.0,0.9673,101,30,0.689,0.9599,504.0,368.1
CELL_016,RMa,19.98,22,0.002,0.001,normal,0.0,0.9936,101,39,0.219,0.9599,642.4,341.2
CELL_017,RMa,7.24,6,0.218088,0.050406,normal,0.0,0.9667,101,19,0.253,0.956,792.5,337.5
CELL_018,UMa,12.72,14,0.040891,0.005776,pilot_contamination,0.2058,0.7484,101,26,0.44,0.9472,34.2,528.7
CELL_019,InH,18.55,22,0.078494,0.010472,normal,0.0,0.9668,101,11,0.807,0.9592,181.7,497.0
CELL_020,UMa,-0.85,3,0.377321,0.114463,normal,0.0,0.9533,101,24,0.267,0.9508,360.1,493.4
CELL_021,InH,7.07,7,0.028842,0.008458,normal,0.0,0.9823,101,22,0.698,0.9593,506.8,505.1
CELL_022,UMi,2.79,17,0.447567,0.103974,pilot_contamination,0.4028,0.493,101,10,0.892,0.9275,664.6,512.9
CELL_023,UMa,17.33,18,0.002,0.001,jamming,0.1583,0.7428,101,10,0.669,0.9504,822.8,483.8
CELL_000,RIS,21.98,5,0.002898,0.001,normal,0.0,0.9864,102,16,0.425,0.9599,65.9,51.9
CELL_001,THz,11.12,31,0.121866,0.03806,normal,0.0,0.9882,102,9,0.399,0.957,213.6,40.8
CELL_002,RMa,-1.72,1,1.2,0.365487,jamming,0.8872,0.05,102,9,0.384,0.8775,350.8,51.5
CELL_003,UMa,20.72,27,0.006821,0.001,jamming,0.2985,0.5491,102,26,0.699,0.942,486.1,36.9
CELL_004,UMa,17.57,30,0.017373,0.001493,pilot_contamination,0.7184,0.1108,102,20,0.312,0.9168,669.3,37.8
CELL_005,RIS,1.08,23,0.030984,0.010407,pilot_contamination,0.2236,0.6966,102,36,0.447,0.9458,796.4,25.6
CELL_006,RMa,0.71,31,0.727827,0.219434,normal,0.0,0.9561,102,16,0.576,0.9424,56.3,196.6
CELL_007,RIS,25.76,6,0.016553,0.00292,normal,0.0,0.9769,102,39,0.857,0.9598,219.3,192.0
CELL_008,FR2-mmWave,1.18,10,0.002,0.001,jamming,0.6429,0.0941,102,26,0.203,0.9213,332.3,201.5
CELL_009,UMi,17.99,5,0.093969,0.010533,csi_spoofing,0.236,0.7613,102,33,0.596,0.945,480.2,203.9
CELL_010,NTN-LEO,13.86,21,0.01138,0.003213,normal,0.0,0.9769,102,22,0.948,0.9597,657.7,195.4
CELL_011,THz,12.41,23,0.002,0.001,csi_spoofing,0.2305,0.742,102,9,0.674,0.9461,808.0,202.5
CELL_012,InH,10.91,16,0.292406,0.058866,normal,0.0,0.9765,102,37,0.332,0.9553,51.4,348.6
CELL_013,InH,2.01,18,0.724184,0.203932,normal,0.0,0.991,102,30,0.218,0.9437,194.9,336.4
CELL_014,UMa,8.79,23,0.010259,0.003477,normal,0.0,0.977,102,32,0.332,0.9597,355.8,350.2
CELL_015,InH,-2.58,17,0.048725,0.015585,normal,0.0,0.9602,102,26,0.901,0.9588,495.6,341.3
CELL_016,RIS,17.79,15,0.002,0.001,normal,0.0,0.9533,102,8,0.805,0.9599,649.8,353.7
CELL_017,THz,6.23,11,1.2,0.445885,normal,0.0,0.9927,102,16,0.884,0.9243,790.1,355.1
CELL_018,UMa,11.21,1,0.555769,0.087306,pilot_contamination,0.2999,0.6038,102,22,0.783,0.935,58.2,492.0
CELL_019,FR2-mmWave,8.79,29,0.024923,0.005466,normal,0.0,0.9876,102,8,0.436,0.9596,207.2,492.8
CELL_020,RMa,9.57,23,0.186557,0.023611,csi_spoofing,0.7364,0.2393,102,16,0.912,0.9139,356.8,501.5
CELL_021,RIS,6.84,14,1.2,0.239918,pilot_contamination,0.3965,0.5159,102,38,0.325,0.917,497.4,508.8
CELL_022,NTN-LEO,2.21,10,0.168387,0.047722,normal,0.0,0.9889,102,32,0.292,0.9562,654.9,502.2
CELL_023,InH,4.24,14,1.2,0.640408,normal,0.0,0.9853,102,30,0.214,0.9088,802.1,470.5
CELL_000,NTN-LEO,10.49,11,0.280035,0.06001,normal,0.0,0.9971,103,24,0.483,0.9552,52.9,69.9
CELL_001,RIS,-0.85,27,0.269414,0.090132,pilot_contamination,0.2685,0.6323,103,13,0.633,0.9367,202.9,73.9
CELL_002,UMi,15.33,14,0.003941,0.001,normal,0.0,0.9831,103,38,0.258,0.9599,353.3,44.7
CELL_003,RMa,34.07,3,0.002,0.001,csi_spoofing,0.3364,0.6536,103,8,0.45,0.9397,480.0,58.4
CELL_004,RMa,12.15,6,0.006867,0.00127,normal,0.0,0.9511,103,30,0.55,0.9599,645.2,34.6
CELL_005,RMa,19.78,2,0.030481,0.003848,normal,0.0,0.9807,103,13,0.776,0.9597,795.8,33.3
CELL_006,RIS,5.63,21,0.21968,0.082729,normal,0.0,0.9771,103,38,0.497,0.9534,67.3,201.4
CELL_007,RMa,19.29,30,0.007938,0.001,data_poisoning,0.5403,0.4432,103,38,0.606,0.9275,195.0,191.0
CELL_008,RMa,16.87,6,0.017284,0.003029,normal,0.0,0.9721,103,23,0.247,0.9598,347.6,209.3
CELL_009,UMa,6.38,6,0.008788,0.003229,normal,0.0,0.98,103,15,0.213,0.9597,501.9,211.0
CELL_010,InH,12.99,30,0.002,0.001,pilot_contamination,0.4649,0.4158,103,26,0.657,0.932,640.8,209.6
CELL_011,FR2-mmWave,22.31,29,0.002,0.001,normal,0.0,0.9655,103,12,0.42,0.9599,798.1,194.0
CELL_012,RMa,29.09,7,0.002,0.001,normal,0.0,0.9701,103,33,0.454,0.9599,51.8,361.5
CELL_013,NTN-LEO,8.67,30,0.151216,0.03372,normal,0.0,0.9856,103,27,0.553,0.9573,188.6,363.2
CELL_014,RIS,10.18,4,0.305838,0.063166,normal,0.0,0.9521,103,25,0.667,0.9549,350.4,349.2
CELL_015,FR2-mmWave,21.62,29,0.012937,0.001567,data_poisoning,0.865,0.0933,103,14,0.328,0.908,491.5,334.2
CELL_016,UMi,9.04,6,0.023634,0.006437,normal,0.0,0.9936,103,13,0.728,0.9595,623.5,368.8
CELL_017,InH,14.53,29,0.007166,0.001562,normal,0.0,0.9858,103,27,0.848,0.9599,798.3,362.8
CELL_018,RIS,13.23,29,0.029773,0.004541,jamming,0.9507,0.05,103,28,0.762,0.9026,55.5,505.4
CELL_019,InH,17.05,30,0.002,0.001,normal,0.0,0.9557,103,20,0.64,0.9599,218.5,515.3
CELL_020,UMa,28.45,24,0.002,0.001,normal,0.0,0.9737,103,22,0.923,0.9599,338.2,460.6
CELL_021,InH,18.43,2,0.019255,0.003032,normal,0.0,0.9542,103,31,0.651,0.9598,518.5,482.2
CELL_022,RIS,24.53,19,0.002,0.001,normal,0.0,0.961,103,25,0.365,0.9599,646.3,518.0
CELL_023,InH,10.68,17,0.592768,0.097398,jamming,0.4345,0.3529,103,33,0.643,0.9261,804.3,495.6
CELL_000,RMa,29.86,7,0.002,0.001,normal,0.0,0.9779,104,19,0.411,0.9599,45.9,41.7
CELL_001,FR2-mmWave,14.86,25,0.026608,0.003937,pilot_contamination,0.9772,0.05,104,24,0.576,0.9011,206.0,32.1
CELL_002,RMa,17.26,3,0.014108,0.002011,normal,0.0,0.9818,104,21,0.341,0.9598,351.5,43.6
CELL_003,NTN-LEO,17.73,21,0.002,0.001,normal,0.0,0.9971,104,20,0.236,0.9599,502.5,57.0
CELL_004,NTN-LEO,10.18,22,0.002,0.001,normal,0.0,0.9803,104,30,0.575,0.9599,653.4,62.8
CELL_005,RMa,3.65,21,0.002,0.001,normal,0.0,0.96,104,22,0.923,0.9599,825.7,55.6
CELL_006,InH,12.62,11,0.03919,0.00811,normal,0.0,0.9668,104,20,0.329,0.9594,42.5,195.6
CELL_007,THz,17.43,29,0.131909,0.021826,normal,0.0,0.9729,104,22,0.279,0.9583,223.8,197.2
CELL_008,RMa,17.37,28,0.00714,0.001,false_csi_injection,0.3032,0.6573,104,17,0.764,0.9417,346.7,201.4
CELL_009,FR2-mmWave,22.68,30,0.002,0.001,normal,0.0,0.9924,104,25,0.766,0.9599,497.9,200.4
CELL_010,UMa,18.71,11,0.01315,0.002376,normal,0.0,0.9789,104,30,0.863,0.9598,642.1,202.4
CELL_011,THz,14.17,4,0.018845,0.003349,jamming,0.452,0.3219,104,11,0.681,0.9326,802.8,198.8
CELL_012,RMa,4.52,24,0.095684,0.024398,normal,0.0,0.9844,104,37,0.757,0.958,47.0,349.4
CELL_013,UMi,20.63,9,0.003109,0.001,normal,0.0,0.9993,104,24,0.419,0.9599,195.1,340.5
CELL_014,UMa,23.81,30,0.009101,0.001,data_poisoning,0.6107,0.37,104,11,0.296,0.9233,366.9,357.9
CELL_015,UMi,4.17,31,0.493442,0.131427,normal,0.0,0.9995,104,30,0.833,0.9495,510.7,364.9
CELL_016,UMa,7.23,18,0.016037,0.00264,jamming,0.3088,0.5227,104,33,0.792,0.9413,642.6,352.8
CELL_017,RIS,8.82,4,0.054409,0.013182,csi_spoofing,0.2135,0.7498,104,11,0.896,0.9461,798.7,351.9
CELL_018,FR2-mmWave,10.45,17,0.002,0.001,normal,0.0,0.9691,104,9,0.769,0.9599,25.2,500.2
CELL_019,RMa,8.22,17,0.041263,0.00909,normal,0.0,0.9666,104,25,0.288,0.9593,203.2,483.8
CELL_020,InH,20.46,2,0.002,0.001,false_csi_injection,0.6545,0.3204,104,25,0.914,0.9206,365.6,483.5
CELL_021,UMi,21.2,3,0.002,0.001,normal,0.0,0.9803,104,27,0.531,0.9599,498.8,497.1
CELL_022,UMi,12.18,2,0.162781,0.020824,jamming,0.9194,0.05,104,17,0.657,0.9032,628.9,495.7
CELL_023,FR2-mmWave,-3.95,17,1.2,0.9,normal,0.0,0.9791,104,23,0.352,0.888,833.4,498.2
CELL_000,InH,9.88,14,0.004677,0.001019,normal,0.0,0.9982,105,24,0.363,0.9599,51.2,34.7
CELL_001,UMa,15.49,25,0.01402,0.002198,normal,0.0,0.983,105,12,0.428,0.9598,187.3,48.9
CELL_002,NTN-LEO,5.99,11,1.036639,0.173502,jamming,0.3371,0.5015,105,38,0.84,0.9259,339.9,45.4
CELL_003,FR2-mmWave,16.91,5,0.002,0.001,normal,0.0,0.9899,105,38,0.742,0.9599,489.2,61.4
CELL_004,NTN-LEO,14.56,2,0.002,0.001,adversarial,0.2158,0.7381,105,13,0.284,0.947,642.6,51.8
CELL_005,InH,13.99,30,0.002,0.001,normal,0.0,0.9624,105,17,0.328,0.9599,789.4,34.8
CELL_006,FR2-mmWave,24.79,30,0.009846,0.001,jamming,0.7694,0.05,105,19,0.258,0.9138,38.8,201.3
CELL_007,THz,19.69,24,0.053761,0.008393,pilot_contamination,0.363,0.5384,105,24,0.882,0.9375,195.7,210.3
CELL_008,RMa,5.81,20,0.367021,0.119099,normal,0.0,0.9929,105,33,0.743,0.9505,360.5,205.6
CELL_009,FR2-mmWave,-3.6,7,0.00749,0.003362,normal,0.0,0.9714,105,37,0.213,0.9597,521.6,197.0
CELL_010,THz,9.3,5,0.024845,0.004943,false_csi_injection,0.1294,0.8302,105,18,0.566,0.9518,656.8,195.8
CELL_011,RIS,7.37,25,0.002,0.001,normal,0.0,0.9925,105,28,0.421,0.9599,802.2,185.0
CELL_012,NTN-LEO,13.08,22,0.014149,0.003653,normal,0.0,0.9838,105,34,0.398,0.9597,36.3,374.3
CELL_013,UMi,14.14,13,0.002,0.001,normal,0.0,0.99,105,14,0.747,0.9599,200.9,340.5
CELL_014,RMa,-3.13,4,0.7572,0.229183,normal,0.0,0.9936,105,24,0.44,0.9417,358.3,334.7
CELL_015,UMi,3.98,11,0.516964,0.134977,normal,0.0,0.9961,105,18,0.355,0.9492,480.4,347.9
CELL_016,THz,-1.26,29,0.002452,0.001,pilot_contamination,0.3791,0.5101,105,13,0.79,0.9372,657.2,342.4
CELL_017,RMa,25.26,13,0.002,0.001,normal,0.0,0.9786,105,24,0.538,0.9599,790.6,358.3
CELL_018,FR2-mmWave,14.22,2,0.204028,0.045073,normal,0.0,0.9717,105,16,0.5,0.9564,50.8,488.2
CELL_019,FR2-mmWave,14.38,29,0.003211,0.001,normal,0.0,0.9911,105,26,0.635,0.9599,201.7,520.6
CELL_020,UMi,10.39,5,1.2,0.264048,pilot_contamination,0.2563,0.6574,105,20,0.463,0.9235,355.1,507.8
CELL_021,UMa,5.16,16,0.083428,0.020834,normal,0.0,0.953,105,19,0.404,0.9583,482.0,478.6
CELL_022,InH,17.43,18,0.002,0.001,normal,0.0,0.9648,105,22,0.389,0.9599,652.2,491.2
CELL_023,THz,11.64,23,0.104321,0.031967,normal,0.0,0.9785,105,29,0.856,0.9574,790.3,495.9
CELL_000,NTN-LEO,-0.01,15,0.028138,0.00865,normal,0.0,0.9993,106,32,0.316,0.9593,47.0,58.3
CELL_001,UMi,9.09,31,0.580616,0.130813,normal,0.0,0.9916,106,22,0.346,0.9495,171.7,53.4
CELL_002,InH,19.55,25,0.006928,0.00156,normal,0.0,0.9935,106,22,0.253,0.9599,365.4,38.1
CELL_003,RMa,17.94,7,0.002,0.001,normal,0.0,0.9862,106,34,0.723,0.9599,489.0,80.0
CELL_004,RIS,21.44,11,0.046715,0.009698,normal,0.0,0.9696,106,11,0.744,0.9592,652.3,55.1
CELL_005,UMi,10.75,13,0.140198,0.024792,pilot_contamination,0.1327,0.8219,106,24,0.577,0.9501,802.6,62.9
CELL_006,RIS,17.05,14,0.002,0.001,false_csi_injection,0.2731,0.7054,106,20,0.498,0.9435,33.6,201.6
CELL_007,UMa,28.56,16,0.002,0.001,normal,0.0,0.9677,106,32,0.452,0.9599,207.2,190.9
CELL_008,THz,16.91,7,0.002,0.001,normal,0.0,0.9628,106,8,0.791,0.9599,363.5,192.1
CELL_009,RMa,3.42,27,1.2,0.373221,normal,0.0,0.9551,106,36,0.761,0.9301,499.9,195.7
CELL_010,RMa,18.83,21,0.005763,0.001,false_csi_injection,0.2063,0.7893,106,16,0.905,0.9475,644.8,185.7
CELL_011,FR2-mmWave,21.53,18,0.002,0.001,normal,0.0,0.952,106,18,0.397,0.9599,800.4,168.6
CELL_012,RIS,12.81,8,0.124608,0.024904,jamming,0.1046,0.8349,106,20,0.391,0.9517,42.8,339.4
CELL_013,RIS,21.64,22,0.003612,0.001,normal,0.0,0.9977,106,8,0.63,0.9599,209.2,357.3
CELL_014,InH,13.52,30,0.190823,0.035344,normal,0.0,0.9653,106,27,0.853,0.9572,379.3,336.5
CELL_015,NTN-LEO,5.8,3,0.075483,0.018601,normal,0.0,0.9808,106,33,0.927,0.9585,500.7,342.7
CELL_016,UMa,18.31,28,0.010434,0.001509,normal,0.0,0.9555,106,21,0.844,0.9599,659.5,336.9
CELL_017,NTN-LEO,-5.0,3,0.382517,0.171712,normal,0.0,0.993,106,28,0.686,0.9463,773.9,366.0
CELL_018,NTN-LEO,9.27,16,0.741666,0.161163,normal,0.0,0.9765,106,9,0.254,0.9471,46.2,487.1
CELL_019,RMa,29.45,2,0.008583,0.001,normal,0.0,0.9522,106,14,0.297,0.9599,208.1,489.4
CELL_020,UMa,25.3,24,0.002283,0.001,normal,0.0,0.9629,106,8,0.582,0.9599,331.3,472.4
CELL_021,InH,9.77,7,0.011365,0.003009,normal,0.0,0.9851,106,31,0.239,0.9598,503.4,510.9
CELL_022,FR2-mmWave,12.04,21,0.002,0.001,normal,0.0,0.9566,106,35,0.392,0.9599,657.5,503.2
CELL_023,UMi,4.55,11,0.116382,0.030354,normal,0.0,0.9562,106,21,0.277,0.9576,792.1,488.4
CELL_000,NTN-LEO,18.3,10,0.002,0.001,normal,0.0,0.9677,107,30,0.47,0.9599,42.8,55.0
CELL_001,RMa,24.45,12,0.002,0.001,normal,0.0,0.9798,107,16,0.477,0.9599,209.3,77.0
CELL_002,THz,19.36,2,0.002,0.001,csi_spoofing,0.3956,0.5786,107,15,0.494,0.9362,356.4,56.0
CELL_003,NTN-LEO,10.16,7,0.030366,0.00635,normal,0.0,0.9997,107,36,0.462,0.9595,482.7,54.9
CELL_004,UMa,1.39,24,0.084389,0.025681,normal,0.0,0.9639,107,26,0.667,0.9579,643.7,63.2
CELL_005,InH,4.94,26,0.086282,0.018224,jamming,0.3757,0.4479,107,23,0.863,0.936,798.0,64.0
CELL_006,UMa,21.07,16,0.004713,0.001,normal,0.0,0.983,107,38,0.631,0.9599,47.5,188.8
CELL_007,RMa,10.86,3,0.021784,0.003395,false_csi_injection,0.2405,0.7322,107,12,0.37,0.9453,201.9,196.2
CELL_008,FR2-mmWave,24.13,19,0.002,0.001,normal,0.0,0.9771,107,33,0.28,0.9599,333.1,212.0
CELL_009,THz,2.09,20,1.09272,0.460364,normal,0.0,0.9521,107,27,0.215,0.9232,521.1,207.3
CELL_010,RIS,6.06,11,0.004409,0.001094,normal,0.0,0.9939,107,15,0.594,0.9599,660.0,206.3
CELL_011,THz,-0.83,7,0.533906,0.174821,normal,0.0,0.98,107,15,0.501,0.946,799.7,201.8
CELL_012,NTN-LEO,1.75,22,0.451509,0.19225,normal,0.0,0.9707,107,24,0.301,0.9446,57.4,320.6
CELL_013,RMa,-1.63,4,1.2,0.362318,pilot_contamination,0.6814,0.144,107,33,0.853,0.8901,204.3,351.1
CELL_014,InH,-2.05,6,0.902348,0.273632,adversarial,0.4984,0.4948,107,23,0.539,0.9082,323.6,348.3
CELL_015,THz,22.11,10,0.002,0.001,false_csi_injection,0.5136,0.4571,107,11,0.609,0.9291,495.0,352.2
CELL_016,UMi,19.69,12,0.002,0.001,csi_spoofing,0.9567,0.05,107,35,0.391,0.9025,664.3,347.8
CELL_017,NTN-LEO,25.39,20,0.015674,0.001646,backdoor,0.8244,0.1456,107,13,0.749,0.9104,779.7,345.7
CELL_018,NTN-LEO,1.39,6,0.499223,0.116667,pilot_contamination,0.1853,0.7293,107,36,0.858,0.9395,52.6,493.4
CELL_019,RIS,2.91,5,0.850841,0.208358,pilot_contamination,0.6835,0.1393,107,30,0.505,0.9023,201.6,494.4
CELL_020,NTN-LEO,29.1,9,0.002,0.001,normal,0.0,0.9784,107,10,0.404,0.9599,351.7,498.0
CELL_021,NTN-LEO,7.53,25,0.024215,0.007692,normal,0.0,0.9665,107,8,0.779,0.9594,508.2,504.6
CELL_022,InH,16.43,3,0.002,0.001,normal,0.0,0.9918,107,21,0.333,0.9599,637.8,494.4
CELL_023,InH,3.8,12,1.2,0.377705,csi_spoofing,0.9723,0.05,107,8,0.88,0.8714,817.9,497.3
CELL_000,RMa,18.27,23,0.012971,0.001932,normal,0.0,0.9577,108,12,0.37,0.9598,35.2,53.2
CELL_001,UMi,11.25,28,0.005404,0.001072,normal,0.0,0.9516,108,39,0.226,0.9599,190.8,37.3
CELL_002,UMi,13.13,0,0.002644,0.001,normal,0.0,0.9787,108,20,0.777,0.9599,355.7,29.9
CELL_003,InH,8.13,6,0.081127,0.013623,pilot_contamination,0.6856,0.1736,108,16,0.862,0.9178,499.2,56.0
CELL_004,UMa,10.59,9,0.003589,0.001,normal,0.0,0.9914,108,16,0.934,0.9599,669.1,61.9
CELL_005,RMa,18.57,26,0.0289,0.003846,normal,0.0,0.9647,108,35,0.255,0.9597,795.0,63.1
CELL_006,InH,6.47,8,0.437247,0.105644,normal,0.0,0.9772,108,38,0.294,0.9515,60.0,211.4
CELL_007,UMi,6.99,11,1.152528,0.266539,normal,0.0,0.9946,108,38,0.558,0.9387,195.3,201.7
CELL_008,RIS,16.25,22,0.027391,0.005541,normal,0.0,0.955,108,11,0.488,0.9596,344.1,205.1
CELL_009,UMi,-1.94,14,1.186853,0.360039,normal,0.0,0.9995,108,21,0.416,0.9312,501.1,193.6
CELL_010,RIS,3.52,6,1.162952,0.258678,jamming,0.7923,0.05,108,15,0.602,0.8918,653.8,182.7
CELL_011,UMa,15.63,4,0.002775,0.001,normal,0.0,0.988,108,37,0.569,0.9599,811.1,192.9
CELL_012,UMi,13.78,6,0.099829,0.014944,false_csi_injection,0.1942,0.7639,108,17,0.643,0.9472,58.7,373.3
CELL_013,RMa,7.0,8,0.002,0.001,normal,0.0,0.9523,108,29,0.221,0.9599,215.4,364.7
CELL_014,InH,13.92,17,0.009174,0.001668,normal,0.0,0.9924,108,20,0.836,0.9599,340.0,353.6
CELL_015,RIS,8.96,15,0.026369,0.008884,normal,0.0,0.9557,108,18,0.469,0.9593,513.8,338.5
CELL_016,NTN-LEO,13.96,25,0.01672,0.003459,normal,0.0,0.9665,108,35,0.754,0.9597,644.9,337.8
CELL_017,RIS,7.49,6,0.003349,0.001,normal,0.0,0.9961,108,25,0.75,0.9599,802.1,345.1
CELL_018,UMa,22.24,23,0.002,0.001,false_csi_injection,0.2211,0.7451,108,26,0.815,0.9467,41.4,498.7
CELL_019,UMi,3.21,19,1.2,0.9,normal,0.0,0.9621,108,16,0.394,0.888,201.3,488.8
CELL_020,RMa,16.22,10,0.002,0.001,csi_spoofing,0.5539,0.3986,108,22,0.334,0.9267,345.9,496.3
CELL_021,InH,16.75,5,0.002,0.001,false_csi_injection,0.3642,0.6213,108,32,0.247,0.9381,479.8,510.2
CELL_022,NTN-LEO,11.09,13,0.026848,0.008392,normal,0.0,0.9951,108,16,0.442,0.9593,668.4,494.6
CELL_023,RIS,15.82,22,0.133167,0.034887,normal,0.0,0.9828,108,36,0.422,0.9572,803.5,525.3
CELL_000,NTN-LEO,3.67,23,0.609574,0.163433,normal,0.0,0.9951,109,30,0.79,0.9469,53.9,69.6
CELL_001,NTN-LEO,7.64,22,0.007969,0.002808,normal,0.0,0.9761,109,13,0.411,0.9598,204.3,40.6
CELL_002,RMa,23.14,30,0.005368,0.001,normal,0.0,0.984,109,20,0.614,0.9599,335.9,54.8
CELL_003,RMa,23.09,18,0.002,0.001,normal,0.0,0.9663,109,8,0.753,0.9599,486.7,66.5
CELL_004,UMi,2.68,7,0.177706,0.051583,normal,0.0,0.9598,109,38,0.793,0.9559,631.6,57.9
CELL_005,FR2-mmWave,10.79,14,0.089323,0.013889,pilot_contamination,0.8966,0.05,109,35,0.557,0.9051,794.8,59.5
CELL_006,THz,17.71,23,0.002,0.001,normal,0.0,0.9697,109,22,0.359,0.9599,68.4,208.6
CELL_007,InH,5.37,29,0.002692,0.001,normal,0.0,0.9649,109,29,0.825,0.9599,196.1,194.8
CELL_008,RMa,7.86,16,0.246303,0.055097,normal,0.0,0.9777,109,14,0.589,0.9556,351.1,197.3
CELL_009,InH,9.43,12,0.006111,0.001313,normal,0.0,0.9773,109,36,0.629,0.9599,504.9,208.1
CELL_010,THz,15.29,14,0.002,0.001,pilot_contamination,0.5079,0.3532,109,38,0.545,0.9294,641.7,228.9
CELL_011,RIS,10.08,18,1.2,0.298685,csi_spoofing,0.8605,0.1093,109,26,0.787,0.8845,799.4,210.0
CELL_012,UMa,7.44,10,0.016222,0.003681,normal,0.0,0.993,109,12,0.835,0.9597,62.1,360.4
CELL_013,RIS,15.77,3,0.002573,0.001,backdoor,0.7171,0.2425,109,13,0.21,0.9169,204.3,352.1
CELL_014,NTN-LEO,3.52,7,0.407164,0.164054,normal,0.0,0.9915,109,18,0.635,0.9469,347.3,338.2
CELL_015,FR2-mmWave,4.69,25,0.17748,0.052284,backdoor,0.2953,0.7035,109,25,0.586,0.9381,492.0,360.3
CELL_016,FR2-mmWave,7.98,4,0.033592,0.011703,normal,0.0,0.9702,109,38,0.244,0.9591,622.8,352.3
CELL_017,RMa,19.29,0,0.009902,0.001266,normal,0.0,0.9982,109,34,0.237,0.9599,803.2,345.4
CELL_018,FR2-mmWave,35.0,11,0.002,0.001,normal,0.0,0.9884,109,8,0.761,0.9599,53.4,505.8
CELL_019,InH,16.96,3,0.064499,0.009717,normal,0.0,0.9949,109,23,0.847,0.9592,193.4,496.9
CELL_020,RIS,2.69,14,0.002,0.001,csi_spoofing,0.9539,0.05,109,27,0.923,0.9027,372.0,497.1
CELL_021,RMa,5.59,4,0.297083,0.073441,normal,0.0,0.9647,109,37,0.9,0.9541,508.7,522.3
CELL_022,THz,23.82,27,0.002,0.001,pilot_contamination,0.5531,0.3199,109,11,0.81,0.9267,649.7,500.8
CELL_023,FR2-mmWave,8.81,30,0.002,0.001,pilot_contamination,0.1096,0.8327,109,39,0.665,0.9533,794.8,483.7
CELL_000,THz,-5.0,23,0.440658,0.197811,normal,0.0,0.9922,110,12,0.727,0.9442,50.3,47.2
CELL_001,UMa,34.98,10,0.002,0.001,normal,0.0,0.9825,110,39,0.827,0.9599,198.7,53.9
CELL_002,UMa,2.46,4,0.362008,0.102906,normal,0.0,0.9945,110,38,0.408,0.9518,349.7,52.3
CELL_003,FR2-mmWave,16.32,28,0.118445,0.021287,adversarial,0.4295,0.5434,110,8,0.314,0.9325,497.9,40.8
CELL_004,UMi,1.42,8,0.392563,0.115977,normal,0.0,0.9712,110,28,0.38,0.9507,660.5,50.7
CELL_005,FR2-mmWave,16.25,30,0.003179,0.001,normal,0.0,0.966,110,15,0.71,0.9599,788.6,53.4
CELL_006,UMi,10.8,22,0.00356,0.001,data_poisoning,0.4227,0.5437,110,25,0.841,0.9346,15.4,192.4
CELL_007,THz,-3.26,8,0.300852,0.135052,normal,0.0,0.978,110,21,0.371,0.9492,190.5,224.3
CELL_008,UMi,25.71,1,0.005755,0.001,pilot_contamination,0.1556,0.8077,110,31,0.349,0.9506,353.4,209.7
CELL_009,THz,26.34,21,0.002,0.001,normal,0.0,0.9745,110,37,0.239,0.9599,499.6,196.9
CELL_010,InH,7.55,17,0.081662,0.019609,normal,0.0,0.9615,110,20,0.79,0.9584,644.8,214.7
CELL_011,UMa,3.71,14,0.551788,0.128094,false_csi_injection,0.1134,0.8853,110,14,0.824,0.9429,783.1,206.9
CELL_012,RMa,11.62,7,0.064573,0.013221,normal,0.0,0.9949,110,31,0.434,0.9589,38.9,351.3
CELL_013,InH,14.96,21,0.006827,0.001137,normal,0.0,0.9591,110,14,0.327,0.9599,204.9,339.2
CELL_014,RIS,25.49,3,0.002433,0.001,normal,0.0,0.9692,110,22,0.261,0.9599,356.0,355.2
CELL_015,UMi,16.07,17,0.083754,0.013206,normal,0.0,0.9736,110,29,0.391,0.9589,507.4,359.7
CELL_016,RIS,10.3,1,0.050364,0.013058,normal,0.0,0.9754,110,35,0.549,0.959,633.9,343.1
CELL_017,RMa,16.53,11,0.041593,0.006255,normal,0.0,0.9659,110,29,0.246,0.9595,794.5,379.1
CELL_018,RMa,11.51,18,0.34275,0.038144,csi_spoofing,0.8874,0.1041,110,21,0.891,0.9037,44.7,488.7
CELL_019,THz,13.8,12,0.005808,0.001089,csi_spoofing,0.541,0.4253,110,35,0.575,0.9275,180.1,496.8
CELL_020,UMa,7.72,8,0.25394,0.052097,false_csi_injection,0.3312,0.6194,110,10,0.902,0.936,363.0,517.6
CELL_021,UMi,19.26,21,0.007107,0.001073,normal,0.0,0.9524,110,18,0.425,0.9599,490.9,504.7
CELL_022,UMi,23.25,8,0.002,0.001,normal,0.0,0.9607,110,17,0.687,0.9599,637.4,514.9
CELL_023,UMi,22.3,27,0.014544,0.002906,normal,0.0,0.9804,110,10,0.505,0.9598,778.1,509.7
CELL_000,FR2-mmWave,-5.0,2,0.881049,0.395503,normal,0.0,0.9787,111,39,0.895,0.9284,55.9,42.8
CELL_001,UMi,15.59,22,0.035886,0.006021,normal,0.0,0.9767,111,11,0.645,0.9595,204.8,53.4
CELL_002,UMa,13.83,13,0.002,0.001,normal,0.0,0.9798,111,9,0.649,0.9599,345.1,36.6
CELL_003,FR2-mmWave,18.0,6,0.002,0.001,normal,0.0,0.9792,111,19,0.467,0.9599,500.9,58.9
CELL_004,RIS,13.13,12,0.005894,0.001711,normal,0.0,0.9558,111,30,0.323,0.9599,657.1,45.2
CELL_005,InH,14.86,16,0.008827,0.001534,normal,0.0,0.9666,111,13,0.884,0.9599,812.8,42.3
CELL_006,InH,21.7,0,0.002,0.001,adversarial,0.2047,0.747,111,15,0.636,0.9476,45.8,184.2
CELL_007,FR2-mmWave,23.27,0,0.002,0.001,normal,0.0,0.9717,111,19,0.442,0.9599,180.5,205.1
CELL_008,UMi,12.92,22,0.006785,0.001,pilot_contamination,0.4431,0.4293,111,39,0.803,0.9333,350.4,194.0
CELL_009,THz,20.26,30,0.004282,0.001,normal,0.0,0.9663,111,21,0.791,0.9599,504.6,219.1
CELL_010,UMi,5.68,4,0.095415,0.029431,normal,0.0,0.9683,111,12,0.311,0.9576,641.1,199.4
CELL_011,RMa,8.46,27,1.2,0.266001,normal,0.0,0.9616,111,10,0.308,0.9387,800.0,172.7
CELL_012,NTN-LEO,14.5,30,0.109244,0.011377,pilot_contamination,0.6333,0.2142,111,37,0.463,0.9211,31.8,349.9
CELL_013,UMi,5.43,30,0.095736,0.024115,normal,0.0,0.9938,111,33,0.503,0.9581,222.1,369.0
CELL_014,RMa,4.88,18,0.062011,0.013073,pilot_contamination,0.161,0.7974,111,13,0.885,0.9493,341.7,360.4
CELL_015,RIS,21.34,10,0.002,0.001,normal,0.0,0.996,111,24,0.647,0.9599,483.2,363.1
CELL_016,FR2-mmWave,12.22,4,0.002,0.001,normal,0.0,0.9902,111,13,0.632,0.9599,666.5,353.7
CELL_017,RMa,15.86,0,0.010903,0.001109,csi_spoofing,0.8887,0.0851,111,38,0.87,0.9066,786.9,356.8
CELL_018,InH,-0.84,19,0.290651,0.052135,jamming,0.7441,0.05,111,32,0.945,0.9112,53.4,517.4
CELL_019,RIS,7.89,19,0.002,0.001,pilot_contamination,0.4664,0.3933,111,39,0.754,0.9319,185.9,503.5
CELL_020,THz,10.02,23,0.002,0.001,normal,0.0,0.9732,111,35,0.786,0.9599,357.0,501.0
CELL_021,RMa,19.25,30,0.002857,0.001,normal,0.0,0.996,111,24,0.224,0.9599,502.7,524.0
CELL_022,UMa,20.02,8,0.002207,0.001,normal,0.0,0.9943,111,33,0.326,0.9599,655.5,501.4
CELL_023,FR2-mmWave,14.78,29,0.002,0.001,normal,0.0,0.9872,111,20,0.317,0.9599,820.6,499.7
CELL_000,THz,7.45,0,0.0167,0.005923,normal,0.0,0.9609,112,35,0.217,0.9595,46.2,54.5
CELL_001,InH,8.3,29,0.146404,0.041005,normal,0.0,0.9903,112,28,0.522,0.9567,209.5,41.4
CELL_002,THz,10.95,4,0.017243,0.004406,false_csi_injection,0.2015,0.7525,112,20,0.625,0.9476,338.5,49.5
CELL_003,InH,14.19,10,0.002,0.001,normal,0.0,0.9822,112,11,0.22,0.9599,487.3,44.2
CELL_004,UMi,17.94,12,0.02629,0.003764,normal,0.0,0.9997,112,26,0.309,0.9597,645.3,47.1
CELL_005,NTN-LEO,18.8,21,0.043985,0.005906,normal,0.0,0.9878,112,22,0.608,0.9595,796.7,63.1
CELL_006,RMa,13.36,19,0.002,0.001,normal,0.0,0.9789,112,31,0.685,0.9599,60.4,207.7
CELL_007,UMa,17.88,3,0.002,0.001,normal,0.0,0.9822,112,8,0.641,0.9599,205.4,203.8
CELL_008,InH,12.85,27,0.003085,0.001,normal,0.0,0.9932,112,17,0.36,0.9599,368.7,223.9
CELL_009,UMa,7.24,27,0.005893,0.001349,normal,0.0,0.9809,112,33,0.216,0.9599,487.0,179.9
CELL_010,RMa,3.34,30,0.018989,0.003829,false_csi_injection,0.3021,0.6626,112,20,0.68,0.9416,635.9,199.2
CELL_011,THz,8.11,10,0.002,0.001,normal,0.0,0.9988,112,24,0.714,0.9599,803.6,220.7
CELL_012,InH,21.81,10,0.012473,0.001,jamming,0.5003,0.2704,112,32,0.279,0.9299,49.0,363.7
CELL_013,THz,19.28,30,0.003839,0.001,normal,0.0,0.9878,112,31,0.715,0.9599,192.6,345.7
CELL_014,UMi,7.21,10,0.128076,0.037366,normal,0.0,0.9827,112,37,0.729,0.957,355.3,361.3
CELL_015,RMa,0.56,14,0.973659,0.29023,normal,0.0,0.9639,112,24,0.43,0.9368,510.1,333.1
CELL_016,UMi,14.34,4,0.006778,0.00149,normal,0.0,0.9654,112,8,0.295,0.9599,644.6,336.9
CELL_017,RMa,15.09,24,0.015588,0.0026,normal,0.0,0.9738,112,15,0.359,0.9598,797.8,363.7
CELL_018,NTN-LEO,15.34,0,0.005396,0.001,normal,0.0,0.9503,112,15,0.387,0.9599,66.6,510.2
CELL_019,RIS,13.18,1,0.002,0.001,jamming,0.3435,0.4836,112,18,0.236,0.9393,222.1,502.1
CELL_020,RIS,19.6,12,0.002,0.001,normal,0.0,0.9548,112,18,0.598,0.9599,357.8,521.6
CELL_021,THz,22.63,4,0.005385,0.00106,normal,0.0,0.9738,112,23,0.27,0.9599,498.9,492.8
CELL_022,RIS,22.45,15,0.002,0.001,normal,0.0,0.9737,112,20,0.545,0.9599,647.6,513.5
CELL_023,InH,18.78,8,0.115109,0.015167,normal,0.0,0.9862,112,13,0.306,0.9588,804.4,510.7
CELL_000,FR2-mmWave,15.33,8,0.002,0.001,pilot_contamination,0.813,0.05,113,17,0.712,0.9111,54.5,74.8
CELL_001,InH,10.09,15,0.010783,0.003493,normal,0.0,0.9702,113,12,0.289,0.9597,192.2,49.1
CELL_002,UMa,18.84,29,0.002,0.001,csi_spoofing,0.8759,0.1092,113,16,0.815,0.9074,345.9,35.8
CELL_003,THz,12.65,29,1.099039,0.240517,pilot_contamination,0.2765,0.6534,113,12,0.235,0.9242,490.3,54.3
CELL_004,FR2-mmWave,8.1,12,1.2,0.294128,jamming,0.9171,0.05,113,33,0.872,0.8814,629.7,43.2
CELL_005,NTN-LEO,29.61,21,0.002,0.001,jamming,0.2838,0.5608,113,38,0.913,0.9429,785.0,59.5
CELL_006,InH,19.18,5,0.058175,0.004739,jamming,0.6384,0.0743,113,32,0.929,0.9213,54.9,211.8
CELL_007,THz,-1.26,24,0.040233,0.008374,csi_spoofing,0.6377,0.3621,113,35,0.894,0.9211,194.9,218.4
CELL_008,NTN-LEO,8.78,21,0.127398,0.032707,normal,0.0,0.9763,113,21,0.205,0.9574,339.7,201.9
CELL_009,UMa,17.53,25,0.01541,0.00232,normal,0.0,0.9564,113,18,0.333,0.9598,509.2,201.0
CELL_010,UMi,24.02,30,0.002,0.001,normal,0.0,0.9866,113,22,0.632,0.9599,654.7,213.1
CELL_011,FR2-mmWave,10.79,14,0.089323,0.013889,pilot_contamination,0.8966,0.05,113,18,0.466,0.9051,799.3,198.2
CELL_012,UMa,15.69,11,0.013415,0.001451,data_poisoning,0.7331,0.2218,113,11,0.724,0.9159,59.7,358.8
CELL_013,RMa,7.82,19,0.030634,0.004428,adversarial,0.6336,0.3359,113,39,0.904,0.9216,210.8,351.3
CELL_014,THz,15.55,29,0.00755,0.001999,normal,0.0,0.9978,113,31,0.553,0.9598,335.9,345.7
CELL_015,NTN-LEO,17.85,4,0.002667,0.001,normal,0.0,0.9507,113,31,0.598,0.9599,503.1,368.0
CELL_016,RIS,4.4,24,0.084179,0.027175,normal,0.0,0.9933,113,35,0.812,0.9578,651.6,364.9
CELL_017,THz,20.64,4,0.010299,0.002214,normal,0.0,0.9509,113,20,0.689,0.9598,814.6,364.8
CELL_018,NTN-LEO,25.44,26,0.006672,0.001,normal,0.0,0.9901,113,16,0.775,0.9599,54.8,503.4
CELL_019,RIS,9.07,3,0.222593,0.060537,normal,0.0,0.969,113,29,0.618,0.9552,178.6,486.4
CELL_020,FR2-mmWave,10.62,10,0.032972,0.006357,adversarial,0.3066,0.6517,113,10,0.697,0.9411,344.0,516.1
CELL_021,NTN-LEO,3.67,23,0.609574,0.163433,normal,0.0,0.9951,113,28,0.566,0.9469,526.6,496.4
CELL_022,RIS,35.0,27,0.002,0.001,normal,0.0,0.9811,113,14,0.355,0.9599,640.6,464.7
CELL_023,NTN-LEO,11.19,21,1.2,0.817733,jamming,0.3753,0.4729,113,11,0.407,0.8721,787.5,516.9
CELL_000,RIS,5.72,11,0.720877,0.270735,normal,0.0,0.9543,114,34,0.695,0.9383,57.4,48.9
CELL_001,UMa,18.21,11,0.006458,0.001,adversarial,0.9376,0.05,114,21,0.237,0.9037,207.7,61.3
CELL_002,NTN-LEO,22.18,30,0.002794,0.001,jamming,0.2587,0.5882,114,11,0.627,0.9444,344.8,52.6
CELL_003,THz,7.55,27,0.938776,0.331845,normal,0.0,0.9548,114,34,0.217,0.9335,506.8,63.3
CELL_004,UMi,10.6,14,0.006914,0.001402,normal,0.0,0.9649,114,14,0.605,0.9599,644.8,44.9
CELL_005,RMa,14.53,20,0.1984,0.033498,normal,0.0,0.9507,114,29,0.727,0.9573,792.3,45.8
CELL_006,NTN-LEO,12.37,3,0.06819,0.018097,normal,0.0,0.9837,114,9,0.583,0.9586,65.6,210.7
CELL_007,UMi,20.72,0,0.016397,0.003512,normal,0.0,0.9742,114,34,0.243,0.9597,188.5,241.3
CELL_008,THz,14.04,19,0.002,0.001,data_poisoning,0.3757,0.5916,114,37,0.932,0.9374,351.4,194.3
CELL_009,InH,11.23,7,0.622779,0.127957,normal,0.0,0.9751,114,28,0.517,0.9498,479.6,220.5
CELL_010,InH,20.27,11,0.015529,0.001958,normal,0.0,0.9898,114,39,0.231,0.9598,653.4,195.5
CELL_011,UMi,13.02,18,0.004664,0.001,pilot_contamination,0.5549,0.325,114,9,0.788,0.9266,782.9,208.1
CELL_012,THz,17.46,4,0.00384,0.001,normal,0.0,0.9837,114,22,0.652,0.9599,61.4,356.4
CELL_013,InH,24.07,16,0.002,0.001,normal,0.0,0.95,114,18,0.363,0.9599,203.8,330.8
CELL_014,UMa,8.33,24,0.279011,0.064879,normal,0.0,0.9706,114,37,0.918,0.9548,348.4,357.3
CELL_015,UMi,8.09,13,0.720558,0.159088,normal,0.0,0.9538,114,37,0.781,0.9473,487.8,360.5
CELL_016,FR2-mmWave,19.87,20,0.012522,0.002782,normal,0.0,0.9827,114,23,0.74,0.9598,670.7,358.9
CELL_017,RIS,5.48,26,1.2,0.717888,normal,0.0,0.9527,114,22,0.605,0.9026,801.9,355.3
CELL_018,THz,-5.0,6,0.82303,0.26776,jamming,0.2623,0.5854,114,9,0.594,0.9228,58.8,520.6
CELL_019,FR2-mmWave,11.92,25,0.004756,0.001443,normal,0.0,0.9804,114,13,0.348,0.9599,193.6,502.9
CELL_020,THz,2.91,13,0.013422,0.005513,normal,0.0,0.9676,114,11,0.712,0.9596,360.1,525.2
CELL_021,InH,8.06,28,0.002,0.001,normal,0.0,0.9655,114,20,0.51,0.9599,507.6,513.8
CELL_022,FR2-mmWave,13.12,13,0.017013,0.004275,pilot_contamination,0.1087,0.8482,114,20,0.231,0.9531,655.2,511.7
CELL_023,InH,5.83,26,0.246132,0.063321,normal,0.0,0.9669,114,19,0.385,0.9549,790.8,478.2
CELL_000,UMa,18.3,26,0.043223,0.006327,normal,0.0,0.9523,115,33,0.686,0.9595,42.3,33.2
CELL_001,FR2-mmWave,6.77,26,0.063979,0.019594,adversarial,0.1576,0.8324,115,11,0.416,0.949,199.4,45.6
CELL_002,InH,2.07,3,0.016722,0.007049,normal,0.0,0.9717,115,36,0.27,0.9594,348.7,59.4
CELL_003,NTN-LEO,-0.5,18,0.072744,0.024942,normal,0.0,0.9833,115,31,0.204,0.958,498.4,45.3
CELL_004,RIS,7.97,5,0.002,0.001,normal,0.0,0.9584,115,13,0.385,0.9599,614.8,22.5
CELL_005,FR2-mmWave,21.1,29,0.016435,0.003463,normal,0.0,0.9968,115,12,0.201,0.9597,784.4,35.6
CELL_006,FR2-mmWave,26.0,22,0.002,0.001,normal,0.0,0.9649,115,21,0.749,0.9599,52.2,213.5
CELL_007,RIS,8.39,8,0.010107,0.002279,normal,0.0,0.9696,115,36,0.241,0.9598,199.3,180.6
CELL_008,InH,5.02,21,0.185875,0.058702,normal,0.0,0.9764,115,23,0.908,0.9553,368.0,189.2
CELL_009,UMa,6.03,2,0.499367,0.123565,normal,0.0,0.9929,115,13,0.803,0.9501,496.0,204.5
CELL_010,UMa,15.39,0,0.08858,0.013993,normal,0.0,0.9766,115,32,0.404,0.9589,631.6,219.1
CELL_011,THz,18.55,11,0.002,0.001,normal,0.0,0.9551,115,28,0.206,0.9599,814.0,219.0
CELL_012,THz,24.13,13,0.002687,0.001,normal,0.0,0.9932,115,34,0.855,0.9599,31.6,337.2
CELL_013,InH,-2.53,12,0.147338,0.038839,pilot_contamination,0.725,0.1193,115,35,0.538,0.9134,205.2,352.0
CELL_014,THz,9.08,2,0.025597,0.008588,normal,0.0,0.9991,115,14,0.732,0.9593,353.2,362.7
CELL_015,THz,12.94,29,0.002,0.001,data_poisoning,0.5821,0.4159,115,8,0.735,0.925,494.2,355.4
CELL_016,RMa,16.15,27,0.012943,0.002146,normal,0.0,0.9653,115,25,0.535,0.9598,622.3,337.8
CELL_017,UMa,13.28,20,0.022695,0.005216,normal,0.0,0.9623,115,17,0.778,0.9596,811.5,353.4
CELL_018,NTN-LEO,3.33,8,1.2,0.9,normal,0.0,0.9596,115,17,0.686,0.888,51.2,523.9
CELL_019,THz,21.9,11,0.004256,0.001,normal,0.0,0.9967,115,14,0.448,0.9599,212.8,502.5
CELL_020,THz,1.42,12,1.2,0.9,csi_spoofing,0.3281,0.6606,115,14,0.71,0.8683,365.7,496.5
CELL_021,UMi,15.38,0,0.023097,0.004218,normal,0.0,0.9703,115,31,0.686,0.9597,487.1,498.4
CELL_022,UMa,15.04,25,0.122251,0.020847,normal,0.0,0.9993,115,27,0.863,0.9583,636.1,501.8
CELL_023,NTN-LEO,14.85,30,0.002,0.001,jamming,0.3708,0.4589,115,29,0.242,0.9377,798.1,492.1
CELL_000,RMa,-0.81,10,0.397286,0.09077,csi_spoofing,0.9147,0.05,116,18,0.732,0.8979,40.0,53.7
CELL_001,InH,10.44,17,0.325642,0.064895,normal,0.0,0.9774,116,30,0.33,0.9548,215.2,59.9
CELL_002,RIS,14.66,6,0.19914,0.033819,normal,0.0,0.9604,116,35,0.412,0.9573,355.4,53.9
CELL_003,UMa,10.02,31,0.037105,0.007959,normal,0.0,0.9799,116,25,0.233,0.9594,492.4,39.0
CELL_004,RMa,9.26,0,0.140189,0.029928,normal,0.0,0.9993,116,27,0.535,0.9576,665.6,53.4
CELL_005,RMa,12.4,25,0.021663,0.004283,normal,0.0,0.9519,116,13,0.472,0.9597,810.5,60.1
CELL_006,FR2-mmWave,3.95,11,0.093469,0.025862,data_poisoning,0.263,0.7202,116,18,0.493,0.9422,55.3,208.1
CELL_007,NTN-LEO,14.66,9,0.00276,0.001,normal,0.0,0.9997,116,29,0.323,0.9599,209.4,190.1
CELL_008,UMi,21.71,21,0.003198,0.001,normal,0.0,0.9907,116,26,0.937,0.9599,358.1,206.6
CELL_009,RMa,2.64,18,0.121308,0.038176,normal,0.0,0.9652,116,33,0.469,0.9569,498.2,183.9
CELL_010,THz,10.51,30,0.004853,0.001207,pilot_contamination,0.2143,0.7087,116,24,0.346,0.947,659.9,188.4
CELL_011,UMi,18.38,29,0.014669,0.001282,backdoor,0.6821,0.291,116,33,0.428,0.919,798.1,208.3
CELL_012,InH,5.56,3,0.482153,0.121593,normal,0.0,0.9848,116,26,0.232,0.9503,42.7,352.4
CELL_013,RMa,9.92,14,0.687692,0.156291,normal,0.0,0.9626,116,29,0.87,0.9475,218.3,347.6
CELL_014,UMi,25.94,21,0.016042,0.001,pilot_contamination,0.7207,0.1331,116,30,0.715,0.9167,338.8,351.9
CELL_015,THz,20.25,18,0.012875,0.001722,data_poisoning,0.7412,0.2403,116,33,0.627,0.9154,506.1,337.1
CELL_016,UMa,12.62,28,0.005017,0.001,data_poisoning,0.8498,0.1127,116,36,0.526,0.9089,639.2,329.9
CELL_017,NTN-LEO,5.59,27,0.078606,0.021489,pilot_contamination,0.1794,0.7462,116,32,0.693,0.9475,807.8,365.0
CELL_018,RMa,8.52,14,0.151143,0.03639,normal,0.0,0.9855,116,10,0.467,0.9571,47.7,510.1
CELL_019,FR2-mmWave,20.11,13,0.002845,0.001,jamming,0.1795,0.7005,116,36,0.234,0.9492,180.1,492.7
CELL_020,UMi,13.12,21,0.005318,0.001,normal,0.0,0.9649,116,28,0.294,0.9599,366.8,499.1
CELL_021,UMi,23.5,12,0.002,0.001,normal,0.0,0.9907,116,33,0.749,0.9599,486.7,485.5
CELL_022,THz,12.72,27,0.035756,0.010533,normal,0.0,0.9516,116,16,0.656,0.9592,652.9,509.8
CELL_023,FR2-mmWave,11.71,25,0.16805,0.02955,data_poisoning,0.5782,0.3739,116,39,0.489,0.9229,805.0,487.7
CELL_000,NTN-LEO,15.37,15,0.016389,0.002579,normal,0.0,0.9926,117,37,0.482,0.9598,45.2,62.0
CELL_001,UMi,10.28,5,0.012759,0.002641,normal,0.0,0.9722,117,23,0.573,0.9598,179.3,53.8
CELL_002,UMi,6.09,13,0.015191,0.003645,normal,0.0,0.9654,117,37,0.467,0.9597,336.2,52.4
CELL_003,FR2-mmWave,14.94,13,0.318042,0.086187,normal,0.0,0.9945,117,37,0.611,0.9531,496.3,40.0
CELL_004,NTN-LEO,1.64,23,0.435411,0.075472,pilot_contamination,0.7165,0.109,117,14,0.46,0.911,648.8,58.4
CELL_005,UMa,4.52,9,0.647262,0.201602,normal,0.0,0.9581,117,35,0.38,0.9439,778.0,38.8
CELL_006,RMa,4.04,14,0.550308,0.148175,normal,0.0,0.9881,117,25,0.846,0.9481,53.1,180.9
CELL_007,RIS,18.81,15,0.002,0.001,normal,0.0,0.9689,117,29,0.568,0.9599,209.5,183.6
CELL_008,UMi,12.64,30,0.031309,0.009253,normal,0.0,0.9865,117,24,0.496,0.9593,349.7,159.6
CELL_009,UMa,1.34,8,1.2,0.9,normal,0.0,0.9519,117,15,0.341,0.888,500.2,188.3
CELL_010,THz,9.81,2,0.014503,0.003375,pilot_contamination,0.3326,0.58,117,26,0.906,0.9398,644.6,208.5
CELL_011,RMa,9.31,14,0.018538,0.003872,normal,0.0,0.9793,117,25,0.222,0.9597,803.2,231.0
CELL_012,FR2-mmWave,9.62,0,0.016651,0.005482,normal,0.0,0.961,117,25,0.5,0.9596,38.2,345.8
CELL_013,InH,10.89,0,0.082962,0.016713,normal,0.0,0.9738,117,8,0.916,0.9587,190.5,353.0
CELL_014,NTN-LEO,4.29,0,0.103239,0.036668,normal,0.0,0.9934,117,38,0.832,0.9571,348.1,365.5
CELL_015,THz,17.08,0,0.004413,0.0011,normal,0.0,0.9951,117,20,0.284,0.9599,519.9,348.7
CELL_016,InH,17.88,6,0.006425,0.001,normal,0.0,0.981,117,28,0.348,0.9599,645.8,355.9
CELL_017,THz,31.28,4,0.002,0.001,normal,0.0,0.9766,117,13,0.754,0.9599,803.1,349.2
CELL_018,NTN-LEO,12.59,31,0.033093,0.006079,normal,0.0,0.9998,117,15,0.42,0.9595,64.8,493.4
CELL_019,FR2-mmWave,4.72,16,0.316721,0.082841,normal,0.0,0.9954,117,28,0.825,0.9534,203.4,510.2
CELL_020,UMi,10.94,9,0.002,0.001,normal,0.0,0.9851,117,28,0.807,0.9599,364.7,490.1
CELL_021,RMa,1.02,24,0.141283,0.041641,normal,0.0,0.9823,117,35,0.32,0.9567,499.1,500.2
CELL_022,THz,19.76,27,0.002,0.001,jamming,0.3404,0.5077,117,20,0.5,0.9395,636.5,509.6
CELL_023,UMa,8.68,7,0.149873,0.03824,pilot_contamination,0.2602,0.6705,117,39,0.85,0.9413,819.0,508.0
CELL_000,RMa,3.87,11,0.829028,0.218017,normal,0.0,0.9939,118,13,0.529,0.9426,61.2,63.4
CELL_001,THz,10.44,7,0.490167,0.15681,normal,0.0,0.961,118,30,0.774,0.9475,199.3,44.3
CELL_002,RMa,9.6,18,0.743873,0.094196,csi_spoofing,0.7898,0.2074,118,24,0.406,0.9051,343.5,46.0
CELL_003,NTN-LEO,6.56,27,0.02928,0.008188,normal,0.0,0.9927,118,16,0.449,0.9593,525.1,39.5
CELL_004,UMi,17.41,29,0.006989,0.001,backdoor,0.5243,0.4591,118,30,0.398,0.9285,666.6,63.4
CELL_005,RMa,3.59,17,0.28078,0.05077,jamming,0.3921,0.4362,118,38,0.745,0.9324,777.2,52.3
CELL_006,NTN-LEO,9.16,21,0.580105,0.12428,normal,0.0,0.9617,118,21,0.402,0.9501,59.2,194.6
CELL_007,RMa,-0.91,29,0.079008,0.01689,pilot_contamination,0.9907,0.05,118,11,0.924,0.8992,190.3,213.3
CELL_008,RIS,7.29,10,0.057946,0.013673,normal,0.0,0.9559,118,34,0.242,0.9589,381.1,191.3
CELL_009,NTN-LEO,13.76,27,0.030101,0.00557,normal,0.0,0.978,118,22,0.894,0.9596,509.4,184.5
CELL_010,RMa,11.98,30,0.05997,0.011585,normal,0.0,0.9974,118,14,0.729,0.9591,650.0,189.3
CELL_011,FR2-mmWave,13.83,21,0.082169,0.014349,normal,0.0,0.9866,118,23,0.64,0.9589,802.6,203.4
CELL_012,THz,10.28,5,0.002851,0.001,pilot_contamination,0.4907,0.385,118,34,0.298,0.9305,31.5,332.1
CELL_013,THz,11.74,0,0.017418,0.003603,normal,0.0,0.9866,118,26,0.222,0.9597,179.2,360.2
CELL_014,NTN-LEO,17.63,2,0.002,0.001,normal,0.0,0.9764,118,34,0.782,0.9599,359.3,350.6
CELL_015,THz,12.77,29,0.022148,0.003807,jamming,0.6331,0.1133,118,9,0.555,0.9217,498.8,363.7
CELL_016,RMa,20.01,29,0.002,0.001,normal,0.0,0.9684,118,30,0.333,0.9599,663.7,363.6
CELL_017,UMa,11.05,7,0.214509,0.047499,normal,0.0,0.9894,118,16,0.805,0.9562,799.8,344.9
CELL_018,THz,-0.63,7,0.079586,0.022134,pilot_contamination,0.5881,0.2837,118,28,0.322,0.9229,45.2,492.9
CELL_019,THz,20.73,23,0.002,0.001,normal,0.0,0.9901,118,31,0.731,0.9599,199.9,501.6
CELL_020,FR2-mmWave,18.95,10,0.086513,0.019971,normal,0.0,0.9927,118,8,0.662,0.9584,364.7,501.1
CELL_021,THz,24.56,3,0.002,0.001,normal,0.0,0.9623,118,27,0.673,0.9599,495.9,515.3
CELL_022,THz,18.74,28,0.002,0.001,normal,0.0,0.9711,118,23,0.534,0.9599,662.5,483.1
CELL_023,RIS,-5.0,3,0.28132,0.087802,normal,0.0,0.9537,118,8,0.525,0.953,807.3,476.3
CELL_000,UMa,17.44,28,0.002,0.001,normal,0.0,0.9554,119,35,0.469,0.9599,49.8,35.0
CELL_001,RIS,12.35,2,0.014194,0.003738,normal,0.0,0.9595,119,28,0.455,0.9597,211.0,45.4
CELL_002,RMa,0.22,22,0.294466,0.089387,normal,0.0,0.9838,119,20,0.656,0.9528,327.1,44.2
CELL_003,RIS,14.57,19,0.007873,0.001714,normal,0.0,0.9596,119,14,0.748,0.9599,488.3,45.6
CELL_004,RIS,14.98,10,0.002,0.001,normal,0.0,0.9684,119,17,0.888,0.9599,661.3,28.9
CELL_005,UMi,17.1,17,0.002,0.001,normal,0.0,0.9674,119,15,0.564,0.9599,794.0,60.6
CELL_006,RMa,31.01,11,0.002,0.001,normal,0.0,0.9594,119,8,0.555,0.9599,54.1,193.2
CELL_007,UMa,6.29,15,0.117113,0.01864,jamming,0.3747,0.466,119,24,0.68,0.936,195.2,209.3
CELL_008,RMa,16.55,21,0.038662,0.005808,normal,0.0,0.9763,119,8,0.885,0.9595,377.1,207.2
CELL_009,NTN-LEO,22.86,25,0.079223,0.015435,normal,0.0,0.983,119,17,0.248,0.9588,494.3,172.8
CELL_010,RMa,20.25,22,0.002,0.001,pilot_contamination,0.8396,0.05,119,30,0.313,0.9095,643.6,201.2
CELL_011,THz,16.54,4,0.002,0.001,normal,0.0,0.986,119,28,0.414,0.9599,820.1,201.5
CELL_012,UMi,25.21,25,0.00427,0.001,normal,0.0,0.96,119,12,0.274,0.9599,59.8,347.1
CELL_013,NTN-LEO,23.2,14,0.083751,0.008947,normal,0.0,0.9572,119,21,0.702,0.9593,191.5,349.6
CELL_014,UMa,7.17,30,0.563587,0.076345,pilot_contamination,0.8704,0.05,119,35,0.797,0.9017,345.8,327.8
CELL_015,FR2-mmWave,28.24,24,0.002,0.001,normal,0.0,0.9824,119,36,0.9,0.9599,496.7,348.4
CELL_016,NTN-LEO,11.05,8,0.011848,0.003708,normal,0.0,0.9646,119,22,0.501,0.9597,632.8,341.7
CELL_017,InH,4.66,26,0.068811,0.022011,normal,0.0,0.9722,119,31,0.442,0.9582,816.5,364.4
CELL_018,UMa,9.65,22,0.021017,0.003665,pilot_contamination,0.1952,0.7626,119,20,0.467,0.948,65.5,522.9
CELL_019,UMi,15.91,3,0.002,0.001,normal,0.0,0.9565,119,33,0.291,0.9599,218.6,513.2
CELL_020,InH,22.69,19,0.003983,0.001,normal,0.0,0.9957,119,22,0.239,0.9599,349.9,488.6
CELL_021,RIS,16.3,10,0.002,0.001,pilot_contamination,0.1115,0.8569,119,22,0.577,0.9532,503.7,506.4
CELL_022,UMi,-1.49,20,0.458242,0.141772,normal,0.0,0.9582,119,23,0.229,0.9487,651.3,501.4
CELL_023,UMi,18.25,21,0.002,0.001,jamming,0.3749,0.4392,119,27,0.263,0.9374,804.7,472.2
CELL_000,NTN-LEO,11.67,16,0.00287,0.001,normal,0.0,0.9685,120,14,0.791,0.9599,65.2,61.3
CELL_001,UMa,16.62,1,0.002308,0.001,normal,0.0,0.9566,120,9,0.771,0.9599,201.8,53.8
CELL_002,UMa,16.98,24,0.009687,0.001051,pilot_contamination,0.3548,0.5575,120,10,0.313,0.9386,360.0,57.1
CELL_003,InH,17.23,24,0.009145,0.001528,normal,0.0,0.9551,120,33,0.584,0.9599,505.3,58.8
CELL_004,InH,13.69,29,0.002,0.001,normal,0.0,0.9532,120,11,0.293,0.9599,645.8,45.7
CELL_005,RMa,8.98,10,0.471438,0.103955,normal,0.0,0.9522,120,38,0.414,0.9517,820.5,43.4
CELL_006,InH,4.58,4,0.149788,0.05837,normal,0.0,0.9783,120,9,0.202,0.9553,41.0,207.6
CELL_007,RMa,7.82,17,0.104771,0.0142,false_csi_injection,0.9253,0.05,120,11,0.726,0.9033,205.7,195.6
CELL_008,RIS,12.98,10,0.107727,0.025075,normal,0.0,0.9536,120,16,0.686,0.958,351.3,215.7
CELL_009,UMi,6.53,15,0.274934,0.071426,csi_spoofing,0.4019,0.5511,120,20,0.283,0.9302,509.9,184.7
CELL_010,RIS,4.35,31,0.002,0.001,normal,0.0,0.9955,120,39,0.623,0.9599,664.0,197.4
CELL_011,FR2-mmWave,11.22,11,0.593965,0.184817,normal,0.0,0.978,120,34,0.76,0.9452,809.8,202.7
CELL_012,FR2-mmWave,25.42,14,0.012332,0.002175,normal,0.0,0.9756,120,27,0.209,0.9598,49.1,346.6
CELL_013,InH,24.08,1,0.003725,0.001,normal,0.0,0.9871,120,33,0.78,0.9599,212.8,342.5
CELL_014,UMi,8.31,1,0.675265,0.189059,normal,0.0,0.9686,120,36,0.935,0.9449,336.2,342.4
CELL_015,InH,24.03,2,0.005986,0.001,jamming,0.9138,0.05,120,32,0.588,0.9051,497.6,358.7
CELL_016,NTN-LEO,7.68,1,0.235638,0.082921,normal,0.0,0.9538,120,31,0.311,0.9534,658.1,352.8
CELL_017,FR2-mmWave,18.4,18,0.008342,0.00197,normal,0.0,0.9808,120,26,0.505,0.9598,813.8,363.4
CELL_018,THz,6.44,11,0.011595,0.004253,normal,0.0,0.9585,120,28,0.614,0.9597,56.5,509.5
CELL_019,UMa,22.86,5,0.121087,0.012572,normal,0.0,0.9534,120,34,0.294,0.959,203.6,523.0
CELL_020,RMa,6.7,5,0.110926,0.026377,normal,0.0,0.9819,120,16,0.631,0.9579,335.6,471.3
CELL_021,UMa,20.93,4,0.00362,0.001,normal,0.0,0.9752,120,16,0.219,0.9599,506.8,484.6
CELL_022,NTN-LEO,19.75,24,0.002,0.001,csi_spoofing,0.154,0.8004,120,10,0.478,0.9507,636.9,495.4
CELL_023,UMa,6.86,2,0.115869,0.023085,pilot_contamination,0.7816,0.05,120,23,0.618,0.9113,817.8,491.0
CELL_000,NTN-LEO,10.57,8,0.256281,0.051078,false_csi_injection,0.6776,0.3062,121,38,0.802,0.9153,26.8,49.6
CELL_001,THz,17.81,11,0.006817,0.001,pilot_contamination,0.7654,0.0669,121,17,0.576,0.914,217.2,50.7
CELL_002,UMa,23.39,19,0.018228,0.002197,normal,0.0,0.9673,121,16,0.439,0.9598,338.9,66.9
CELL_003,THz,15.85,12,0.012166,0.003183,normal,0.0,0.9827,121,23,0.35,0.9597,502.5,49.2
CELL_004,NTN-LEO,10.24,16,0.004298,0.001,normal,0.0,0.9506,121,9,0.815,0.9599,645.1,53.7
CELL_005,UMa,23.51,25,0.002,0.001,normal,0.0,0.9535,121,17,0.394,0.9599,795.8,34.9
CELL_006,RMa,4.57,5,0.245042,0.064634,normal,0.0,0.9868,121,15,0.758,0.9548,49.9,195.7
CELL_007,THz,12.98,9,0.479517,0.139916,normal,0.0,0.9919,121,36,0.61,0.9488,180.8,190.6
CELL_008,NTN-LEO,7.81,13,0.719234,0.252006,normal,0.0,0.9938,121,20,0.53,0.9398,347.6,214.0
CELL_009,RIS,-5.0,19,0.029306,0.013156,normal,0.0,0.9744,121,24,0.598,0.9589,504.9,224.1
CELL_010,RIS,20.4,16,0.026566,0.003342,normal,0.0,0.9817,121,35,0.616,0.9597,652.2,230.6
CELL_011,RMa,14.82,3,0.022255,0.003678,normal,0.0,0.9813,121,25,0.398,0.9597,804.0,200.8
CELL_012,RMa,22.11,7,0.002,0.001,pilot_contamination,0.9888,0.05,121,14,0.698,0.9006,42.0,330.8
CELL_013,UMi,2.9,19,1.2,0.9,false_csi_injection,0.3248,0.6426,121,34,0.394,0.8685,173.3,338.5
CELL_014,RIS,5.41,0,1.2,0.589686,data_poisoning,0.5512,0.4063,121,26,0.501,0.8798,349.5,351.4
CELL_015,RMa,25.46,0,0.024311,0.001369,pilot_contamination,0.7772,0.0561,121,12,0.67,0.9133,486.4,357.7
CELL_016,THz,11.28,8,0.110686,0.023366,normal,0.0,0.9755,121,32,0.423,0.9581,646.4,366.9
CELL_017,NTN-LEO,20.42,26,0.114063,0.010921,data_poisoning,0.2553,0.7267,121,36,0.734,0.9438,770.0,346.6
CELL_018,THz,21.19,15,0.007337,0.00154,normal,0.0,0.9657,121,32,0.796,0.9599,31.1,495.4
CELL_019,NTN-LEO,27.49,13,0.002,0.001,normal,0.0,0.9835,121,12,0.466,0.9599,215.1,486.9
CELL_020,RIS,19.42,19,0.014322,0.001,jamming,0.9691,0.05,121,12,0.392,0.9018,342.3,505.7
CELL_021,RMa,14.52,25,0.005058,0.001,csi_spoofing,0.787,0.2091,121,13,0.553,0.9127,510.7,493.6
CELL_022,InH,23.92,19,0.002,0.001,csi_spoofing,0.192,0.7968,121,8,0.274,0.9484,636.2,500.0
CELL_023,THz,17.71,16,0.002,0.001,normal,0.0,0.982,121,20,0.388,0.9599,789.5,504.3
CELL_000,RIS,-1.44,3,0.208955,0.0938,normal,0.0,0.9927,122,8,0.928,0.9525,60.8,39.0
CELL_001,NTN-LEO,23.34,13,0.012986,0.001,false_csi_injection,0.4734,0.482,122,24,0.271,0.9315,195.4,50.7
CELL_002,UMi,16.52,0,0.078229,0.015629,normal,0.0,0.9757,122,32,0.756,0.9587,372.2,46.0
CELL_003,FR2-mmWave,7.73,30,0.088479,0.031077,normal,0.0,0.9595,122,21,0.739,0.9575,513.1,56.9
CELL_004,UMa,7.7,31,0.603475,0.101523,pilot_contamination,0.636,0.1961,122,34,0.228,0.9137,660.9,55.2
CELL_005,RMa,22.19,31,0.002,0.001,pilot_contamination,0.4417,0.442,122,22,0.91,0.9334,811.8,41.7
CELL_006,THz,18.76,5,0.13398,0.014175,pilot_contamination,0.5667,0.2736,122,9,0.373,0.9249,49.3,191.5
CELL_007,InH,13.15,25,0.634888,0.061674,jamming,0.7884,0.05,122,17,0.522,0.9078,191.8,203.6
CELL_008,RMa,11.07,9,0.03466,0.006693,normal,0.0,0.9591,122,34,0.399,0.9595,345.9,208.7
CELL_009,FR2-mmWave,18.66,29,0.002,0.001,normal,0.0,0.9766,122,18,0.793,0.9599,502.1,207.8
CELL_010,RIS,14.94,9,0.006618,0.001096,normal,0.0,0.984,122,9,0.322,0.9599,653.5,198.4
CELL_011,FR2-mmWave,16.38,9,0.008781,0.00225,normal,0.0,0.9604,122,29,0.7,0.9598,793.1,220.0
CELL_012,UMi,12.08,10,0.017417,0.004205,normal,0.0,0.9921,122,17,0.343,0.9597,58.0,358.2
CELL_013,RIS,15.51,12,0.072126,0.011747,normal,0.0,0.9688,122,31,0.76,0.9591,200.3,368.7
CELL_014,RMa,21.37,0,0.005246,0.001,normal,0.0,0.9868,122,9,0.374,0.9599,358.3,355.4
CELL_015,THz,12.81,31,0.053878,0.012636,backdoor,0.2242,0.7738,122,18,0.807,0.9455,501.0,353.9
CELL_016,InH,5.71,17,0.129646,0.032293,normal,0.0,0.9574,122,25,0.405,0.9574,645.9,357.7
CELL_017,FR2-mmWave,15.91,19,0.002,0.001,normal,0.0,0.9551,122,29,0.642,0.9599,821.9,341.5
CELL_018,THz,-3.11,19,0.682323,0.306295,normal,0.0,0.9667,122,23,0.421,0.9355,39.9,503.7
CELL_019,UMa,27.21,9,0.002,0.001,normal,0.0,0.9877,122,27,0.668,0.9599,224.5,515.9
CELL_020,RMa,12.57,1,0.009282,0.001672,normal,0.0,0.9666,122,15,0.506,0.9599,367.1,499.8
CELL_021,InH,18.7,26,0.00336,0.001,normal,0.0,0.9908,122,18,0.353,0.9599,513.2,517.7
CELL_022,RIS,-0.84,17,0.717696,0.202793,pilot_contamination,0.5525,0.2941,122,25,0.495,0.9106,631.3,501.5
CELL_023,RIS,11.66,24,0.039497,0.010685,normal,0.0,0.9955,122,32,0.584,0.9591,801.8,509.3
CELL_000,RMa,4.1,13,0.445659,0.121196,normal,0.0,0.9688,123,25,0.587,0.9503,39.1,63.6
CELL_001,InH,8.45,23,0.079886,0.022249,normal,0.0,0.9673,123,21,0.673,0.9582,202.3,58.3
CELL_002,InH,21.37,12,0.002,0.001,false_csi_injection,0.236,0.7632,123,29,0.3,0.9458,349.6,50.7
CELL_003,InH,7.4,24,1.2,0.609787,normal,0.0,0.9545,123,37,0.625,0.9112,506.8,33.2
CELL_004,NTN-LEO,11.21,27,0.002,0.001,normal,0.0,0.978,123,37,0.661,0.9599,650.0,56.5
CELL_005,UMi,8.51,10,0.127463,0.021807,data_poisoning,0.7226,0.2561,123,22,0.257,0.9149,795.0,44.5
CELL_006,UMa,17.69,24,0.002,0.001,normal,0.0,0.97,123,37,0.599,0.9599,82.7,197.1
CELL_007,RMa,19.21,30,0.002,0.001,normal,0.0,0.9794,123,8,0.795,0.9599,191.8,216.7
CELL_008,InH,4.31,10,0.002,0.001,normal,0.0,0.9781,123,34,0.835,0.9599,344.9,207.4
CELL_009,RMa,27.0,21,0.002,0.001,jamming,0.2203,0.6666,123,29,0.948,0.9467,496.6,205.1
CELL_010,RMa,9.91,17,0.042177,0.009053,normal,0.0,0.9523,123,22,0.765,0.9593,661.6,221.7
CELL_011,FR2-mmWave,19.72,2,0.005047,0.001,pilot_contamination,0.8575,0.05,123,37,0.895,0.9085,794.3,192.6
CELL_012,UMa,17.75,6,0.022399,0.003374,normal,0.0,0.9565,123,13,0.768,0.9597,80.0,333.0
CELL_013,NTN-LEO,15.24,8,0.009614,0.001524,normal,0.0,0.986,123,14,0.469,0.9599,193.0,363.6
CELL_014,RIS,10.89,3,0.115075,0.021928,jamming,0.5522,0.203,123,12,0.499,0.9251,357.2,343.0
CELL_015,UMa,11.9,29,0.049955,0.009312,normal,0.0,0.9509,123,24,0.852,0.9593,513.5,357.5
CELL_016,THz,23.8,3,0.034958,0.006523,normal,0.0,0.9595,123,20,0.238,0.9595,653.8,341.2
CELL_017,THz,6.24,18,0.217131,0.080164,normal,0.0,0.9983,123,8,0.715,0.9536,804.9,361.3
CELL_018,RIS,7.1,7,0.044341,0.014191,normal,0.0,0.985,123,32,0.762,0.9589,58.4,482.7
CELL_019,NTN-LEO,18.57,21,0.002,0.001,normal,0.0,0.9668,123,36,0.426,0.9599,197.3,493.6
CELL_020,RMa,10.58,8,0.058533,0.013574,normal,0.0,0.9936,123,11,0.252,0.9589,352.3,492.0
CELL_021,InH,14.61,30,0.016486,0.002901,normal,0.0,0.9981,123,33,0.803,0.9598,499.0,489.8
CELL_022,UMi,18.37,26,0.161854,0.029923,csi_spoofing,0.2527,0.7083,123,19,0.438,0.9424,629.6,511.5
CELL_023,THz,1.71,5,1.2,0.295355,backdoor,0.4321,0.5363,123,23,0.838,0.9104,804.8,513.2
CELL_000,FR2-mmWave,12.67,1,1.2,0.315105,pilot_contamination,0.6869,0.1295,124,16,0.48,0.8936,35.2,47.6
CELL_001,NTN-LEO,6.06,19,1.014905,0.247472,normal,0.0,0.9605,124,26,0.276,0.9402,200.6,50.8
CELL_002,FR2-mmWave,25.4,29,0.010187,0.001,jamming,0.5541,0.1988,124,25,0.558,0.9267,348.5,34.7
CELL_003,InH,4.23,28,1.2,0.600557,normal,0.0,0.993,124,24,0.744,0.912,504.5,30.5
CELL_004,RMa,18.45,24,0.002,0.001,normal,0.0,0.9902,124,23,0.389,0.9599,643.8,30.8
CELL_005,NTN-LEO,16.15,8,0.022705,0.003505,normal,0.0,0.9921,124,27,0.266,0.9597,787.5,67.7
CELL_006,NTN-LEO,6.1,5,0.003764,0.001,false_csi_injection,0.921,0.05,124,35,0.81,0.9047,66.1,213.8
CELL_007,FR2-mmWave,6.22,5,0.87605,0.323642,normal,0.0,0.9521,124,15,0.407,0.9341,183.9,205.5
CELL_008,UMa,-1.73,9,0.021206,0.009144,normal,0.0,0.979,124,31,0.443,0.9593,348.4,203.2
CELL_009,InH,2.47,27,0.518735,0.215984,normal,0.0,0.9898,124,35,0.704,0.9427,489.8,204.8
CELL_010,NTN-LEO,16.12,11,0.002,0.001,normal,0.0,0.9518,124,38,0.669,0.9599,632.9,214.3
CELL_011,NTN-LEO,3.99,25,0.008927,0.002488,normal,0.0,0.992,124,14,0.86,0.9598,789.2,214.9
CELL_012,InH,24.23,24,0.002,0.001,normal,0.0,0.9972,124,37,0.818,0.9599,59.6,349.1
CELL_013,RIS,0.26,6,0.287513,0.128083,normal,0.0,0.973,124,17,0.871,0.9498,188.0,346.4
CELL_014,RMa,4.48,2,0.002,0.001,normal,0.0,0.9696,124,30,0.368,0.9599,370.8,360.2
CELL_015,FR2-mmWave,14.19,1,0.186344,0.051966,normal,0.0,0.9927,124,38,0.306,0.9558,514.6,337.5
CELL_016,RMa,3.11,11,0.06165,0.014098,jamming,0.2395,0.6307,124,33,0.46,0.9445,662.5,341.1
CELL_017,UMi,21.69,1,0.028192,0.00374,normal,0.0,0.9636,124,11,0.69,0.9597,779.7,346.6
CELL_018,UMi,18.91,18,0.004303,0.001,csi_spoofing,0.6741,0.3197,124,34,0.642,0.9195,61.0,491.3
CELL_019,THz,17.01,29,0.008634,0.002157,normal,0.0,0.9732,124,8,0.819,0.9598,201.0,512.6
CELL_020,RIS,17.43,31,0.030508,0.007497,normal,0.0,0.9642,124,25,0.88,0.9594,329.2,528.8
CELL_021,FR2-mmWave,-0.57,18,0.25621,0.072152,jamming,0.4799,0.2998,124,28,0.331,0.9254,494.6,518.4
CELL_022,InH,14.33,1,0.063183,0.008216,adversarial,0.8471,0.1455,124,15,0.544,0.9085,649.3,499.6
CELL_023,RMa,6.26,24,0.363893,0.06812,adversarial,0.2681,0.7226,124,20,0.78,0.9385,781.6,493.8
CELL_000,UMi,13.21,12,0.666052,0.083994,csi_spoofing,0.426,0.5634,125,28,0.28,0.9277,55.5,57.6
CELL_001,NTN-LEO,12.7,22,0.160095,0.017704,false_csi_injection,0.8375,0.1129,125,33,0.73,0.9083,199.7,50.2
CELL_002,RIS,6.02,14,0.084562,0.025767,normal,0.0,0.9775,125,23,0.412,0.9579,347.6,61.6
CELL_003,RIS,25.64,5,0.002,0.001,normal,0.0,0.9756,125,32,0.486,0.9599,492.5,38.0
CELL_004,RMa,19.93,17,0.002,0.001,normal,0.0,0.9869,125,28,0.342,0.9599,640.2,35.2
CELL_005,RMa,6.88,25,1.141008,0.232658,false_csi_injection,0.1147,0.8579,125,22,0.614,0.9345,813.3,52.4
CELL_006,UMa,18.74,3,0.041213,0.007436,normal,0.0,0.9516,125,14,0.373,0.9594,44.3,215.3
CELL_007,THz,17.15,5,0.002,0.001,normal,0.0,0.988,125,27,0.451,0.9599,207.6,194.2
CELL_008,RIS,20.31,26,0.002,0.001,normal,0.0,0.9674,125,22,0.39,0.9599,344.4,186.8
CELL_009,InH,5.64,16,0.037996,0.014305,normal,0.0,0.9954,125,18,0.647,0.9589,480.1,211.3
CELL_010,NTN-LEO,13.95,2,0.021903,0.004532,normal,0.0,0.9929,125,16,0.218,0.9596,653.3,201.1
CELL_011,NTN-LEO,3.15,15,0.670645,0.183434,normal,0.0,0.9746,125,10,0.636,0.9453,802.3,189.1
CELL_012,InH,18.91,26,0.104266,0.02411,normal,0.0,0.9965,125,22,0.227,0.9581,33.7,343.5
CELL_013,InH,16.83,1,0.014088,0.001626,csi_spoofing,0.8778,0.0798,125,27,0.5,0.9072,208.7,347.2
CELL_014,InH,11.65,14,0.04307,0.005139,jamming,0.464,0.3373,125,10,0.289,0.9317,358.8,341.2
CELL_015,NTN-LEO,17.35,12,0.002,0.001,normal,0.0,0.9773,125,33,0.265,0.9599,515.2,336.8
CELL_016,UMi,19.0,9,0.006137,0.001414,normal,0.0,0.9585,125,29,0.413,0.9599,670.9,367.2
CELL_017,UMi,3.92,10,0.162022,0.033563,backdoor,0.2651,0.7107,125,16,0.51,0.9414,798.1,338.7
CELL_018,THz,1.64,28,1.120411,0.478614,normal,0.0,0.9901,125,10,0.357,0.9217,21.3,511.9
CELL_019,RIS,8.52,3,0.021231,0.006456,normal,0.0,0.9576,125,39,0.578,0.9595,204.3,508.0
CELL_020,RIS,6.37,24,1.2,0.9,pilot_contamination,0.5113,0.3761,125,27,0.707,0.8573,354.6,503.2
CELL_021,THz,22.36,27,0.002,0.001,normal,0.0,0.9848,125,19,0.945,0.9599,493.1,500.2
CELL_022,RMa,7.12,14,0.016427,0.002571,csi_spoofing,0.4813,0.5004,125,15,0.499,0.9309,651.7,503.7
CELL_023,UMa,5.23,15,0.348699,0.086846,normal,0.0,0.9621,125,37,0.467,0.9531,789.1,492.6
CELL_000,InH,19.09,11,0.002,0.001,normal,0.0,0.997,126,21,0.577,0.9599,64.7,56.4
CELL_001,RIS,16.01,16,0.006317,0.001642,normal,0.0,0.9681,126,17,0.914,0.9599,197.3,44.1
CELL_002,RMa,15.74,27,0.002,0.001,normal,0.0,0.9914,126,30,0.364,0.9599,347.6,51.1
CELL_003,FR2-mmWave,10.86,29,0.002,0.001,normal,0.0,0.9628,126,37,0.327,0.9599,487.5,42.4
CELL_004,FR2-mmWave,13.04,21,0.289733,0.046071,pilot_contamination,0.3921,0.5287,126,11,0.665,0.9328,629.0,33.0
CELL_005,NTN-LEO,1.44,18,0.625318,0.141546,csi_spoofing,0.2858,0.6824,126,20,0.365,0.9315,811.1,54.1
CELL_006,NTN-LEO,23.48,26,0.002,0.001,normal,0.0,0.9868,126,17,0.841,0.9599,51.9,213.6
CELL_007,RMa,23.32,26,0.003213,0.001,normal,0.0,0.9926,126,33,0.893,0.9599,211.2,214.0
CELL_008,RIS,3.72,29,0.07796,0.025776,normal,0.0,0.9751,126,25,0.205,0.9579,351.9,175.7
CELL_009,InH,18.33,8,0.019914,0.001814,jamming,0.418,0.3786,126,24,0.526,0.9348,480.9,204.2
CELL_010,UMi,23.26,10,0.039551,0.004005,normal,0.0,0.9908,126,39,0.271,0.9597,655.2,188.0
CELL_011,NTN-LEO,19.77,23,0.278475,0.029338,pilot_contamination,0.1751,0.7844,126,9,0.786,0.9471,797.0,204.7
CELL_012,RMa,14.45,9,0.002,0.001,normal,0.0,0.9831,126,37,0.209,0.9599,60.1,360.0
CELL_013,THz,1.37,3,1.2,0.764977,data_poisoning,0.7687,0.2222,126,24,0.372,0.8527,187.3,359.7
CELL_014,InH,6.45,16,1.2,0.225434,pilot_contamination,0.4605,0.4367,126,35,0.268,0.9143,354.6,358.1
CELL_015,UMi,-0.57,22,0.385037,0.087966,pilot_contamination,0.6269,0.2085,126,11,0.493,0.9153,510.8,341.8
CELL_016,NTN-LEO,11.97,14,0.002,0.001,normal,0.0,0.97,126,38,0.545,0.9599,655.3,361.2
CELL_017,InH,2.03,13,0.015197,0.006416,normal,0.0,0.9923,126,34,0.445,0.9595,800.5,347.3
CELL_018,RIS,-1.77,19,0.461652,0.187128,normal,0.0,0.9526,126,13,0.28,0.945,75.9,510.9
CELL_019,NTN-LEO,20.51,23,0.020514,0.002503,normal,0.0,0.9681,126,13,0.674,0.9598,187.6,481.4
CELL_020,UMi,4.22,3,0.329533,0.095706,normal,0.0,0.9821,126,11,0.486,0.9523,352.4,494.8
CELL_021,RMa,9.27,7,0.206609,0.043304,normal,0.0,0.9888,126,24,0.866,0.9565,490.3,501.1
CELL_022,NTN-LEO,2.21,17,0.025318,0.004822,jamming,0.4442,0.3313,126,29,0.347,0.933,668.6,507.6
CELL_023,THz,17.22,26,0.101086,0.016903,normal,0.0,0.9887,126,10,0.374,0.9586,813.5,504.7
CELL_000,NTN-LEO,24.86,16,0.002,0.001,normal,0.0,0.9927,127,14,0.656,0.9599,71.1,54.0
CELL_001,InH,17.78,2,0.002,0.001,normal,0.0,0.9751,127,11,0.339,0.9599,198.1,47.9
CELL_002,THz,21.91,25,0.002357,0.001,normal,0.0,0.98,127,22,0.654,0.9599,360.7,57.0
CELL_003,UMi,25.9,6,0.002,0.001,backdoor,0.182,0.7795,127,18,0.515,0.949,487.1,61.0
CELL_004,InH,11.16,27,0.025107,0.007828,normal,0.0,0.9894,127,25,0.215,0.9594,669.5,41.4
CELL_005,RMa,8.56,14,0.269343,0.058122,normal,0.0,0.9964,127,30,0.709,0.9554,787.9,36.3
CELL_006,NTN-LEO,17.45,10,0.00326,0.001,normal,0.0,0.9959,127,34,0.326,0.9599,70.7,202.9
CELL_007,NTN-LEO,32.54,26,0.002,0.001,normal,0.0,0.9896,127,25,0.266,0.9599,194.2,220.3
CELL_008,THz,20.03,16,0.022427,0.002079,false_csi_injection,0.6228,0.3478,127,28,0.913,0.9225,350.3,200.6
CELL_009,InH,33.35,12,0.002,0.001,normal,0.0,0.9608,127,8,0.247,0.9599,471.2,218.4
CELL_010,NTN-LEO,3.7,13,0.459063,0.1229,normal,0.0,0.981,127,39,0.726,0.9502,657.7,213.2
CELL_011,FR2-mmWave,18.78,15,0.013716,0.003189,normal,0.0,0.9874,127,12,0.886,0.9597,814.4,201.3
CELL_012,FR2-mmWave,8.3,0,0.168421,0.032845,jamming,0.7176,0.05,127,27,0.502,0.9143,18.9,341.7
CELL_013,THz,17.31,2,0.43459,0.107294,normal,0.0,0.9741,127,22,0.615,0.9514,191.3,368.4
CELL_014,RMa,10.87,27,0.013243,0.002585,normal,0.0,0.991,127,21,0.481,0.9598,360.7,345.2
CELL_015,NTN-LEO,9.52,15,0.016579,0.003553,data_poisoning,0.3664,0.606,127,29,0.515,0.9377,490.1,380.8
CELL_016,UMa,9.1,28,0.07674,0.015322,backdoor,0.3443,0.6523,127,23,0.401,0.9381,649.1,331.1
CELL_017,UMa,20.49,22,0.002,0.001,normal,0.0,0.9636,127,11,0.923,0.9599,803.9,364.0
CELL_018,THz,0.26,9,0.05014,0.017885,csi_spoofing,0.2211,0.7635,127,22,0.497,0.9453,57.4,490.2
CELL_019,THz,8.39,6,0.042503,0.0146,normal,0.0,0.9677,127,19,0.746,0.9588,211.3,498.2
CELL_020,NTN-LEO,6.31,29,0.021522,0.007135,normal,0.0,0.9671,127,8,0.438,0.9594,343.0,500.4
CELL_021,InH,19.47,6,0.002,0.001,normal,0.0,0.9874,127,8,0.839,0.9599,502.8,483.4
CELL_022,UMi,-5.0,30,0.433863,0.194761,normal,0.0,0.9866,127,33,0.229,0.9444,651.8,471.6
CELL_023,FR2-mmWave,17.56,12,0.021541,0.005266,normal,0.0,0.9638,127,31,0.339,0.9596,837.2,498.5
CELL_000,RMa,11.44,19,0.353501,0.045729,jamming,0.4077,0.4232,128,25,0.763,0.9319,46.2,59.9
CELL_001,RIS,18.98,27,0.004598,0.001,data_poisoning,0.945,0.05,128,37,0.567,0.9032,203.9,75.3
CELL_002,RIS,7.77,16,0.002,0.001,jamming,0.7435,0.05,128,31,0.788,0.9153,340.9,41.0
CELL_003,UMa,25.64,27,0.002,0.001,normal,0.0,0.9622,128,23,0.222,0.9599,499.6,50.3
CELL_004,InH,8.86,14,1.2,0.39633,false_csi_injection,0.9053,0.067,128,12,0.911,0.874,651.0,50.6
CELL_005,UMi,22.76,29,0.089434,0.009343,normal,0.0,0.9701,128,38,0.625,0.9593,770.6,44.0
CELL_006,FR2-mmWave,1.15,14,1.182953,0.426832,normal,0.0,0.9982,128,17,0.391,0.9259,46.3,195.7
CELL_007,RIS,12.32,11,0.002,0.001,pilot_contamination,0.6885,0.1394,128,23,0.494,0.9186,197.8,168.1
CELL_008,NTN-LEO,8.07,13,0.002,0.001,backdoor,0.1443,0.8464,128,22,0.639,0.9513,346.6,233.5
CELL_009,RMa,15.07,29,0.077052,0.012315,normal,0.0,0.95,128,23,0.559,0.959,490.4,201.2
CELL_010,InH,-1.33,19,0.477656,0.21442,normal,0.0,0.9541,128,9,0.417,0.9428,660.8,187.9
CELL_011,UMa,17.77,21,0.002,0.001,normal,0.0,0.9977,128,28,0.553,0.9599,780.8,198.8
CELL_012,FR2-mmWave,21.05,9,0.004131,0.001,data_poisoning,0.1989,0.7953,128,27,0.787,0.948,43.5,355.8
CELL_013,RMa,13.89,3,0.002,0.001,normal,0.0,0.9728,128,11,0.241,0.9599,203.0,341.7
CELL_014,THz,10.03,22,0.159043,0.051622,normal,0.0,0.9804,128,32,0.648,0.9559,347.2,344.9
CELL_015,NTN-LEO,12.21,6,0.002199,0.001,normal,0.0,0.9665,128,12,0.801,0.9599,511.2,351.2
CELL_016,THz,23.69,17,0.002,0.001,normal,0.0,0.9859,128,31,0.856,0.9599,662.3,346.8
CELL_017,FR2-mmWave,5.4,24,0.011476,0.004355,normal,0.0,0.9736,128,9,0.348,0.9597,794.2,339.2
CELL_018,InH,15.94,15,0.00295,0.001,normal,0.0,0.9825,128,35,0.434,0.9599,41.9,506.3
CELL_019,UMa,17.92,13,0.131118,0.020719,normal,0.0,0.9813,128,9,0.826,0.9583,184.6,493.3
CELL_020,NTN-LEO,23.2,14,0.083751,0.008947,normal,0.0,0.9572,128,29,0.533,0.9593,338.9,469.4
CELL_021,FR2-mmWave,8.43,31,0.382292,0.069221,false_csi_injection,0.2149,0.7455,128,24,0.856,0.9416,469.8,511.7
CELL_022,UMi,10.95,6,0.04071,0.012787,normal,0.0,0.976,128,13,0.369,0.959,662.2,505.7
CELL_023,NTN-LEO,7.6,24,0.002,0.001,normal,0.0,0.9799,128,17,0.455,0.9599,799.3,507.5
CELL_000,InH,14.96,23,0.009853,0.001641,normal,0.0,0.984,129,30,0.41,0.9599,38.6,41.0
CELL_001,FR2-mmWave,11.62,0,0.002,0.001,normal,0.0,0.9788,129,24,0.292,0.9599,176.3,44.7
CELL_002,NTN-LEO,5.19,6,0.410276,0.092041,data_poisoning,0.8697,0.1192,129,13,0.586,0.9005,352.8,39.9
CELL_003,RIS,11.34,13,0.025066,0.006863,normal,0.0,0.9668,129,21,0.39,0.9595,496.4,40.1
CELL_004,InH,7.91,4,0.141423,0.033471,normal,0.0,0.9998,129,29,0.294,0.9573,668.7,51.5
CELL_005,UMi,1.68,28,1.2,0.41456,pilot_contamination,0.5125,0.3776,129,32,0.268,0.8961,815.8,45.7
CELL_006,UMi,21.17,2,0.048729,0.006103,normal,0.0,0.9813,129,32,0.524,0.9595,75.8,183.7
CELL_007,FR2-mmWave,26.46,26,0.002758,0.001,backdoor,0.4935,0.4651,129,33,0.547,0.9303,194.9,190.6
CELL_008,InH,9.97,10,0.201917,0.031151,pilot_contamination,0.2465,0.6756,129,10,0.709,0.9427,343.2,182.2
CELL_009,UMa,8.98,21,0.068435,0.01499,normal,0.0,0.9859,129,24,0.727,0.9588,509.3,213.0
CELL_010,NTN-LEO,20.26,14,0.002,0.001,normal,0.0,0.9965,129,32,0.397,0.9599,638.9,197.9
CELL_011,FR2-mmWave,25.87,14,0.005494,0.001,normal,0.0,0.9666,129,27,0.301,0.9599,788.8,210.2
CELL_012,FR2-mmWave,2.62,26,0.176846,0.073292,normal,0.0,0.9888,129,17,0.46,0.9541,41.5,342.4
CELL_013,RMa,12.28,7,0.002,0.001,normal,0.0,0.9987,129,37,0.631,0.9599,198.9,346.2
CELL_014,InH,22.42,7,0.03093,0.003941,normal,0.0,0.9624,129,26,0.593,0.9597,354.9,347.9
CELL_015,UMa,14.63,18,0.088301,0.012886,jamming,0.7464,0.05,129,26,0.852,0.9142,503.2,358.2
CELL_016,RIS,0.35,4,0.530944,0.235892,normal,0.0,0.9911,129,32,0.515,0.9411,658.9,345.0
CELL_017,UMa,21.23,11,0.002,0.001,normal,0.0,0.9606,129,22,0.372,0.9599,812.5,357.0
CELL_018,UMi,11.03,25,0.021353,0.002904,backdoor,0.7335,0.2567,129,19,0.288,0.9158,37.6,503.6
CELL_019,UMi,7.99,3,0.114398,0.039839,normal,0.0,0.983,129,29,0.769,0.9568,193.3,489.4
CELL_020,NTN-LEO,0.92,2,0.111987,0.048901,normal,0.0,0.9939,129,25,0.22,0.9561,341.9,484.8
CELL_021,NTN-LEO,35.0,4,0.002,0.001,csi_spoofing,0.1708,0.8113,129,21,0.486,0.9497,507.9,502.1
CELL_022,THz,10.65,19,0.109863,0.023346,jamming,0.3701,0.4659,129,38,0.28,0.9359,651.9,497.9
CELL_023,THz,4.95,4,0.011542,0.002842,jamming,0.4451,0.3623,129,15,0.921,0.9331,807.5,499.4
CELL_000,InH,1.74,10,0.341038,0.145262,normal,0.0,0.995,130,15,0.863,0.9484,35.0,36.5
CELL_001,UMi,11.06,19,0.148406,0.029671,normal,0.0,0.9725,130,38,0.556,0.9576,199.1,56.0
CELL_002,FR2-mmWave,12.37,28,0.160601,0.042253,normal,0.0,0.9886,130,33,0.903,0.9566,351.7,58.0
CELL_003,THz,4.15,18,1.2,0.733828,normal,0.0,0.9705,130,39,0.601,0.9013,496.3,66.3
CELL_004,UMa,9.19,27,0.426134,0.066834,pilot_contamination,0.3102,0.6044,130,37,0.401,0.936,631.0,56.1
CELL_005,UMa,13.36,6,0.004719,0.001,data_poisoning,0.5332,0.4628,130,27,0.743,0.9279,808.4,34.7
CELL_006,RIS,0.01,6,0.749486,0.30367,normal,0.0,0.9738,130,28,0.597,0.9357,49.8,191.0
CELL_007,UMi,10.5,12,0.006843,0.001451,normal,0.0,0.9821,130,17,0.723,0.9599,183.0,206.1
CELL_008,UMa,32.51,8,0.002,0.001,normal,0.0,0.9534,130,19,0.668,0.9599,331.9,204.6
CELL_009,RIS,10.97,24,0.029736,0.008257,normal,0.0,0.9516,130,20,0.748,0.9593,486.8,190.5
CELL_010,UMa,0.4,19,0.757347,0.232231,normal,0.0,0.9915,130,16,0.336,0.9414,668.6,207.7
CELL_011,RIS,23.11,27,0.004492,0.001,normal,0.0,0.9704,130,15,0.519,0.9599,785.9,216.9
CELL_012,UMa,10.75,24,0.008252,0.001715,normal,0.0,0.9526,130,34,0.23,0.9599,35.6,335.3
CELL_013,UMa,25.09,10,0.002,0.001,normal,0.0,0.9991,130,31,0.667,0.9599,207.6,353.5
CELL_014,FR2-mmWave,11.96,21,1.2,0.378926,normal,0.0,0.9508,130,32,0.376,0.9297,358.9,344.4
CELL_015,NTN-LEO,15.73,9,0.215823,0.033362,normal,0.0,0.9971,130,25,0.328,0.9573,493.0,341.6
CELL_016,RMa,14.35,0,0.002,0.001,normal,0.0,0.9759,130,22,0.306,0.9599,635.6,353.3
CELL_017,RMa,11.48,13,0.077771,0.009838,csi_spoofing,0.5378,0.4182,130,18,0.234,0.9269,784.1,340.6
CELL_018,RIS,11.14,11,0.012032,0.001502,false_csi_injection,0.686,0.3121,130,25,0.538,0.9187,49.7,504.9
CELL_019,THz,19.3,8,0.368676,0.05459,jamming,0.4149,0.4105,130,32,0.93,0.9307,213.1,490.2
CELL_020,UMa,8.08,7,0.062358,0.014522,normal,0.0,0.978,130,9,0.254,0.9588,363.4,507.6
CELL_021,RIS,-2.49,23,0.322973,0.144983,normal,0.0,0.9989,130,35,0.643,0.9484,487.9,488.1
CELL_022,InH,7.28,9,0.559127,0.19941,normal,0.0,0.9783,130,22,0.27,0.944,664.3,490.6
CELL_023,InH,33.23,31,0.002,0.001,normal,0.0,0.9975,130,36,0.399,0.9599,813.1,499.2
CELL_000,UMa,20.35,29,0.003691,0.001,normal,0.0,0.9867,131,26,0.599,0.9599,27.9,47.3
CELL_001,NTN-LEO,18.38,20,0.101367,0.009347,csi_spoofing,0.5115,0.446,131,36,0.368,0.9286,210.0,45.3
CELL_002,UMi,-4.84,10,0.18185,0.03099,pilot_contamination,0.9529,0.05,131,37,0.933,0.9003,360.7,56.5
CELL_003,FR2-mmWave,3.19,15,0.056279,0.015473,normal,0.0,0.9728,131,25,0.91,0.9588,511.9,42.3
CELL_004,NTN-LEO,11.19,27,0.002127,0.001,normal,0.0,0.9789,131,8,0.544,0.9599,658.4,49.4
CELL_005,THz,7.09,15,0.039092,0.014032,normal,0.0,0.9629,131,24,0.635,0.9589,827.3,32.9
CELL_006,THz,23.23,6,0.002,0.001,normal,0.0,0.9957,131,19,0.791,0.9599,35.9,198.7
CELL_007,InH,8.98,16,0.309833,0.050992,false_csi_injection,0.3614,0.5922,131,23,0.852,0.9342,206.7,212.2
CELL_008,FR2-mmWave,17.55,28,0.002391,0.001,normal,0.0,0.9601,131,30,0.913,0.9599,357.1,200.9
CELL_009,NTN-LEO,1.13,23,0.44982,0.076048,adversarial,0.9568,0.05,131,34,0.539,0.8965,508.8,216.2
CELL_010,RMa,9.11,4,0.084783,0.019928,normal,0.0,0.9718,131,32,0.247,0.9584,639.2,195.5
CELL_011,InH,13.27,9,0.344251,0.062197,normal,0.0,0.9828,131,24,0.648,0.955,808.8,201.7
CELL_012,UMa,0.57,18,0.579554,0.119328,csi_spoofing,0.9357,0.05,131,10,0.751,0.8943,44.0,359.9
CELL_013,UMa,-1.2,20,0.45713,0.138953,normal,0.0,0.9863,131,14,0.287,0.9489,214.7,356.7
CELL_014,InH,16.0,14,0.010587,0.001675,normal,0.0,0.9719,131,9,0.353,0.9599,329.0,346.6
CELL_015,InH,7.62,15,0.09396,0.033134,normal,0.0,0.9502,131,19,0.222,0.9573,509.5,334.9
CELL_016,THz,-1.41,23,0.197971,0.088869,normal,0.0,0.9532,131,11,0.747,0.9529,638.2,336.4
CELL_017,FR2-mmWave,21.18,11,0.002,0.001,normal,0.0,0.9707,131,39,0.925,0.9599,819.0,358.1
CELL_018,THz,12.82,14,0.773724,0.227094,normal,0.0,0.9649,131,23,0.355,0.9418,45.0,509.7
CELL_019,RIS,8.82,23,0.039637,0.013416,normal,0.0,0.979,131,13,0.782,0.9589,184.3,484.2
CELL_020,FR2-mmWave,13.85,9,0.002,0.001,normal,0.0,0.9993,131,17,0.892,0.9599,338.5,504.0
CELL_021,FR2-mmWave,0.73,22,1.2,0.458124,jamming,0.3613,0.4695,131,36,0.452,0.9017,512.0,486.3
CELL_022,FR2-mmWave,8.41,13,1.152241,0.351851,normal,0.0,0.9636,131,20,0.353,0.9319,648.9,496.4
CELL_023,RIS,12.74,4,0.024474,0.007206,normal,0.0,0.9809,131,9,0.716,0.9594,820.8,500.1
CELL_000,NTN-LEO,11.35,18,0.00289,0.001,normal,0.0,0.9937,132,13,0.428,0.9599,46.1,49.7
CELL_001,FR2-mmWave,30.05,19,0.002,0.001,normal,0.0,0.9614,132,24,0.452,0.9599,212.0,43.1
CELL_002,RMa,9.77,22,0.033527,0.006862,normal,0.0,0.985,132,14,0.48,0.9595,336.4,44.8
CELL_003,RMa,7.02,14,0.022379,0.005162,normal,0.0,0.9926,132,15,0.7,0.9596,512.8,63.8
CELL_004,UMi,24.37,30,0.002,0.001,normal,0.0,0.979,132,12,0.788,0.9599,651.0,65.5
CELL_005,NTN-LEO,6.23,18,0.036149,0.008755,normal,0.0,0.9646,132,18,0.711,0.9593,798.4,58.0
CELL_006,RIS,1.24,15,0.210125,0.081892,normal,0.0,0.9792,132,9,0.886,0.9534,40.0,191.3
CELL_007,InH,10.44,11,0.0109,0.002477,normal,0.0,0.9799,132,30,0.408,0.9598,209.1,217.1
CELL_008,RIS,18.66,9,0.002,0.001,normal,0.0,0.9992,132,21,0.379,0.9599,359.8,200.4
CELL_009,RIS,9.83,2,0.003229,0.001,normal,0.0,0.9824,132,18,0.32,0.9599,469.5,166.9
CELL_010,NTN-LEO,21.81,22,0.002,0.001,normal,0.0,0.9768,132,29,0.271,0.9599,632.6,208.9
CELL_011,UMi,12.08,21,0.002,0.001,normal,0.0,0.9867,132,39,0.46,0.9599,783.0,174.9
CELL_012,THz,13.58,20,0.002,0.001,jamming,0.1097,0.8129,132,24,0.792,0.9533,48.9,361.9
CELL_013,UMa,2.8,17,0.096227,0.027809,normal,0.0,0.9782,132,18,0.946,0.9578,190.5,349.0
CELL_014,UMa,12.19,0,0.631527,0.116149,normal,0.0,0.9982,132,32,0.213,0.9507,356.3,353.5
CELL_015,THz,7.09,4,0.002,0.001,normal,0.0,0.999,132,20,0.534,0.9599,482.4,338.4
CELL_016,THz,26.06,14,0.005165,0.001,normal,0.0,0.9659,132,25,0.542,0.9599,643.0,350.8
CELL_017,NTN-LEO,17.98,12,0.00706,0.001214,normal,0.0,0.9878,132,27,0.309,0.9599,796.7,358.0
CELL_018,UMi,18.05,4,0.002,0.001,normal,0.0,0.9746,132,14,0.543,0.9599,50.9,498.4
CELL_019,RIS,6.5,0,0.328116,0.079168,normal,0.0,0.9554,132,18,0.723,0.9537,175.4,509.6
CELL_020,RMa,5.95,8,0.413743,0.100818,normal,0.0,0.9618,132,27,0.227,0.9519,346.0,505.6
CELL_021,FR2-mmWave,7.01,26,1.2,0.3056,jamming,0.6912,0.05,132,37,0.374,0.8941,500.1,495.0
CELL_022,UMa,23.37,22,0.003167,0.001,pilot_contamination,0.2074,0.7158,132,34,0.318,0.9475,641.0,492.7
CELL_023,InH,18.41,29,0.037508,0.005194,normal,0.0,0.9591,132,35,0.279,0.9596,783.9,494.1
CELL_000,RIS,10.33,31,0.002,0.001,normal,0.0,0.9586,133,33,0.777,0.9599,31.7,39.1
CELL_001,UMa,6.1,8,0.767372,0.184512,normal,0.0,0.9803,133,19,0.754,0.9452,206.9,58.1
CELL_002,InH,4.7,3,0.038353,0.009733,normal,0.0,0.9645,133,8,0.372,0.9592,350.7,55.6
CELL_003,RIS,7.19,31,0.048878,0.015592,normal,0.0,0.9923,133,35,0.708,0.9588,493.1,38.7
CELL_004,UMa,11.81,18,0.021693,0.005107,normal,0.0,0.9915,133,19,0.518,0.9596,669.1,52.2
CELL_005,RIS,13.44,6,0.061242,0.017567,normal,0.0,0.9534,133,20,0.941,0.9586,778.3,63.0
CELL_006,InH,2.61,11,0.002,0.001,normal,0.0,0.9776,133,23,0.231,0.9599,50.2,189.2
CELL_007,FR2-mmWave,10.94,3,0.023756,0.004743,normal,0.0,0.9879,133,22,0.583,0.9596,195.3,203.5
CELL_008,RIS,-5.0,10,1.2,0.9,false_csi_injection,0.9861,0.05,133,17,0.358,0.8288,361.6,188.6
CELL_009,InH,17.77,23,0.002,0.001,normal,0.0,0.995,133,24,0.362,0.9599,523.8,185.5
CELL_010,FR2-mmWave,17.65,28,0.009924,0.002416,normal,0.0,0.9765,133,22,0.858,0.9598,660.0,194.1
CELL_011,NTN-LEO,23.69,27,0.011203,0.001,pilot_contamination,0.2238,0.7112,133,38,0.784,0.9465,795.0,181.4
CELL_012,UMi,17.62,20,0.002,0.001,normal,0.0,0.9686,133,28,0.279,0.9599,54.4,355.0
CELL_013,FR2-mmWave,8.46,29,0.094432,0.032363,normal,0.0,0.9657,133,24,0.803,0.9574,210.4,337.6
CELL_014,RIS,22.14,16,0.002,0.001,normal,0.0,0.9948,133,13,0.262,0.9599,353.9,370.3
CELL_015,RIS,10.64,2,1.2,0.313536,jamming,0.4337,0.3551,133,9,0.536,0.9089,508.2,354.5
CELL_016,NTN-LEO,3.8,28,0.075814,0.014137,csi_spoofing,0.4309,0.5249,133,22,0.408,0.933,672.2,332.9
CELL_017,FR2-mmWave,13.3,10,0.025275,0.002559,jamming,0.7542,0.05,133,20,0.764,0.9145,783.3,332.8
CELL_018,RIS,17.05,17,0.049887,0.004391,data_poisoning,0.8872,0.0736,133,27,0.252,0.9064,42.1,488.1
CELL_019,THz,16.18,20,0.002086,0.001,normal,0.0,0.9501,133,12,0.766,0.9599,207.0,495.4
CELL_020,THz,13.81,31,0.082388,0.013224,false_csi_injection,0.3009,0.655,133,35,0.586,0.9409,362.4,503.0
CELL_021,InH,26.4,17,0.002,0.001,normal,0.0,0.9989,133,38,0.379,0.9599,508.5,506.6
CELL_022,FR2-mmWave,22.19,16,0.002,0.001,normal,0.0,0.9753,133,19,0.648,0.9599,645.9,494.4
CELL_023,FR2-mmWave,24.62,24,0.002,0.001,pilot_contamination,0.6394,0.184,133,23,0.869,0.9216,798.0,507.2
CELL_000,THz,13.03,31,0.022586,0.006579,normal,0.0,0.9578,134,25,0.794,0.9595,41.7,47.9
CELL_001,NTN-LEO,-5.0,3,0.193593,0.06047,normal,0.0,0.9538,134,21,0.638,0.9552,199.0,55.5
CELL_002,FR2-mmWave,9.06,17,0.300105,0.100754,normal,0.0,0.9764,134,14,0.537,0.9519,363.6,49.8
CELL_003,UMi,19.7,24,0.002,0.001,normal,0.0,0.9639,134,11,0.514,0.9599,500.4,48.0
CELL_004,InH,13.69,18,0.002,0.001,normal,0.0,0.9568,134,34,0.575,0.9599,652.7,63.5
CELL_005,THz,15.32,9,0.060465,0.010618,normal,0.0,0.9506,134,37,0.567,0.9592,797.0,54.9
CELL_006,InH,6.32,13,0.089597,0.021916,normal,0.0,0.9532,134,16,0.602,0.9582,37.1,189.3
CELL_007,FR2-mmWave,29.2,11,0.002,0.001,normal,0.0,0.9755,134,37,0.577,0.9599,191.0,202.5
CELL_008,InH,2.15,16,0.028734,0.012084,normal,0.0,0.9511,134,27,0.437,0.959,353.6,170.0
CELL_009,THz,2.18,21,1.2,0.65766,csi_spoofing,0.5146,0.4771,134,16,0.238,0.8765,498.8,202.0
CELL_010,FR2-mmWave,13.74,23,0.010569,0.002383,normal,0.0,0.9917,134,10,0.239,0.9598,620.2,205.1
CELL_011,THz,0.58,20,0.474485,0.209346,normal,0.0,0.9941,134,33,0.512,0.9433,811.8,204.9
CELL_012,THz,17.72,26,0.044361,0.00789,normal,0.0,0.9547,134,35,0.381,0.9594,38.5,339.7
CELL_013,FR2-mmWave,6.39,23,0.037199,0.009976,jamming,0.2538,0.6276,134,21,0.647,0.944,192.5,351.2
CELL_014,UMi,16.85,11,0.007093,0.001132,pilot_contamination,0.5345,0.3428,134,31,0.825,0.9278,365.0,363.7
CELL_015,RMa,23.24,22,0.002,0.001,false_csi_injection,0.1961,0.7704,134,19,0.216,0.9482,515.5,345.2
CELL_016,FR2-mmWave,6.27,23,0.075782,0.01846,normal,0.0,0.9785,134,11,0.732,0.9585,653.2,337.0
CELL_017,RMa,12.16,2,0.492147,0.057283,pilot_contamination,0.5843,0.2732,134,25,0.747,0.9204,795.5,351.0
CELL_018,NTN-LEO,2.18,2,0.230182,0.0835,normal,0.0,0.9833,134,27,0.888,0.9533,55.1,509.2
CELL_019,THz,14.19,7,0.006703,0.001293,normal,0.0,0.9673,134,29,0.855,0.9599,190.6,500.0
CELL_020,FR2-mmWave,9.62,31,0.073066,0.024057,normal,0.0,0.976,134,37,0.294,0.9581,342.0,495.0
CELL_021,UMa,22.27,7,0.002,0.001,normal,0.0,0.9827,134,14,0.419,0.9599,482.6,502.5
CELL_022,NTN-LEO,-2.0,11,0.816335,0.250948,normal,0.0,0.9887,134,33,0.9,0.9399,674.6,515.1
CELL_023,THz,25.96,27,0.002,0.001,normal,0.0,0.977,134,37,0.918,0.9599,802.6,496.7
CELL_000,THz,24.82,2,0.002,0.001,normal,0.0,0.9924,135,35,0.613,0.9599,30.8,57.2
CELL_001,RIS,9.62,27,0.047764,0.008221,data_poisoning,0.2148,0.7647,135,22,0.475,0.9465,207.5,42.5
CELL_002,InH,10.98,1,0.002,0.001,normal,0.0,0.9559,135,22,0.414,0.9599,326.9,33.5
CELL_003,NTN-LEO,-2.81,30,0.069849,0.021472,normal,0.0,0.981,135,32,0.655,0.9583,485.3,28.6
CELL_004,UMi,14.68,4,0.002,0.001,normal,0.0,0.9536,135,31,0.22,0.9599,681.8,56.5
CELL_005,UMa,9.31,11,0.108162,0.022716,normal,0.0,0.9967,135,28,0.434,0.9582,806.7,64.5
CELL_006,RMa,15.96,31,0.010762,0.001801,normal,0.0,0.9602,135,24,0.844,0.9599,44.1,202.5
CELL_007,FR2-mmWave,18.41,14,0.062121,0.008714,normal,0.0,0.9656,135,25,0.377,0.9593,168.6,212.3
CELL_008,UMi,19.45,0,0.002604,0.001,normal,0.0,0.9962,135,10,0.475,0.9599,376.4,192.5
CELL_009,UMa,13.83,22,0.115592,0.022211,normal,0.0,0.9666,135,14,0.64,0.9582,500.4,174.1
CELL_010,THz,7.47,20,0.229371,0.053329,csi_spoofing,0.5621,0.3954,135,28,0.732,0.922,637.7,194.5
CELL_011,THz,0.46,29,0.028848,0.012773,normal,0.0,0.9501,135,30,0.318,0.959,824.7,186.9
CELL_012,NTN-LEO,0.09,17,0.593552,0.241603,normal,0.0,0.9639,135,10,0.744,0.9407,39.8,326.0
CELL_013,FR2-mmWave,5.23,9,0.010662,0.003342,normal,0.0,0.9547,135,10,0.256,0.9597,212.1,339.3
CELL_014,FR2-mmWave,14.8,7,0.501701,0.136714,normal,0.0,0.9857,135,14,0.303,0.9491,355.1,343.7
CELL_015,InH,4.4,25,0.031121,0.004309,jamming,0.8705,0.05,135,33,0.395,0.9074,506.2,343.7
CELL_016,InH,1.9,27,0.178271,0.075561,normal,0.0,0.9529,135,38,0.554,0.954,626.7,360.7
CELL_017,InH,7.88,15,0.021405,0.004841,data_poisoning,0.5944,0.3906,135,21,0.228,0.9239,822.9,364.3
CELL_018,UMa,9.14,2,0.069818,0.007928,jamming,0.9924,0.05,135,37,0.617,0.8998,44.7,488.3
CELL_019,FR2-mmWave,10.54,7,0.355602,0.054425,jamming,0.8506,0.05,135,39,0.511,0.9046,200.3,502.4
CELL_020,RMa,11.37,5,0.002,0.001,normal,0.0,0.9611,135,37,0.769,0.9599,349.3,512.8
CELL_021,FR2-mmWave,16.14,13,0.002,0.001,normal,0.0,0.9883,135,37,0.767,0.9599,493.3,490.2
CELL_022,UMi,10.1,17,0.101714,0.026584,normal,0.0,0.9945,135,27,0.569,0.9579,648.5,494.3
CELL_023,RMa,3.27,3,0.156044,0.042265,normal,0.0,0.9697,135,32,0.558,0.9566,790.8,524.2
CELL_000,NTN-LEO,25.51,11,0.00605,0.001,jamming,0.4118,0.4053,136,27,0.755,0.9352,46.6,50.0
CELL_001,FR2-mmWave,19.15,17,0.003496,0.001,normal,0.0,0.9859,136,39,0.61,0.9599,201.9,49.2
CELL_002,RMa,26.54,10,0.002,0.001,data_poisoning,0.8988,0.0695,136,37,0.813,0.906,332.3,49.8
CELL_003,THz,30.93,24,0.002,0.001,normal,0.0,0.9712,136,36,0.529,0.9599,516.6,45.3
CELL_004,THz,15.5,18,0.008197,0.001479,pilot_contamination,0.4036,0.4912,136,25,0.22,0.9357,650.2,65.8
CELL_005,FR2-mmWave,-0.59,7,0.030753,0.007929,adversarial,0.9484,0.05,136,16,0.893,0.9025,814.7,44.7
CELL_006,RIS,2.11,6,0.020524,0.008643,normal,0.0,0.9936,136,24,0.581,0.9593,25.6,208.9
CELL_007,RMa,2.59,9,1.044489,0.174649,pilot_contamination,0.6904,0.1513,136,21,0.857,0.9046,196.4,195.3
CELL_008,FR2-mmWave,9.26,11,0.102162,0.020185,pilot_contamination,0.2928,0.6079,136,11,0.74,0.9408,339.6,214.7
CELL_009,UMi,11.92,30,0.023756,0.007208,normal,0.0,0.9734,136,26,0.945,0.9594,493.3,191.2
CELL_010,UMa,9.68,14,0.003552,0.001113,normal,0.0,0.9696,136,30,0.439,0.9599,665.1,216.3
CELL_011,THz,10.86,1,0.08762,0.027616,normal,0.0,0.971,136,27,0.317,0.9578,800.1,193.1
CELL_012,UMi,30.47,30,0.011552,0.001266,normal,0.0,0.9759,136,20,0.781,0.9599,34.3,364.5
CELL_013,RIS,18.01,0,0.00393,0.001,normal,0.0,0.9918,136,16,0.483,0.9599,175.2,359.0
CELL_014,InH,15.37,17,0.034357,0.003072,jamming,0.8173,0.05,136,19,0.871,0.9107,349.3,355.1
CELL_015,FR2-mmWave,17.7,0,0.002,0.001,normal,0.0,0.9546,136,31,0.636,0.9599,508.5,339.0
CELL_016,UMa,3.66,3,0.003718,0.001032,normal,0.0,0.9605,136,35,0.736,0.9599,646.5,350.3
CELL_017,RIS,-2.36,18,0.792251,0.219996,csi_spoofing,0.3315,0.6495,136,8,0.593,0.9225,797.9,346.0
CELL_018,THz,18.02,24,0.223061,0.043816,pilot_contamination,0.1609,0.7795,136,24,0.369,0.9468,59.3,485.3
CELL_019,RIS,19.47,2,0.025084,0.003323,normal,0.0,0.9945,136,25,0.89,0.9597,219.6,508.4
CELL_020,NTN-LEO,0.44,17,0.055315,0.017559,normal,0.0,0.9553,136,11,0.418,0.9586,347.1,502.6
CELL_021,InH,11.69,7,0.084179,0.019024,jamming,0.2401,0.6368,136,15,0.722,0.9441,488.2,500.6
CELL_022,InH,22.89,12,0.002,0.001,adversarial,0.4334,0.5319,136,12,0.316,0.9339,672.2,491.4
CELL_023,FR2-mmWave,10.53,6,0.114379,0.03229,normal,0.0,0.9809,136,37,0.461,0.9574,794.8,491.3
CELL_000,NTN-LEO,10.47,9,0.424252,0.064191,pilot_contamination,0.2638,0.6429,137,23,0.428,0.939,61.0,62.2
CELL_001,THz,20.57,1,0.017956,0.003871,normal,0.0,0.9772,137,23,0.754,0.9597,201.7,64.4
CELL_002,NTN-LEO,12.63,12,0.045628,0.013487,normal,0.0,0.9847,137,39,0.252,0.9589,331.2,44.9
CELL_003,THz,21.25,16,0.003069,0.001,false_csi_injection,0.7218,0.2312,137,8,0.642,0.9166,503.5,53.7
CELL_004,RIS,20.45,8,0.010942,0.001806,csi_spoofing,0.289,0.698,137,38,0.851,0.9425,648.3,57.3
CELL_005,THz,14.35,9,0.134756,0.02596,jamming,0.316,0.5419,137,39,0.423,0.939,801.9,57.0
CELL_006,THz,12.46,29,0.080523,0.016039,csi_spoofing,0.5171,0.4824,137,14,0.277,0.9277,58.1,193.1
CELL_007,UMa,18.56,24,0.003908,0.001,normal,0.0,0.9544,137,28,0.932,0.9599,191.3,184.3
CELL_008,UMa,10.36,3,0.189975,0.060947,normal,0.0,0.9778,137,33,0.282,0.9551,351.5,187.9
CELL_009,RMa,25.38,20,0.004014,0.001,backdoor,0.3843,0.6088,137,19,0.307,0.9369,488.9,185.2
CELL_010,InH,9.99,25,1.2,0.351885,csi_spoofing,0.6947,0.2899,137,11,0.488,0.8902,649.7,194.6
CELL_011,THz,15.24,23,0.002,0.001,csi_spoofing,0.9991,0.05,137,10,0.672,0.9,790.7,206.5
CELL_012,UMa,20.36,23,0.002,0.001,normal,0.0,0.9807,137,25,0.661,0.9599,41.0,342.7
CELL_013,NTN-LEO,17.64,10,0.005493,0.001,normal,0.0,0.9964,137,16,0.204,0.9599,188.1,366.1
CELL_014,THz,9.03,12,0.002,0.001,normal,0.0,0.9772,137,21,0.404,0.9599,341.6,339.1
CELL_015,NTN-LEO,13.43,6,0.010919,0.002052,normal,0.0,0.9819,137,29,0.315,0.9598,490.9,357.5
CELL_016,NTN-LEO,-4.19,7,1.2,0.782681,csi_spoofing,0.8105,0.1568,137,24,0.39,0.8488,631.2,363.9
CELL_017,THz,-3.63,15,1.2,0.572962,jamming,0.4809,0.315,137,21,0.367,0.8853,797.7,357.2
CELL_018,FR2-mmWave,24.54,22,0.075793,0.005096,pilot_contamination,0.3659,0.5523,137,32,0.606,0.9376,52.0,500.6
CELL_019,NTN-LEO,17.25,25,0.026891,0.004201,normal,0.0,0.9699,137,21,0.806,0.9597,226.8,484.1
CELL_020,FR2-mmWave,12.63,10,0.007825,0.001447,normal,0.0,0.9759,137,30,0.85,0.9599,348.8,495.4
CELL_021,THz,12.0,1,0.545831,0.165123,normal,0.0,0.9889,137,34,0.706,0.9468,501.4,489.9
CELL_022,UMa,-5.0,18,0.709113,0.226812,normal,0.0,0.9824,137,31,0.562,0.9419,657.7,492.5
CELL_023,NTN-LEO,23.97,13,0.002,0.001,normal,0.0,0.9641,137,13,0.413,0.9599,795.1,493.9
CELL_000,THz,6.25,14,1.2,0.505103,normal,0.0,0.9577,138,12,0.636,0.9196,56.5,46.2
CELL_001,RMa,17.86,27,0.013514,0.001895,normal,0.0,0.9716,138,12,0.264,0.9598,178.8,69.0
CELL_002,InH,7.91,4,0.141423,0.033471,normal,0.0,0.9998,138,18,0.643,0.9573,347.1,30.3
CELL_003,UMi,15.8,11,0.002708,0.001,normal,0.0,0.9563,138,30,0.431,0.9599,502.5,46.0
CELL_004,InH,4.46,8,0.25825,0.074333,normal,0.0,0.9805,138,9,0.893,0.9541,639.6,64.8
CELL_005,RMa,28.33,18,0.025205,0.002292,normal,0.0,0.9578,138,15,0.658,0.9598,784.7,42.9
CELL_006,UMi,15.48,1,0.002,0.001,normal,0.0,0.97,138,26,0.927,0.9599,23.1,195.0
CELL_007,RIS,8.44,1,1.038234,0.275364,backdoor,0.2674,0.7292,138,8,0.688,0.9219,194.2,222.8
CELL_008,RMa,10.75,2,0.138049,0.027604,normal,0.0,0.9996,138,33,0.479,0.9578,346.1,216.2
CELL_009,UMa,7.94,26,0.086259,0.030091,normal,0.0,0.9629,138,27,0.454,0.9576,528.1,213.9
CELL_010,FR2-mmWave,4.12,0,1.2,0.9,normal,0.0,0.9868,138,13,0.674,0.888,647.9,190.5
CELL_011,InH,6.93,21,0.01593,0.004173,normal,0.0,0.9609,138,16,0.844,0.9597,821.4,198.5
CELL_012,UMi,8.04,11,0.104165,0.02305,normal,0.0,0.9712,138,14,0.754,0.9582,56.0,364.8
CELL_013,RMa,-3.02,27,0.536511,0.164136,normal,0.0,0.9909,138,32,0.622,0.9469,203.6,355.2
CELL_014,RMa,31.86,25,0.014548,0.001311,normal,0.0,0.9649,138,12,0.799,0.9599,341.7,362.6
CELL_015,RMa,18.19,17,0.567201,0.049072,csi_spoofing,0.8142,0.1521,138,38,0.276,0.9072,512.2,322.5
CELL_016,RIS,5.57,29,0.302618,0.096324,jamming,0.1133,0.8381,138,24,0.423,0.9455,643.4,363.2
CELL_017,RIS,-0.81,0,0.32519,0.145978,normal,0.0,0.974,138,27,0.854,0.9483,794.9,360.4
CELL_018,THz,21.11,23,0.002,0.001,normal,0.0,0.9867,138,26,0.813,0.9599,31.6,492.2
CELL_019,UMi,6.25,20,0.107577,0.026385,normal,0.0,0.99,138,21,0.259,0.9579,199.3,482.3
CELL_020,THz,13.01,5,0.112746,0.022043,normal,0.0,0.9878,138,13,0.682,0.9582,367.1,513.3
CELL_021,InH,12.46,28,0.020546,0.006112,normal,0.0,0.9759,138,13,0.562,0.9595,493.8,504.6
CELL_022,FR2-mmWave,2.68,24,1.2,0.335896,false_csi_injection,0.8333,0.1476,138,19,0.787,0.8831,640.4,484.5
CELL_023,FR2-mmWave,14.32,12,0.031467,0.003298,false_csi_injection,0.7633,0.1956,138,18,0.515,0.9139,788.7,506.5
CELL_000,UMa,14.1,2,0.005237,0.001,normal,0.0,0.9807,139,33,0.93,0.9599,56.5,64.8
CELL_001,RMa,6.01,24,0.602749,0.144773,normal,0.0,0.9847,139,34,0.683,0.9484,195.9,30.0
CELL_002,UMa,6.45,10,0.323776,0.080554,normal,0.0,0.9976,139,24,0.368,0.9536,331.3,52.4
CELL_003,THz,10.25,29,0.002,0.001,normal,0.0,0.9724,139,36,0.802,0.9599,509.5,43.9
CELL_004,NTN-LEO,-5.0,13,0.330454,0.101584,normal,0.0,0.9779,139,28,0.202,0.9519,644.0,65.3
CELL_005,THz,6.69,11,0.030647,0.011148,normal,0.0,0.9597,139,24,0.251,0.9591,802.6,53.1
CELL_006,InH,11.99,3,0.467318,0.092808,normal,0.0,0.9623,139,12,0.382,0.9526,77.6,193.5
CELL_007,THz,12.01,21,0.003108,0.001,normal,0.0,0.9766,139,27,0.791,0.9599,227.9,208.0
CELL_008,NTN-LEO,-4.49,11,1.2,0.359538,adversarial,0.4931,0.5009,139,20,0.379,0.9017,341.8,180.5
CELL_009,RIS,18.21,24,0.007859,0.001871,normal,0.0,0.9637,139,16,0.92,0.9599,499.7,185.4
CELL_010,RIS,15.8,4,0.026578,0.004267,normal,0.0,0.9644,139,36,0.691,0.9597,653.5,191.0
CELL_011,THz,3.29,21,0.795249,0.322791,normal,0.0,0.9861,139,35,0.538,0.9342,813.6,189.7
CELL_012,FR2-mmWave,15.64,30,0.715943,0.114454,normal,0.0,0.9911,139,34,0.267,0.9508,62.9,341.6
CELL_013,THz,18.45,24,0.004011,0.001,normal,0.0,0.9608,139,18,0.89,0.9599,211.9,368.1
CELL_014,THz,21.49,27,0.014551,0.003013,normal,0.0,0.9907,139,39,0.752,0.9598,351.6,349.0
CELL_015,FR2-mmWave,17.92,26,0.005747,0.001384,normal,0.0,0.9524,139,39,0.782,0.9599,490.4,350.9
CELL_016,UMa,19.64,28,0.013526,0.001183,pilot_contamination,0.5108,0.3606,139,15,0.567,0.9293,658.0,354.3
CELL_017,FR2-mmWave,32.13,20,0.002,0.001,data_poisoning,0.3604,0.6368,139,13,0.945,0.9383,795.9,341.9
CELL_018,NTN-LEO,9.32,27,0.002,0.001,normal,0.0,0.9752,139,18,0.509,0.9599,56.3,511.2
CELL_019,UMa,18.18,21,0.324941,0.036245,data_poisoning,0.1926,0.7913,139,27,0.388,0.9455,212.7,493.4
CELL_020,THz,10.85,13,0.543184,0.171236,normal,0.0,0.9613,139,35,0.753,0.9463,342.7,494.7
CELL_021,InH,14.56,3,0.269455,0.044228,normal,0.0,0.9989,139,15,0.308,0.9565,516.2,508.4
CELL_022,THz,11.83,6,0.014273,0.00259,jamming,0.5865,0.1433,139,20,0.683,0.9246,633.5,519.6
CELL_023,InH,12.92,24,0.002,0.001,data_poisoning,0.5687,0.3924,139,27,0.425,0.9258,801.1,492.4
CELL_000,UMi,11.09,27,0.021952,0.006862,normal,0.0,0.9559,140,16,0.873,0.9595,70.2,41.7
CELL_001,RMa,-4.03,21,0.743101,0.22517,normal,0.0,0.9628,140,13,0.939,0.942,183.9,44.0
CELL_002,RMa,13.29,7,0.007619,0.001365,normal,0.0,0.9533,140,32,0.596,0.9599,349.2,40.9
CELL_003,UMa,19.17,16,0.002213,0.001,csi_spoofing,0.729,0.249,140,17,0.286,0.9162,490.8,45.1
CELL_004,FR2-mmWave,9.59,18,0.084187,0.022443,normal,0.0,0.9594,140,13,0.271,0.9582,651.9,45.3
CELL_005,InH,10.19,8,0.003738,0.001206,normal,0.0,0.9777,140,38,0.547,0.9599,800.2,33.2
CELL_006,RMa,14.07,9,0.032929,0.005519,normal,0.0,0.9537,140,20,0.95,0.9596,80.0,176.3
CELL_007,RMa,9.53,21,0.02912,0.004984,pilot_contamination,0.1707,0.762,140,24,0.467,0.9494,216.7,206.2
CELL_008,RMa,18.46,10,0.003398,0.001,normal,0.0,0.9996,140,26,0.255,0.9599,349.4,199.7
CELL_009,RMa,-0.9,25,0.023069,0.007058,normal,0.0,0.9822,140,33,0.491,0.9594,517.0,205.9
CELL_010,InH,15.4,24,0.490054,0.052094,false_csi_injection,0.6703,0.3238,140,33,0.296,0.9156,654.2,206.2
CELL_011,RIS,19.42,26,0.002,0.001,backdoor,0.5156,0.4693,140,27,0.626,0.929,804.7,218.4
CELL_012,UMi,11.87,20,0.004652,0.001,false_csi_injection,0.149,0.8337,140,30,0.904,0.951,57.2,355.6
CELL_013,FR2-mmWave,-5.0,24,0.231627,0.071662,normal,0.0,0.9982,140,30,0.842,0.9543,210.2,359.6
CELL_014,NTN-LEO,2.64,16,0.773992,0.166356,csi_spoofing,0.4631,0.5191,140,12,0.445,0.9189,363.1,362.3
CELL_015,NTN-LEO,12.94,15,0.181712,0.032213,normal,0.0,0.9518,140,26,0.463,0.9574,476.2,352.2
CELL_016,UMa,5.57,26,0.203962,0.076979,normal,0.0,0.9748,140,25,0.427,0.9538,664.0,359.5
CELL_017,THz,6.92,8,0.038377,0.013854,normal,0.0,0.9725,140,8,0.821,0.9589,827.8,335.5
CELL_018,FR2-mmWave,23.9,22,0.002,0.001,normal,0.0,0.9723,140,32,0.238,0.9599,57.2,483.1
CELL_019,RMa,2.67,5,0.184222,0.057897,normal,0.0,0.9773,140,21,0.243,0.9554,187.0,500.8
CELL_020,THz,9.64,12,0.155444,0.051147,normal,0.0,0.9934,140,36,0.881,0.9559,346.0,516.3
CELL_021,UMi,9.25,10,0.062717,0.01317,normal,0.0,0.9992,140,21,0.81,0.9589,502.2,509.6
CELL_022,THz,14.54,18,0.096367,0.011457,csi_spoofing,0.6763,0.3183,140,17,0.548,0.9185,646.7,507.7
CELL_023,UMa,18.29,7,0.02095,0.003248,normal,0.0,0.9535,140,23,0.426,0.9597,798.7,528.9
CELL_000,THz,6.44,19,0.002,0.001,normal,0.0,0.9839,141,24,0.785,0.9599,64.8,46.4
CELL_001,FR2-mmWave,19.69,8,0.002514,0.001,normal,0.0,0.9663,141,27,0.672,0.9599,193.8,46.1
CELL_002,UMa,4.05,25,0.079285,0.025913,normal,0.0,0.998,141,21,0.413,0.9579,336.5,62.5
CELL_003,FR2-mmWave,3.17,14,0.246827,0.090326,normal,0.0,0.9747,141,35,0.582,0.9528,519.0,40.3
CELL_004,UMi,-5.0,14,1.2,0.245093,csi_spoofing,0.6475,0.3379,141,31,0.636,0.9015,636.1,58.7
CELL_005,UMi,22.85,8,0.002,0.001,normal,0.0,0.9749,141,26,0.302,0.9599,815.4,55.3
CELL_006,InH,0.88,2,0.877633,0.257795,normal,0.0,0.9939,141,36,0.787,0.9394,73.5,185.3
CELL_007,RIS,8.13,11,0.056212,0.015843,normal,0.0,0.9945,141,13,0.219,0.9587,210.9,173.8
CELL_008,THz,21.96,20,0.041995,0.003007,data_poisoning,0.9386,0.05,141,38,0.264,0.9034,331.2,197.7
CELL_009,UMa,21.45,19,0.002,0.001,normal,0.0,0.9985,141,39,0.594,0.9599,512.2,198.2
CELL_010,NTN-LEO,-4.46,19,0.05627,0.017298,normal,0.0,0.9659,141,32,0.584,0.9586,662.9,197.7
CELL_011,FR2-mmWave,29.71,19,0.002,0.001,normal,0.0,0.9922,141,29,0.407,0.9599,787.9,182.6
CELL_012,NTN-LEO,19.99,25,0.007574,0.001179,normal,0.0,0.9663,141,27,0.647,0.9599,49.9,354.3
CELL_013,UMi,14.86,29,0.009433,0.001526,normal,0.0,0.9748,141,14,0.269,0.9599,206.1,343.2
CELL_014,UMa,15.45,8,0.200372,0.021695,jamming,0.881,0.05,141,28,0.595,0.9054,374.0,364.6
CELL_015,RIS,17.31,6,0.011422,0.001077,csi_spoofing,0.6125,0.3811,141,37,0.81,0.9232,496.9,338.8
CELL_016,THz,18.18,20,0.004404,0.001049,normal,0.0,0.9805,141,21,0.631,0.9599,653.5,349.6
CELL_017,UMa,8.73,20,0.325475,0.059369,false_csi_injection,0.2144,0.7361,141,11,0.362,0.9424,811.8,357.7
CELL_018,UMi,20.23,19,0.002153,0.001,normal,0.0,0.9672,141,26,0.651,0.9599,63.4,520.8
CELL_019,RIS,16.62,14,0.136445,0.020239,backdoor,0.8863,0.0978,141,18,0.448,0.9052,209.5,499.8
CELL_020,UMi,10.91,21,1.2,0.415611,normal,0.0,0.9725,141,31,0.205,0.9268,355.0,505.7
CELL_021,UMa,3.54,7,0.277025,0.082509,normal,0.0,0.959,141,35,0.306,0.9534,486.2,492.1
CELL_022,UMi,17.43,3,0.00817,0.001,adversarial,0.7506,0.2433,141,16,0.667,0.9149,671.0,489.2
CELL_023,InH,12.39,27,0.002,0.001,normal,0.0,0.9509,141,20,0.739,0.9599,812.5,509.5
CELL_000,UMi,10.27,10,0.002,0.001,normal,0.0,0.9648,142,38,0.244,0.9599,68.1,41.0
CELL_001,UMa,13.8,19,0.002,0.001,csi_spoofing,0.2671,0.7038,142,29,0.367,0.9439,206.6,40.2
CELL_002,RIS,15.57,29,0.056264,0.014881,normal,0.0,0.9634,142,27,0.255,0.9588,376.6,49.2
CELL_003,THz,2.33,25,1.2,0.487177,pilot_contamination,0.4592,0.4425,142,35,0.766,0.8935,478.4,48.8
CELL_004,FR2-mmWave,13.29,20,0.516197,0.11085,backdoor,0.1552,0.7985,142,33,0.687,0.9418,666.2,48.5
CELL_005,NTN-LEO,5.13,22,0.476017,0.07496,data_poisoning,0.8524,0.1168,142,27,0.302,0.9029,795.0,27.5
CELL_006,InH,19.06,18,0.005676,0.001,normal,0.0,0.9955,142,38,0.666,0.9599,46.4,195.9
CELL_007,RMa,4.61,18,0.146118,0.022359,false_csi_injection,0.8053,0.1528,142,12,0.416,0.9099,198.4,204.8
CELL_008,UMi,9.1,21,0.102864,0.021744,normal,0.0,0.9582,142,33,0.613,0.9583,333.3,205.1
CELL_009,NTN-LEO,12.7,21,0.002,0.001,normal,0.0,0.9754,142,31,0.746,0.9599,500.4,174.8
CELL_010,UMa,9.73,29,0.08426,0.015149,pilot_contamination,0.7885,0.05,142,39,0.449,0.9115,648.3,201.1
CELL_011,UMa,-5.0,8,1.190581,0.223718,false_csi_injection,0.8423,0.1397,142,39,0.911,0.8916,784.4,199.6
CELL_012,FR2-mmWave,5.94,12,0.006196,0.001961,pilot_contamination,0.1264,0.7986,142,25,0.522,0.9523,56.2,357.6
CELL_013,UMa,14.72,8,0.036869,0.006006,normal,0.0,0.9733,142,35,0.587,0.9595,193.2,349.3
CELL_014,UMi,7.65,4,0.07799,0.027471,normal,0.0,0.9949,142,19,0.475,0.9578,340.0,354.1
CELL_015,RMa,-0.82,19,0.255025,0.077189,normal,0.0,0.9698,142,28,0.886,0.9538,505.2,357.4
CELL_016,RMa,29.07,6,0.006522,0.001,normal,0.0,0.9818,142,32,0.787,0.9599,651.3,341.0
CELL_017,InH,-5.0,29,0.095842,0.031538,jamming,0.2489,0.6047,142,15,0.377,0.9425,809.5,352.2
CELL_018,NTN-LEO,-2.37,7,0.55427,0.17313,normal,0.0,0.9636,142,24,0.563,0.9461,58.3,489.3
CELL_019,RMa,-2.11,23,1.2,0.395784,jamming,0.9054,0.05,142,32,0.826,0.874,208.3,528.1
CELL_020,THz,1.95,24,0.448021,0.189591,normal,0.0,0.9718,142,26,0.703,0.9448,347.2,509.9
CELL_021,UMa,5.75,8,0.300504,0.05251,adversarial,0.4337,0.5486,142,14,0.498,0.9298,498.5,499.0
CELL_022,RMa,5.8,14,0.25785,0.069157,normal,0.0,0.9677,142,37,0.75,0.9545,642.0,513.8
CELL_023,RIS,12.74,18,0.145363,0.022509,jamming,0.9619,0.05,142,18,0.705,0.9005,781.0,492.9
CELL_000,FR2-mmWave,6.71,9,0.15658,0.056908,normal,0.0,0.9995,143,14,0.603,0.9554,41.4,45.5
CELL_001,THz,23.08,20,0.010016,0.001932,normal,0.0,0.9915,143,8,0.593,0.9598,192.3,50.6
CELL_002,RMa,26.16,5,0.008962,0.001,normal,0.0,0.9785,143,22,0.809,0.9599,337.0,49.4
CELL_003,InH,4.21,18,0.013805,0.003573,normal,0.0,0.9864,143,30,0.609,0.9597,499.5,51.6
CELL_004,UMa,-0.51,27,0.335121,0.104261,normal,0.0,0.9511,143,36,0.415,0.9517,619.6,56.5
CELL_005,UMa,8.52,28,0.197483,0.047705,normal,0.0,0.9888,143,10,0.254,0.9562,790.7,59.1
CELL_006,NTN-LEO,26.37,11,0.002,0.001,normal,0.0,0.9793,143,26,0.674,0.9599,80.8,209.0
CELL_007,NTN-LEO,19.49,21,0.106427,0.008739,csi_spoofing,0.7052,0.2678,143,11,0.3,0.917,194.9,209.4
CELL_008,NTN-LEO,15.13,25,0.008211,0.001835,normal,0.0,0.9549,143,37,0.472,0.9599,354.6,189.0
CELL_009,UMa,7.26,6,0.164883,0.058843,normal,0.0,0.9552,143,10,0.647,0.9553,486.9,209.1
CELL_010,InH,19.17,31,0.007636,0.001747,normal,0.0,0.9708,143,22,0.785,0.9599,655.3,186.3
CELL_011,UMi,23.35,15,0.002,0.001,normal,0.0,0.955,143,35,0.604,0.9599,798.0,195.7
CELL_012,RIS,8.12,29,0.059554,0.016795,normal,0.0,0.9679,143,36,0.62,0.9587,53.5,342.6
CELL_013,RMa,16.49,7,0.071244,0.012036,normal,0.0,0.9932,143,11,0.545,0.959,197.7,358.1
CELL_014,THz,3.91,4,0.265704,0.105772,normal,0.0,0.9875,143,13,0.286,0.9515,347.2,361.6
CELL_015,NTN-LEO,23.19,1,0.003501,0.001,normal,0.0,0.9513,143,22,0.868,0.9599,514.6,355.7
CELL_016,THz,8.77,25,0.200707,0.044097,csi_spoofing,0.5904,0.3726,143,35,0.456,0.921,654.9,328.7
CELL_017,THz,7.36,6,0.028931,0.00711,jamming,0.3237,0.5124,143,20,0.79,0.94,796.0,344.2
CELL_018,RMa,6.37,13,0.018591,0.004404,normal,0.0,0.9722,143,15,0.547,0.9596,31.1,492.5
CELL_019,RMa,11.95,21,0.128314,0.023802,normal,0.0,0.9763,143,34,0.75,0.9581,184.0,516.3
CELL_020,UMi,10.8,14,0.004774,0.001,false_csi_injection,0.6476,0.3076,143,15,0.206,0.9211,355.1,499.7
CELL_021,RIS,27.89,0,0.002,0.001,normal,0.0,0.9821,143,12,0.242,0.9599,503.5,525.6
CELL_022,THz,17.01,29,0.008634,0.002157,normal,0.0,0.9732,143,33,0.821,0.9598,641.5,496.2
CELL_023,NTN-LEO,28.99,19,0.002,0.001,data_poisoning,0.2851,0.7076,143,25,0.418,0.9428,793.8,522.0
CELL_000,FR2-mmWave,18.0,26,0.002,0.001,normal,0.0,0.9772,144,22,0.848,0.9599,47.5,64.0
CELL_001,NTN-LEO,-5.0,25,0.458638,0.143259,normal,0.0,0.9851,144,13,0.349,0.9485,205.4,56.7
CELL_002,RIS,12.78,0,0.141371,0.029588,jamming,0.2843,0.5997,144,10,0.889,0.9406,365.6,73.1
CELL_003,RIS,20.45,4,0.002,0.001,normal,0.0,0.9547,144,9,0.567,0.9599,522.4,53.6
CELL_004,UMi,13.22,6,0.025262,0.004576,normal,0.0,0.9924,144,15,0.528,0.9596,633.6,38.2
CELL_005,InH,12.22,28,0.070809,0.007903,jamming,0.9327,0.05,144,11,0.502,0.9034,816.1,35.0
CELL_006,UMi,4.28,26,1.2,0.566977,normal,0.0,0.9751,144,31,0.414,0.9146,22.9,222.0
CELL_007,THz,9.51,19,0.314467,0.060304,jamming,0.6514,0.0666,144,31,0.915,0.9161,209.7,199.0
CELL_008,THz,18.79,22,0.002,0.001,normal,0.0,0.9722,144,19,0.402,0.9599,349.4,213.0
CELL_009,FR2-mmWave,13.87,16,0.030977,0.008744,normal,0.0,0.9892,144,29,0.612,0.9593,486.1,205.8
CELL_010,NTN-LEO,5.85,28,0.002,0.001,normal,0.0,0.9946,144,29,0.379,0.9599,652.5,208.3
CELL_011,NTN-LEO,9.79,30,0.009819,0.001557,backdoor,0.3835,0.5888,144,38,0.913,0.9369,801.9,216.8
CELL_012,UMi,25.8,9,0.002588,0.001,backdoor,0.8005,0.1802,144,25,0.828,0.9119,38.8,354.7
CELL_013,InH,18.97,11,0.056973,0.008048,normal,0.0,0.9801,144,11,0.294,0.9594,207.7,340.1
CELL_014,UMa,24.55,5,0.004456,0.001,normal,0.0,0.9689,144,12,0.392,0.9599,359.2,341.7
CELL_015,UMa,20.17,21,0.041476,0.003871,pilot_contamination,0.2347,0.6784,144,20,0.491,0.9456,493.2,346.8
CELL_016,InH,9.93,31,0.300951,0.061336,normal,0.0,0.9569,144,25,0.708,0.9551,666.4,344.6
CELL_017,FR2-mmWave,8.46,8,0.025355,0.008689,normal,0.0,0.9603,144,15,0.612,0.9593,795.5,372.0
CELL_018,RMa,11.64,12,0.108335,0.014083,pilot_contamination,0.424,0.4513,144,25,0.585,0.9334,58.4,500.9
CELL_019,RIS,9.87,5,0.009492,0.002009,normal,0.0,0.9777,144,30,0.361,0.9598,185.0,488.3
CELL_020,UMa,10.17,19,0.039838,0.008033,normal,0.0,0.98,144,14,0.797,0.9594,351.9,487.5
CELL_021,RIS,7.87,23,0.08827,0.015323,csi_spoofing,0.3053,0.6741,144,15,0.243,0.9405,492.7,530.4
CELL_022,FR2-mmWave,-5.0,24,0.106481,0.027376,jamming,0.1329,0.7764,144,29,0.235,0.9498,640.2,478.0
CELL_023,THz,18.79,30,0.003365,0.001,normal,0.0,0.9808,144,36,0.749,0.9599,809.7,512.1
CELL_000,FR2-mmWave,1.16,27,1.2,0.224412,jamming,0.8292,0.05,145,18,0.29,0.8923,64.7,61.9
CELL_001,NTN-LEO,27.06,3,0.002,0.001,false_csi_injection,0.907,0.0599,145,25,0.549,0.9055,205.7,45.8
CELL_002,RIS,15.43,5,0.052839,0.014052,normal,0.0,0.9745,145,29,0.948,0.9589,351.2,34.7
CELL_003,FR2-mmWave,16.89,3,0.01475,0.001947,jamming,0.9631,0.05,145,29,0.421,0.9021,506.8,74.5
CELL_004,UMi,14.08,3,0.002,0.001,normal,0.0,0.9659,145,8,0.721,0.9599,635.9,52.3
CELL_005,RIS,11.94,25,0.092425,0.028024,normal,0.0,0.9925,145,22,0.327,0.9578,788.0,56.8
CELL_006,InH,13.9,27,0.315166,0.088863,normal,0.0,0.9534,145,29,0.765,0.9529,36.3,211.5
CELL_007,RMa,8.9,23,0.361517,0.076877,normal,0.0,0.9835,145,32,0.536,0.9538,196.0,190.2
CELL_008,UMa,10.84,17,0.068395,0.013812,normal,0.0,0.9697,145,16,0.342,0.9589,368.6,204.6
CELL_009,RIS,5.22,14,1.2,0.430193,normal,0.0,0.9887,145,38,0.929,0.9256,506.6,195.4
CELL_010,UMa,15.0,16,0.002,0.001,pilot_contamination,0.8068,0.05,145,12,0.296,0.9115,636.0,190.8
CELL_011,THz,9.13,11,0.091694,0.030703,normal,0.0,0.9865,145,35,0.219,0.9575,799.8,209.4
CELL_012,UMa,19.61,13,0.250962,0.03283,normal,0.0,0.9537,145,26,0.396,0.9574,35.6,361.4
CELL_013,InH,12.05,0,0.261682,0.063277,normal,0.0,0.9675,145,13,0.902,0.9549,197.6,343.7
CELL_014,NTN-LEO,3.11,9,0.204853,0.059002,normal,0.0,0.997,145,32,0.246,0.9553,350.6,343.8
CELL_015,RIS,15.89,20,0.002,0.001,normal,0.0,0.9613,145,10,0.727,0.9599,508.8,356.3
CELL_016,UMa,10.68,31,0.01022,0.002256,normal,0.0,0.9857,145,37,0.657,0.9598,659.9,361.4
CELL_017,NTN-LEO,16.13,12,0.205297,0.046829,normal,0.0,0.9773,145,37,0.932,0.9563,804.8,342.1
CELL_018,InH,19.8,24,0.002,0.001,normal,0.0,0.9962,145,14,0.692,0.9599,57.3,497.8
CELL_019,RIS,26.05,24,0.002,0.001,normal,0.0,0.9642,145,16,0.279,0.9599,196.7,512.7
CELL_020,RMa,31.09,17,0.002,0.001,normal,0.0,0.9544,145,37,0.503,0.9599,348.0,500.8
CELL_021,RMa,16.12,25,0.003398,0.001,jamming,0.9778,0.05,145,35,0.79,0.9013,506.6,502.7
CELL_022,RMa,22.38,19,0.002,0.001,normal,0.0,0.9968,145,29,0.827,0.9599,669.3,495.2
CELL_023,UMi,6.97,3,0.071106,0.016832,normal,0.0,0.9514,145,23,0.486,0.9587,776.5,513.4
CELL_000,RIS,12.17,13,0.08004,0.024061,normal,0.0,0.9928,146,11,0.608,0.9581,53.4,30.2
CELL_001,RMa,13.1,10,0.00929,0.002022,data_poisoning,0.1112,0.8543,146,37,0.825,0.9532,198.8,32.8
CELL_002,UMi,32.14,10,0.002,0.001,normal,0.0,0.9925,146,28,0.765,0.9599,341.3,43.7
CELL_003,InH,25.01,9,0.003176,0.001,normal,0.0,0.9933,146,32,0.394,0.9599,495.0,67.7
CELL_004,UMa,3.33,31,0.412311,0.138188,normal,0.0,0.9585,146,9,0.239,0.9489,646.1,75.5
CELL_005,THz,16.63,20,0.006067,0.001539,normal,0.0,0.9759,146,14,0.264,0.9599,821.4,52.4
CELL_006,UMi,7.95,17,0.057103,0.013061,normal,0.0,0.9769,146,29,0.485,0.959,62.5,201.4
CELL_007,UMi,0.9,2,0.274697,0.08509,normal,0.0,0.9881,146,9,0.338,0.9532,203.5,195.2
CELL_008,InH,18.78,8,0.103707,0.013663,normal,0.0,0.9717,146,33,0.528,0.9589,356.1,197.3
CELL_009,NTN-LEO,17.95,7,0.002,0.001,normal,0.0,0.9841,146,16,0.52,0.9599,486.0,204.5
CELL_010,UMi,13.31,31,0.098787,0.028476,normal,0.0,0.9572,146,16,0.421,0.9577,632.4,182.2
CELL_011,RMa,5.7,5,0.596307,0.145037,normal,0.0,0.986,146,18,0.719,0.9484,814.7,189.9
CELL_012,UMa,13.33,0,0.024775,0.002319,jamming,0.8935,0.05,146,13,0.543,0.9062,32.4,336.1
CELL_013,UMi,23.02,12,0.002,0.001,normal,0.0,0.9979,146,18,0.214,0.9599,200.2,356.2
CELL_014,RMa,15.66,14,0.10159,0.015971,normal,0.0,0.9839,146,31,0.401,0.9587,335.5,351.5
CELL_015,NTN-LEO,20.08,13,0.002,0.001,false_csi_injection,0.3524,0.6314,146,31,0.277,0.9388,487.7,364.9
CELL_016,NTN-LEO,16.33,25,0.002,0.001,pilot_contamination,0.7342,0.0708,146,22,0.396,0.9159,642.9,360.1
CELL_017,UMa,12.44,16,0.247997,0.045086,normal,0.0,0.991,146,9,0.867,0.9564,776.3,342.8
CELL_018,NTN-LEO,12.75,9,0.002,0.001,normal,0.0,0.974,146,26,0.826,0.9599,35.0,501.2
CELL_019,InH,19.44,25,0.003036,0.001,normal,0.0,0.9922,146,23,0.415,0.9599,226.4,499.1
CELL_020,FR2-mmWave,17.68,11,0.002,0.001,normal,0.0,0.9884,146,19,0.428,0.9599,334.7,503.4
CELL_021,NTN-LEO,14.72,11,0.012718,0.003476,normal,0.0,0.95,146,19,0.937,0.9597,525.4,483.7
CELL_022,RMa,27.36,19,0.002,0.001,normal,0.0,0.9585,146,39,0.556,0.9599,660.1,497.7
CELL_023,FR2-mmWave,22.9,9,0.010797,0.001203,pilot_contamination,0.7997,0.05,146,21,0.361,0.9119,798.6,498.8
CELL_000,UMi,-1.43,21,0.408414,0.137917,normal,0.0,0.9869,147,22,0.81,0.949,51.7,64.4
CELL_001,UMi,-0.62,5,1.2,0.243883,data_poisoning,0.9273,0.0518,147,34,0.86,0.8849,218.7,47.1
CELL_002,RMa,7.35,12,0.011302,0.002668,normal,0.0,0.9678,147,36,0.219,0.9598,329.2,58.3
CELL_003,FR2-mmWave,7.82,25,0.008732,0.001995,normal,0.0,0.9983,147,37,0.713,0.9598,504.2,65.7
CELL_004,FR2-mmWave,15.94,27,0.003807,0.001,pilot_contamination,0.6953,0.1536,147,33,0.369,0.9182,651.6,58.1
CELL_005,NTN-LEO,6.86,20,0.039505,0.008243,adversarial,0.6147,0.3484,147,31,0.329,0.9225,769.0,78.4
CELL_006,FR2-mmWave,21.16,4,0.008216,0.001727,normal,0.0,0.9917,147,18,0.415,0.9599,47.4,225.4
CELL_007,UMa,18.3,26,0.043223,0.006327,normal,0.0,0.9523,147,31,0.819,0.9595,202.2,207.8
CELL_008,InH,2.99,9,0.026444,0.007369,normal,0.0,0.9791,147,24,0.552,0.9594,343.7,201.5
CELL_009,RIS,18.23,1,0.002,0.001,normal,0.0,0.9569,147,27,0.5,0.9599,505.5,201.4
CELL_010,FR2-mmWave,6.33,11,0.218496,0.051107,backdoor,0.6383,0.3601,147,34,0.457,0.9176,659.9,195.1
CELL_011,THz,22.42,17,0.002,0.001,normal,0.0,0.9806,147,34,0.304,0.9599,792.8,191.8
CELL_012,THz,12.58,19,0.513919,0.152187,normal,0.0,0.9858,147,39,0.623,0.9478,48.4,357.2
CELL_013,FR2-mmWave,26.1,17,0.006503,0.001,false_csi_injection,0.3301,0.6246,147,9,0.305,0.9401,199.5,354.5
CELL_014,NTN-LEO,12.76,8,0.018805,0.002687,csi_spoofing,0.2236,0.774,147,9,0.564,0.9464,344.7,358.0
CELL_015,UMa,9.45,24,0.002,0.001,normal,0.0,0.993,147,19,0.549,0.9599,518.3,361.0
CELL_016,RIS,4.19,17,0.010209,0.004027,normal,0.0,0.9979,147,21,0.791,0.9597,640.2,337.6
CELL_017,RMa,2.87,23,1.2,0.292146,jamming,0.8509,0.05,147,36,0.931,0.8856,791.2,357.5
CELL_018,InH,1.47,23,0.292285,0.086215,normal,0.0,0.985,147,17,0.821,0.9531,36.7,516.0
CELL_019,NTN-LEO,9.13,20,0.043871,0.009249,normal,0.0,0.9801,147,39,0.709,0.9593,163.6,490.0
CELL_020,THz,12.09,9,0.055473,0.016724,normal,0.0,0.9995,147,20,0.541,0.9587,351.3,494.9
CELL_021,RIS,9.32,22,0.002998,0.001,normal,0.0,0.9977,147,18,0.571,0.9599,490.1,510.3
CELL_022,UMa,7.56,11,0.079487,0.017946,normal,0.0,0.956,147,30,0.514,0.9586,656.0,524.4
CELL_023,RIS,7.61,26,0.002,0.001,normal,0.0,0.9682,147,24,0.829,0.9599,822.2,487.9
CELL_000,InH,17.18,6,0.011627,0.001054,pilot_contamination,0.6315,0.2301,148,9,0.63,0.922,39.5,42.9
CELL_001,FR2-mmWave,10.41,29,0.002,0.001,normal,0.0,0.9793,148,10,0.742,0.9599,192.7,63.9
CELL_002,NTN-LEO,22.87,21,0.002,0.001,normal,0.0,0.9755,148,30,0.536,0.9599,336.0,50.6
CELL_003,THz,5.78,12,0.002,0.001,normal,0.0,0.976,148,11,0.917,0.9599,510.4,44.6
CELL_004,UMa,22.94,9,0.002,0.001,normal,0.0,0.9882,148,24,0.578,0.9599,646.3,65.7
CELL_005,InH,11.23,25,0.010206,0.002011,normal,0.0,0.9759,148,19,0.423,0.9598,817.5,56.5
CELL_006,NTN-LEO,9.56,28,1.2,0.634007,csi_spoofing,0.539,0.4515,148,38,0.454,0.8769,78.7,191.2
CELL_007,UMa,11.71,12,0.002,0.001,normal,0.0,0.9972,148,15,0.246,0.9599,206.9,192.9
CELL_008,THz,14.67,10,0.003313,0.001,jamming,0.9548,0.05,148,20,0.282,0.9026,343.8,181.4
CELL_009,NTN-LEO,18.67,27,0.002,0.001,normal,0.0,0.965,148,33,0.292,0.9599,471.9,216.5
CELL_010,UMa,11.49,19,0.110384,0.023539,normal,0.0,0.9755,148,27,0.925,0.9581,667.9,205.2
CELL_011,InH,-0.45,29,0.505721,0.089402,data_poisoning,0.9893,0.05,148,23,0.211,0.8935,820.2,191.2
CELL_012,THz,8.22,13,0.007306,0.002524,normal,0.0,0.9536,148,17,0.345,0.9598,60.7,364.4
CELL_013,NTN-LEO,3.79,24,0.396253,0.077924,jamming,0.2626,0.628,148,24,0.466,0.938,211.2,369.2
CELL_014,RMa,9.3,18,0.229926,0.05001,normal,0.0,0.9845,148,26,0.507,0.956,364.1,360.2
CELL_015,FR2-mmWave,17.0,4,0.00885,0.002212,normal,0.0,0.994,148,23,0.695,0.9598,500.0,338.0
CELL_016,InH,-5.0,27,0.54198,0.164413,normal,0.0,0.9787,148,26,0.938,0.9468,646.2,344.5
CELL_017,UMi,14.04,27,0.032853,0.009215,normal,0.0,0.9512,148,11,0.816,0.9593,830.2,357.2
CELL_018,THz,5.5,27,0.110425,0.032667,normal,0.0,0.9595,148,38,0.349,0.9574,50.8,495.7
CELL_019,RIS,17.31,8,0.098681,0.014482,normal,0.0,0.9916,148,19,0.445,0.9588,208.6,481.4
CELL_020,RIS,10.8,19,0.026859,0.008484,normal,0.0,0.9652,148,31,0.783,0.9593,333.2,491.2
CELL_021,UMa,8.39,11,0.179667,0.029369,csi_spoofing,0.3166,0.6693,148,23,0.366,0.9387,521.8,507.6
CELL_022,UMi,-2.0,11,0.410967,0.154037,normal,0.0,0.9702,148,18,0.292,0.9477,644.8,512.9
CELL_023,THz,10.74,21,0.002,0.001,normal,0.0,0.9679,148,23,0.369,0.9599,795.4,496.1
CELL_000,THz,10.84,6,0.015648,0.003764,normal,0.0,0.9881,149,14,0.78,0.9597,41.8,53.5
CELL_001,FR2-mmWave,18.86,18,0.009023,0.001811,normal,0.0,0.9984,149,19,0.817,0.9599,194.9,55.7
CELL_002,NTN-LEO,6.99,13,1.2,0.37848,normal,0.0,0.9549,149,38,0.25,0.9297,354.2,50.3
CELL_003,UMi,12.17,9,0.004034,0.001,normal,0.0,0.9894,149,21,0.443,0.9599,488.5,78.6
CELL_004,RMa,20.31,22,0.002599,0.001,jamming,0.6864,0.05,149,24,0.399,0.9187,646.9,35.0
CELL_005,UMi,4.37,13,1.2,0.320951,normal,0.0,0.9861,149,31,0.313,0.9343,810.5,58.4
CELL_006,InH,8.71,6,0.13548,0.037363,normal,0.0,0.9733,149,14,0.58,0.957,54.0,205.2
CELL_007,RIS,4.21,28,0.053906,0.021254,normal,0.0,0.9532,149,13,0.447,0.9583,192.4,198.4
CELL_008,RIS,19.6,17,0.021835,0.004906,normal,0.0,0.9777,149,11,0.755,0.9596,348.2,192.6
CELL_009,FR2-mmWave,13.36,6,0.002,0.001,normal,0.0,0.9501,149,37,0.596,0.9599,515.3,194.4
CELL_010,THz,18.45,24,0.004011,0.001,normal,0.0,0.9608,149,26,0.401,0.9599,635.4,215.2
CELL_011,UMi,12.26,20,0.012366,0.002821,false_csi_injection,0.2903,0.6898,149,18,0.871,0.9424,801.4,205.6
CELL_012,RMa,4.57,28,0.288657,0.075228,normal,0.0,0.9928,149,31,0.588,0.954,29.3,352.0
CELL_013,UMi,12.08,27,0.002808,0.001,normal,0.0,0.9627,149,21,0.904,0.9599,195.6,368.9
CELL_014,NTN-LEO,18.07,24,0.013849,0.001935,normal,0.0,0.9602,149,13,0.311,0.9598,347.2,335.6
CELL_015,RMa,14.57,10,0.002332,0.001,normal,0.0,0.9532,149,22,0.925,0.9599,513.0,353.7
CELL_016,RMa,-1.41,19,0.992482,0.307057,normal,0.0,0.978,149,39,0.284,0.9354,642.1,354.1
CELL_017,UMa,7.67,22,0.046458,0.010751,normal,0.0,0.9649,149,35,0.899,0.9591,782.7,343.3
CELL_018,RIS,5.39,27,0.552615,0.115222,pilot_contamination,0.9423,0.05,149,33,0.946,0.8942,40.2,496.2
CELL_019,THz,4.89,28,0.042632,0.012074,normal,0.0,0.9645,149,27,0.27,0.959,196.0,488.3
CELL_020,UMa,25.04,4,0.035433,0.003528,normal,0.0,0.9597,149,14,0.802,0.9597,369.3,496.8
CELL_021,FR2-mmWave,19.57,26,0.002,0.001,pilot_contamination,0.1089,0.8439,149,37,0.517,0.9534,503.8,503.1
CELL_022,InH,23.85,19,0.023044,0.00429,normal,0.0,0.9517,149,28,0.676,0.9597,675.5,506.0
CELL_023,UMa,12.25,27,0.031243,0.006384,csi_spoofing,0.4796,0.4852,149,33,0.872,0.9307,799.3,493.2
CELL_000,NTN-LEO,20.19,21,0.002,0.001,normal,0.0,0.9708,150,20,0.277,0.9599,57.7,49.4
CELL_001,NTN-LEO,0.26,12,1.068236,0.374151,normal,0.0,0.9645,150,18,0.657,0.9301,192.2,46.2
CELL_002,RIS,8.61,29,0.436059,0.120705,normal,0.0,0.9996,150,26,0.265,0.9503,356.8,59.8
CELL_003,UMi,6.54,31,0.106839,0.025175,normal,0.0,0.9672,150,9,0.261,0.958,495.2,47.6
CELL_004,InH,22.82,31,0.003458,0.001,normal,0.0,0.9503,150,12,0.837,0.9599,661.3,27.0
CELL_005,UMi,18.32,8,0.002,0.001,normal,0.0,0.9964,150,28,0.608,0.9599,796.6,56.1
CELL_006,THz,13.03,5,0.194288,0.056596,normal,0.0,0.9685,150,34,0.568,0.9555,48.0,182.0
CELL_007,FR2-mmWave,2.98,27,0.023699,0.009714,normal,0.0,0.958,150,26,0.914,0.9592,197.1,181.7
CELL_008,InH,15.07,0,0.092747,0.016756,jamming,0.3682,0.4438,150,37,0.551,0.9366,362.0,221.1
CELL_009,THz,8.16,15,0.348779,0.070821,data_poisoning,0.8744,0.1058,150,15,0.212,0.9019,497.9,194.3
CELL_010,UMi,1.98,12,0.518948,0.182142,normal,0.0,0.9773,150,35,0.366,0.9454,650.8,211.4
CELL_011,InH,1.08,8,0.266575,0.076085,csi_spoofing,0.5592,0.4361,150,23,0.221,0.9204,789.2,213.5
CELL_012,UMa,8.71,14,0.002,0.001,normal,0.0,0.981,150,29,0.222,0.9599,53.0,364.4
CELL_013,UMa,20.36,0,0.034,0.002638,false_csi_injection,0.8027,0.1759,150,11,0.237,0.9116,196.6,346.5
CELL_014,THz,10.52,10,0.072004,0.012096,jamming,0.9579,0.05,150,18,0.55,0.9016,369.6,343.4
CELL_015,FR2-mmWave,-4.9,21,0.690525,0.143531,adversarial,0.5098,0.4851,150,18,0.896,0.9179,491.5,364.0
CELL_016,InH,11.74,11,0.006293,0.00122,normal,0.0,0.9755,150,12,0.523,0.9599,650.0,363.7
CELL_017,RIS,7.68,11,0.119931,0.042197,normal,0.0,0.9789,150,32,0.26,0.9566,789.2,352.2
CELL_018,FR2-mmWave,4.91,31,1.2,0.561112,normal,0.0,0.99,150,31,0.938,0.9151,43.1,482.7
CELL_019,THz,11.38,30,0.061641,0.019067,normal,0.0,0.9658,150,11,0.289,0.9585,191.6,484.4
CELL_020,FR2-mmWave,15.57,22,0.11155,0.029507,normal,0.0,0.9922,150,25,0.807,0.9576,352.3,497.9
CELL_021,InH,20.1,12,0.002,0.001,normal,0.0,0.9566,150,23,0.659,0.9599,507.2,518.0
CELL_022,InH,17.64,0,0.004373,0.001,data_poisoning,0.2395,0.7297,150,16,0.613,0.9456,637.4,518.7
CELL_023,RMa,8.13,12,0.028502,0.006387,normal,0.0,0.9771,150,23,0.47,0.9595,809.4,473.4
CELL_000,InH,9.94,22,0.255348,0.052029,normal,0.0,0.9844,151,36,0.504,0.9558,37.5,60.9
CELL_001,RIS,8.33,0,0.015015,0.004597,normal,0.0,0.9706,151,20,0.939,0.9596,181.5,71.0
CELL_002,FR2-mmWave,19.09,19,0.007691,0.00157,csi_spoofing,0.1023,0.8613,151,11,0.87,0.9537,328.6,41.0
CELL_003,FR2-mmWave,8.84,22,0.013068,0.003586,normal,0.0,0.972,151,37,0.426,0.9597,509.4,64.4
CELL_004,RMa,18.55,13,0.022051,0.002932,normal,0.0,0.9885,151,26,0.784,0.9598,659.6,42.0
CELL_005,NTN-LEO,3.11,9,0.204853,0.059002,normal,0.0,0.997,151,24,0.55,0.9553,796.7,71.7
CELL_006,RMa,6.6,19,0.325799,0.077292,normal,0.0,0.9698,151,23,0.324,0.9538,60.1,193.7
CELL_007,UMa,1.01,30,0.794729,0.184018,jamming,0.3966,0.3961,151,19,0.858,0.9215,189.2,206.7
CELL_008,UMa,23.57,18,0.002,0.001,normal,0.0,0.951,151,20,0.284,0.9599,372.3,183.1
CELL_009,RMa,16.92,0,0.004077,0.001,pilot_contamination,0.6785,0.1581,151,34,0.238,0.9192,484.3,181.3
CELL_010,UMi,20.23,24,0.002918,0.001,csi_spoofing,0.7374,0.2176,151,27,0.549,0.9157,643.6,210.1
CELL_011,UMi,12.87,4,0.182981,0.033441,normal,0.0,0.9536,151,26,0.88,0.9573,791.0,198.6
CELL_012,UMa,12.14,23,0.07619,0.014511,normal,0.0,0.9985,151,21,0.411,0.9588,54.9,340.5
CELL_013,RIS,7.76,18,0.002,0.001,normal,0.0,0.9558,151,26,0.81,0.9599,194.2,358.7
CELL_014,InH,16.31,14,0.097447,0.015063,normal,0.0,0.959,151,9,0.256,0.9588,347.1,358.1
CELL_015,NTN-LEO,5.71,8,0.24536,0.060681,normal,0.0,0.9737,151,9,0.862,0.9551,488.1,340.4
CELL_016,InH,14.33,29,0.033866,0.009396,normal,0.0,0.983,151,34,0.827,0.9592,647.5,348.3
CELL_017,NTN-LEO,21.91,28,0.011577,0.001834,data_poisoning,0.2572,0.7366,151,20,0.603,0.9444,806.3,349.6
CELL_018,InH,19.83,15,0.002,0.001,normal,0.0,0.9957,151,20,0.806,0.9599,36.9,495.0
CELL_019,RIS,10.17,3,0.106474,0.030467,normal,0.0,0.9694,151,27,0.264,0.9576,200.1,496.6
CELL_020,NTN-LEO,15.64,16,0.033376,0.003289,jamming,0.4581,0.3289,151,8,0.897,0.9323,328.7,511.1
CELL_021,UMa,7.09,15,0.3989,0.091875,normal,0.0,0.9651,151,18,0.54,0.9526,491.7,495.4
CELL_022,RMa,14.3,17,0.025513,0.004259,normal,0.0,0.9733,151,11,0.397,0.9597,672.6,508.2
CELL_023,FR2-mmWave,11.59,8,0.608217,0.119255,normal,0.0,0.9802,151,35,0.604,0.9505,797.6,502.3
CELL_000,FR2-mmWave,6.14,11,0.058488,0.021662,normal,0.0,0.9872,152,34,0.879,0.9583,48.4,54.4
CELL_001,RIS,11.85,20,0.009674,0.001875,normal,0.0,0.9548,152,21,0.526,0.9598,169.8,59.9
CELL_002,RMa,0.35,21,0.005429,0.001779,normal,0.0,0.9538,152,28,0.728,0.9599,329.2,45.5
CELL_003,RMa,4.4,3,0.14829,0.03844,normal,0.0,0.9961,152,11,0.494,0.9569,477.4,30.7
CELL_004,UMi,-5.0,0,1.2,0.337862,jamming,0.7663,0.05,152,20,0.307,0.887,658.1,46.4
CELL_005,NTN-LEO,16.84,11,0.002939,0.001,adversarial,0.8621,0.1049,152,37,0.662,0.9082,817.3,38.1
CELL_006,UMi,5.28,7,0.286939,0.080076,normal,0.0,0.9814,152,21,0.799,0.9536,55.1,191.0
CELL_007,NTN-LEO,19.03,28,0.002,0.001,normal,0.0,0.98,152,33,0.24,0.9599,189.7,196.1
CELL_008,RMa,-4.25,7,0.79729,0.242546,normal,0.0,0.9946,152,22,0.825,0.9406,338.9,223.8
CELL_009,InH,7.42,18,0.914513,0.234977,normal,0.0,0.9623,152,11,0.442,0.9412,502.8,211.8
CELL_010,UMa,25.81,7,0.002,0.001,normal,0.0,0.9958,152,11,0.217,0.9599,632.3,212.5
CELL_011,THz,16.5,6,0.013278,0.001513,pilot_contamination,0.6438,0.1945,152,24,0.422,0.9213,796.7,204.2
CELL_012,THz,10.81,23,0.039052,0.006587,jamming,0.9032,0.05,152,29,0.745,0.9053,42.6,369.8
CELL_013,InH,-1.58,8,0.578441,0.179962,normal,0.0,0.9853,152,15,0.912,0.9456,197.2,335.3
CELL_014,FR2-mmWave,15.25,10,0.1361,0.028766,normal,0.0,0.9911,152,31,0.89,0.9577,340.2,342.7
CELL_015,RMa,13.41,25,1.149156,0.146619,pilot_contamination,0.2847,0.6176,152,11,0.885,0.9312,488.7,358.1
CELL_016,THz,7.26,22,0.082974,0.016975,jamming,0.6823,0.05,152,15,0.332,0.9177,660.6,364.5
CELL_017,THz,7.21,28,0.178198,0.063701,normal,0.0,0.9786,152,32,0.201,0.9549,790.2,361.2
CELL_018,UMa,6.68,12,0.178046,0.046292,normal,0.0,0.9748,152,11,0.416,0.9563,75.9,499.5
CELL_019,THz,25.29,19,0.002,0.001,normal,0.0,0.9677,152,11,0.406,0.9599,206.1,489.1
CELL_020,NTN-LEO,8.55,22,0.03768,0.008146,normal,0.0,0.9643,152,15,0.468,0.9593,349.7,500.2
CELL_021,UMi,25.27,27,0.002,0.001,normal,0.0,0.9611,152,26,0.562,0.9599,497.3,508.3
CELL_022,UMi,5.25,12,1.2,0.743502,normal,0.0,0.9761,152,29,0.743,0.9005,653.9,488.8
CELL_023,UMa,17.35,21,0.002,0.001,normal,0.0,0.9667,152,11,0.231,0.9599,798.0,499.7
CELL_000,UMi,3.61,24,0.108073,0.035866,normal,0.0,0.952,153,14,0.293,0.9571,37.5,24.1
CELL_001,UMa,34.51,19,0.002,0.001,pilot_contamination,0.7423,0.0866,153,8,0.201,0.9154,202.0,49.6
CELL_002,NTN-LEO,3.86,14,0.006704,0.001887,adversarial,0.4125,0.5467,153,15,0.229,0.9351,340.3,51.4
CELL_003,UMi,20.33,22,0.018932,0.002286,normal,0.0,0.9955,153,25,0.218,0.9598,509.9,51.0
CELL_004,NTN-LEO,7.37,28,1.2,0.768632,normal,0.0,0.9915,153,36,0.541,0.8985,639.5,49.1
CELL_005,THz,22.05,1,0.118535,0.014033,pilot_contamination,0.7309,0.1154,153,15,0.394,0.915,791.8,45.7
CELL_006,THz,10.29,11,0.06438,0.012131,backdoor,0.8773,0.0905,153,36,0.828,0.9064,27.5,192.4
CELL_007,NTN-LEO,9.4,6,0.014579,0.004837,normal,0.0,0.9543,153,36,0.666,0.9596,214.2,207.6
CELL_008,RMa,16.63,11,0.002,0.001,normal,0.0,0.9855,153,28,0.594,0.9599,346.2,226.4
CELL_009,NTN-LEO,21.34,23,0.002,0.001,normal,0.0,0.9666,153,14,0.937,0.9599,504.5,204.3
CELL_010,RMa,7.27,10,0.002,0.001,data_poisoning,0.6376,0.335,153,18,0.62,0.9217,660.3,175.3
CELL_011,RIS,18.07,8,0.002,0.001,jamming,0.1533,0.7685,153,31,0.813,0.9507,796.8,190.2
CELL_012,FR2-mmWave,1.96,26,0.177578,0.051138,normal,0.0,0.9751,153,38,0.59,0.9559,57.7,322.0
CELL_013,InH,3.1,3,0.002,0.001,normal,0.0,0.9962,153,39,0.258,0.9599,223.6,374.8
CELL_014,RMa,15.39,18,0.002,0.001,normal,0.0,0.9667,153,34,0.318,0.9599,356.0,385.8
CELL_015,UMi,7.07,31,0.006955,0.002039,normal,0.0,0.999,153,30,0.215,0.9598,509.6,333.7
CELL_016,UMa,6.82,4,0.004278,0.001,jamming,0.2185,0.6768,153,9,0.755,0.9468,648.3,365.8
CELL_017,RMa,12.92,28,0.071733,0.007801,false_csi_injection,0.7739,0.2235,153,10,0.884,0.9129,811.0,344.6
CELL_018,FR2-mmWave,9.7,25,1.2,0.706621,adversarial,0.8775,0.1068,153,12,0.418,0.8508,42.7,497.3
CELL_019,UMa,21.05,8,0.116654,0.014707,normal,0.0,0.9784,153,33,0.46,0.9588,175.1,490.1
CELL_020,FR2-mmWave,-5.0,19,0.204522,0.063276,normal,0.0,0.9964,153,13,0.641,0.9549,355.9,492.0
CELL_021,UMi,0.22,25,0.204609,0.061583,normal,0.0,0.9638,153,8,0.764,0.9551,500.7,502.4
CELL_022,InH,3.03,5,1.2,0.9,normal,0.0,0.984,153,18,0.619,0.888,650.3,499.2
CELL_023,FR2-mmWave,15.13,14,0.03091,0.008317,normal,0.0,0.9668,153,12,0.826,0.9593,783.2,494.0
CELL_000,RMa,8.0,9,1.2,0.344545,normal,0.0,0.9745,154,9,0.229,0.9324,56.3,46.1
CELL_001,RMa,8.66,6,1.2,0.326535,normal,0.0,0.9998,154,32,0.82,0.9339,205.9,49.8
CELL_002,FR2-mmWave,30.74,30,0.002,0.001,normal,0.0,0.9767,154,27,0.628,0.9599,357.2,56.1
CELL_003,NTN-LEO,25.46,17,0.002,0.001,normal,0.0,0.9675,154,10,0.281,0.9599,507.9,45.9
CELL_004,THz,14.68,23,0.098068,0.026846,normal,0.0,0.9639,154,18,0.662,0.9579,665.8,47.6
CELL_005,UMa,7.2,16,0.034385,0.008756,normal,0.0,0.9535,154,17,0.786,0.9593,809.0,41.1
CELL_006,UMa,10.94,15,0.051288,0.00704,csi_spoofing,0.5492,0.4487,154,26,0.404,0.9265,61.0,201.6
CELL_007,RIS,19.45,2,0.049034,0.011086,normal,0.0,0.9952,154,13,0.926,0.9591,181.2,191.6
CELL_008,RIS,10.46,30,0.031603,0.008142,normal,0.0,0.9806,154,17,0.364,0.9593,342.8,186.3
CELL_009,InH,21.29,23,0.031467,0.002542,data_poisoning,0.5842,0.4128,154,37,0.831,0.9247,501.7,188.0
CELL_010,UMi,21.33,20,0.002,0.001,normal,0.0,0.9781,154,28,0.635,0.9599,646.1,192.9
CELL_011,FR2-mmWave,5.92,11,0.078928,0.024139,normal,0.0,0.9515,154,12,0.226,0.9581,794.2,191.6
CELL_012,NTN-LEO,14.62,9,0.003578,0.001,normal,0.0,0.9744,154,21,0.341,0.9599,60.6,332.8
CELL_013,UMi,-1.34,25,0.538259,0.097,false_csi_injection,0.8979,0.067,154,19,0.647,0.8984,198.2,348.5
CELL_014,UMa,13.5,8,0.027936,0.00483,normal,0.0,0.9652,154,33,0.406,0.9596,326.1,341.1
CELL_015,NTN-LEO,6.65,31,0.493864,0.1176,normal,0.0,0.9956,154,18,0.419,0.9506,489.4,356.8
CELL_016,FR2-mmWave,10.95,28,0.011006,0.003058,normal,0.0,0.9846,154,37,0.226,0.9598,649.1,339.3
CELL_017,RMa,-1.62,6,0.327684,0.100814,normal,0.0,0.9874,154,28,0.92,0.9519,807.5,356.5
CELL_018,RIS,6.68,8,0.035049,0.007127,pilot_contamination,0.88,0.05,154,8,0.314,0.9066,45.7,526.7
CELL_019,FR2-mmWave,16.71,0,0.011991,0.00166,jamming,0.3087,0.5434,154,28,0.617,0.9413,201.9,497.9
CELL_020,THz,17.57,2,0.104358,0.025493,normal,0.0,0.9893,154,38,0.653,0.958,344.3,499.8
CELL_021,NTN-LEO,1.21,15,0.002,0.001,normal,0.0,0.9513,154,14,0.471,0.9599,506.7,491.8
CELL_022,RMa,7.93,12,0.034943,0.007756,normal,0.0,0.9666,154,21,0.693,0.9594,648.5,500.0
CELL_023,FR2-mmWave,2.69,20,1.2,0.9,normal,0.0,0.969,154,34,0.289,0.888,773.8,496.3
CELL_000,UMi,5.84,5,0.557405,0.208472,normal,0.0,0.9728,155,20,0.461,0.9433,60.5,80.9
CELL_001,RMa,9.75,26,0.002,0.001,false_csi_injection,0.4009,0.5841,155,30,0.591,0.9359,202.1,59.5
CELL_002,UMa,16.54,13,0.006009,0.001,normal,0.0,0.9654,155,29,0.74,0.9599,342.1,45.1
CELL_003,UMi,13.36,23,0.034797,0.010012,normal,0.0,0.953,155,32,0.22,0.9592,492.7,62.4
CELL_004,InH,3.32,2,0.751154,0.304572,normal,0.0,0.9725,155,25,0.638,0.9356,656.3,51.2
CELL_005,UMa,12.42,16,0.043236,0.008126,normal,0.0,0.9635,155,31,0.397,0.9593,799.9,43.4
CELL_006,FR2-mmWave,27.41,3,0.004311,0.001,jamming,0.9844,0.05,155,21,0.499,0.9009,52.4,213.6
CELL_007,FR2-mmWave,15.31,18,0.012214,0.002574,normal,0.0,0.9881,155,12,0.565,0.9598,191.7,204.9
CELL_008,UMi,7.24,8,0.031626,0.007239,normal,0.0,0.9654,155,37,0.441,0.9594,353.8,206.8
CELL_009,FR2-mmWave,15.71,6,0.008497,0.002235,normal,0.0,0.9743,155,39,0.902,0.9598,492.9,201.7
CELL_010,UMa,18.42,9,0.002,0.001,data_poisoning,0.7561,0.209,155,30,0.661,0.9146,652.9,195.8
CELL_011,InH,19.73,19,0.046195,0.007953,normal,0.0,0.99,155,35,0.824,0.9594,807.5,194.9
CELL_012,RMa,16.67,10,0.092725,0.014073,normal,0.0,0.9869,155,19,0.2,0.9589,40.3,343.9
CELL_013,FR2-mmWave,8.61,14,0.907917,0.309527,normal,0.0,0.9727,155,13,0.228,0.9352,194.6,348.5
CELL_014,RMa,10.86,25,0.12845,0.028053,normal,0.0,0.9659,155,26,0.881,0.9578,360.9,353.4
CELL_015,InH,14.87,9,0.02233,0.002306,pilot_contamination,0.5968,0.2498,155,24,0.362,0.924,495.3,354.9
CELL_016,NTN-LEO,22.07,16,0.004572,0.001,pilot_contamination,0.5842,0.297,155,31,0.216,0.9249,648.0,348.9
CELL_017,THz,2.3,27,1.2,0.9,normal,0.0,0.9712,155,15,0.647,0.888,804.8,371.4
CELL_018,THz,14.33,0,0.004617,0.001,backdoor,0.1332,0.8607,155,32,0.94,0.9519,46.9,510.5
CELL_019,FR2-mmWave,12.27,4,0.044317,0.004631,pilot_contamination,0.9399,0.05,155,29,0.597,0.9032,227.7,476.2
CELL_020,THz,8.17,25,0.086468,0.02993,normal,0.0,0.9572,155,26,0.65,0.9576,365.5,485.1
CELL_021,InH,2.76,5,0.548029,0.154056,normal,0.0,0.9901,155,33,0.311,0.9477,506.1,511.1
CELL_022,RMa,16.06,4,0.014916,0.001534,jamming,0.3511,0.4786,155,12,0.333,0.9388,684.4,497.3
CELL_023,RMa,3.66,9,0.204759,0.03849,data_poisoning,0.406,0.5773,155,32,0.229,0.9326,800.3,487.3
CELL_000,NTN-LEO,6.57,13,1.2,0.226734,csi_spoofing,0.437,0.5236,156,38,0.517,0.9156,45.8,52.0
CELL_001,NTN-LEO,19.65,24,0.006132,0.0012,normal,0.0,0.974,156,28,0.232,0.9599,208.8,40.9
CELL_002,RMa,0.41,3,0.381633,0.061917,pilot_contamination,0.9788,0.05,156,23,0.217,0.8963,343.0,67.4
CELL_003,NTN-LEO,2.81,29,0.100684,0.028361,normal,0.0,0.9748,156,9,0.597,0.9577,489.7,73.0
CELL_004,RMa,11.54,16,0.161447,0.030557,normal,0.0,0.99,156,11,0.922,0.9576,657.8,62.6
CELL_005,UMi,1.16,29,0.634245,0.169565,csi_spoofing,0.7184,0.2391,156,33,0.571,0.9033,807.3,52.0
CELL_006,RIS,8.09,14,0.04439,0.011669,jamming,0.2126,0.6769,156,36,0.86,0.9463,22.3,187.7
CELL_007,UMa,20.24,0,0.002,0.001,normal,0.0,0.9946,156,11,0.637,0.9599,199.0,209.4
CELL_008,FR2-mmWave,17.57,4,0.007904,0.001931,normal,0.0,0.9623,156,34,0.629,0.9598,368.8,179.8
CELL_009,NTN-LEO,0.65,23,0.047876,0.011351,csi_spoofing,0.2612,0.7054,156,27,0.798,0.9434,500.8,216.2
CELL_010,FR2-mmWave,8.78,29,0.002,0.001,normal,0.0,0.9765,156,22,0.577,0.9599,644.1,202.2
CELL_011,UMi,7.71,22,0.018942,0.004826,adversarial,0.1021,0.8967,156,25,0.836,0.9535,782.5,172.5
CELL_012,RIS,-5.0,22,0.329736,0.102015,normal,0.0,0.9783,156,29,0.509,0.9518,48.3,352.9
CELL_013,UMa,4.44,8,0.756265,0.119868,jamming,0.7509,0.05,156,18,0.42,0.9054,196.1,361.4
CELL_014,InH,8.62,4,0.393644,0.090444,normal,0.0,0.9865,156,39,0.259,0.9528,351.3,352.0
CELL_015,InH,22.64,26,0.00552,0.001,jamming,0.9265,0.05,156,35,0.879,0.9043,505.3,372.7
CELL_016,UMi,19.44,25,0.002115,0.001,backdoor,0.1371,0.8459,156,27,0.707,0.9517,645.1,336.5
CELL_017,UMi,15.89,17,0.002,0.001,normal,0.0,0.9608,156,39,0.586,0.9599,793.7,342.1
CELL_018,UMi,23.24,24,0.036524,0.0039,csi_spoofing,0.1154,0.8721,156,14,0.476,0.9528,8.3,500.4
CELL_019,NTN-LEO,-1.68,28,0.440812,0.171682,normal,0.0,0.961,156,35,0.382,0.9463,178.8,487.7
CELL_020,FR2-mmWave,2.47,31,0.012118,0.003424,normal,0.0,0.9905,156,28,0.69,0.9597,335.1,500.2
CELL_021,UMi,4.2,2,0.110813,0.036035,normal,0.0,0.9657,156,24,0.314,0.9571,500.8,478.8
CELL_022,RIS,9.07,15,0.032241,0.010819,normal,0.0,0.9922,156,25,0.693,0.9591,649.7,484.6
CELL_023,THz,13.47,10,0.008617,0.001717,normal,0.0,0.9926,156,9,0.893,0.9599,789.6,523.7
CELL_000,NTN-LEO,15.75,19,0.128409,0.029758,normal,0.0,0.9684,157,13,0.596,0.9576,42.4,59.8
CELL_001,THz,24.7,21,0.002,0.001,normal,0.0,0.9702,157,10,0.293,0.9599,200.0,33.8
CELL_002,UMa,13.0,8,0.090711,0.010185,pilot_contamination,0.5361,0.3195,157,23,0.657,0.927,354.5,53.5
CELL_003,RIS,8.24,1,0.272366,0.03332,jamming,0.8344,0.05,157,8,0.646,0.9073,503.5,32.1
CELL_004,UMa,8.8,5,0.252534,0.054207,normal,0.0,0.9629,157,38,0.225,0.9557,661.0,74.1
CELL_005,RIS,20.75,27,0.343237,0.035505,false_csi_injection,0.6548,0.3188,157,18,0.571,0.9179,807.0,50.4
CELL_006,RMa,1.97,6,0.148193,0.024171,jamming,0.6986,0.05,157,34,0.622,0.9162,28.3,195.0
CELL_007,UMi,21.09,15,0.002,0.001,backdoor,0.3997,0.5637,157,37,0.656,0.9359,190.6,202.0
CELL_008,UMa,8.04,4,0.162748,0.022267,jamming,0.7724,0.05,157,27,0.773,0.9119,351.2,199.2
CELL_009,UMi,20.15,19,0.002,0.001,csi_spoofing,0.1674,0.8039,157,33,0.778,0.9499,512.9,198.9
CELL_010,RMa,14.86,0,0.052559,0.005178,false_csi_injection,0.8377,0.1508,157,18,0.275,0.9093,655.1,208.3
CELL_011,THz,17.46,29,0.002,0.001,normal,0.0,0.9648,157,28,0.743,0.9599,811.6,197.6
CELL_012,RIS,21.64,22,0.003612,0.001,normal,0.0,0.9977,157,26,0.329,0.9599,59.7,345.1
CELL_013,THz,0.84,29,0.154381,0.067578,normal,0.0,0.9634,157,19,0.335,0.9546,187.8,356.4
CELL_014,NTN-LEO,8.48,30,0.087903,0.019388,normal,0.0,0.982,157,33,0.739,0.9584,349.2,341.2
CELL_015,FR2-mmWave,16.46,14,0.002803,0.001,normal,0.0,0.998,157,16,0.578,0.9599,500.4,352.1
CELL_016,UMi,20.67,1,0.002,0.001,normal,0.0,0.984,157,31,0.656,0.9599,646.9,357.5
CELL_017,UMi,17.26,22,0.046617,0.004423,jamming,0.4303,0.359,157,30,0.642,0.9338,803.4,343.4
CELL_018,UMi,26.69,27,0.002,0.001,normal,0.0,0.9957,157,21,0.311,0.9599,49.0,494.9
CELL_019,FR2-mmWave,2.17,27,0.048769,0.020498,normal,0.0,0.9604,157,15,0.764,0.9584,197.2,522.4
CELL_020,UMi,3.0,8,0.560649,0.156155,normal,0.0,0.957,157,37,0.447,0.9475,341.0,515.3
CELL_021,RMa,11.33,29,1.2,0.270376,normal,0.0,0.9818,157,14,0.327,0.9384,511.2,494.5
CELL_022,InH,17.45,31,0.004278,0.001,normal,0.0,0.9725,157,8,0.95,0.9599,641.7,507.6
CELL_023,THz,6.39,19,0.661839,0.189451,normal,0.0,0.9957,157,36,0.732,0.9448,792.0,508.3
CELL_000,RIS,7.88,6,0.006006,0.001869,normal,0.0,0.9983,158,14,0.936,0.9599,37.7,42.3
CELL_001,InH,23.35,4,0.002,0.001,normal,0.0,0.9812,158,24,0.524,0.9599,207.2,58.1
CELL_002,RMa,21.35,22,0.002953,0.001,data_poisoning,0.9149,0.05,158,8,0.574,0.905,330.6,41.7
CELL_003,FR2-mmWave,15.37,6,0.002393,0.001,normal,0.0,0.9682,158,18,0.426,0.9599,517.9,72.5
CELL_004,NTN-LEO,13.88,13,0.004929,0.001,normal,0.0,0.9608,158,38,0.352,0.9599,654.2,60.0
CELL_005,InH,25.35,2,0.008287,0.001,normal,0.0,0.9745,158,36,0.395,0.9599,787.4,43.0
CELL_006,InH,25.2,29,0.002,0.001,normal,0.0,0.9857,158,29,0.821,0.9599,48.0,211.7
CELL_007,UMa,23.61,26,0.006106,0.001,normal,0.0,0.9782,158,12,0.766,0.9599,226.6,215.8
CELL_008,NTN-LEO,8.5,18,0.018546,0.004086,normal,0.0,0.9683,158,29,0.5,0.9597,372.6,215.1
CELL_009,InH,-3.79,10,0.4464,0.142782,normal,0.0,0.9762,158,24,0.621,0.9486,504.9,194.0
CELL_010,InH,3.25,23,0.094653,0.025962,normal,0.0,0.9621,158,18,0.273,0.9579,671.2,197.0
CELL_011,UMa,-1.44,13,0.734329,0.139308,false_csi_injection,0.6857,0.3013,158,22,0.933,0.9077,787.2,207.7
CELL_012,UMi,9.37,16,0.002,0.001,normal,0.0,0.9751,158,10,0.399,0.9599,54.3,344.2
CELL_013,InH,3.33,10,0.048328,0.013293,normal,0.0,0.9935,158,36,0.521,0.9589,193.1,361.1
CELL_014,RMa,14.7,1,0.016987,0.001973,adversarial,0.6542,0.3383,158,15,0.713,0.9206,348.2,360.5
CELL_015,THz,12.11,12,0.004458,0.001343,normal,0.0,0.9527,158,22,0.513,0.9599,485.9,354.9
CELL_016,NTN-LEO,8.53,21,0.035769,0.012227,normal,0.0,0.9605,158,17,0.902,0.959,633.3,363.8
CELL_017,THz,9.42,5,0.525367,0.174159,normal,0.0,0.9743,158,32,0.645,0.9461,805.4,346.4
CELL_018,RIS,-0.92,15,0.344048,0.106443,normal,0.0,0.9959,158,11,0.645,0.9515,59.2,509.0
CELL_019,UMa,16.83,2,0.038679,0.003505,csi_spoofing,0.7139,0.2544,158,39,0.248,0.9169,203.1,497.3
CELL_020,RMa,16.49,24,0.044812,0.003907,csi_spoofing,0.8685,0.0905,158,22,0.345,0.9076,323.2,518.3
CELL_021,NTN-LEO,6.49,10,0.028375,0.01039,normal,0.0,0.9686,158,33,0.374,0.9592,505.7,501.4
CELL_022,UMi,8.7,3,0.097069,0.024014,csi_spoofing,0.3603,0.5995,158,9,0.391,0.9365,652.8,498.9
CELL_023,NTN-LEO,15.29,13,0.169361,0.016198,csi_spoofing,0.773,0.2119,158,19,0.296,0.9123,800.9,491.9
CELL_000,InH,21.03,18,0.033746,0.007131,normal,0.0,0.9892,159,9,0.331,0.9594,69.0,53.1
CELL_001,UMi,3.7,30,1.2,0.9,normal,0.0,0.996,159,30,0.7,0.888,213.7,27.6
CELL_002,THz,19.71,17,0.055341,0.005974,jamming,0.371,0.4519,159,28,0.605,0.9373,337.1,48.1
CELL_003,THz,16.6,18,0.004084,0.001037,normal,0.0,0.9737,159,39,0.62,0.9599,506.3,53.0
CELL_004,NTN-LEO,5.53,25,0.006367,0.00102,jamming,0.4349,0.3452,159,12,0.571,0.9338,643.9,51.2
CELL_005,UMa,-0.56,0,1.009522,0.232986,data_poisoning,0.4447,0.5481,159,12,0.453,0.9147,801.5,38.4
CELL_006,NTN-LEO,18.14,10,0.006508,0.001554,normal,0.0,0.9716,159,15,0.549,0.9599,29.6,206.6
CELL_007,UMi,11.12,11,0.005867,0.001162,normal,0.0,0.9505,159,31,0.48,0.9599,185.6,208.4
CELL_008,UMi,11.49,30,0.004401,0.001,normal,0.0,0.9796,159,24,0.807,0.9599,340.6,207.5
CELL_009,InH,11.79,27,0.031381,0.006215,data_poisoning,0.5839,0.3994,159,26,0.221,0.9245,488.7,189.6
CELL_010,UMi,10.85,4,0.093285,0.029408,normal,0.0,0.9528,159,36,0.521,0.9576,643.3,188.4
CELL_011,RMa,13.96,16,0.005963,0.001,jamming,0.2135,0.688,159,14,0.899,0.9471,803.2,184.1
CELL_012,UMa,8.03,7,0.087386,0.023907,normal,0.0,0.9767,159,14,0.208,0.9581,37.6,369.2
CELL_013,FR2-mmWave,20.9,9,0.002,0.001,normal,0.0,0.9867,159,9,0.268,0.9599,188.3,366.6
CELL_014,NTN-LEO,13.96,9,0.002,0.001,normal,0.0,0.9989,159,31,0.473,0.9599,337.9,355.2
CELL_015,FR2-mmWave,-1.06,23,1.149394,0.430811,normal,0.0,0.9539,159,16,0.814,0.9255,479.5,334.6
CELL_016,NTN-LEO,18.38,14,0.015212,0.002089,normal,0.0,0.9623,159,30,0.384,0.9598,670.3,356.8
CELL_017,InH,8.4,2,0.005814,0.001267,normal,0.0,0.9754,159,36,0.651,0.9599,792.5,335.4
CELL_018,UMi,10.0,27,0.387986,0.060457,csi_spoofing,0.2799,0.7049,159,37,0.239,0.9384,56.8,528.8
CELL_019,THz,23.23,6,0.002,0.001,normal,0.0,0.9957,159,15,0.261,0.9599,215.2,501.4
CELL_020,RMa,25.49,14,0.01534,0.001409,normal,0.0,0.9906,159,24,0.738,0.9599,365.6,498.5
CELL_021,RIS,10.58,23,0.002,0.001,normal,0.0,0.9933,159,35,0.555,0.9599,475.8,507.7
CELL_022,RMa,15.5,6,0.045963,0.007228,normal,0.0,0.9513,159,12,0.346,0.9594,638.0,499.3
CELL_023,UMi,13.56,7,0.002,0.001,csi_spoofing,0.4633,0.5174,159,11,0.562,0.9321,798.2,510.1
CELL_000,UMi,9.61,4,0.883083,0.18254,normal,0.0,0.959,160,26,0.573,0.9454,57.1,50.7
CELL_001,THz,5.19,17,0.100629,0.028184,normal,0.0,0.9789,160,10,0.385,0.9577,193.9,43.9
CELL_002,NTN-LEO,14.68,18,0.002364,0.001,normal,0.0,0.9709,160,21,0.549,0.9599,370.9,46.0
CELL_003,InH,11.51,0,0.002,0.001,jamming,0.256,0.6314,160,17,0.649,0.9446,503.5,58.9
CELL_004,RIS,19.68,24,0.002,0.001,normal,0.0,0.9861,160,8,0.92,0.9599,639.3,66.3
CELL_005,UMa,30.8,29,0.002,0.001,normal,0.0,0.9861,160,15,0.656,0.9599,773.3,49.5
CELL_006,UMa,7.88,31,1.2,0.402447,pilot_contamination,0.5755,0.2696,160,16,0.272,0.8933,54.3,209.0
CELL_007,UMi,11.23,15,0.056488,0.012416,normal,0.0,0.9744,160,21,0.236,0.959,199.6,205.6
CELL_008,RIS,12.68,2,0.002,0.001,normal,0.0,0.984,160,17,0.663,0.9599,342.0,202.5
CELL_009,RIS,16.44,3,0.002,0.001,csi_spoofing,0.4705,0.5053,160,25,0.735,0.9317,502.6,205.8
CELL_010,UMa,2.09,13,0.002863,0.001,backdoor,0.1267,0.86,160,31,0.354,0.9523,655.9,207.7
CELL_011,NTN-LEO,29.14,23,0.002,0.001,normal,0.0,0.955,160,21,0.582,0.9599,790.5,202.3
CELL_012,THz,20.74,5,0.005718,0.001,normal,0.0,0.9581,160,15,0.262,0.9599,58.6,342.2
CELL_013,NTN-LEO,14.9,4,0.002,0.001,normal,0.0,0.9692,160,22,0.654,0.9599,207.1,345.9
CELL_014,UMa,4.86,10,0.519888,0.070712,jamming,0.8682,0.05,160,38,0.757,0.9023,349.5,358.5
CELL_015,FR2-mmWave,14.06,19,0.542576,0.078503,pilot_contamination,0.1503,0.8089,160,32,0.642,0.9447,508.8,365.0
CELL_016,InH,-4.07,17,0.57874,0.195435,normal,0.0,0.9857,160,16,0.934,0.9444,647.0,358.3
CELL_017,THz,4.35,7,0.016964,0.005105,false_csi_injection,0.2798,0.6723,160,23,0.446,0.9428,791.8,356.5
CELL_018,UMa,17.51,24,0.002536,0.001,normal,0.0,0.9693,160,36,0.838,0.9599,60.2,492.7
CELL_019,RMa,5.63,8,0.199297,0.048611,normal,0.0,0.9804,160,34,0.315,0.9561,225.9,496.0
CELL_020,UMi,17.63,27,0.002,0.001,csi_spoofing,0.1987,0.7525,160,13,0.698,0.948,345.5,497.2
CELL_021,UMi,18.21,20,0.18294,0.033843,normal,0.0,0.9733,160,8,0.859,0.9573,495.8,524.3
CELL_022,UMi,20.46,0,0.017666,0.002935,normal,0.0,0.9914,160,31,0.893,0.9598,622.0,513.9
CELL_023,UMi,12.26,16,0.408613,0.122444,normal,0.0,0.9631,160,15,0.398,0.9502,801.3,497.4
CELL_000,UMi,18.86,0,0.047985,0.011121,normal,0.0,0.9934,161,18,0.921,0.9591,53.5,72.1
CELL_001,RMa,13.37,27,0.038774,0.006921,normal,0.0,0.9565,161,30,0.698,0.9594,199.3,46.3
CELL_002,InH,23.77,18,0.002,0.001,normal,0.0,0.9927,161,34,0.649,0.9599,351.2,54.6
CELL_003,UMa,7.22,31,1.2,0.220459,csi_spoofing,0.5973,0.3784,161,26,0.574,0.9065,479.9,46.9
CELL_004,UMa,5.88,25,0.323332,0.080516,normal,0.0,0.9927,161,33,0.77,0.9536,657.9,43.3
CELL_005,THz,12.12,2,0.090233,0.027173,normal,0.0,0.9906,161,16,0.781,0.9578,813.5,45.0
CELL_006,RMa,20.65,23,0.002,0.001,normal,0.0,0.9735,161,35,0.434,0.9599,47.2,212.7
CELL_007,FR2-mmWave,-0.79,8,0.093177,0.041827,normal,0.0,0.9667,161,22,0.284,0.9567,229.3,196.5
CELL_008,RMa,17.24,28,0.073924,0.010629,normal,0.0,0.9616,161,10,0.365,0.9591,357.1,201.4
CELL_009,THz,22.85,28,0.002,0.001,normal,0.0,0.9631,161,18,0.902,0.9599,499.8,205.8
CELL_010,RIS,14.33,29,0.072889,0.012426,normal,0.0,0.9792,161,24,0.558,0.959,637.7,194.7
CELL_011,InH,9.49,24,0.004825,0.001596,normal,0.0,0.9646,161,15,0.494,0.9599,794.2,200.1
CELL_012,THz,15.48,20,0.09971,0.026466,normal,0.0,0.9782,161,25,0.243,0.9579,46.7,352.9
CELL_013,RMa,5.49,7,0.082568,0.011381,pilot_contamination,0.9024,0.05,161,23,0.664,0.9049,221.0,357.8
CELL_014,THz,18.43,4,0.002,0.001,normal,0.0,0.9699,161,36,0.642,0.9599,333.4,348.7
CELL_015,NTN-LEO,10.22,25,0.024523,0.00311,false_csi_injection,0.7038,0.2887,161,26,0.568,0.9175,501.9,346.4
CELL_016,RMa,12.86,12,0.019153,0.003409,normal,0.0,0.9845,161,32,0.336,0.9597,640.4,364.2
CELL_017,FR2-mmWave,24.85,5,0.002,0.001,normal,0.0,0.967,161,12,0.227,0.9599,804.1,333.2
CELL_018,RMa,5.32,14,0.190247,0.034077,csi_spoofing,0.3973,0.5636,161,9,0.32,0.9334,26.2,502.1
CELL_019,UMi,28.12,28,0.005049,0.001,normal,0.0,0.992,161,38,0.742,0.9599,189.5,499.0
CELL_020,InH,23.36,8,0.002,0.001,normal,0.0,0.9863,161,30,0.267,0.9599,332.5,487.6
CELL_021,RMa,5.99,21,1.2,0.797234,normal,0.0,0.9835,161,18,0.217,0.8962,483.0,469.3
CELL_022,FR2-mmWave,13.18,0,0.080381,0.01465,normal,0.0,0.9965,161,18,0.905,0.9588,653.3,521.1
CELL_023,InH,7.31,12,0.037238,0.008748,normal,0.0,0.9954,161,17,0.479,0.9593,807.1,501.8
CELL_000,RMa,11.82,12,1.2,0.199892,pilot_contamination,0.5083,0.3871,162,28,0.798,0.9135,51.1,64.7
CELL_001,RMa,17.35,2,0.003565,0.001,normal,0.0,0.9609,162,36,0.749,0.9599,203.5,41.8
CELL_002,NTN-LEO,20.94,2,0.002034,0.001,normal,0.0,0.9686,162,39,0.79,0.9599,362.3,53.4
CELL_003,UMa,7.88,27,0.050597,0.014322,false_csi_injection,0.1529,0.8447,162,24,0.507,0.9497,497.6,39.9
CELL_004,THz,24.44,9,0.002,0.001,normal,0.0,0.9606,162,11,0.803,0.9599,624.2,44.6
CELL_005,RIS,14.76,18,0.030766,0.007359,normal,0.0,0.992,162,14,0.639,0.9594,782.2,47.5
CELL_006,UMi,17.19,16,0.046348,0.006654,normal,0.0,0.9641,162,26,0.638,0.9595,77.0,195.4
CELL_007,NTN-LEO,6.42,8,0.742457,0.178459,normal,0.0,0.9722,162,26,0.926,0.9457,203.6,179.3
CELL_008,RMa,3.23,11,0.006504,0.001027,csi_spoofing,0.9223,0.0571,162,16,0.237,0.9046,362.0,184.4
CELL_009,THz,10.25,4,0.075696,0.024375,normal,0.0,0.9953,162,27,0.533,0.958,501.3,187.9
CELL_010,InH,8.7,4,0.145981,0.049623,normal,0.0,0.9532,162,36,0.825,0.956,650.1,202.2
CELL_011,RMa,-4.49,4,0.395646,0.119886,normal,0.0,0.9846,162,12,0.378,0.9504,808.7,205.5
CELL_012,UMi,26.33,25,0.002,0.001,pilot_contamination,0.103,0.8518,162,33,0.867,0.9537,53.1,351.0
CELL_013,NTN-LEO,3.07,29,0.003405,0.001,pilot_contamination,0.1593,0.7894,162,25,0.9,0.9504,220.2,360.4
CELL_014,NTN-LEO,10.4,16,0.076762,0.015884,normal,0.0,0.9696,162,12,0.74,0.9587,354.7,373.8
CELL_015,FR2-mmWave,9.46,19,0.035423,0.011729,normal,0.0,0.9535,162,38,0.298,0.9591,500.7,344.0
CELL_016,FR2-mmWave,9.32,21,0.106648,0.019443,false_csi_injection,0.7159,0.2827,162,18,0.698,0.9155,650.4,340.1
CELL_017,RIS,-4.08,29,0.80712,0.362316,normal,0.0,0.9977,162,15,0.792,0.931,822.0,333.9
CELL_018,NTN-LEO,14.22,14,0.046999,0.009613,normal,0.0,0.9582,162,8,0.574,0.9592,60.2,494.3
CELL_019,NTN-LEO,21.99,16,0.002,0.001,jamming,0.2623,0.5932,162,26,0.558,0.9442,199.3,509.3
CELL_020,FR2-mmWave,13.21,23,0.050457,0.0146,normal,0.0,0.9626,162,25,0.269,0.9588,353.0,491.6
CELL_021,NTN-LEO,7.19,17,0.18245,0.058659,normal,0.0,0.9767,162,12,0.789,0.9553,489.0,490.5
CELL_022,RMa,15.56,1,0.36792,0.059964,normal,0.0,0.9514,162,20,0.493,0.9552,664.8,497.6
CELL_023,RIS,14.1,16,0.064795,0.015181,false_csi_injection,0.1672,0.8276,162,12,0.597,0.9488,800.0,487.1
CELL_000,UMi,3.79,17,0.410739,0.10805,normal,0.0,0.9917,163,33,0.868,0.9514,36.9,82.9
CELL_001,NTN-LEO,0.6,20,0.025345,0.00667,csi_spoofing,0.5583,0.4128,163,11,0.67,0.926,223.4,39.3
CELL_002,RMa,17.62,18,0.002,0.001,normal,0.0,0.9595,163,23,0.205,0.9599,346.0,43.6
CELL_003,NTN-LEO,-0.63,9,0.437824,0.134591,normal,0.0,0.9877,163,31,0.823,0.9492,491.7,48.9
CELL_004,InH,20.8,2,0.006275,0.001,pilot_contamination,0.3485,0.5489,163,8,0.6,0.939,656.0,57.1
CELL_005,RMa,0.43,28,0.701318,0.15401,false_csi_injection,0.34,0.6235,163,38,0.92,0.9273,797.4,70.4
CELL_006,InH,11.74,24,0.041732,0.007595,jamming,0.5865,0.1307,163,36,0.387,0.9242,56.0,238.4
CELL_007,FR2-mmWave,16.09,27,0.003362,0.001,normal,0.0,0.9817,163,10,0.527,0.9599,191.4,217.5
CELL_008,FR2-mmWave,12.48,7,0.305207,0.066917,pilot_contamination,0.282,0.6342,163,8,0.649,0.9377,359.7,204.8
CELL_009,InH,3.8,12,1.2,0.377705,csi_spoofing,0.9723,0.05,163,29,0.739,0.8714,508.6,221.1
CELL_010,InH,9.87,13,0.093889,0.016649,csi_spoofing,0.5081,0.4519,163,31,0.873,0.9282,686.1,188.0
CELL_011,RIS,9.21,18,0.01221,0.003621,normal,0.0,0.9852,163,36,0.862,0.9597,816.6,205.9
CELL_012,RMa,10.05,25,0.460812,0.093319,normal,0.0,0.9683,163,17,0.373,0.9525,38.7,364.2
CELL_013,RIS,11.15,27,0.00397,0.001,csi_spoofing,0.5255,0.433,163,9,0.885,0.9284,179.3,345.1
CELL_014,FR2-mmWave,13.79,10,0.002,0.001,normal,0.0,0.9998,163,33,0.902,0.9599,339.6,359.7
CELL_015,UMi,6.48,14,0.214368,0.044594,data_poisoning,0.9907,0.05,163,37,0.604,0.897,519.2,344.5
CELL_016,UMa,-3.4,6,1.2,0.489687,normal,0.0,0.96,163,31,0.911,0.9208,643.9,333.7
CELL_017,FR2-mmWave,5.23,1,0.247099,0.047328,pilot_contamination,0.6215,0.2514,163,18,0.255,0.9189,798.5,348.8
CELL_018,UMi,12.69,25,0.030445,0.002988,pilot_contamination,0.9638,0.05,163,35,0.362,0.9019,61.7,510.9
CELL_019,NTN-LEO,12.7,22,0.160095,0.017704,false_csi_injection,0.8375,0.1129,163,23,0.886,0.9083,185.3,499.3
CELL_020,THz,14.74,5,0.003525,0.001,normal,0.0,0.9794,163,12,0.932,0.9599,366.0,505.9
CELL_021,THz,-3.15,26,0.202076,0.090712,normal,0.0,0.9939,163,12,0.523,0.9527,504.7,508.1
CELL_022,RMa,2.34,21,0.048027,0.010111,csi_spoofing,0.2952,0.6753,163,28,0.771,0.9415,643.2,496.3
CELL_023,UMi,6.25,20,0.107577,0.026385,normal,0.0,0.99,163,25,0.655,0.9579,816.3,493.5
CELL_000,FR2-mmWave,20.42,17,0.008818,0.001,csi_spoofing,0.6559,0.3432,164,30,0.489,0.9206,33.9,54.3
CELL_001,FR2-mmWave,22.14,17,0.01771,0.003564,normal,0.0,0.9796,164,20,0.801,0.9597,182.3,46.4
CELL_002,UMa,5.64,8,0.023343,0.005704,normal,0.0,0.9597,164,15,0.219,0.9595,354.3,47.3
CELL_003,NTN-LEO,9.34,12,0.228047,0.047637,normal,0.0,0.953,164,22,0.58,0.9562,501.8,50.3
CELL_004,NTN-LEO,3.1,10,0.989048,0.275643,normal,0.0,0.9612,164,14,0.549,0.9379,655.4,58.5
CELL_005,RMa,27.88,11,0.002,0.001,normal,0.0,0.9833,164,38,0.54,0.9599,801.4,56.9
CELL_006,UMa,11.47,15,0.002,0.001,pilot_contamination,0.9304,0.05,164,39,0.846,0.9041,41.7,209.6
CELL_007,RMa,33.98,20,0.002,0.001,normal,0.0,0.9907,164,17,0.577,0.9599,202.4,186.8
CELL_008,THz,17.31,0,0.00308,0.001,csi_spoofing,0.7776,0.2043,164,27,0.695,0.9133,329.8,206.6
CELL_009,THz,27.17,27,0.004474,0.001,false_csi_injection,0.6732,0.2987,164,25,0.491,0.9195,501.3,217.3
CELL_010,UMi,18.38,11,0.002,0.001,normal,0.0,0.9552,164,11,0.434,0.9599,669.0,214.7
CELL_011,InH,25.37,0,0.00929,0.001,jamming,0.2251,0.6366,164,27,0.799,0.9464,791.8,201.6
CELL_012,RMa,13.44,24,0.044075,0.00418,jamming,0.8842,0.05,164,12,0.892,0.9066,53.6,355.7
CELL_013,NTN-LEO,12.73,28,0.595854,0.125152,normal,0.0,0.9829,164,37,0.86,0.95,204.1,349.3
CELL_014,RMa,18.56,3,0.005839,0.001,normal,0.0,0.9551,164,31,0.733,0.9599,360.4,344.4
CELL_015,THz,7.23,19,0.052768,0.01885,normal,0.0,0.9824,164,37,0.679,0.9585,478.8,349.5
CELL_016,RMa,4.48,27,0.080923,0.015273,data_poisoning,0.3957,0.5624,164,15,0.655,0.935,660.1,348.4
CELL_017,UMa,17.1,30,0.002,0.001,normal,0.0,0.9711,164,34,0.54,0.9599,816.9,370.7
CELL_018,NTN-LEO,15.62,21,0.100912,0.016006,normal,0.0,0.9666,164,17,0.813,0.9587,62.6,487.7
CELL_019,RMa,4.64,10,0.005745,0.001156,data_poisoning,0.2657,0.715,164,15,0.239,0.944,212.7,506.6
CELL_020,FR2-mmWave,12.36,15,0.028382,0.006775,normal,0.0,0.9968,164,35,0.769,0.9595,348.4,486.0
CELL_021,NTN-LEO,13.16,7,0.010161,0.002447,pilot_contamination,0.1468,0.8009,164,32,0.274,0.951,506.1,499.5
CELL_022,UMi,20.33,18,0.009379,0.001015,pilot_contamination,0.1054,0.8279,164,28,0.415,0.9536,664.3,496.4
CELL_023,UMi,15.3,3,0.265936,0.044172,data_poisoning,0.2426,0.7142,164,28,0.931,0.9419,790.1,480.7
CELL_000,InH,8.23,22,0.150653,0.028672,pilot_contamination,0.1342,0.8139,165,26,0.55,0.9497,47.2,30.8
CELL_001,UMi,9.53,27,0.026709,0.007136,normal,0.0,0.9692,165,29,0.246,0.9594,210.2,69.7
CELL_002,FR2-mmWave,1.75,16,1.2,0.347221,data_poisoning,0.1864,0.8099,165,18,0.814,0.921,343.1,35.2
CELL_003,UMa,8.92,21,0.242119,0.051578,normal,0.0,0.9757,165,20,0.235,0.9559,498.1,41.4
CELL_004,InH,18.04,27,0.022625,0.002102,pilot_contamination,0.4628,0.4111,165,36,0.759,0.9321,640.4,47.9
CELL_005,RIS,18.78,1,0.005046,0.001173,normal,0.0,0.963,165,38,0.88,0.9599,784.2,31.2
CELL_006,UMi,20.43,3,0.002085,0.001,normal,0.0,0.9811,165,12,0.816,0.9599,46.6,203.9
CELL_007,NTN-LEO,18.72,26,0.006544,0.001,normal,0.0,0.957,165,8,0.248,0.9599,195.5,203.3
CELL_008,UMa,2.69,2,0.150436,0.042396,normal,0.0,0.9768,165,20,0.872,0.9566,368.0,199.9
CELL_009,RMa,18.32,5,0.006772,0.001,normal,0.0,0.986,165,23,0.778,0.9599,498.7,211.0
CELL_010,UMa,3.41,9,0.299239,0.088085,normal,0.0,0.9922,165,20,0.21,0.953,666.8,213.7
CELL_011,UMi,16.86,9,0.005694,0.00104,adversarial,0.3625,0.6326,165,25,0.373,0.9382,797.4,188.9
CELL_012,UMi,5.92,11,0.843516,0.258017,normal,0.0,0.9594,165,25,0.815,0.9394,47.2,341.6
CELL_013,UMa,2.41,19,0.374959,0.109931,normal,0.0,0.9919,165,31,0.737,0.9512,199.6,355.9
CELL_014,THz,15.97,0,0.008414,0.002191,normal,0.0,0.9592,165,28,0.487,0.9598,351.5,337.0
CELL_015,InH,17.61,12,0.147797,0.020745,normal,0.0,0.9814,165,20,0.825,0.9583,470.0,358.4
CELL_016,FR2-mmWave,7.92,8,0.139443,0.031735,normal,0.0,0.9876,165,10,0.552,0.9575,666.3,337.4
CELL_017,RIS,13.93,30,0.127394,0.020458,false_csi_injection,0.9761,0.05,165,13,0.799,0.8998,812.3,342.2
CELL_018,NTN-LEO,21.15,21,0.002,0.001,normal,0.0,0.9813,165,13,0.918,0.9599,48.4,485.6
CELL_019,InH,10.21,8,0.124182,0.026672,normal,0.0,0.9713,165,35,0.712,0.9579,227.4,490.2
CELL_020,InH,-3.79,10,0.4464,0.142782,normal,0.0,0.9762,165,29,0.458,0.9486,336.9,487.6
CELL_021,InH,14.46,8,0.002,0.001,normal,0.0,0.9543,165,25,0.941,0.9599,507.4,514.2
CELL_022,UMi,10.52,5,0.002,0.001,normal,0.0,0.9953,165,23,0.228,0.9599,637.3,502.8
CELL_023,RIS,15.25,5,0.748745,0.123538,normal,0.0,0.9519,165,31,0.762,0.9501,800.7,520.3
CELL_000,THz,11.18,3,0.010243,0.001601,pilot_contamination,0.3368,0.5886,166,11,0.619,0.9397,40.0,52.4
CELL_001,RMa,19.98,22,0.002,0.001,normal,0.0,0.9936,166,28,0.94,0.9599,192.9,56.7
CELL_002,UMa,17.16,7,0.007907,0.001179,normal,0.0,0.9863,166,30,0.507,0.9599,354.2,41.7
CELL_003,FR2-mmWave,11.57,23,0.055832,0.017155,normal,0.0,0.9562,166,35,0.87,0.9586,499.9,49.1
CELL_004,NTN-LEO,4.7,17,0.224116,0.0384,csi_spoofing,0.6532,0.3022,166,29,0.477,0.9177,662.0,36.5
CELL_005,NTN-LEO,1.87,9,0.093076,0.026716,normal,0.0,0.9927,166,10,0.844,0.9579,787.7,46.1
CELL_006,UMi,5.41,11,0.278504,0.070666,normal,0.0,0.9642,166,29,0.804,0.9543,67.7,196.1
CELL_007,InH,12.58,28,0.009179,0.002718,normal,0.0,0.9742,166,33,0.437,0.9598,204.4,205.0
CELL_008,THz,4.75,15,0.055446,0.015266,normal,0.0,0.9683,166,30,0.691,0.9588,354.3,180.5
CELL_009,NTN-LEO,7.1,0,0.038838,0.013934,normal,0.0,0.9757,166,20,0.323,0.9589,477.3,186.7
CELL_010,UMa,3.33,17,1.2,0.845375,jamming,0.8858,0.05,166,14,0.479,0.8392,643.7,224.6
CELL_011,RIS,7.62,11,0.002,0.001,normal,0.0,0.9851,166,10,0.759,0.9599,783.3,203.8
CELL_012,RMa,18.99,4,0.002,0.001,normal,0.0,0.9816,166,23,0.726,0.9599,54.0,342.0
CELL_013,UMi,14.59,5,0.036163,0.006089,normal,0.0,0.9571,166,14,0.592,0.9595,192.9,344.9
CELL_014,InH,18.95,2,0.025911,0.003486,normal,0.0,0.96,166,16,0.454,0.9597,338.9,323.8
CELL_015,FR2-mmWave,4.93,30,1.2,0.9,normal,0.0,0.9756,166,25,0.908,0.888,493.5,338.5
CELL_016,RIS,6.44,11,1.2,0.463381,normal,0.0,0.9839,166,12,0.669,0.9229,652.5,357.0
CELL_017,InH,5.79,11,1.2,0.567331,normal,0.0,0.9896,166,20,0.273,0.9146,779.4,339.3
CELL_018,InH,25.22,9,0.011788,0.001117,normal,0.0,0.9506,166,31,0.873,0.9599,46.0,513.5
CELL_019,NTN-LEO,7.77,10,0.179459,0.024251,pilot_contamination,0.7425,0.0616,166,8,0.72,0.9135,196.4,494.1
CELL_020,UMi,24.67,28,0.009019,0.001,normal,0.0,0.9786,166,31,0.681,0.9599,355.3,489.2
CELL_021,UMa,14.21,26,0.005137,0.001,backdoor,0.9257,0.0676,166,18,0.389,0.9044,508.6,476.5
CELL_022,InH,14.91,30,0.002,0.001,jamming,0.8243,0.05,166,17,0.566,0.9105,657.4,504.1
CELL_023,InH,13.13,19,0.01012,0.00234,normal,0.0,0.9674,166,24,0.929,0.9598,827.4,505.9
CELL_000,THz,15.53,1,0.016523,0.004377,normal,0.0,0.9862,167,9,0.266,0.9596,48.6,38.8
CELL_001,NTN-LEO,3.97,3,0.250968,0.085696,normal,0.0,0.9846,167,38,0.501,0.9531,222.4,64.1
CELL_002,UMa,10.45,15,0.148806,0.017796,pilot_contamination,0.7505,0.077,167,30,0.918,0.9135,345.9,49.8
CELL_003,UMa,15.98,4,0.091146,0.012983,adversarial,0.1923,0.7793,167,9,0.922,0.9474,505.4,71.4
CELL_004,RIS,8.62,25,0.01759,0.005995,normal,0.0,0.9732,167,16,0.297,0.9595,636.2,56.4
CELL_005,UMi,17.61,28,0.006478,0.001,false_csi_injection,0.3951,0.5896,167,8,0.82,0.9362,817.8,56.4
CELL_006,UMa,18.27,31,0.008029,0.00113,normal,0.0,0.9511,167,11,0.551,0.9599,54.0,200.4
CELL_007,FR2-mmWave,11.24,0,0.033243,0.010334,normal,0.0,0.9536,167,15,0.838,0.9592,200.4,199.1
CELL_008,UMi,13.14,26,0.002,0.001,normal,0.0,0.9921,167,21,0.288,0.9599,348.3,182.5
CELL_009,NTN-LEO,29.7,7,0.002,0.001,normal,0.0,0.9964,167,15,0.627,0.9599,477.9,195.9
CELL_010,NTN-LEO,0.61,28,1.2,0.380589,false_csi_injection,0.2569,0.6979,167,30,0.923,0.9141,635.6,199.7
CELL_011,THz,4.58,16,0.025138,0.007691,normal,0.0,0.9855,167,24,0.831,0.9594,813.9,195.0
CELL_012,UMa,13.09,13,0.092926,0.025683,normal,0.0,0.9864,167,12,0.635,0.9579,48.0,343.0
CELL_013,RIS,-0.3,20,1.2,0.9,normal,0.0,0.9513,167,10,0.932,0.888,177.9,363.8
CELL_014,InH,7.15,1,0.086542,0.011268,jamming,0.7804,0.05,167,18,0.754,0.9123,339.5,354.2
CELL_015,InH,23.82,12,0.002,0.001,pilot_contamination,0.2103,0.74,167,17,0.871,0.9473,504.4,340.8
CELL_016,NTN-LEO,11.22,29,0.002,0.001,normal,0.0,0.9727,167,30,0.808,0.9599,658.6,339.1
CELL_017,FR2-mmWave,17.37,17,0.274913,0.040746,normal,0.0,0.9846,167,17,0.356,0.9567,807.7,357.6
CELL_018,RIS,-0.57,29,0.133531,0.05005,normal,0.0,0.9978,167,27,0.527,0.956,40.3,490.2
CELL_019,THz,-5.0,3,0.660663,0.296572,normal,0.0,0.9888,167,26,0.361,0.9363,189.5,510.3
CELL_020,RMa,8.57,2,0.285847,0.063278,normal,0.0,0.9761,167,25,0.813,0.9549,357.1,517.4
CELL_021,RIS,14.26,12,0.006565,0.001123,normal,0.0,0.9556,167,24,0.227,0.9599,513.0,518.1
CELL_022,RIS,8.52,3,0.021231,0.006456,normal,0.0,0.9576,167,36,0.4,0.9595,635.2,499.7
CELL_023,NTN-LEO,18.41,11,0.041265,0.005522,false_csi_injection,0.9988,0.05,167,18,0.27,0.8996,810.3,474.5
CELL_000,InH,16.75,31,0.004217,0.001,normal,0.0,0.985,168,20,0.53,0.9599,46.2,56.9
CELL_001,InH,16.53,26,0.152351,0.03043,normal,0.0,0.9965,168,27,0.433,0.9576,209.3,45.4
CELL_002,NTN-LEO,3.72,11,0.098201,0.035556,normal,0.0,0.9636,168,24,0.73,0.9572,347.0,62.6
CELL_003,RMa,3.87,13,0.590013,0.15991,normal,0.0,0.9589,168,37,0.549,0.9472,509.1,49.5
CELL_004,RIS,35.0,6,0.002447,0.001,csi_spoofing,0.5016,0.4648,168,37,0.948,0.9298,656.6,50.5
CELL_005,RMa,14.42,30,0.031955,0.005267,normal,0.0,0.9985,168,34,0.271,0.9596,770.6,50.9
CELL_006,RIS,17.91,19,0.041353,0.009964,normal,0.0,0.9926,168,18,0.279,0.9592,73.2,188.0
CELL_007,InH,14.37,14,0.017597,0.003863,normal,0.0,0.9761,168,39,0.652,0.9597,222.8,180.4
CELL_008,RMa,12.28,14,0.098795,0.013463,csi_spoofing,0.5358,0.4347,168,34,0.541,0.9268,324.4,203.2
CELL_009,UMa,12.87,8,0.290199,0.038787,csi_spoofing,0.8358,0.1205,168,30,0.405,0.9067,494.2,189.3
CELL_010,RMa,23.4,19,0.002,0.001,jamming,0.2753,0.5726,168,20,0.562,0.9434,656.5,192.6
CELL_011,RIS,14.24,6,0.71105,0.173719,normal,0.0,0.9747,168,35,0.6,0.9461,792.8,182.1
CELL_012,InH,15.86,7,0.002,0.001,normal,0.0,0.974,168,11,0.267,0.9599,78.2,334.0
CELL_013,THz,12.66,19,0.003713,0.001097,normal,0.0,0.9571,168,19,0.575,0.9599,205.1,333.4
CELL_014,RIS,14.51,28,0.018891,0.003231,normal,0.0,0.9659,168,13,0.382,0.9597,350.2,348.8
CELL_015,NTN-LEO,12.07,26,0.002,0.001,normal,0.0,0.969,168,28,0.265,0.9599,500.8,353.5
CELL_016,FR2-mmWave,5.12,29,0.306414,0.096449,normal,0.0,0.9882,168,24,0.389,0.9523,649.8,365.3
CELL_017,RIS,6.73,0,0.038771,0.014086,normal,0.0,0.9574,168,33,0.325,0.9589,768.3,350.0
CELL_018,THz,-0.85,16,0.302809,0.135931,normal,0.0,0.9715,168,8,0.859,0.9491,41.9,495.4
CELL_019,UMi,15.33,23,0.015986,0.002317,false_csi_injection,0.4607,0.515,168,18,0.302,0.9322,211.7,500.8
CELL_020,THz,13.38,30,0.014096,0.004052,normal,0.0,0.9786,168,29,0.933,0.9597,361.4,507.2
CELL_021,NTN-LEO,7.34,28,0.003927,0.00103,normal,0.0,0.9676,168,21,0.692,0.9599,501.5,523.0
CELL_022,RMa,5.05,6,0.00586,0.001573,normal,0.0,0.9594,168,8,0.612,0.9599,648.4,498.7
CELL_023,UMi,10.73,25,0.002,0.001,normal,0.0,0.9687,168,17,0.549,0.9599,805.0,518.3
CELL_000,InH,-1.8,17,0.636118,0.196804,normal,0.0,0.961,169,9,0.684,0.9443,56.4,58.6
CELL_001,NTN-LEO,16.02,31,0.002,0.001,jamming,0.7806,0.05,169,13,0.516,0.9131,186.5,55.4
CELL_002,InH,19.5,11,0.019443,0.002899,normal,0.0,0.9662,169,10,0.898,0.9598,361.2,57.5
CELL_003,THz,14.81,2,0.035133,0.004073,jamming,0.6954,0.05,169,11,0.258,0.918,512.9,58.1
CELL_004,NTN-LEO,7.83,27,0.009546,0.002205,normal,0.0,0.9551,169,35,0.892,0.9598,664.5,53.2
CELL_005,UMa,11.49,19,0.110384,0.023539,normal,0.0,0.9755,169,32,0.492,0.9581,795.6,51.7
CELL_006,RIS,17.52,12,0.009424,0.002307,normal,0.0,0.9566,169,16,0.397,0.9598,45.5,202.5
CELL_007,RMa,6.42,7,0.076055,0.017985,normal,0.0,0.9915,169,27,0.532,0.9586,183.4,184.0
CELL_008,RMa,3.34,30,0.018989,0.003829,false_csi_injection,0.3021,0.6626,169,15,0.928,0.9416,323.2,192.2
CELL_009,THz,21.37,22,0.003549,0.001,normal,0.0,0.9758,169,27,0.256,0.9599,506.8,203.2
CELL_010,UMi,19.77,23,0.002,0.001,data_poisoning,0.1425,0.8531,169,36,0.559,0.9514,650.7,195.8
CELL_011,FR2-mmWave,22.25,4,0.002,0.001,normal,0.0,0.9567,169,29,0.877,0.9599,803.0,190.5
CELL_012,RMa,4.64,10,0.005745,0.001156,data_poisoning,0.2657,0.715,169,23,0.223,0.944,34.8,342.3
CELL_013,RIS,10.25,26,0.216937,0.056866,pilot_contamination,0.1672,0.7933,169,22,0.378,0.9454,185.9,351.5
CELL_014,UMi,10.47,14,0.031338,0.008039,csi_spoofing,0.2177,0.7353,169,10,0.38,0.9463,358.7,331.2
CELL_015,UMi,25.18,22,0.002,0.001,normal,0.0,0.9997,169,36,0.916,0.9599,499.2,381.4
CELL_016,RIS,6.96,13,0.181659,0.043019,normal,0.0,0.994,169,9,0.387,0.9566,653.9,357.2
CELL_017,NTN-LEO,27.69,23,0.002,0.001,normal,0.0,0.9607,169,36,0.839,0.9599,793.2,347.1
CELL_018,InH,26.57,30,0.003272,0.001,normal,0.0,0.9559,169,30,0.813,0.9599,44.0,507.8
CELL_019,RMa,21.89,19,0.002,0.001,adversarial,0.613,0.3423,169,30,0.538,0.9231,197.2,500.8
CELL_020,NTN-LEO,0.35,27,0.250778,0.075032,normal,0.0,0.9596,169,23,0.41,0.954,366.3,473.0
CELL_021,RIS,4.49,22,0.1163,0.037438,normal,0.0,0.9719,169,24,0.669,0.957,504.7,497.4
CELL_022,THz,20.91,14,0.002,0.001,backdoor,0.8953,0.0942,169,32,0.483,0.9062,631.0,517.2
CELL_023,RMa,-0.23,2,0.052897,0.016011,normal,0.0,0.9807,169,29,0.403,0.9587,811.6,500.7
CELL_000,InH,8.47,21,0.012313,0.002756,normal,0.0,0.9605,170,26,0.853,0.9598,52.2,50.0
CELL_001,InH,-5.0,13,1.059171,0.385195,jamming,0.1474,0.762,170,26,0.484,0.9203,211.4,52.3
CELL_002,RMa,11.6,0,0.035375,0.004047,pilot_contamination,0.6909,0.1225,170,20,0.249,0.9182,350.5,58.7
CELL_003,InH,3.71,3,1.122856,0.313543,normal,0.0,0.9946,170,37,0.791,0.9349,501.1,49.4
CELL_004,NTN-LEO,10.91,17,0.039565,0.008983,normal,0.0,0.9833,170,25,0.303,0.9593,655.4,55.8
CELL_005,RMa,-1.49,15,0.760004,0.231204,normal,0.0,0.9979,170,10,0.359,0.9415,796.9,55.5
CELL_006,FR2-mmWave,8.83,10,0.002,0.001,normal,0.0,0.9651,170,38,0.284,0.9599,57.8,204.0
CELL_007,RMa,2.5,28,0.002669,0.001,normal,0.0,1.0,170,22,0.782,0.9599,184.5,191.4
CELL_008,UMi,1.16,6,0.046835,0.020301,normal,0.0,0.9976,170,28,0.881,0.9584,344.9,197.7
CELL_009,RIS,14.78,8,0.004992,0.001,normal,0.0,0.9967,170,17,0.226,0.9599,515.2,198.8
CELL_010,RIS,-5.0,19,1.180177,0.366522,pilot_contamination,0.2341,0.6884,170,31,0.654,0.9166,667.0,210.3
CELL_011,NTN-LEO,22.19,13,0.011303,0.00227,normal,0.0,0.9942,170,39,0.602,0.9598,782.7,191.0
CELL_012,THz,17.06,19,0.00469,0.001,normal,0.0,0.9585,170,38,0.377,0.9599,56.9,362.3
CELL_013,THz,16.04,13,0.142877,0.019517,jamming,0.9615,0.05,170,19,0.258,0.9007,210.7,351.0
CELL_014,UMi,16.71,21,0.002,0.001,normal,0.0,0.9667,170,27,0.216,0.9599,352.8,345.6
CELL_015,UMa,11.89,8,0.034173,0.006374,normal,0.0,0.9994,170,12,0.325,0.9595,491.4,343.4
CELL_016,UMi,9.82,23,0.926393,0.144799,csi_spoofing,0.2866,0.6968,170,13,0.291,0.9312,647.5,356.3
CELL_017,RIS,22.85,24,0.008335,0.001298,jamming,0.1599,0.7359,170,28,0.558,0.9503,772.0,375.3
CELL_018,UMi,8.63,8,0.002,0.001,data_poisoning,0.8057,0.1639,170,32,0.823,0.9116,49.1,481.6
CELL_019,THz,-2.27,20,0.259044,0.116285,normal,0.0,0.9911,170,36,0.788,0.9507,214.9,519.6
CELL_020,UMi,6.41,27,0.233966,0.08588,normal,0.0,0.9856,170,12,0.807,0.9531,353.1,497.7
CELL_021,InH,6.9,8,0.264803,0.036507,data_poisoning,0.8316,0.1236,170,19,0.586,0.9072,520.2,503.1
CELL_022,InH,24.99,0,0.002,0.001,normal,0.0,0.9674,170,35,0.49,0.9599,651.8,502.4
CELL_023,RIS,-3.0,5,0.005687,0.002553,normal,0.0,0.9682,170,34,0.426,0.9598,784.6,517.2
CELL_000,InH,7.1,29,0.341152,0.080323,normal,0.0,0.9854,171,8,0.927,0.9536,47.6,45.4
CELL_001,THz,23.14,5,0.004063,0.001,normal,0.0,0.9888,171,19,0.645,0.9599,213.1,42.9
CELL_002,RMa,15.62,15,0.024304,0.003949,normal,0.0,0.9703,171,23,0.73,0.9597,352.0,57.2
CELL_003,RIS,11.67,30,0.004292,0.001054,normal,0.0,0.9612,171,25,0.473,0.9599,496.9,32.2
CELL_004,UMa,11.62,16,0.006004,0.0012,normal,0.0,0.9635,171,37,0.695,0.9599,662.6,56.4
CELL_005,UMa,9.02,25,0.016255,0.003639,normal,0.0,0.9814,171,38,0.452,0.9597,803.2,54.5
CELL_006,FR2-mmWave,22.84,1,0.002,0.001,normal,0.0,0.9617,171,33,0.879,0.9599,30.4,204.6
CELL_007,FR2-mmWave,3.87,20,0.051,0.020325,normal,0.0,0.9927,171,16,0.9,0.9584,179.6,177.3
CELL_008,UMi,18.23,10,0.053727,0.007294,normal,0.0,0.9908,171,31,0.433,0.9594,371.7,199.7
CELL_009,InH,19.75,14,0.002,0.001,normal,0.0,0.9963,171,34,0.938,0.9599,507.1,231.7
CELL_010,RIS,24.72,11,0.051665,0.005013,normal,0.0,0.9906,171,26,0.378,0.9596,643.7,191.3
CELL_011,UMa,9.78,9,0.0847,0.017419,normal,0.0,0.9867,171,36,0.363,0.9586,812.2,204.4
CELL_012,RMa,18.46,10,0.003398,0.001,normal,0.0,0.9996,171,28,0.947,0.9599,56.0,357.3
CELL_013,RMa,6.6,14,0.135196,0.031873,normal,0.0,0.9857,171,26,0.512,0.9575,182.3,365.3
CELL_014,FR2-mmWave,13.33,6,0.036779,0.006655,normal,0.0,0.9755,171,12,0.385,0.9595,346.9,349.9
CELL_015,RIS,12.44,21,0.031509,0.009379,normal,0.0,0.9594,171,30,0.249,0.9592,514.2,357.4
CELL_016,THz,27.55,26,0.004183,0.001,normal,0.0,0.9749,171,26,0.85,0.9599,662.7,338.4
CELL_017,RMa,11.27,3,0.44551,0.08643,normal,0.0,0.9859,171,16,0.666,0.9531,799.2,357.1
CELL_018,InH,20.99,5,0.002,0.001,normal,0.0,0.9698,171,38,0.733,0.9599,59.8,494.3
CELL_019,NTN-LEO,10.83,6,0.096324,0.019171,normal,0.0,0.9963,171,13,0.517,0.9585,217.8,493.1
CELL_020,RIS,12.04,5,0.003569,0.001,normal,0.0,0.9766,171,36,0.211,0.9599,355.0,491.8
CELL_021,UMi,29.11,6,0.002056,0.001,normal,0.0,0.9775,171,18,0.306,0.9599,484.8,504.4
CELL_022,RIS,10.8,25,0.175111,0.027213,csi_spoofing,0.7443,0.2265,171,37,0.278,0.9132,644.1,521.7
CELL_023,UMa,3.98,21,0.184475,0.050997,normal,0.0,0.9908,171,29,0.384,0.9559,820.1,514.7
CELL_000,NTN-LEO,25.5,17,0.002697,0.001,normal,0.0,0.9575,172,27,0.839,0.9599,58.7,51.8
CELL_001,THz,14.55,18,0.014044,0.003863,normal,0.0,0.979,172,29,0.202,0.9597,190.7,42.2
CELL_002,FR2-mmWave,4.73,20,0.426389,0.110436,normal,0.0,0.9899,172,33,0.685,0.9512,338.1,41.5
CELL_003,NTN-LEO,9.11,8,0.745442,0.188844,normal,0.0,0.9785,172,15,0.217,0.9449,504.7,35.5
CELL_004,RIS,21.63,28,0.002963,0.001,pilot_contamination,0.2552,0.6839,172,15,0.533,0.9446,651.5,57.8
CELL_005,THz,8.08,7,0.121687,0.024869,data_poisoning,0.8615,0.0995,172,24,0.35,0.9063,805.0,30.2
CELL_006,RIS,23.56,20,0.051284,0.009679,normal,0.0,0.991,172,12,0.614,0.9592,46.6,221.3
CELL_007,THz,9.01,22,0.028733,0.009661,normal,0.0,0.9758,172,30,0.811,0.9592,203.3,199.1
CELL_008,RMa,8.71,2,0.726326,0.158759,normal,0.0,0.9877,172,14,0.563,0.9473,358.3,197.6
CELL_009,UMa,11.49,30,0.005371,0.001329,normal,0.0,0.9807,172,26,0.584,0.9599,482.8,200.8
CELL_010,RIS,8.26,16,0.559831,0.193138,normal,0.0,0.9602,172,34,0.945,0.9445,624.9,209.2
CELL_011,UMa,16.35,31,0.004808,0.001,normal,0.0,0.9757,172,17,0.794,0.9599,784.4,182.0
CELL_012,RIS,0.04,30,0.119922,0.037381,normal,0.0,0.9819,172,26,0.34,0.957,37.0,377.6
CELL_013,UMi,23.83,27,0.006448,0.001202,normal,0.0,0.9534,172,38,0.796,0.9599,217.5,341.6
CELL_014,NTN-LEO,-0.29,2,1.155345,0.221189,adversarial,0.653,0.3239,172,13,0.596,0.9031,352.9,340.6
CELL_015,InH,6.87,4,0.029438,0.00672,jamming,0.4676,0.3349,172,37,0.404,0.9314,506.4,340.3
CELL_016,NTN-LEO,22.45,28,0.0389,0.003243,csi_spoofing,0.2814,0.6747,172,31,0.302,0.9429,637.2,376.2
CELL_017,RIS,9.41,13,0.166161,0.055103,normal,0.0,0.9508,172,28,0.585,0.9556,817.5,346.1
CELL_018,NTN-LEO,25.79,6,0.002,0.001,false_csi_injection,0.9238,0.05,172,25,0.527,0.9045,64.3,497.7
CELL_019,NTN-LEO,25.4,8,0.003955,0.001,normal,0.0,0.9634,172,15,0.745,0.9599,211.3,514.6
CELL_020,THz,17.79,18,0.002,0.001,normal,0.0,0.9858,172,15,0.738,0.9599,364.2,504.4
CELL_021,RMa,-3.16,10,0.591288,0.181913,normal,0.0,0.9554,172,20,0.523,0.9454,487.3,511.0
CELL_022,InH,14.97,17,0.008681,0.001396,normal,0.0,0.9844,172,20,0.285,0.9599,637.9,499.2
CELL_023,UMi,16.81,9,0.013233,0.001993,normal,0.0,0.9545,172,18,0.516,0.9598,781.2,514.1
CELL_000,THz,0.29,17,0.613453,0.217591,false_csi_injection,0.2272,0.7453,173,20,0.352,0.929,39.7,44.6
CELL_001,UMi,7.9,7,0.036962,0.008417,normal,0.0,0.9624,173,15,0.864,0.9593,188.1,48.1
CELL_002,UMa,21.71,28,0.002,0.001,backdoor,0.3652,0.5986,173,30,0.375,0.938,338.4,76.2
CELL_003,THz,10.05,6,0.423087,0.07657,jamming,0.7593,0.05,173,30,0.43,0.9083,490.3,43.5
CELL_004,RMa,23.27,18,0.01737,0.001961,normal,0.0,0.973,173,16,0.558,0.9598,646.6,43.3
CELL_005,RMa,14.5,12,0.002,0.001,false_csi_injection,0.5539,0.4168,173,25,0.515,0.9267,785.8,84.3
CELL_006,NTN-LEO,4.54,7,0.002,0.001,normal,0.0,0.968,173,20,0.239,0.9599,40.4,193.5
CELL_007,RMa,11.08,31,0.007679,0.001,pilot_contamination,0.8664,0.05,173,37,0.357,0.9079,208.3,194.0
CELL_008,RIS,17.32,28,0.002,0.001,normal,0.0,0.9727,173,27,0.33,0.9599,336.5,205.7
CELL_009,THz,11.94,23,0.009669,0.002111,false_csi_injection,0.378,0.6018,173,31,0.391,0.9372,496.8,190.2
CELL_010,RMa,18.96,12,0.002,0.001,normal,0.0,0.99,173,11,0.624,0.9599,626.6,201.4
CELL_011,NTN-LEO,18.07,5,0.176743,0.024689,normal,0.0,0.951,173,8,0.609,0.958,808.9,200.0
CELL_012,UMa,1.97,9,0.479726,0.090615,data_poisoning,0.7556,0.2346,173,17,0.476,0.9074,58.8,349.8
CELL_013,NTN-LEO,17.07,29,0.068933,0.012378,normal,0.0,0.9779,173,37,0.719,0.959,187.9,344.8
CELL_014,RIS,0.55,24,0.307001,0.135561,normal,0.0,0.988,173,37,0.64,0.9492,343.9,348.5
CELL_015,UMa,17.01,17,0.004363,0.001,normal,0.0,0.9615,173,24,0.782,0.9599,503.0,346.6
CELL_016,RIS,5.48,9,0.138342,0.042987,normal,0.0,0.9883,173,11,0.334,0.9566,633.8,347.9
CELL_017,RMa,4.7,16,0.10944,0.027745,normal,0.0,0.9581,173,33,0.739,0.9578,803.6,352.7
CELL_018,THz,7.86,3,0.214429,0.074995,normal,0.0,0.9711,173,17,0.899,0.954,51.7,511.9
CELL_019,UMa,8.0,3,0.150123,0.022423,jamming,0.4057,0.3946,173,29,0.417,0.9339,214.1,478.6
CELL_020,NTN-LEO,16.43,31,0.015773,0.00177,backdoor,0.3764,0.6131,173,21,0.852,0.9373,351.1,506.5
CELL_021,UMi,14.35,2,0.014014,0.002322,csi_spoofing,0.8111,0.1662,173,30,0.242,0.9111,494.5,512.6
CELL_022,UMi,7.26,26,0.505842,0.115642,normal,0.0,0.9687,173,36,0.936,0.9507,653.5,503.5
CELL_023,RMa,-0.23,2,0.052897,0.016011,normal,0.0,0.9807,173,29,0.737,0.9587,784.4,522.5
CELL_000,RIS,9.37,17,0.002365,0.001,normal,0.0,0.9527,174,16,0.481,0.9599,62.5,73.5
CELL_001,FR2-mmWave,4.32,3,0.028783,0.011309,normal,0.0,0.9932,174,15,0.24,0.9591,199.3,68.2
CELL_002,InH,10.75,19,0.179083,0.056662,normal,0.0,0.9693,174,8,0.746,0.9555,354.1,66.6
CELL_003,RIS,31.08,16,0.00517,0.001,jamming,0.4169,0.3828,174,15,0.643,0.9349,504.4,34.6
CELL_004,UMi,8.52,3,0.100069,0.03422,normal,0.0,0.9813,174,12,0.43,0.9573,628.8,24.5
CELL_005,RMa,15.8,18,0.013412,0.001085,jamming,0.9614,0.05,174,18,0.754,0.9022,786.5,72.4
CELL_006,NTN-LEO,7.49,28,0.1223,0.024161,pilot_contamination,0.1322,0.8324,174,27,0.282,0.9501,63.4,178.0
CELL_007,RMa,8.58,14,0.39543,0.089849,normal,0.0,0.9606,174,25,0.933,0.9528,195.1,206.7
CELL_008,RMa,18.3,10,0.002,0.001,normal,0.0,0.9776,174,11,0.811,0.9599,352.2,210.1
CELL_009,UMa,5.82,27,0.002,0.001,false_csi_injection,0.4225,0.5426,174,29,0.427,0.9346,505.4,206.3
CELL_010,THz,3.64,9,0.045776,0.018377,normal,0.0,0.9937,174,33,0.372,0.9585,660.0,202.7
CELL_011,RMa,9.75,9,0.02385,0.004893,normal,0.0,0.9769,174,27,0.886,0.9596,795.0,202.5
CELL_012,THz,14.31,28,0.044996,0.007904,adversarial,0.6494,0.3159,174,23,0.397,0.9204,46.2,334.0
CELL_013,THz,10.64,18,0.02318,0.004801,pilot_contamination,0.4799,0.376,174,26,0.541,0.9308,191.2,369.6
CELL_014,RIS,6.22,29,0.171527,0.063357,normal,0.0,0.9957,174,24,0.886,0.9549,330.4,367.5
CELL_015,UMi,9.33,0,0.007846,0.002609,normal,0.0,0.9876,174,37,0.809,0.9598,505.5,348.7
CELL_016,FR2-mmWave,6.56,14,0.030229,0.004362,adversarial,0.834,0.1393,174,32,0.414,0.9096,614.4,372.3
CELL_017,THz,26.26,7,0.003055,0.001,jamming,0.5757,0.1785,174,19,0.507,0.9254,785.8,377.7
CELL_018,InH,21.24,23,0.002326,0.001,normal,0.0,0.9847,174,37,0.699,0.9599,61.5,504.1
CELL_019,RIS,4.26,6,0.004106,0.001083,normal,0.0,0.9801,174,13,0.239,0.9599,175.5,482.3
CELL_020,FR2-mmWave,11.35,18,0.004875,0.00151,normal,0.0,0.9988,174,8,0.573,0.9599,339.9,516.5
CELL_021,THz,3.48,13,0.457533,0.10008,pilot_contamination,0.9934,0.05,174,39,0.385,0.8924,506.7,486.0
CELL_022,RIS,27.6,10,0.002,0.001,data_poisoning,0.8675,0.1017,174,29,0.762,0.9079,673.8,503.1
CELL_023,UMa,19.22,7,0.002,0.001,jamming,0.2043,0.6876,174,38,0.477,0.9477,812.1,509.7
CELL_000,RMa,18.07,17,0.003361,0.001,data_poisoning,0.373,0.6212,175,14,0.503,0.9375,64.0,65.9
CELL_001,InH,8.51,20,0.198958,0.06807,normal,0.0,0.952,175,31,0.876,0.9546,213.1,66.0
CELL_002,UMa,7.75,22,0.049732,0.011847,normal,0.0,0.9706,175,11,0.633,0.9591,364.8,44.8
CELL_003,THz,18.88,13,0.02301,0.005329,normal,0.0,0.9751,175,28,0.7,0.9596,474.1,60.7
CELL_004,THz,14.3,9,0.002,0.001,normal,0.0,0.993,175,29,0.704,0.9599,669.8,39.7
CELL_005,RIS,16.94,0,0.073056,0.01831,normal,0.0,0.9709,175,17,0.657,0.9585,782.1,59.8
CELL_006,THz,21.96,10,0.02329,0.004724,normal,0.0,0.9627,175,20,0.893,0.9596,48.7,219.5
CELL_007,RIS,17.17,10,0.21345,0.052997,normal,0.0,0.9674,175,23,0.635,0.9558,187.7,185.2
CELL_008,THz,17.77,26,0.002,0.001,normal,0.0,0.9945,175,18,0.417,0.9599,354.0,189.1
CELL_009,InH,13.92,1,0.002,0.001,normal,0.0,0.973,175,20,0.434,0.9599,489.5,186.1
CELL_010,RMa,18.96,18,0.045121,0.007136,normal,0.0,0.9791,175,27,0.649,0.9594,648.3,172.9
CELL_011,InH,11.14,23,0.003078,0.001,jamming,0.3364,0.4842,175,14,0.628,0.9397,815.6,196.9
CELL_012,FR2-mmWave,27.1,2,0.002,0.001,normal,0.0,0.9761,175,27,0.589,0.9599,52.9,361.9
CELL_013,UMa,17.43,28,0.002,0.001,normal,0.0,0.9936,175,12,0.419,0.9599,202.4,337.5
CELL_014,THz,16.04,13,0.142877,0.019517,jamming,0.9615,0.05,175,36,0.282,0.9007,328.1,341.5
CELL_015,InH,4.46,21,0.146126,0.047083,normal,0.0,0.9914,175,14,0.675,0.9562,474.7,372.4
CELL_016,RIS,19.52,22,0.05216,0.010164,normal,0.0,0.969,175,31,0.678,0.9592,661.3,355.5
CELL_017,THz,13.8,27,0.068386,0.019357,normal,0.0,0.9589,175,39,0.606,0.9585,819.1,351.2
CELL_018,THz,17.25,5,0.005966,0.001,csi_spoofing,0.6348,0.3464,175,17,0.851,0.9218,68.4,499.4
CELL_019,NTN-LEO,-1.8,15,0.119466,0.036197,normal,0.0,0.9504,175,17,0.679,0.9571,200.1,495.9
CELL_020,THz,20.73,23,0.002,0.001,normal,0.0,0.9901,175,13,0.383,0.9599,343.6,482.2
CELL_021,THz,23.14,8,0.011748,0.001915,jamming,0.1099,0.8065,175,16,0.609,0.9533,492.5,500.0
CELL_022,RIS,19.25,21,0.356125,0.052651,csi_spoofing,0.3138,0.6473,175,19,0.538,0.937,652.2,496.2
CELL_023,UMi,14.45,27,0.002,0.001,normal,0.0,0.9636,175,11,0.831,0.9599,806.2,515.2
CELL_000,UMi,19.44,28,0.005128,0.001,pilot_contamination,0.4319,0.4531,176,33,0.428,0.934,47.3,62.5
CELL_001,RIS,0.42,18,0.709602,0.152845,pilot_contamination,0.748,0.0653,176,38,0.652,0.9029,227.6,48.6
CELL_002,THz,10.57,11,0.10239,0.032605,normal,0.0,0.9618,176,30,0.359,0.9574,332.0,51.3
CELL_003,FR2-mmWave,30.11,8,0.002,0.001,normal,0.0,0.9558,176,31,0.949,0.9599,505.8,61.8
CELL_004,FR2-mmWave,6.91,14,1.2,0.794758,normal,0.0,0.9586,176,30,0.591,0.8964,632.5,45.4
CELL_005,UMa,10.22,17,0.027545,0.006202,normal,0.0,0.9863,176,12,0.597,0.9595,798.9,60.5
CELL_006,FR2-mmWave,12.21,5,0.373362,0.065024,csi_spoofing,0.9119,0.05,176,9,0.597,0.9001,41.0,200.0
CELL_007,UMi,10.16,13,0.057061,0.018432,normal,0.0,0.9791,176,11,0.743,0.9585,205.9,212.8
CELL_008,THz,14.9,21,0.013182,0.003578,normal,0.0,0.9601,176,16,0.851,0.9597,342.6,202.2
CELL_009,RMa,7.6,11,0.055785,0.012556,normal,0.0,0.9532,176,24,0.324,0.959,478.6,220.5
CELL_010,UMi,22.33,30,0.008869,0.001,normal,0.0,0.9729,176,19,0.266,0.9599,644.0,197.9
CELL_011,UMa,20.78,12,0.049498,0.010572,normal,0.0,0.9782,176,17,0.774,0.9592,791.3,194.0
CELL_012,RMa,6.67,4,0.06291,0.014977,normal,0.0,0.9956,176,19,0.591,0.9588,48.0,331.9
CELL_013,RMa,16.64,30,0.00297,0.001,normal,0.0,0.9558,176,14,0.499,0.9599,187.3,328.7
CELL_014,NTN-LEO,-4.18,15,0.379205,0.170225,normal,0.0,0.9897,176,18,0.459,0.9464,336.3,353.4
CELL_015,FR2-mmWave,-1.89,8,1.062189,0.476817,normal,0.0,0.9508,176,39,0.298,0.9219,507.2,331.9
CELL_016,NTN-LEO,18.48,17,0.007716,0.001031,normal,0.0,0.9961,176,17,0.304,0.9599,654.0,357.2
CELL_017,InH,24.11,17,0.002,0.001,normal,0.0,0.9608,176,21,0.717,0.9599,770.5,334.7
CELL_018,FR2-mmWave,14.59,13,0.012531,0.001569,pilot_contamination,0.2867,0.642,176,10,0.661,0.9427,57.2,509.8
CELL_019,THz,8.22,13,0.007306,0.002524,normal,0.0,0.9536,176,10,0.468,0.9598,220.3,496.9
CELL_020,RIS,14.37,22,0.002,0.001,normal,0.0,0.9745,176,27,0.921,0.9599,363.2,503.2
CELL_021,UMi,17.38,3,0.002,0.001,jamming,0.7856,0.05,176,36,0.414,0.9128,484.2,507.3
CELL_022,UMi,16.15,0,0.092178,0.023834,normal,0.0,0.9969,176,24,0.344,0.9581,647.3,500.6
CELL_023,UMi,3.87,19,0.126539,0.041623,normal,0.0,0.9804,176,36,0.303,0.9567,806.4,489.2
CELL_000,UMa,-5.0,1,0.657626,0.222074,normal,0.0,0.9688,177,12,0.401,0.9422,35.3,39.0
CELL_001,RMa,4.49,28,0.39136,0.115172,normal,0.0,0.9661,177,31,0.745,0.9508,205.6,58.4
CELL_002,RMa,17.06,24,0.072263,0.010747,normal,0.0,0.9716,177,13,0.396,0.9591,364.2,42.3
CELL_003,NTN-LEO,13.67,23,0.013574,0.002369,normal,0.0,0.9605,177,15,0.894,0.9598,518.4,39.2
CELL_004,NTN-LEO,0.23,10,0.230518,0.070285,normal,0.0,0.9542,177,14,0.831,0.9544,659.0,28.8
CELL_005,InH,4.65,13,0.096686,0.02512,normal,0.0,0.9752,177,17,0.821,0.958,787.1,51.4
CELL_006,RIS,-1.51,15,1.2,0.9,normal,0.0,0.995,177,20,0.633,0.888,42.8,218.0
CELL_007,RIS,8.52,13,0.097419,0.017417,jamming,0.9867,0.05,177,30,0.816,0.8994,201.1,184.3
CELL_008,THz,9.73,18,0.262549,0.050555,pilot_contamination,0.7254,0.0984,177,15,0.67,0.9124,366.4,190.0
CELL_009,THz,11.25,1,0.002,0.001,normal,0.0,0.968,177,26,0.351,0.9599,495.4,199.7
CELL_010,NTN-LEO,3.04,18,0.081865,0.023637,normal,0.0,0.9998,177,23,0.348,0.9581,629.8,207.1
CELL_011,UMi,-5.0,10,1.008322,0.452636,normal,0.0,0.9808,177,28,0.747,0.9238,806.2,206.4
CELL_012,FR2-mmWave,11.12,7,0.009441,0.00187,normal,0.0,0.9904,177,31,0.763,0.9599,62.2,359.5
CELL_013,UMa,9.78,9,0.0847,0.017419,normal,0.0,0.9867,177,23,0.461,0.9586,187.8,359.3
CELL_014,NTN-LEO,6.61,21,0.353507,0.12894,normal,0.0,0.9994,177,36,0.47,0.9497,346.3,372.8
CELL_015,THz,26.52,5,0.011065,0.001952,normal,0.0,0.9947,177,17,0.585,0.9598,488.2,345.1
CELL_016,NTN-LEO,14.86,15,0.019882,0.00321,normal,0.0,0.9608,177,35,0.419,0.9597,649.8,318.5
CELL_017,NTN-LEO,6.53,29,0.35113,0.098313,normal,0.0,0.9822,177,18,0.849,0.9521,802.8,343.2
CELL_018,UMi,13.38,21,0.045874,0.006015,data_poisoning,0.9579,0.05,177,11,0.792,0.902,51.9,506.6
CELL_019,InH,7.7,6,0.002,0.001,normal,0.0,0.9887,177,24,0.707,0.9599,190.8,501.3
CELL_020,FR2-mmWave,3.33,16,1.2,0.492359,pilot_contamination,0.6478,0.2081,177,14,0.84,0.8817,333.0,482.8
CELL_021,InH,18.58,8,0.002,0.001,data_poisoning,0.7785,0.2191,177,28,0.386,0.9132,516.4,504.4
CELL_022,RMa,11.16,19,0.016199,0.00318,normal,0.0,0.9693,177,13,0.549,0.9597,644.4,495.6
CELL_023,THz,5.61,0,0.12137,0.035757,normal,0.0,0.9732,177,23,0.941,0.9571,799.8,521.8
CELL_000,UMa,17.94,27,0.00875,0.001381,normal,0.0,0.994,178,15,0.424,0.9599,69.6,44.6
CELL_001,InH,5.71,17,0.129646,0.032293,normal,0.0,0.9574,178,14,0.561,0.9574,199.4,46.0
CELL_002,UMi,2.52,21,0.254519,0.074308,normal,0.0,0.9994,178,28,0.21,0.9541,365.4,51.9
CELL_003,THz,2.38,31,0.432888,0.130197,normal,0.0,0.9596,178,24,0.776,0.9496,491.4,41.3
CELL_004,UMi,17.66,23,0.003842,0.001,normal,0.0,0.9679,178,23,0.516,0.9599,644.9,62.2
CELL_005,UMi,24.06,16,0.002,0.001,normal,0.0,0.9958,178,12,0.62,0.9599,772.5,41.0
CELL_006,UMi,28.32,0,0.003932,0.001,normal,0.0,0.9677,178,19,0.698,0.9599,53.8,195.8
CELL_007,FR2-mmWave,4.72,19,0.02545,0.008843,normal,0.0,0.9738,178,24,0.89,0.9593,201.3,182.1
CELL_008,UMi,9.93,18,0.05652,0.012289,normal,0.0,0.9738,178,22,0.57,0.959,337.2,215.3
CELL_009,UMi,16.51,16,0.002115,0.001,normal,0.0,0.969,178,30,0.936,0.9599,503.3,177.0
CELL_010,RMa,20.72,0,0.007517,0.001,normal,0.0,0.954,178,38,0.92,0.9599,648.1,177.0
CELL_011,InH,17.32,29,0.002,0.001,normal,0.0,0.9602,178,27,0.581,0.9599,800.8,190.2
CELL_012,UMi,20.23,19,0.002153,0.001,normal,0.0,0.9672,178,38,0.322,0.9599,51.9,353.9
CELL_013,RIS,4.65,22,0.322797,0.125493,normal,0.0,0.9702,178,13,0.548,0.95,172.2,352.5
CELL_014,RIS,5.96,5,0.398174,0.09161,data_poisoning,0.7147,0.243,178,14,0.68,0.9098,354.4,344.4
CELL_015,InH,4.91,26,1.2,0.517703,adversarial,0.3008,0.661,178,11,0.583,0.9005,502.2,353.7
CELL_016,FR2-mmWave,18.14,0,0.009079,0.002168,normal,0.0,0.9766,178,12,0.328,0.9598,653.0,328.2
CELL_017,NTN-LEO,3.19,6,1.2,0.286807,jamming,0.7891,0.05,178,31,0.368,0.8897,810.4,342.8
CELL_018,InH,6.89,13,1.2,0.9,false_csi_injection,0.4481,0.5202,178,19,0.918,0.8611,55.2,506.4
CELL_019,RIS,7.76,21,0.066124,0.018899,normal,0.0,0.973,178,30,0.641,0.9585,211.1,506.6
CELL_020,RMa,18.24,16,0.031489,0.004365,normal,0.0,0.9617,178,35,0.306,0.9597,362.3,498.7
CELL_021,FR2-mmWave,4.58,13,1.2,0.9,normal,0.0,0.9771,178,20,0.909,0.888,477.0,514.9
CELL_022,RMa,11.14,3,0.047879,0.009409,normal,0.0,0.9743,178,17,0.606,0.9592,630.1,483.7
CELL_023,InH,7.87,19,0.977321,0.246646,normal,0.0,0.9747,178,16,0.877,0.9403,786.3,484.8
CELL_000,RIS,7.58,21,0.229309,0.030305,false_csi_injection,0.9608,0.05,179,14,0.394,0.8999,33.2,53.2
CELL_001,InH,21.6,28,0.01022,0.001183,normal,0.0,0.9585,179,14,0.752,0.9599,195.9,36.3
CELL_002,RMa,16.67,17,0.554821,0.046744,pilot_contamination,0.9608,0.05,179,26,0.384,0.8986,349.9,77.9
CELL_003,RMa,0.85,6,0.198435,0.066481,normal,0.0,0.9916,179,16,0.41,0.9547,501.1,53.1
CELL_004,NTN-LEO,5.87,6,0.788515,0.118051,jamming,0.6621,0.05,179,37,0.883,0.9108,643.7,51.3
CELL_005,UMi,-2.3,5,0.856022,0.155156,adversarial,0.878,0.1024,179,15,0.487,0.8949,814.9,46.7
CELL_006,RIS,11.4,11,0.002,0.001,pilot_contamination,0.3261,0.577,179,27,0.886,0.9404,57.7,179.6
CELL_007,FR2-mmWave,2.08,15,0.580953,0.166551,normal,0.0,0.9579,179,8,0.743,0.9467,203.3,191.6
CELL_008,RMa,1.1,20,0.30084,0.088934,normal,0.0,0.9639,179,17,0.275,0.9529,366.0,175.3
CELL_009,UMi,8.21,9,0.416907,0.08088,csi_spoofing,0.4547,0.5281,179,12,0.814,0.9262,493.2,199.6
CELL_010,RMa,7.92,15,0.044499,0.010661,normal,0.0,0.9501,179,36,0.896,0.9591,619.9,208.2
CELL_011,UMi,16.01,20,0.119088,0.024339,normal,0.0,0.9692,179,37,0.802,0.9581,818.3,211.0
CELL_012,UMa,9.71,9,0.144135,0.033767,normal,0.0,0.9803,179,35,0.325,0.9573,31.6,353.4
CELL_013,InH,6.86,31,1.2,0.348172,backdoor,0.7826,0.2078,179,28,0.667,0.8852,213.9,364.8
CELL_014,UMi,9.29,7,0.026411,0.0059,normal,0.0,0.9731,179,8,0.833,0.9595,349.2,340.7
CELL_015,THz,16.48,18,0.005442,0.001389,normal,0.0,0.9683,179,17,0.23,0.9599,512.1,357.5
CELL_016,InH,16.19,28,0.002448,0.001,normal,0.0,0.9743,179,15,0.766,0.9599,657.6,341.6
CELL_017,UMi,19.44,9,0.002,0.001,normal,0.0,0.9938,179,31,0.412,0.9599,819.5,332.6
CELL_018,THz,3.01,21,0.002608,0.001068,normal,0.0,0.9997,179,35,0.379,0.9599,54.1,501.4
CELL_019,UMi,6.71,0,0.13706,0.01882,pilot_contamination,0.8131,0.05,179,10,0.361,0.9097,187.4,511.2
CELL_020,NTN-LEO,7.22,16,0.761651,0.187075,normal,0.0,0.9749,179,22,0.618,0.945,323.1,513.2
CELL_021,NTN-LEO,2.56,20,1.062069,0.249933,pilot_contamination,0.8336,0.05,179,29,0.769,0.89,508.9,490.8
CELL_022,RIS,9.26,5,0.724412,0.15571,normal,0.0,0.9547,179,34,0.755,0.9475,641.4,509.9
CELL_023,InH,12.54,14,0.023568,0.00699,normal,0.0,0.9875,179,14,0.681,0.9594,792.1,495.1
CELL_000,InH,-1.54,18,0.393871,0.09006,false_csi_injection,0.3353,0.6376,180,37,0.947,0.9327,35.8,33.3
CELL_001,UMa,22.89,9,0.002,0.001,adversarial,0.8964,0.0588,180,25,0.534,0.9061,216.1,62.1
CELL_002,RIS,10.82,23,0.065339,0.020623,normal,0.0,0.9746,180,11,0.817,0.9584,363.2,51.5
CELL_003,UMi,26.52,31,0.00365,0.001,normal,0.0,0.974,180,32,0.577,0.9599,500.4,47.4
CELL_004,RMa,20.12,0,0.002,0.001,normal,0.0,0.9856,180,22,0.446,0.9599,648.3,33.3
CELL_005,UMa,15.59,7,0.002,0.001,pilot_contamination,0.4866,0.3833,180,9,0.372,0.9307,784.3,58.6
CELL_006,THz,8.19,6,0.163718,0.056632,normal,0.0,0.9748,180,10,0.446,0.9555,67.1,205.4
CELL_007,RMa,24.06,27,0.010113,0.001,false_csi_injection,0.1134,0.8488,180,38,0.576,0.9531,180.4,193.2
CELL_008,InH,-5.0,19,0.515457,0.16487,normal,0.0,0.9823,180,12,0.765,0.9468,350.8,197.4
CELL_009,NTN-LEO,-4.12,13,0.322337,0.097665,normal,0.0,0.9815,180,30,0.656,0.9522,497.7,198.5
CELL_010,UMa,22.86,5,0.121087,0.012572,normal,0.0,0.9534,180,21,0.41,0.959,639.9,188.8
CELL_011,UMa,2.62,23,1.2,0.9,normal,0.0,0.9854,180,23,0.86,0.888,777.9,187.7
CELL_012,UMi,11.22,27,0.002,0.001,normal,0.0,0.959,180,10,0.3,0.9599,40.7,362.0
CELL_013,FR2-mmWave,4.04,14,0.16219,0.064297,normal,0.0,0.9554,180,26,0.926,0.9549,189.5,348.0
CELL_014,RMa,-1.17,11,0.689358,0.212084,normal,0.0,0.9695,180,9,0.468,0.943,345.1,343.8
CELL_015,UMi,8.57,18,0.012887,0.002854,normal,0.0,0.9623,180,13,0.821,0.9598,496.9,353.9
CELL_016,THz,8.04,23,0.004163,0.001447,normal,0.0,0.9606,180,35,0.916,0.9599,645.4,362.8
CELL_017,RIS,5.58,10,0.132863,0.044828,normal,0.0,0.9549,180,26,0.683,0.9564,798.9,370.6
CELL_018,RMa,6.82,22,0.307165,0.041493,adversarial,0.9079,0.05,180,25,0.256,0.9022,38.7,510.4
CELL_019,THz,0.07,1,0.016027,0.004981,false_csi_injection,0.4455,0.5064,180,13,0.415,0.9329,179.4,489.1
CELL_020,UMa,17.15,24,0.002,0.001,normal,0.0,0.9648,180,8,0.497,0.9599,341.0,493.3
CELL_021,UMi,15.99,10,0.002,0.001,normal,0.0,0.9967,180,17,0.382,0.9599,509.1,517.3
CELL_022,NTN-LEO,19.25,21,0.004077,0.001,normal,0.0,0.98,180,20,0.878,0.9599,630.2,528.5
CELL_023,UMa,13.64,1,0.003844,0.001,normal,0.0,0.9592,180,39,0.837,0.9599,817.0,498.5
CELL_000,UMa,5.02,17,0.585851,0.150956,normal,0.0,0.9968,181,10,0.653,0.9479,46.8,64.1
CELL_001,NTN-LEO,-1.85,24,1.2,0.484468,adversarial,0.8712,0.0911,181,32,0.42,0.869,207.0,52.6
CELL_002,NTN-LEO,15.41,1,0.276887,0.02971,csi_spoofing,0.9358,0.05,181,34,0.716,0.9015,346.0,43.8
CELL_003,RIS,25.89,26,0.003334,0.001,data_poisoning,0.8834,0.0983,181,21,0.842,0.9069,482.2,41.5
CELL_004,FR2-mmWave,10.49,19,0.34502,0.053657,csi_spoofing,0.7786,0.2143,181,36,0.594,0.909,611.7,39.9
CELL_005,FR2-mmWave,19.89,9,0.002,0.001,normal,0.0,0.9943,181,24,0.705,0.9599,798.3,36.7
CELL_006,RMa,29.07,6,0.006522,0.001,normal,0.0,0.9818,181,39,0.909,0.9599,56.7,222.1
CELL_007,THz,15.34,13,0.00672,0.001039,backdoor,0.9169,0.071,181,19,0.218,0.9049,187.3,192.2
CELL_008,InH,20.95,24,0.002,0.001,normal,0.0,0.9674,181,17,0.581,0.9599,361.3,180.4
CELL_009,THz,21.64,18,0.002,0.001,normal,0.0,0.9647,181,36,0.38,0.9599,494.3,183.1
CELL_010,THz,7.23,10,0.420745,0.132577,false_csi_injection,0.111,0.8609,181,33,0.801,0.9427,633.8,189.1
CELL_011,InH,10.85,10,1.2,0.311173,normal,0.0,0.9697,181,17,0.922,0.9351,804.5,194.8
CELL_012,UMi,-5.0,17,0.832025,0.266126,normal,0.0,0.991,181,39,0.257,0.9387,35.2,355.9
CELL_013,RIS,3.69,25,0.124636,0.025624,pilot_contamination,0.24,0.6806,181,18,0.771,0.9436,197.6,347.5
CELL_014,UMi,13.68,8,0.002,0.001,pilot_contamination,0.363,0.5207,181,14,0.724,0.9381,339.4,338.3
CELL_015,RMa,18.67,2,0.002,0.001,normal,0.0,0.962,181,27,0.651,0.9599,483.7,360.0
CELL_016,RIS,24.54,21,0.002,0.001,normal,0.0,0.9875,181,35,0.335,0.9599,654.8,320.8
CELL_017,FR2-mmWave,18.78,23,0.013842,0.002788,normal,0.0,0.9594,181,38,0.218,0.9598,809.1,342.8
CELL_018,THz,1.87,30,0.315755,0.133959,normal,0.0,0.9993,181,20,0.913,0.9493,54.0,486.3
CELL_019,UMa,11.26,1,0.101872,0.019611,normal,0.0,0.9738,181,38,0.294,0.9584,195.7,506.4
CELL_020,THz,6.47,23,0.240231,0.088032,normal,0.0,0.9813,181,39,0.534,0.953,356.8,502.0
CELL_021,NTN-LEO,16.9,15,0.22099,0.036094,pilot_contamination,0.2782,0.6197,181,22,0.233,0.9404,486.1,490.7
CELL_022,RMa,12.87,13,0.016716,0.002973,normal,0.0,0.9589,181,39,0.795,0.9598,656.0,506.1
CELL_023,FR2-mmWave,0.21,24,0.418508,0.186681,normal,0.0,0.9899,181,26,0.948,0.9451,784.4,487.1
CELL_000,UMa,19.86,10,0.004636,0.001,normal,0.0,0.9551,182,38,0.868,0.9599,75.8,41.1
CELL_001,UMa,1.26,9,0.057324,0.020002,normal,0.0,0.9928,182,23,0.678,0.9584,207.1,51.8
CELL_002,InH,-5.0,5,0.833063,0.151286,adversarial,0.8071,0.1507,182,30,0.38,0.8995,342.9,53.5
CELL_003,FR2-mmWave,11.16,5,0.0067,0.001325,normal,0.0,0.9949,182,38,0.894,0.9599,490.7,66.9
CELL_004,InH,14.16,18,0.002,0.001,normal,0.0,0.9732,182,30,0.633,0.9599,630.1,41.1
CELL_005,UMi,22.34,4,0.009774,0.001478,normal,0.0,0.9864,182,31,0.382,0.9599,808.3,48.2
CELL_006,InH,0.1,8,0.002,0.001,normal,0.0,0.9724,182,10,0.402,0.9599,49.3,210.2
CELL_007,InH,20.9,7,0.008105,0.001,jamming,0.8611,0.05,182,12,0.729,0.9083,213.4,213.9
CELL_008,FR2-mmWave,6.96,27,1.2,0.322911,pilot_contamination,0.234,0.7162,182,10,0.751,0.9201,356.7,192.7
CELL_009,UMi,15.25,30,0.078686,0.016628,normal,0.0,0.9806,182,38,0.864,0.9587,503.3,199.3
CELL_010,FR2-mmWave,20.54,22,0.018635,0.002306,adversarial,0.9558,0.05,182,14,0.419,0.9025,643.1,201.3
CELL_011,UMi,15.81,27,0.026451,0.006931,normal,0.0,0.9831,182,35,0.856,0.9594,803.7,212.1
CELL_012,RIS,26.74,5,0.002,0.001,normal,0.0,0.9779,182,12,0.498,0.9599,46.7,356.8
CELL_013,RIS,9.21,17,0.037105,0.007991,normal,0.0,0.9885,182,26,0.949,0.9594,199.8,369.7
CELL_014,FR2-mmWave,0.16,17,0.34195,0.116001,csi_spoofing,0.2941,0.6778,182,22,0.423,0.9331,365.5,342.2
CELL_015,THz,32.28,26,0.002,0.001,normal,0.0,0.9695,182,20,0.324,0.9599,496.2,368.2
CELL_016,UMi,11.43,6,0.014044,0.002743,normal,0.0,0.9752,182,18,0.491,0.9598,645.3,342.7
CELL_017,InH,9.7,17,0.020183,0.006627,normal,0.0,0.9967,182,13,0.44,0.9595,798.0,351.1
CELL_018,InH,30.23,17,0.002,0.001,pilot_contamination,0.3028,0.6147,182,25,0.904,0.9418,37.8,503.2
CELL_019,InH,29.19,31,0.024112,0.002132,jamming,0.3595,0.4848,182,27,0.788,0.9383,202.8,503.4
CELL_020,NTN-LEO,10.68,26,0.244497,0.049001,normal,0.0,0.9881,182,23,0.262,0.9561,359.9,499.0
CELL_021,RMa,23.64,11,0.005752,0.001,csi_spoofing,0.8349,0.1267,182,23,0.228,0.9098,514.2,507.5
CELL_022,UMa,16.5,11,0.002,0.001,normal,0.0,0.9805,182,29,0.76,0.9599,658.6,520.2
CELL_023,InH,10.28,11,0.455305,0.146479,normal,0.0,0.9549,182,10,0.871,0.9483,797.4,478.4
CELL_000,NTN-LEO,4.7,15,0.269972,0.070738,normal,0.0,0.9763,183,14,0.554,0.9543,49.4,35.7
CELL_001,NTN-LEO,7.95,13,0.017772,0.004008,normal,0.0,0.9566,183,16,0.81,0.9597,189.0,21.9
CELL_002,RMa,7.56,18,0.011131,0.00251,normal,0.0,0.9746,183,27,0.534,0.9598,357.4,32.2
CELL_003,NTN-LEO,22.91,13,0.002,0.001,normal,0.0,0.979,183,27,0.307,0.9599,488.3,61.1
CELL_004,UMa,16.88,24,0.00259,0.001,jamming,0.7123,0.05,183,28,0.268,0.9172,654.3,59.3
CELL_005,NTN-LEO,13.14,22,0.002,0.001,normal,0.0,0.9651,183,10,0.525,0.9599,787.3,60.9
CELL_006,NTN-LEO,10.23,12,0.002,0.001,normal,0.0,0.9972,183,9,0.241,0.9599,42.4,203.3
CELL_007,RMa,3.45,5,1.2,0.351292,normal,0.0,0.9946,183,25,0.793,0.9319,195.6,189.0
CELL_008,THz,13.31,28,0.014922,0.00275,csi_spoofing,0.6234,0.351,183,11,0.624,0.9224,372.9,192.0
CELL_009,NTN-LEO,2.53,30,0.053037,0.014628,normal,0.0,0.9713,183,26,0.287,0.9588,486.9,203.5
CELL_010,InH,2.21,17,0.581943,0.181875,normal,0.0,0.9791,183,12,0.706,0.9454,661.6,213.6
CELL_011,NTN-LEO,15.98,24,0.099024,0.01542,normal,0.0,0.995,183,38,0.788,0.9588,802.0,208.7
CELL_012,THz,6.88,21,0.01715,0.006198,normal,0.0,0.985,183,34,0.87,0.9595,48.5,355.3
CELL_013,UMi,3.43,18,0.169937,0.056435,adversarial,0.1889,0.7872,183,11,0.556,0.9442,205.9,368.2
CELL_014,THz,10.26,29,0.002,0.001,normal,0.0,0.9505,183,36,0.399,0.9599,354.6,349.9
CELL_015,UMi,25.32,6,0.002,0.001,pilot_contamination,0.9583,0.05,183,32,0.692,0.9024,478.4,340.2
CELL_016,UMi,13.81,31,0.953529,0.126953,false_csi_injection,0.2526,0.7356,183,18,0.798,0.9347,657.6,341.6
CELL_017,RIS,7.97,10,0.130635,0.029972,normal,0.0,0.983,183,39,0.467,0.9576,793.3,352.9
CELL_018,NTN-LEO,18.67,2,0.015589,0.002591,normal,0.0,0.9904,183,11,0.796,0.9598,52.4,491.3
CELL_019,RIS,17.02,8,0.01964,0.003837,normal,0.0,0.9883,183,22,0.225,0.9597,205.0,503.8
CELL_020,THz,18.79,2,0.029281,0.004324,normal,0.0,0.9879,183,21,0.591,0.9597,321.6,503.5
CELL_021,InH,14.56,15,0.002,0.001,normal,0.0,0.971,183,30,0.734,0.9599,498.5,498.0
CELL_022,RMa,14.04,2,0.199342,0.019915,jamming,0.6617,0.05,183,24,0.704,0.9187,655.6,496.0
CELL_023,THz,-2.62,15,0.129457,0.058113,normal,0.0,0.9525,183,9,0.877,0.9554,778.3,502.3
CELL_000,NTN-LEO,27.47,17,0.002,0.001,normal,0.0,0.9527,184,9,0.802,0.9599,55.7,54.7
CELL_001,RIS,16.93,17,0.003804,0.001,normal,0.0,0.9962,184,16,0.869,0.9599,187.9,62.1
CELL_002,NTN-LEO,24.42,16,0.002,0.001,normal,0.0,0.9897,184,33,0.922,0.9599,335.2,34.4
CELL_003,RMa,25.32,10,0.002,0.001,normal,0.0,0.9725,184,38,0.265,0.9599,503.4,48.1
CELL_004,InH,6.58,2,0.002,0.001,normal,0.0,0.9823,184,24,0.412,0.9599,662.5,55.3
CELL_005,FR2-mmWave,3.57,5,0.080555,0.029094,normal,0.0,0.9705,184,32,0.452,0.9577,782.6,55.4
CELL_006,THz,6.95,16,0.025916,0.009344,normal,0.0,0.9847,184,31,0.474,0.9593,54.2,220.2
CELL_007,NTN-LEO,8.36,26,0.108721,0.014131,pilot_contamination,0.785,0.05,184,17,0.539,0.9118,204.8,210.8
CELL_008,UMi,10.88,25,0.041342,0.00995,csi_spoofing,0.2845,0.6805,184,22,0.28,0.9421,368.2,201.9
CELL_009,THz,16.09,6,0.002,0.001,normal,0.0,0.9957,184,32,0.419,0.9599,489.7,190.7
CELL_010,THz,-2.06,7,0.06085,0.027316,normal,0.0,0.9951,184,14,0.753,0.9578,621.5,198.4
CELL_011,UMi,25.32,1,0.002,0.001,normal,0.0,0.958,184,11,0.471,0.9599,794.4,210.5
CELL_012,InH,9.2,11,0.002,0.001,backdoor,0.1076,0.8721,184,31,0.337,0.9535,43.2,331.0
CELL_013,NTN-LEO,22.01,10,0.074235,0.00689,jamming,0.386,0.4238,184,25,0.506,0.9363,206.5,359.4
CELL_014,InH,23.16,16,0.003855,0.001,normal,0.0,0.9771,184,16,0.78,0.9599,348.3,356.4
CELL_015,NTN-LEO,6.56,10,0.002,0.001,normal,0.0,0.9877,184,22,0.654,0.9599,496.4,353.3
CELL_016,THz,-2.61,27,0.268034,0.12032,normal,0.0,0.9899,184,22,0.533,0.9504,630.9,361.1
CELL_017,FR2-mmWave,11.24,29,0.085603,0.026612,normal,0.0,0.9509,184,26,0.42,0.9579,786.4,343.2
CELL_018,NTN-LEO,12.5,31,0.072344,0.015943,normal,0.0,0.984,184,8,0.752,0.9587,33.4,482.2
CELL_019,RMa,18.52,16,0.109116,0.014557,normal,0.0,0.9839,184,28,0.642,0.9588,192.8,475.3
CELL_020,THz,1.12,18,0.225448,0.097856,normal,0.0,0.9556,184,34,0.241,0.9522,336.7,505.1
CELL_021,InH,13.26,10,0.243561,0.056034,normal,0.0,0.9662,184,9,0.807,0.9555,502.7,497.3
CELL_022,RIS,10.12,5,1.2,0.595185,normal,0.0,0.9725,184,33,0.375,0.9124,658.2,540.3
CELL_023,FR2-mmWave,-1.12,30,0.345934,0.081527,data_poisoning,0.6658,0.2885,184,18,0.936,0.9135,802.2,502.6
CELL_000,NTN-LEO,23.84,20,0.01827,0.001982,normal,0.0,0.9711,185,29,0.343,0.9598,60.4,40.9
CELL_001,InH,12.18,2,0.010389,0.002499,normal,0.0,0.9699,185,13,0.652,0.9598,208.3,54.0
CELL_002,UMi,18.18,9,0.002,0.001,csi_spoofing,0.2446,0.7502,185,30,0.362,0.9452,356.6,70.1
CELL_003,UMa,11.97,8,0.008613,0.001196,false_csi_injection,0.3184,0.6758,185,15,0.56,0.9408,517.5,60.9
CELL_004,UMi,-1.81,13,0.065349,0.024494,normal,0.0,0.9919,185,15,0.328,0.958,656.4,42.8
CELL_005,THz,4.27,11,0.032502,0.009421,normal,0.0,0.9518,185,15,0.825,0.9592,800.8,69.7
CELL_006,FR2-mmWave,-0.02,18,1.2,0.9,csi_spoofing,0.3067,0.681,185,19,0.912,0.8696,27.1,185.7
CELL_007,UMa,1.43,7,1.2,0.394741,csi_spoofing,0.8045,0.1852,185,37,0.888,0.8802,213.6,195.8
CELL_008,FR2-mmWave,16.8,28,0.002,0.001,false_csi_injection,0.5771,0.4211,185,32,0.839,0.9253,357.5,202.0
CELL_009,UMa,5.0,22,0.113471,0.029907,normal,0.0,0.9828,185,32,0.658,0.9576,472.9,210.9
CELL_010,InH,5.42,27,0.002,0.001,normal,0.0,0.9721,185,39,0.822,0.9599,640.7,219.2
CELL_011,UMa,19.65,16,0.012414,0.001671,normal,0.0,0.9997,185,38,0.371,0.9599,798.0,203.8
CELL_012,THz,-0.23,26,0.454169,0.141218,false_csi_injection,0.4485,0.5251,185,20,0.555,0.9218,64.4,371.0
CELL_013,RIS,8.91,1,0.002,0.001,normal,0.0,1.0,185,31,0.54,0.9599,191.3,339.4
CELL_014,FR2-mmWave,6.43,26,0.021285,0.005151,normal,0.0,0.9767,185,14,0.707,0.9596,356.5,334.8
CELL_015,RMa,25.61,18,0.002,0.001,normal,0.0,0.9776,185,21,0.357,0.9599,498.2,352.7
CELL_016,InH,8.21,11,0.016588,0.005733,normal,0.0,0.9535,185,34,0.89,0.9595,658.1,374.6
CELL_017,RIS,16.15,5,0.004461,0.001,normal,0.0,0.9546,185,17,0.572,0.9599,805.6,386.7
CELL_018,THz,3.16,10,0.008922,0.003636,normal,0.0,0.9535,185,34,0.444,0.9597,42.7,503.6
CELL_019,RIS,6.83,31,0.326081,0.118049,normal,0.0,0.9655,185,12,0.879,0.9506,226.6,522.3
CELL_020,NTN-LEO,7.51,5,0.071107,0.025162,normal,0.0,0.9594,185,12,0.424,0.958,352.7,510.4
CELL_021,UMi,-0.25,28,0.27153,0.081421,jamming,0.1587,0.7308,185,30,0.367,0.944,506.7,486.1
CELL_022,NTN-LEO,8.06,30,0.31321,0.056265,false_csi_injection,0.9352,0.05,185,31,0.519,0.8994,653.3,491.8
CELL_023,RIS,20.03,23,0.002,0.001,normal,0.0,0.9813,185,8,0.394,0.9599,810.2,487.2
CELL_000,InH,25.37,19,0.002,0.001,normal,0.0,0.9569,186,23,0.607,0.9599,43.0,42.5
CELL_001,InH,9.71,5,0.10945,0.029979,jamming,0.122,0.8201,186,21,0.715,0.9503,196.3,62.5
CELL_002,InH,14.67,10,0.010172,0.001706,normal,0.0,0.9606,186,15,0.224,0.9599,359.7,37.1
CELL_003,RMa,9.66,19,0.209088,0.033219,false_csi_injection,0.2713,0.68,186,16,0.918,0.9411,498.3,37.0
CELL_004,THz,14.03,25,0.010876,0.003052,normal,0.0,0.9586,186,18,0.832,0.9598,670.8,31.5
CELL_005,InH,11.16,14,0.047706,0.009113,csi_spoofing,0.7369,0.2531,186,36,0.739,0.9151,776.1,45.7
CELL_006,NTN-LEO,22.04,0,0.00687,0.001,pilot_contamination,0.3136,0.6034,186,35,0.437,0.9411,43.9,180.0
CELL_007,RIS,12.52,13,0.776001,0.155233,csi_spoofing,0.1586,0.7952,186,24,0.366,0.9381,207.1,219.3
CELL_008,THz,9.5,24,0.020179,0.003564,jamming,0.9029,0.05,186,34,0.22,0.9055,364.9,200.2
CELL_009,NTN-LEO,7.36,6,0.013063,0.003958,normal,0.0,0.9785,186,26,0.454,0.9597,502.7,206.4
CELL_010,UMi,3.69,26,0.148852,0.040144,normal,0.0,0.9622,186,14,0.619,0.9568,644.6,203.7
CELL_011,UMi,19.85,1,0.010135,0.001484,normal,0.0,0.974,186,30,0.926,0.9599,807.4,198.7
CELL_012,UMa,11.37,25,1.2,0.245969,csi_spoofing,0.3487,0.651,186,25,0.727,0.9194,57.1,342.6
CELL_013,RMa,5.86,14,0.378593,0.091609,normal,0.0,0.9729,186,11,0.529,0.9527,212.6,355.8
CELL_014,FR2-mmWave,7.97,0,0.015781,0.00362,normal,0.0,0.9655,186,9,0.719,0.9597,349.1,337.8
CELL_015,THz,14.11,26,0.187394,0.036286,normal,0.0,0.9837,186,17,0.349,0.9571,522.6,339.1
CELL_016,InH,12.22,17,0.010717,0.002107,normal,0.0,0.9632,186,32,0.756,0.9598,660.2,344.9
CELL_017,UMa,-0.29,26,0.167421,0.05313,normal,0.0,0.9733,186,29,0.445,0.9557,806.1,339.9
CELL_018,RIS,24.7,13,0.002,0.001,normal,0.0,0.9799,186,21,0.447,0.9599,34.6,503.2
CELL_019,RMa,1.33,27,0.652668,0.188118,normal,0.0,0.9546,186,35,0.522,0.945,191.6,503.9
CELL_020,FR2-mmWave,15.19,24,0.227041,0.027126,pilot_contamination,0.8505,0.05,186,18,0.583,0.9068,363.2,511.1
CELL_021,NTN-LEO,8.09,16,0.261416,0.068949,normal,0.0,0.9647,186,19,0.228,0.9545,497.5,489.2
CELL_022,RMa,13.46,30,0.31246,0.054724,normal,0.0,0.9738,186,38,0.947,0.9556,635.4,488.3
CELL_023,UMi,-4.59,22,1.2,0.822008,normal,0.0,0.9579,186,28,0.236,0.8942,800.3,503.8
CELL_000,NTN-LEO,9.34,25,0.031162,0.006754,normal,0.0,0.9579,187,15,0.494,0.9595,61.8,38.6
CELL_001,UMa,11.83,7,0.019026,0.005791,normal,0.0,0.9954,187,22,0.88,0.9595,168.4,60.3
CELL_002,UMa,3.52,1,0.009161,0.002435,normal,0.0,0.9877,187,22,0.806,0.9598,341.9,32.1
CELL_003,RMa,0.35,0,1.2,0.749758,pilot_contamination,0.3781,0.5336,187,38,0.608,0.8773,525.7,39.5
CELL_004,FR2-mmWave,7.7,7,1.2,0.587896,normal,0.0,0.9858,187,34,0.328,0.913,662.3,34.1
CELL_005,RIS,-4.78,24,0.955527,0.232753,pilot_contamination,0.6626,0.1604,187,29,0.661,0.9016,781.2,28.3
CELL_006,UMi,28.78,1,0.007076,0.001,normal,0.0,0.9971,187,9,0.418,0.9599,47.8,224.6
CELL_007,FR2-mmWave,9.46,11,0.012874,0.003724,pilot_contamination,0.1004,0.8561,187,22,0.852,0.9537,175.5,194.9
CELL_008,RIS,9.33,0,0.039738,0.008516,normal,0.0,0.9518,187,31,0.788,0.9593,350.0,208.6
CELL_009,RMa,4.49,28,0.39136,0.115172,normal,0.0,0.9661,187,35,0.729,0.9508,493.2,204.3
CELL_010,THz,-3.04,2,1.2,0.394293,pilot_contamination,0.7876,0.05,187,33,0.55,0.8812,653.8,197.6
CELL_011,InH,-1.82,0,0.591228,0.265402,normal,0.0,0.9915,187,18,0.846,0.9388,781.3,165.8
CELL_012,InH,27.98,29,0.002,0.001,normal,0.0,0.9884,187,19,0.206,0.9599,42.8,355.9
CELL_013,RMa,7.15,7,0.018546,0.004274,normal,0.0,0.9821,187,18,0.739,0.9597,193.7,339.7
CELL_014,UMa,15.8,24,0.042909,0.005139,adversarial,0.4756,0.4794,187,16,0.544,0.9311,343.7,343.5
CELL_015,UMa,14.36,14,0.002,0.001,normal,0.0,0.9744,187,20,0.672,0.9599,501.8,353.8
CELL_016,RMa,14.3,17,0.025513,0.004259,normal,0.0,0.9733,187,19,0.882,0.9597,649.6,339.5
CELL_017,FR2-mmWave,28.37,8,0.002,0.001,normal,0.0,0.9747,187,25,0.38,0.9599,809.2,368.8
CELL_018,UMi,11.14,0,0.183789,0.020299,false_csi_injection,0.9636,0.05,187,20,0.8,0.9006,51.5,515.2
CELL_019,THz,-0.37,26,0.561305,0.25197,normal,0.0,0.9724,187,39,0.84,0.9398,192.2,498.9
CELL_020,InH,5.96,25,0.002,0.001,normal,0.0,0.9801,187,28,0.663,0.9599,337.8,506.6
CELL_021,NTN-LEO,12.12,22,0.004062,0.001089,normal,0.0,0.9959,187,20,0.511,0.9599,503.7,487.8
CELL_022,UMa,7.29,29,1.2,0.248663,pilot_contamination,0.3921,0.5143,187,14,0.433,0.9166,646.0,498.7
CELL_023,RIS,13.45,22,0.013597,0.002418,normal,0.0,0.9554,187,29,0.851,0.9598,790.2,504.0
CELL_000,NTN-LEO,12.86,22,0.003795,0.001,normal,0.0,0.9917,188,33,0.887,0.9599,44.2,25.6
CELL_001,NTN-LEO,19.96,23,0.00656,0.001,jamming,0.5972,0.1192,188,19,0.877,0.9241,200.9,44.7
CELL_002,THz,21.23,25,0.002,0.001,jamming,0.6955,0.05,188,17,0.727,0.9182,352.3,54.6
CELL_003,InH,15.88,29,0.244704,0.040494,normal,0.0,0.9893,188,16,0.51,0.9568,490.7,73.4
CELL_004,RMa,5.85,30,0.121983,0.029657,normal,0.0,0.9715,188,22,0.325,0.9576,663.2,34.3
CELL_005,THz,12.64,24,0.002,0.001,normal,0.0,0.9872,188,35,0.666,0.9599,818.2,39.0
CELL_006,THz,18.97,8,0.016276,0.002494,normal,0.0,0.956,188,31,0.657,0.9598,47.4,186.5
CELL_007,RIS,4.51,13,0.507644,0.163246,normal,0.0,0.9836,188,20,0.411,0.9469,194.0,187.1
CELL_008,FR2-mmWave,15.52,6,0.00805,0.001295,normal,0.0,0.9767,188,17,0.291,0.9599,339.2,195.3
CELL_009,FR2-mmWave,15.55,2,0.446414,0.083065,csi_spoofing,0.4209,0.5476,188,21,0.793,0.9281,529.4,190.5
CELL_010,UMi,13.43,25,0.002,0.001,normal,0.0,0.9761,188,35,0.443,0.9599,636.5,188.5
CELL_011,UMi,8.71,27,0.064843,0.01286,adversarial,0.3802,0.614,188,16,0.545,0.9362,781.8,203.4
CELL_012,NTN-LEO,0.44,3,0.4179,0.18513,normal,0.0,0.9868,188,13,0.762,0.9452,41.8,347.8
CELL_013,RMa,2.45,7,0.002,0.001,normal,0.0,0.992,188,18,0.459,0.9599,186.7,346.5
CELL_014,UMi,1.53,27,0.038442,0.016478,normal,0.0,0.9752,188,28,0.318,0.9587,357.4,340.6
CELL_015,RIS,14.0,31,0.05827,0.010094,normal,0.0,0.9638,188,20,0.85,0.9592,479.4,333.9
CELL_016,NTN-LEO,9.01,29,0.005952,0.001,csi_spoofing,0.8362,0.1176,188,18,0.512,0.9097,655.4,339.9
CELL_017,FR2-mmWave,10.28,10,0.002,0.001,jamming,0.8514,0.05,188,10,0.738,0.9088,800.9,345.6
CELL_018,UMi,3.69,16,0.208263,0.038211,jamming,0.7793,0.05,188,30,0.665,0.9102,24.8,510.9
CELL_019,InH,12.03,26,0.00215,0.001,normal,0.0,0.9782,188,9,0.725,0.9599,211.1,494.9
CELL_020,THz,1.64,14,0.66448,0.283876,normal,0.0,0.9816,188,34,0.205,0.9373,361.4,502.5
CELL_021,RMa,0.96,8,0.004813,0.001408,normal,0.0,0.9795,188,31,0.513,0.9599,480.2,525.0
CELL_022,RMa,17.63,22,0.389475,0.039998,backdoor,0.3473,0.6324,188,14,0.547,0.936,637.3,492.2
CELL_023,UMa,13.18,23,0.002,0.001,pilot_contamination,0.4847,0.3913,188,27,0.633,0.9308,812.2,512.7
CELL_000,FR2-mmWave,18.32,16,0.005996,0.001421,normal,0.0,0.9633,189,31,0.916,0.9599,58.6,49.5
CELL_001,THz,19.28,30,0.003839,0.001,normal,0.0,0.9878,189,10,0.471,0.9599,210.4,43.1
CELL_002,UMa,2.18,27,0.030963,0.008683,normal,0.0,0.9939,189,23,0.526,0.9593,340.0,74.8
CELL_003,UMa,4.98,3,0.362346,0.139367,normal,0.0,0.9926,189,17,0.665,0.9489,469.3,41.3
CELL_004,InH,12.26,17,0.043496,0.008535,normal,0.0,0.9658,189,13,0.239,0.9593,638.1,47.7
CELL_005,UMi,19.02,16,0.004113,0.001,jamming,0.4248,0.3759,189,12,0.625,0.9344,808.7,62.8
CELL_006,UMa,11.82,19,0.002,0.001,normal,0.0,0.9721,189,10,0.801,0.9599,59.4,192.8
CELL_007,RIS,-0.47,5,0.002277,0.001,normal,0.0,0.9938,189,39,0.246,0.9599,201.4,217.8
CELL_008,NTN-LEO,3.79,9,0.172831,0.06242,normal,0.0,0.99,189,14,0.249,0.955,360.2,206.3
CELL_009,RIS,8.34,19,0.035089,0.012075,normal,0.0,0.9572,189,22,0.43,0.959,486.5,208.2
CELL_010,UMa,24.98,6,0.002,0.001,normal,0.0,0.9884,189,21,0.366,0.9599,649.8,206.6
CELL_011,InH,6.85,9,0.983481,0.216111,adversarial,0.1027,0.875,189,36,0.535,0.9365,785.6,208.9
CELL_012,RMa,18.58,17,0.002,0.001,normal,0.0,0.9732,189,11,0.819,0.9599,42.4,358.3
CELL_013,InH,14.69,20,0.019108,0.003217,pilot_contamination,0.6049,0.2707,189,17,0.555,0.9234,206.9,377.4
CELL_014,RIS,17.52,8,0.025074,0.00364,normal,0.0,0.9748,189,12,0.228,0.9597,352.6,364.8
CELL_015,FR2-mmWave,3.87,14,0.150025,0.059783,normal,0.0,0.9982,189,22,0.832,0.9552,506.2,331.2
CELL_016,UMa,22.63,7,0.061788,0.007558,adversarial,0.1896,0.7711,189,20,0.319,0.948,676.9,360.3
CELL_017,InH,6.32,13,0.089597,0.021916,normal,0.0,0.9532,189,18,0.532,0.9582,815.8,340.5
CELL_018,THz,17.74,31,0.002,0.001,normal,0.0,0.9721,189,9,0.862,0.9599,62.5,502.2
CELL_019,UMa,8.88,15,0.128918,0.021563,jamming,0.4669,0.318,189,20,0.398,0.9303,204.7,496.4
CELL_020,FR2-mmWave,13.58,2,0.005492,0.001,normal,0.0,0.9595,189,32,0.897,0.9599,344.3,505.6
CELL_021,UMi,20.34,26,0.002,0.001,normal,0.0,0.9802,189,12,0.263,0.9599,516.2,506.7
CELL_022,InH,9.19,25,0.012029,0.002533,normal,0.0,0.9634,189,25,0.334,0.9598,653.2,502.5
CELL_023,RIS,6.9,21,0.019674,0.005806,normal,0.0,0.971,189,38,0.387,0.9595,805.2,496.3
CELL_000,RIS,8.72,12,0.068619,0.023309,normal,0.0,0.9978,190,27,0.405,0.9581,58.1,45.8
CELL_001,FR2-mmWave,10.7,10,0.045381,0.009158,normal,0.0,0.9972,190,36,0.708,0.9593,215.3,37.2
CELL_002,UMa,28.55,22,0.002,0.001,normal,0.0,0.9651,190,13,0.74,0.9599,350.8,14.8
CELL_003,RIS,4.1,7,0.385713,0.134561,adversarial,0.1113,0.8786,190,28,0.739,0.9426,494.2,52.5
CELL_004,NTN-LEO,17.6,30,0.00377,0.001,data_poisoning,0.182,0.7813,190,32,0.73,0.949,662.3,50.3
CELL_005,UMa,23.01,9,0.002017,0.001,normal,0.0,0.9596,190,10,0.868,0.9599,820.7,50.9
CELL_006,UMa,18.63,8,0.004335,0.001,jamming,0.7981,0.05,190,32,0.738,0.912,49.2,211.3
CELL_007,NTN-LEO,16.13,27,0.008158,0.001292,pilot_contamination,0.6172,0.2543,190,17,0.653,0.9229,188.8,195.4
CELL_008,NTN-LEO,8.84,9,0.002,0.001,csi_spoofing,0.6142,0.3664,190,24,0.326,0.9231,357.7,218.3
CELL_009,FR2-mmWave,21.24,17,0.002,0.001,false_csi_injection,0.995,0.05,190,20,0.867,0.9002,488.9,198.4
CELL_010,UMi,15.72,28,0.085308,0.017659,normal,0.0,0.9856,190,37,0.748,0.9586,657.4,206.2
CELL_011,RMa,24.47,20,0.012451,0.001185,normal,0.0,0.9982,190,18,0.613,0.9599,814.4,213.8
CELL_012,NTN-LEO,5.58,9,0.018288,0.005084,csi_spoofing,0.34,0.6402,190,38,0.283,0.9392,55.5,361.6
CELL_013,FR2-mmWave,17.03,0,0.302996,0.059187,normal,0.0,0.9879,190,17,0.854,0.9553,192.3,352.5
CELL_014,THz,17.55,24,0.002,0.001,normal,0.0,0.9712,190,34,0.541,0.9599,358.5,328.7
CELL_015,THz,8.7,2,0.034325,0.008025,jamming,0.3302,0.5183,190,28,0.215,0.9395,510.8,351.6
CELL_016,FR2-mmWave,9.48,28,0.526705,0.141022,normal,0.0,0.9569,190,12,0.417,0.9487,647.0,341.6
CELL_017,UMa,8.39,15,0.131702,0.031986,normal,0.0,0.9521,190,14,0.412,0.9574,794.7,348.2
CELL_018,NTN-LEO,11.59,20,0.00387,0.001188,normal,0.0,0.9728,190,39,0.54,0.9599,50.2,509.0
CELL_019,UMi,6.04,12,0.60839,0.146276,normal,0.0,0.9559,190,33,0.467,0.9483,188.8,480.1
CELL_020,THz,-2.17,26,0.70026,0.181479,pilot_contamination,0.7747,0.05,190,33,0.842,0.899,354.0,505.5
CELL_021,UMi,12.61,25,0.003799,0.001,pilot_contamination,0.5833,0.2629,190,39,0.281,0.9249,502.4,492.1
CELL_022,THz,15.59,7,0.028578,0.003261,jamming,0.4692,0.3422,190,18,0.318,0.9316,652.8,493.8
CELL_023,THz,22.51,25,0.010884,0.001521,normal,0.0,0.9676,190,38,0.596,0.9599,800.9,478.4
CELL_000,UMa,0.81,2,0.249772,0.077007,normal,0.0,0.9748,191,18,0.577,0.9538,60.4,65.0
CELL_001,FR2-mmWave,1.25,1,1.2,0.400743,jamming,0.5677,0.1737,191,35,0.683,0.8939,196.8,51.1
CELL_002,UMi,8.49,0,0.336375,0.115155,normal,0.0,0.9782,191,21,0.757,0.9508,345.2,40.8
CELL_003,FR2-mmWave,8.57,28,0.002,0.001,normal,0.0,0.9725,191,23,0.44,0.9599,483.8,46.7
CELL_004,FR2-mmWave,19.22,28,0.008237,0.001,false_csi_injection,0.4456,0.5407,191,33,0.388,0.9332,652.6,41.8
CELL_005,NTN-LEO,17.64,24,0.008533,0.002079,normal,0.0,0.9981,191,33,0.468,0.9598,803.3,79.2
CELL_006,UMa,6.26,19,1.2,0.25387,false_csi_injection,0.6748,0.281,191,23,0.67,0.8992,58.8,217.9
CELL_007,UMa,16.47,28,0.186375,0.031629,normal,0.0,0.9557,191,36,0.272,0.9575,210.4,202.5
CELL_008,RMa,11.63,17,0.060553,0.015839,normal,0.0,0.9846,191,23,0.813,0.9587,345.6,189.2
CELL_009,THz,8.34,16,0.103742,0.017129,pilot_contamination,0.3773,0.5021,191,21,0.447,0.936,505.8,215.6
CELL_010,UMa,19.03,5,0.003456,0.001,normal,0.0,0.9647,191,26,0.265,0.9599,648.8,200.0
CELL_011,RIS,12.57,29,0.018813,0.005574,normal,0.0,0.9681,191,37,0.77,0.9596,806.5,209.4
CELL_012,THz,18.52,12,0.002962,0.001,normal,0.0,0.999,191,12,0.22,0.9599,52.2,350.7
CELL_013,FR2-mmWave,19.65,30,0.002084,0.001,normal,0.0,0.9771,191,31,0.512,0.9599,203.3,331.5
CELL_014,InH,14.02,7,0.009746,0.001643,normal,0.0,0.9525,191,26,0.359,0.9599,349.4,360.1
CELL_015,RMa,6.01,24,0.602749,0.144773,normal,0.0,0.9847,191,26,0.382,0.9484,508.0,336.2
CELL_016,UMa,12.77,20,0.061951,0.018219,normal,0.0,0.998,191,9,0.443,0.9585,646.4,348.6
CELL_017,THz,2.2,3,0.018394,0.007724,normal,0.0,0.9679,191,36,0.215,0.9594,803.4,340.4
CELL_018,FR2-mmWave,13.79,30,0.013638,0.002415,normal,0.0,0.9723,191,18,0.85,0.9598,48.9,516.7
CELL_019,RMa,14.41,19,0.010637,0.001807,normal,0.0,0.9684,191,17,0.73,0.9599,211.2,488.6
CELL_020,InH,4.44,29,0.008699,0.001415,csi_spoofing,0.8068,0.1632,191,30,0.654,0.9115,357.1,509.5
CELL_021,UMi,9.25,10,0.062717,0.01317,normal,0.0,0.9992,191,28,0.333,0.9589,501.5,485.1
CELL_022,UMi,26.1,25,0.002,0.001,normal,0.0,0.9845,191,25,0.904,0.9599,661.5,509.2
CELL_023,THz,11.86,18,0.003801,0.001156,normal,0.0,0.982,191,29,0.718,0.9599,804.3,517.9
CELL_000,InH,20.62,0,0.002,0.001,normal,0.0,0.9735,192,22,0.606,0.9599,46.4,54.9
CELL_001,RIS,18.86,16,0.004133,0.001,pilot_contamination,0.1378,0.7846,192,34,0.641,0.9517,212.0,28.8
CELL_002,RIS,26.37,31,0.002,0.001,normal,0.0,0.9789,192,34,0.774,0.9599,362.1,22.6
CELL_003,UMi,16.68,11,0.32363,0.064219,normal,0.0,0.9618,192,38,0.34,0.9549,493.2,58.8
CELL_004,FR2-mmWave,14.38,29,0.003211,0.001,normal,0.0,0.9911,192,36,0.935,0.9599,630.3,52.7
CELL_005,RMa,34.2,17,0.002,0.001,normal,0.0,0.968,192,37,0.427,0.9599,803.8,54.7
CELL_006,UMa,1.69,19,0.293924,0.08396,normal,0.0,0.9989,192,11,0.585,0.9533,49.9,193.8
CELL_007,FR2-mmWave,-1.34,18,0.603197,0.188263,normal,0.0,0.9573,192,19,0.669,0.9449,181.1,188.9
CELL_008,FR2-mmWave,11.57,23,0.055832,0.017155,normal,0.0,0.9562,192,33,0.854,0.9586,338.8,189.8
CELL_009,UMi,3.18,29,0.010532,0.003548,normal,0.0,0.9544,192,16,0.807,0.9597,486.0,187.0
CELL_010,UMi,15.88,17,0.002,0.001,normal,0.0,0.9594,192,30,0.335,0.9599,639.5,200.7
CELL_011,RMa,18.6,5,0.003099,0.001,normal,0.0,0.9941,192,12,0.46,0.9599,820.8,215.0
CELL_012,InH,1.3,12,0.424648,0.15249,normal,0.0,0.95,192,38,0.544,0.9478,47.5,353.4
CELL_013,UMi,-2.7,22,1.2,0.771087,pilot_contamination,0.6225,0.2261,192,30,0.692,0.861,187.3,343.8
CELL_014,InH,11.26,11,0.064242,0.01264,normal,0.0,0.9602,192,22,0.639,0.959,349.2,370.8
CELL_015,RIS,2.98,24,0.009084,0.003346,normal,0.0,0.9706,192,34,0.765,0.9597,502.6,345.1
CELL_016,NTN-LEO,23.74,31,0.002,0.001,normal,0.0,0.9527,192,38,0.551,0.9599,654.9,351.0
CELL_017,UMa,4.89,4,0.343953,0.091015,normal,0.0,0.9709,192,19,0.247,0.9527,792.0,321.5
CELL_018,RIS,20.0,7,0.002,0.001,normal,0.0,0.9797,192,31,0.52,0.9599,41.2,477.7
CELL_019,FR2-mmWave,22.55,25,0.002027,0.001,normal,0.0,0.9549,192,22,0.713,0.9599,189.2,490.6
CELL_020,InH,8.69,3,0.20797,0.026549,jamming,0.5972,0.1534,192,16,0.266,0.922,340.1,499.1
CELL_021,UMa,-3.48,16,0.878398,0.240261,csi_spoofing,0.1434,0.81,192,16,0.75,0.9322,483.7,493.9
CELL_022,THz,18.15,17,0.007797,0.001358,normal,0.0,0.9627,192,18,0.25,0.9599,649.4,508.6
CELL_023,InH,26.69,10,0.006244,0.001101,normal,0.0,0.9674,192,20,0.421,0.9599,776.6,485.9
CELL_000,InH,7.27,16,0.011936,0.004258,normal,0.0,0.9988,193,8,0.629,0.9597,60.3,57.0
CELL_001,InH,8.0,11,0.002,0.001,normal,0.0,0.9752,193,32,0.773,0.9599,202.1,60.1
CELL_002,NTN-LEO,26.88,21,0.002,0.001,normal,0.0,0.967,193,35,0.817,0.9599,358.9,60.7
CELL_003,THz,9.78,22,0.879003,0.287814,normal,0.0,0.981,193,27,0.59,0.937,488.6,41.0
CELL_004,RIS,22.44,23,0.002,0.001,normal,0.0,0.9512,193,8,0.818,0.9599,645.2,51.2
CELL_005,InH,7.37,15,0.003881,0.001,normal,0.0,0.9566,193,27,0.311,0.9599,806.3,50.2
CELL_006,UMi,19.45,8,0.140141,0.024454,normal,0.0,0.9581,193,11,0.41,0.958,47.7,205.6
CELL_007,THz,7.83,24,0.643804,0.174481,normal,0.0,0.9673,193,11,0.369,0.946,203.8,216.9
CELL_008,FR2-mmWave,16.59,1,0.002,0.001,normal,0.0,0.9602,193,28,0.447,0.9599,352.4,195.2
CELL_009,UMi,15.46,2,0.015666,0.002547,normal,0.0,0.9711,193,26,0.5,0.9598,493.4,204.7
CELL_010,NTN-LEO,-5.0,30,0.953375,0.245978,csi_spoofing,0.2217,0.7744,193,37,0.485,0.927,646.9,207.4
CELL_011,UMi,17.44,7,0.007091,0.001042,normal,0.0,0.9563,193,17,0.283,0.9599,811.4,189.6
CELL_012,THz,4.87,15,0.027641,0.007835,normal,0.0,0.9889,193,10,0.942,0.9594,45.4,355.1
CELL_013,UMi,8.93,25,0.036632,0.008861,normal,0.0,0.9764,193,31,0.693,0.9593,203.1,330.3
CELL_014,FR2-mmWave,21.1,29,0.016435,0.003463,normal,0.0,0.9968,193,39,0.585,0.9597,360.3,345.9
CELL_015,InH,11.41,28,0.272708,0.084274,normal,0.0,0.9848,193,29,0.221,0.9533,516.4,332.1
CELL_016,NTN-LEO,8.52,19,0.003133,0.001,normal,0.0,0.9981,193,34,0.394,0.9599,665.1,350.5
CELL_017,FR2-mmWave,13.41,26,0.019283,0.004871,normal,0.0,0.9512,193,21,0.926,0.9596,808.9,341.3
CELL_018,RMa,9.27,31,0.017534,0.003818,normal,0.0,0.9905,193,29,0.285,0.9597,27.2,476.1
CELL_019,NTN-LEO,7.09,25,0.002,0.001,normal,0.0,0.98,193,12,0.843,0.9599,225.7,502.2
CELL_020,RIS,9.15,12,0.005334,0.001447,normal,0.0,0.9508,193,8,0.442,0.9599,360.4,471.4
CELL_021,FR2-mmWave,11.92,3,0.172962,0.027983,adversarial,0.1665,0.8094,193,25,0.206,0.9478,511.3,476.2
CELL_022,UMa,15.13,13,0.016936,0.003129,normal,0.0,0.96,193,22,0.946,0.9597,648.8,512.8
CELL_023,RIS,11.36,9,0.038654,0.007572,normal,0.0,0.9808,193,30,0.48,0.9594,780.5,509.0
CELL_000,NTN-LEO,17.19,6,0.100861,0.011322,jamming,0.4762,0.3117,194,33,0.783,0.9305,42.3,35.7
CELL_001,THz,22.14,18,0.013111,0.002638,normal,0.0,0.9924,194,12,0.47,0.9598,196.1,49.8
CELL_002,InH,22.67,14,0.034301,0.002658,data_poisoning,0.5005,0.4908,194,28,0.892,0.9298,343.3,44.1
CELL_003,THz,4.96,22,1.2,0.502121,normal,0.0,0.9785,194,30,0.56,0.9198,513.3,51.8
CELL_004,UMa,10.19,23,0.015683,0.003339,normal,0.0,0.9692,194,12,0.676,0.9597,619.1,51.1
CELL_005,InH,17.63,5,0.057867,0.009084,pilot_contamination,0.5045,0.3603,194,28,0.653,0.929,805.4,31.1
CELL_006,RIS,23.25,12,0.002,0.001,data_poisoning,0.5515,0.4316,194,22,0.909,0.9268,34.8,197.7
CELL_007,InH,10.74,18,0.045061,0.009078,normal,0.0,0.9723,194,24,0.469,0.9593,202.2,206.8
CELL_008,THz,21.65,20,0.002,0.001,normal,0.0,0.959,194,33,0.824,0.9599,339.2,188.5
CELL_009,NTN-LEO,15.37,15,0.016389,0.002579,normal,0.0,0.9926,194,34,0.31,0.9598,480.8,192.9
CELL_010,InH,1.92,9,0.260376,0.091574,normal,0.0,0.9857,194,13,0.879,0.9527,645.8,201.9
CELL_011,RMa,4.7,30,0.692691,0.176333,normal,0.0,0.9534,194,17,0.488,0.9459,803.3,206.7
CELL_012,THz,11.5,19,0.013542,0.004172,normal,0.0,0.956,194,10,0.6,0.9597,48.8,341.2
CELL_013,UMi,21.75,28,0.002,0.001,normal,0.0,0.9574,194,11,0.736,0.9599,204.8,353.1
CELL_014,THz,14.92,2,0.040474,0.010977,normal,0.0,0.9846,194,31,0.59,0.9591,346.5,344.8
CELL_015,RMa,3.36,23,0.484972,0.107118,adversarial,0.1938,0.7575,194,23,0.457,0.9398,531.2,340.7
CELL_016,FR2-mmWave,14.35,23,0.002,0.001,normal,0.0,0.9636,194,29,0.751,0.9599,665.2,345.0
CELL_017,FR2-mmWave,6.7,11,0.837089,0.202339,normal,0.0,0.9649,194,11,0.36,0.9438,789.3,309.1
CELL_018,FR2-mmWave,14.97,30,0.068562,0.016256,normal,0.0,0.9888,194,24,0.676,0.9587,40.4,498.6
CELL_019,FR2-mmWave,14.62,25,0.002656,0.001,normal,0.0,0.999,194,11,0.359,0.9599,196.4,514.2
CELL_020,InH,14.37,2,0.002,0.001,normal,0.0,0.9774,194,39,0.569,0.9599,361.6,500.5
CELL_021,THz,9.58,17,0.037989,0.012526,normal,0.0,0.9843,194,10,0.735,0.959,479.0,491.8
CELL_022,RIS,11.87,12,0.015176,0.004613,normal,0.0,0.9894,194,21,0.421,0.9596,653.0,496.6
CELL_023,InH,33.47,9,0.002,0.001,normal,0.0,0.995,194,37,0.595,0.9599,775.4,496.2
CELL_000,RMa,9.49,1,0.03095,0.004601,pilot_contamination,0.35,0.5485,195,17,0.869,0.9386,53.9,36.1
CELL_001,FR2-mmWave,25.37,17,0.040007,0.004328,data_poisoning,0.7344,0.2325,195,11,0.406,0.9156,178.4,68.1
CELL_002,RMa,19.06,28,0.028175,0.003643,normal,0.0,0.9766,195,13,0.399,0.9597,339.7,37.3
CELL_003,UMa,26.1,1,0.002,0.001,normal,0.0,0.9938,195,39,0.921,0.9599,527.0,29.5
CELL_004,RMa,10.36,13,1.094208,0.224169,normal,0.0,0.9685,195,14,0.72,0.9421,636.0,43.6
CELL_005,RMa,14.99,13,0.035352,0.003153,jamming,0.7875,0.05,195,39,0.512,0.9125,779.5,27.9
CELL_006,InH,13.1,1,0.00241,0.001,normal,0.0,0.9561,195,21,0.354,0.9599,64.4,209.6
CELL_007,THz,7.69,17,0.084904,0.021113,false_csi_injection,0.4107,0.5604,195,26,0.733,0.9337,197.4,213.9
CELL_008,NTN-LEO,-0.23,3,0.398364,0.178825,normal,0.0,0.9954,195,32,0.829,0.9457,346.2,200.6
CELL_009,NTN-LEO,17.65,5,0.028011,0.004893,normal,0.0,0.9884,195,32,0.483,0.9596,507.0,200.7
CELL_010,InH,21.51,11,0.002,0.001,normal,0.0,0.9545,195,23,0.508,0.9599,666.4,208.7
CELL_011,UMa,17.01,17,0.004363,0.001,normal,0.0,0.9615,195,22,0.511,0.9599,789.1,201.2
CELL_012,RMa,14.65,2,0.003353,0.001,normal,0.0,0.9945,195,23,0.677,0.9599,56.5,349.1
CELL_013,FR2-mmWave,6.86,2,0.252541,0.091345,normal,0.0,0.9825,195,18,0.791,0.9527,198.4,354.9
CELL_014,THz,6.36,8,0.008709,0.003203,normal,0.0,0.9907,195,38,0.205,0.9597,353.6,339.3
CELL_015,InH,15.59,17,0.002,0.001,normal,0.0,0.9773,195,38,0.924,0.9599,519.0,353.6
CELL_016,NTN-LEO,9.23,16,0.002216,0.001,normal,0.0,0.9561,195,17,0.615,0.9599,662.4,337.6
CELL_017,UMi,1.61,25,0.115628,0.049442,normal,0.0,0.9615,195,16,0.575,0.956,772.5,352.3
CELL_018,FR2-mmWave,18.55,19,0.00456,0.00107,normal,0.0,0.9905,195,16,0.554,0.9599,49.2,498.4
CELL_019,RMa,16.27,11,0.008749,0.001323,normal,0.0,0.9869,195,23,0.787,0.9599,215.4,488.7
CELL_020,UMa,6.37,21,0.002,0.001,normal,0.0,0.9623,195,16,0.612,0.9599,346.5,516.4
CELL_021,RMa,10.24,7,0.002666,0.001,normal,0.0,0.9592,195,35,0.638,0.9599,512.7,498.3
CELL_022,NTN-LEO,8.37,26,0.264252,0.09085,normal,0.0,0.9605,195,35,0.341,0.9527,671.6,502.4
CELL_023,InH,14.76,21,0.002,0.001,normal,0.0,0.9929,195,39,0.355,0.9599,819.1,486.7
CELL_000,THz,24.15,11,0.002282,0.001,normal,0.0,0.9656,196,26,0.596,0.9599,48.3,58.7
CELL_001,RIS,10.14,4,0.109378,0.028545,normal,0.0,0.9666,196,27,0.731,0.9577,204.6,72.7
CELL_002,THz,19.76,27,0.002,0.001,jamming,0.3404,0.5077,196,33,0.313,0.9395,351.0,58.4
CELL_003,RIS,13.99,1,0.73987,0.072073,jamming,0.772,0.05,196,30,0.295,0.9079,492.2,18.6
CELL_004,FR2-mmWave,9.28,17,0.002,0.001,normal,0.0,0.9545,196,34,0.61,0.9599,671.1,64.7
CELL_005,FR2-mmWave,4.18,16,0.554822,0.133736,pilot_contamination,0.6219,0.2391,196,20,0.428,0.912,792.2,56.7
CELL_006,InH,14.73,12,0.011221,0.001133,pilot_contamination,0.6506,0.1962,196,17,0.914,0.9209,57.7,188.6
CELL_007,UMi,28.66,25,0.002,0.001,normal,0.0,0.9726,196,34,0.266,0.9599,190.5,193.0
CELL_008,THz,10.54,4,0.025477,0.004767,csi_spoofing,0.1816,0.8031,196,37,0.283,0.9487,339.7,201.7
CELL_009,RIS,10.52,12,0.079997,0.025515,normal,0.0,0.9873,196,36,0.735,0.958,494.1,197.7
CELL_010,FR2-mmWave,11.59,8,0.608217,0.119255,normal,0.0,0.9802,196,18,0.652,0.9505,651.8,210.9
CELL_011,FR2-mmWave,7.67,2,1.2,0.9,normal,0.0,0.9604,196,21,0.511,0.888,807.0,176.7
CELL_012,UMi,13.82,19,0.002,0.001,jamming,0.2081,0.6883,196,20,0.363,0.9474,43.8,337.5
CELL_013,UMa,8.25,25,0.120506,0.029426,normal,0.0,0.9951,196,12,0.655,0.9576,188.8,355.7
CELL_014,NTN-LEO,25.73,30,0.002,0.001,normal,0.0,0.9983,196,35,0.508,0.9599,364.1,349.6
CELL_015,UMi,8.2,17,0.02674,0.004261,csi_spoofing,0.4803,0.5054,196,24,0.67,0.9308,484.3,353.9
CELL_016,RIS,18.15,17,0.002,0.001,normal,0.0,0.9678,196,33,0.873,0.9599,650.0,352.0
CELL_017,UMa,2.9,6,0.776136,0.161182,csi_spoofing,0.6626,0.3323,196,17,0.799,0.9073,806.5,351.8
CELL_018,UMi,0.51,16,0.548428,0.166589,normal,0.0,0.9795,196,18,0.336,0.9467,58.0,514.6
CELL_019,NTN-LEO,15.49,29,0.054417,0.011976,normal,0.0,0.9942,196,16,0.581,0.959,193.7,510.3
CELL_020,NTN-LEO,16.85,27,0.073542,0.010955,normal,0.0,0.9895,196,16,0.418,0.9591,343.9,517.6
CELL_021,UMi,17.21,26,0.081572,0.00668,jamming,0.8012,0.05,196,20,0.522,0.9114,498.5,506.1
CELL_022,THz,20.59,23,0.002634,0.001,false_csi_injection,0.3546,0.632,196,15,0.545,0.9386,666.7,504.8
CELL_023,NTN-LEO,5.11,24,0.375898,0.076537,backdoor,0.2873,0.7019,196,35,0.922,0.9366,792.7,519.2
CELL_000,THz,2.04,26,0.962479,0.322087,normal,0.0,0.9642,197,10,0.503,0.9342,30.0,52.0
CELL_001,FR2-mmWave,7.87,23,0.261654,0.091481,normal,0.0,0.9597,197,18,0.554,0.9527,202.8,25.2
CELL_002,THz,29.81,12,0.002,0.001,data_poisoning,0.1801,0.8088,197,16,0.33,0.9491,334.5,46.6
CELL_003,RMa,11.88,3,0.010937,0.001323,jamming,0.4521,0.3521,197,27,0.922,0.9328,508.2,52.9
CELL_004,InH,19.18,21,0.006344,0.001451,normal,0.0,0.9851,197,26,0.779,0.9599,656.6,40.4
CELL_005,NTN-LEO,2.83,3,0.020565,0.005606,normal,0.0,0.9586,197,22,0.499,0.9596,785.4,61.9
CELL_006,InH,11.17,18,0.745365,0.141474,false_csi_injection,0.7553,0.2174,197,28,0.238,0.9034,60.9,195.5
CELL_007,RMa,22.61,0,0.027558,0.002165,jamming,0.2258,0.6404,197,18,0.778,0.9463,209.8,218.1
CELL_008,RMa,13.65,28,0.014166,0.002428,normal,0.0,0.9859,197,10,0.401,0.9598,343.8,206.5
CELL_009,UMa,-2.44,25,0.668352,0.207935,normal,0.0,0.973,197,14,0.813,0.9434,504.4,177.3
CELL_010,RIS,22.8,28,0.002616,0.001,normal,0.0,0.9672,197,31,0.914,0.9599,646.4,203.2
CELL_011,RIS,23.11,1,0.002,0.001,csi_spoofing,0.1891,0.7903,197,38,0.919,0.9486,793.2,192.5
CELL_012,RIS,8.61,24,1.2,0.9,data_poisoning,0.5449,0.4111,197,26,0.414,0.8553,53.7,355.5
CELL_013,UMa,18.77,6,0.004712,0.001,normal,0.0,0.9846,197,27,0.329,0.9599,200.1,360.1
CELL_014,RMa,4.98,29,0.03834,0.010324,normal,0.0,0.9554,197,9,0.571,0.9592,360.8,354.9
CELL_015,NTN-LEO,18.95,16,0.011998,0.001,adversarial,0.9722,0.05,197,10,0.521,0.9016,493.8,339.9
CELL_016,FR2-mmWave,26.72,29,0.00862,0.001,pilot_contamination,0.42,0.4773,197,14,0.43,0.9347,664.2,337.1
CELL_017,UMi,9.46,26,0.038621,0.012785,normal,0.0,0.9685,197,29,0.32,0.959,807.4,352.9
CELL_018,THz,3.46,5,0.694494,0.221153,normal,0.0,0.9553,197,31,0.896,0.9423,62.2,495.0
CELL_019,UMa,16.3,0,0.007798,0.001574,normal,0.0,0.9518,197,25,0.761,0.9599,190.9,486.5
CELL_020,FR2-mmWave,3.23,26,0.091745,0.030858,normal,0.0,0.9578,197,35,0.925,0.9575,346.7,501.3
CELL_021,FR2-mmWave,20.05,20,0.004312,0.001,jamming,0.4882,0.3081,197,22,0.446,0.9306,504.1,515.5
CELL_022,FR2-mmWave,6.78,8,0.017918,0.004275,normal,0.0,0.9824,197,30,0.698,0.9597,622.8,495.1
CELL_023,THz,16.92,29,0.002,0.001,normal,0.0,0.9507,197,25,0.37,0.9599,807.1,494.0
CELL_000,RIS,5.84,14,0.199632,0.033782,pilot_contamination,0.4137,0.501,198,27,0.412,0.9325,57.5,53.6
CELL_001,InH,-3.28,12,0.813586,0.246806,normal,0.0,0.9657,198,8,0.784,0.9403,192.0,55.4
CELL_002,FR2-mmWave,5.33,9,0.022892,0.008706,normal,0.0,0.9518,198,25,0.849,0.9593,349.7,44.3
CELL_003,RMa,15.22,9,0.029464,0.004959,normal,0.0,0.9536,198,39,0.815,0.9596,513.8,53.3
CELL_004,RMa,3.42,24,0.536392,0.142796,normal,0.0,0.9846,198,10,0.303,0.9486,637.6,39.3
CELL_005,RIS,14.97,18,0.004284,0.001,normal,0.0,0.9822,198,31,0.681,0.9599,819.3,47.0
CELL_006,UMi,4.42,21,0.015341,0.004021,normal,0.0,0.9505,198,8,0.508,0.9597,36.1,189.4
CELL_007,UMi,8.95,7,0.008881,0.001947,normal,0.0,0.9547,198,13,0.733,0.9598,200.6,195.2
CELL_008,THz,17.37,23,0.422843,0.067164,normal,0.0,0.9596,198,39,0.688,0.9546,340.9,212.7
CELL_009,NTN-LEO,10.0,24,0.055595,0.008278,data_poisoning,0.3757,0.6002,198,38,0.6,0.9368,502.4,203.9
CELL_010,InH,-2.58,9,0.28367,0.087763,normal,0.0,0.9593,198,38,0.434,0.953,653.9,203.6
CELL_011,FR2-mmWave,12.49,15,0.029129,0.00548,normal,0.0,0.9786,198,37,0.825,0.9596,806.4,181.2
CELL_012,THz,7.57,9,0.002,0.001,normal,0.0,0.9614,198,34,0.765,0.9599,59.5,354.5
CELL_013,NTN-LEO,8.68,12,0.116574,0.025489,normal,0.0,0.9811,198,22,0.823,0.958,210.6,347.8
CELL_014,InH,8.77,22,0.065659,0.022262,normal,0.0,0.9537,198,25,0.238,0.9582,347.9,341.1
CELL_015,NTN-LEO,9.89,0,0.109562,0.022741,normal,0.0,0.9592,198,34,0.758,0.9582,501.2,345.2
CELL_016,THz,9.44,19,0.002,0.001,normal,0.0,0.9724,198,23,0.524,0.9599,673.7,361.3
CELL_017,THz,32.67,7,0.002,0.001,normal,0.0,0.9525,198,27,0.223,0.9599,781.7,353.1
CELL_018,THz,15.14,8,0.153824,0.021977,jamming,0.9232,0.05,198,37,0.565,0.9028,61.1,511.1
CELL_019,RIS,14.6,26,0.029764,0.007165,normal,0.0,0.9973,198,22,0.938,0.9594,193.3,505.1
CELL_020,UMa,15.41,8,0.027707,0.004692,normal,0.0,0.9975,198,18,0.811,0.9596,341.3,484.7
CELL_021,UMi,5.55,26,0.00249,0.001,csi_spoofing,0.424,0.5306,198,25,0.255,0.9345,478.6,515.0
CELL_022,UMa,12.7,26,0.10049,0.016315,pilot_contamination,0.1219,0.8305,198,35,0.776,0.9514,660.7,502.9
CELL_023,RMa,25.87,0,0.002,0.001,data_poisoning,0.103,0.8726,198,20,0.22,0.9537,801.4,501.4
CELL_000,FR2-mmWave,-5.0,16,0.137314,0.06164,normal,0.0,0.9907,199,24,0.628,0.9551,43.5,54.9
CELL_001,RMa,-0.71,12,0.097184,0.030067,normal,0.0,0.9676,199,22,0.318,0.9576,206.8,61.2
CELL_002,RIS,17.63,8,0.01968,0.004171,normal,0.0,0.9517,199,21,0.226,0.9597,391.3,34.9
CELL_003,UMi,12.07,26,0.028682,0.004124,csi_spoofing,0.4902,0.4675,199,35,0.655,0.9303,498.8,68.8
CELL_004,FR2-mmWave,14.26,28,0.00895,0.00249,normal,0.0,0.968,199,30,0.257,0.9598,641.6,55.6
CELL_005,InH,15.7,3,0.204254,0.024953,false_csi_injection,0.2802,0.7127,199,39,0.204,0.9412,790.1,27.7
CELL_006,FR2-mmWave,2.64,16,0.205351,0.085049,normal,0.0,0.9565,199,31,0.44,0.9532,51.7,181.2
CELL_007,FR2-mmWave,7.06,6,0.11726,0.037568,normal,0.0,0.9646,199,36,0.453,0.957,198.2,188.0
CELL_008,UMa,16.66,14,0.03608,0.005522,normal,0.0,0.9559,199,8,0.227,0.9596,348.5,213.3
CELL_009,THz,19.2,1,0.002,0.001,normal,0.0,0.9617,199,29,0.256,0.9599,494.0,190.8
CELL_010,THz,19.88,30,0.059487,0.01321,normal,0.0,0.9834,199,28,0.748,0.9589,666.2,202.8
CELL_011,THz,21.24,7,0.002812,0.001,pilot_contamination,0.8146,0.05,199,13,0.667,0.911,809.2,213.2
CELL_012,FR2-mmWave,16.47,14,0.002,0.001,normal,0.0,0.9552,199,29,0.752,0.9599,37.5,363.5
CELL_013,FR2-mmWave,13.14,31,0.040841,0.011846,normal,0.0,0.9522,199,35,0.875,0.9591,191.6,348.1
CELL_014,UMa,24.45,0,0.002,0.001,false_csi_injection,0.1689,0.7848,199,30,0.391,0.9498,347.6,337.7
CELL_015,RMa,6.51,21,0.217188,0.052044,normal,0.0,0.9752,199,9,0.241,0.9558,498.4,347.4
CELL_016,RIS,13.49,10,0.006356,0.001141,normal,0.0,0.9924,199,19,0.57,0.9599,657.7,358.1
CELL_017,NTN-LEO,15.36,19,0.009078,0.001429,normal,0.0,0.9969,199,20,0.266,0.9599,794.3,329.9
CELL_018,THz,13.84,30,0.01737,0.004908,normal,0.0,0.9993,199,20,0.612,0.9596,55.0,499.6
CELL_019,RIS,23.86,26,0.048534,0.009033,normal,0.0,0.9836,199,18,0.469,0.9593,200.8,484.8
CELL_020,UMa,11.99,13,0.102015,0.011486,jamming,0.5481,0.2279,199,35,0.282,0.9262,334.9,502.6
CELL_021,RIS,5.57,29,0.185021,0.051257,csi_spoofing,0.346,0.6482,199,34,0.395,0.9351,494.4,495.1
CELL_022,NTN-LEO,9.66,29,0.00716,0.001775,normal,0.0,0.9822,199,37,0.795,0.9599,633.5,493.2
CELL_023,RIS,16.35,6,0.020386,0.003281,false_csi_injection,0.6719,0.3039,199,27,0.428,0.9194,802.9,501.8
